distortion_type,level,severity,strength_value,eer,auc,min_dcf,cllr,delta_eer,delta_eer_ci_low,delta_eer_ci_high,relative_degradation,mean_abs_delta_score,flip_rate,false_negative,false_positive,model_name,dataset,run_dir
bandpass,8000.0,-8000.0,7920.0,0.26125,0.8248671875,0.7349999999999999,1.2607466549327624,-0.001875,-0.0075001321349307,0.0056103768235861,-0.0071258907363423,0.0090632274395209,0.013125,212,208,reference_lfcc_logreg,asvspoof2019_la,runs/pipeline/reference_native_sweep
bandpass,6000.0,-6000.0,6000.0,0.1674999999999999,0.9102796875,0.5887500000000001,9.892763034078996,-0.095625,-0.1200302595091096,-0.0656229911692417,-0.3634204275534444,0.6615537670811436,0.500625,0,800,reference_lfcc_logreg,asvspoof2019_la,runs/pipeline/reference_native_sweep
bandpass,4000.0,-4000.0,4000.0,0.21625,0.86664375,0.7412500000000001,6.832522661466326,-0.046875,-0.0793666860090266,-0.0237346606891701,-0.1781472684085511,0.6597095914291833,0.500625,0,800,reference_lfcc_logreg,asvspoof2019_la,runs/pipeline/reference_native_sweep
bandpass,3400.0,-3400.0,3400.0,0.2262499999999999,0.850746875,0.71375,5.695840599546412,-0.036875,-0.0643755142133361,-0.008754816241289,-0.140142517814727,0.6562082512623547,0.500625,0,800,reference_lfcc_logreg,asvspoof2019_la,runs/pipeline/reference_native_sweep
bandpass,2000.0,-2000.0,2000.0,0.285625,0.7931000000000001,0.74375,2.7789234662839952,0.0224999999999999,-0.0012501360048918,0.05562535261992,0.0855106888361043,0.5870178448548693,0.498125,0,796,reference_lfcc_logreg,asvspoof2019_la,runs/pipeline/reference_native_sweep
chirp,25.0,-25.0,24.999999886696777,0.213125,0.8649703124999999,0.7225,3.313757095526732,-0.05,-0.0699949603400775,-0.0293475520696332,-0.1900237529691212,0.2096300768656634,0.29875,488,13,reference_lfcc_logreg,asvspoof2019_la,runs/pipeline/reference_native_sweep
chirp,20.0,-20.0,19.999999964173345,0.22375,0.8636124999999999,0.7412500000000001,3.8843409207331705,-0.039375,-0.0619049710740209,-0.0200234288589323,-0.149643705463183,0.2255359714440724,0.334375,537,5,reference_lfcc_logreg,asvspoof2019_la,runs/pipeline/reference_native_sweep
chirp,15.0,-15.0,14.999999988673585,0.22875,0.8642703125000001,0.8199999999999998,4.460607026844774,-0.034375,-0.0556523199892063,-0.014368853513556,-0.1306413301662709,0.2519955169687753,0.35625,576,5,reference_lfcc_logreg,asvspoof2019_la,runs/pipeline/reference_native_sweep
chirp,10.0,-10.0,9.999999996421243,0.2281249999999999,0.8629671875,0.7437499999999999,5.079677948806757,-0.035,-0.0600002851612366,-0.0137287258965006,-0.1330166270783851,0.2714049449320699,0.385,619,2,reference_lfcc_logreg,asvspoof2019_la,runs/pipeline/reference_native_sweep
chirp,5.0,-5.0,4.999999998871267,0.22875,0.8582421874999999,0.7887500000000001,5.740861797896412,-0.034375,-0.0606127962036861,-0.0137797542338122,-0.1306413301662709,0.284183050393381,0.410625,656,0,reference_lfcc_logreg,asvspoof2019_la,runs/pipeline/reference_native_sweep
codec,128.0,-128.0,128.0,0.325625,0.6769921875,1.0,9.965785005989222,0.0624999999999999,0.0324247774487477,0.0903537621601817,0.2375296912114011,0.6615549300311605,0.500625,0,800,reference_lfcc_logreg,asvspoof2019_la,runs/pipeline/reference_native_sweep
codec,64.0,-64.0,64.0,0.35375,0.6480804687499999,1.0,9.965785005989222,0.0906249999999999,0.0630000195320129,0.116285541237794,0.3444180522565318,0.6615549300325247,0.500625,0,800,reference_lfcc_logreg,asvspoof2019_la,runs/pipeline/reference_native_sweep
codec,32.0,-32.0,32.0,0.410625,0.60926171875,1.0,9.965793931895169,0.1474999999999999,0.1144821922975507,0.177915001182972,0.5605700712589071,0.6615487713518291,0.500625,0,800,reference_lfcc_logreg,asvspoof2019_la,runs/pipeline/reference_native_sweep
codec,24.0,-24.0,24.0,0.53625,0.4618484375,0.995,5.222971941001147,0.2731249999999999,0.2431493093521975,0.3031832795533173,1.038004750593824,0.3026330118586138,0.42125,637,118,reference_lfcc_logreg,asvspoof2019_la,runs/pipeline/reference_native_sweep
codec,16.0,-16.0,16.0,0.4606249999999999,0.5570515624999999,0.95375,7.238385469683317,0.1974999999999999,0.1668737807078198,0.2262296529968493,0.750593824228028,0.3082762646425205,0.448125,723,9,reference_lfcc_logreg,asvspoof2019_la,runs/pipeline/reference_native_sweep
codec,8.0,-8.0,8.0,0.550625,0.4250812499999999,0.985,9.838355975725046,0.2875,0.2543966576207885,0.3143851666470799,1.0926365795724462,0.3383688563407334,0.499375,800,0,reference_lfcc_logreg,asvspoof2019_la,runs/pipeline/reference_native_sweep
gain,-3.0,3.0,-3.0,0.265625,0.8201828124999999,0.7375,1.2634608189494934,0.0024999999999999,-0.001840729805732,0.0031543989348004,0.0095011876484558,0.0035207645780176,0.006875,208,218,reference_lfcc_logreg,asvspoof2019_la,runs/pipeline/reference_native_sweep
gain,3.0,3.0,3.0,0.26125,0.8216140625,0.71625,1.296639246817692,-0.001875,-0.0112255847188201,0.006266924003994,-0.0071258907363423,0.0255420793647943,0.026875,218,198,reference_lfcc_logreg,asvspoof2019_la,runs/pipeline/reference_native_sweep
gain,-10.0,10.0,-10.0,0.265625,0.8194984375000001,0.73875,1.2404780483834037,0.0024999999999999,-0.0030984116661846,0.0044050156030267,0.0095011876484558,0.0117522326780208,0.020625,204,232,reference_lfcc_logreg,asvspoof2019_la,runs/pipeline/reference_native_sweep
gain,10.0,10.0,10.0,0.280625,0.80298125,0.7737499999999999,1.7832974528911862,0.0174999999999999,-0.0031361251326615,0.033135881529802,0.0665083135391922,0.1472220611106572,0.1475,333,110,reference_lfcc_logreg,asvspoof2019_la,runs/pipeline/reference_native_sweep
gain,-20.0,20.0,-20.0,0.26625,0.816721875,0.7437499999999999,1.2198480146085915,0.0031249999999999,-0.0031540706699526,0.0087169282370904,0.0118764845605698,0.0230121969329233,0.03,199,240,reference_lfcc_logreg,asvspoof2019_la,runs/pipeline/reference_native_sweep
gain,20.0,20.0,20.0,0.384375,0.6706296875,0.95375,4.053341225997742,0.1212499999999999,0.0950083428835203,0.1431448838888411,0.4608076009501186,0.3168521117223035,0.43875,706,3,reference_lfcc_logreg,asvspoof2019_la,runs/pipeline/reference_native_sweep
noise,30.0,-30.0,29.99999964169418,0.18125,0.90320625,0.625,3.5988259472436885,-0.081875,-0.1049975736153209,-0.0606082420829278,-0.3111638954869359,0.2871377215975373,0.380625,608,0,reference_lfcc_logreg,asvspoof2019_la,runs/pipeline/reference_native_sweep
noise,20.0,-20.0,19.99999996417316,0.2099999999999999,0.8795609375,0.685,6.391976084885528,-0.053125,-0.0812653188533733,-0.0293429946657655,-0.2019002375296915,0.3375214879060204,0.498125,798,0,reference_lfcc_logreg,asvspoof2019_la,runs/pipeline/reference_native_sweep
noise,15.0,-15.0,14.99999998867341,0.2256249999999999,0.8624,0.7775,7.920168727853203,-0.0375,-0.0681604220450282,-0.0143686683641971,-0.1425178147268411,0.3383763886339086,0.499375,800,0,reference_lfcc_logreg,asvspoof2019_la,runs/pipeline/reference_native_sweep
noise,10.0,-10.0,9.999999996421058,0.24,0.8368406250000001,0.8687499999999999,9.28507489965254,-0.023125,-0.0512431791641536,0.0081144566298648,-0.0878859857482187,0.3384412397158673,0.499375,800,0,reference_lfcc_logreg,asvspoof2019_la,runs/pipeline/reference_native_sweep
noise,5.0,-5.0,4.999999998871092,0.2931249999999999,0.7829546875,0.9175,9.91203572604997,0.0299999999999999,-0.0018613449139982,0.0568985519507217,0.1140142517814723,0.3384447584186794,0.499375,800,0,reference_lfcc_logreg,asvspoof2019_la,runs/pipeline/reference_native_sweep
noise,0.0,-0.0,-3.541433498798661e-10,0.3325,0.72475,0.96875,9.965757850827329,0.0693749999999999,0.0368910426517175,0.1018715443938324,0.2636579572446554,0.3384450308919857,0.499375,800,0,reference_lfcc_logreg,asvspoof2019_la,runs/pipeline/reference_native_sweep
reverb,0.1,0.1,0.1,0.33875,0.72883125,0.92625,2.352522631185035,0.0756249999999999,0.0506461274940185,0.1000000820878136,0.2874109263657954,0.1905101906908221,0.24625,298,231,reference_lfcc_logreg,asvspoof2019_la,runs/pipeline/reference_native_sweep
reverb,0.3,0.3,0.2999999999999999,0.3225,0.744159375,0.865,1.873304403121947,0.0593749999999999,0.036886632458299,0.0837505234407715,0.2256532066508311,0.1506306645560705,0.20125,250,271,reference_lfcc_logreg,asvspoof2019_la,runs/pipeline/reference_native_sweep
reverb,0.5,0.5,0.5,0.329375,0.7292609375000001,0.8575000000000002,1.859714950253516,0.0662499999999999,0.045001713934138,0.0899967535428391,0.2517814726840853,0.1521287457917473,0.206875,259,281,reference_lfcc_logreg,asvspoof2019_la,runs/pipeline/reference_native_sweep
reverb,0.7,0.7,0.7,0.34875,0.712496875,0.9075,1.986606506284233,0.0856249999999999,0.0593260908622998,0.1062617969274001,0.3254156769596197,0.1635269149079829,0.209375,267,285,reference_lfcc_logreg,asvspoof2019_la,runs/pipeline/reference_native_sweep
reverb,0.9,0.9,0.9000000000000002,0.35375,0.7030000000000001,0.935,2.0677316146665343,0.0906249999999999,0.0674819119559436,0.1156816095042987,0.3444180522565318,0.1750127857094069,0.2325,282,295,reference_lfcc_logreg,asvspoof2019_la,runs/pipeline/reference_native_sweep
transcode_identity,320.0,-320.0,320.0,0.3268749999999999,0.67549921875,1.0,9.965785005989222,0.0637499999999999,0.0342737296935332,0.0907885613923905,0.2422802850356291,0.6615549300312922,0.500625,0,800,reference_lfcc_logreg,asvspoof2019_la,runs/pipeline/reference_native_sweep
transcode_identity,256.0,-256.0,256.0,0.3268749999999999,0.67549921875,1.0,9.965785005989222,0.0637499999999999,0.0342737296935332,0.0907885613923905,0.2422802850356291,0.6615549300312922,0.500625,0,800,reference_lfcc_logreg,asvspoof2019_la,runs/pipeline/reference_native_sweep
transcode_identity,192.0,-192.0,192.0,0.3268749999999999,0.67549921875,1.0,9.965785005989222,0.0637499999999999,0.0342737296935332,0.0907885613923905,0.2422802850356291,0.6615549300312922,0.500625,0,800,reference_lfcc_logreg,asvspoof2019_la,runs/pipeline/reference_native_sweep
transmission,0.0,0.0,0.0,0.263125,0.8203515625,0.73875,1.2745061859233429,0.0,0.0,0.0,0.0,0.0,0.0,211,210,reference_lfcc_logreg,asvspoof2019_la,runs/pipeline/reference_native_sweep
transmission,0.01,0.01,0.010027788770389,0.264375,0.820303125,0.7400000000000001,1.2789379993865522,0.0012499999999999,-0.0056204040909621,0.0068609071649877,0.0047505938242279,0.0066434645115118,0.00875,212,207,reference_lfcc_logreg,asvspoof2019_la,runs/pipeline/reference_native_sweep
transmission,0.05,0.05,0.0502130663837869,0.26625,0.8208156249999999,0.7374999999999999,1.2939980214863835,0.0031249999999999,-0.0081341921116295,0.0075033985124907,0.0118764845605698,0.0202520163476712,0.025625,222,194,reference_lfcc_logreg,asvspoof2019_la,runs/pipeline/reference_native_sweep
transmission,0.1,0.1,0.1000086190221701,0.265,0.8211453125000001,0.73375,1.3057167876631794,0.0018749999999999,-0.0093650818198508,0.010624463892528,0.0071258907363418,0.0361348573141405,0.031875,218,198,reference_lfcc_logreg,asvspoof2019_la,runs/pipeline/reference_native_sweep
transmission,0.2,0.2,0.1990158402005855,0.27,0.8188312500000001,0.71875,1.3656435824531854,0.0068749999999999,-0.0056106220727534,0.0181310170980463,0.026128266033254,0.06641488079029,0.060625,249,179,reference_lfcc_logreg,asvspoof2019_la,runs/pipeline/reference_native_sweep
bandpass,8000.0,-8000.0,7920.0,0.65625,0.31635625,1.0,5.892294252157754,-0.0006249999999999,-0.0050002812658211,0.0050361585102858,-0.0009514747859181,0.0094300602453999,0.004375,526,520,reference_lfcc_logreg,in_the_wild,runs/pipeline/reference_crossdomain_sweep
bandpass,6000.0,-6000.0,6000.0,0.78125,0.1404421875,1.0,10.093674074755516,0.124375,0.098124364036981,0.1550028704986638,0.1893434823977164,0.2476013345837784,0.405,176,781,reference_lfcc_logreg,in_the_wild,runs/pipeline/reference_crossdomain_sweep
bandpass,4000.0,-4000.0,4000.0,0.675,0.260090625,1.0,7.296936382942648,0.018125,-0.0031117802348388,0.0406288203930983,0.0275927687916271,0.1784062829732976,0.2425,415,684,reference_lfcc_logreg,in_the_wild,runs/pipeline/reference_crossdomain_sweep
bandpass,3400.0,-3400.0,3400.0,0.654375,0.2882625,0.9975,6.208835806531431,-0.0024999999999999,-0.0218808391642171,0.018770080984056,-0.0038058991436726,0.1713632503207208,0.211875,445,621,reference_lfcc_logreg,in_the_wild,runs/pipeline/reference_crossdomain_sweep
bandpass,2000.0,-2000.0,2000.0,0.586875,0.36500625,0.9975,4.193779045711202,-0.0699999999999999,-0.0900110044017605,-0.0443665326342835,-0.1065651760228353,0.2044339618940392,0.231875,596,308,reference_lfcc_logreg,in_the_wild,runs/pipeline/reference_crossdomain_sweep
chirp,25.0,-25.0,24.999993921179307,0.686875,0.2716546875,0.99125,5.78591649203549,0.03,0.01375033731308,0.0437939627447542,0.0456707897240723,0.2208707163296102,0.22,643,290,reference_lfcc_logreg,in_the_wild,runs/pipeline/reference_crossdomain_sweep
chirp,20.0,-20.0,19.999998077429662,0.68125,0.2727,0.99375,5.823814466843504,0.024375,0.0087999199154107,0.0412514700612251,0.0371075166508088,0.2863595146381816,0.2775,674,229,reference_lfcc_logreg,in_the_wild,runs/pipeline/reference_crossdomain_sweep
chirp,15.0,-15.0,14.99999939200469,0.669375,0.2782671875,1.0,5.856534368190871,0.0125,-0.0043603828438479,0.0324917816939573,0.0190294957183635,0.3454718155239632,0.325,696,177,reference_lfcc_logreg,in_the_wild,runs/pipeline/reference_crossdomain_sweep
chirp,10.0,-10.0,9.999999807735156,0.6643749999999999,0.2857062499999999,0.99625,5.88980831181838,0.0074999999999999,-0.005607917703741,0.0287604527853594,0.011417697431018,0.3917703201721439,0.369375,714,124,reference_lfcc_logreg,in_the_wild,runs/pipeline/reference_crossdomain_sweep
chirp,5.0,-5.0,4.999999939203206,0.6487499999999999,0.3082796875,0.9975,6.017378905351452,-0.008125,-0.0225245604918905,0.0149867166744803,-0.0123691722169363,0.433971312547388,0.380625,715,105,reference_lfcc_logreg,in_the_wild,runs/pipeline/reference_crossdomain_sweep
codec,128.0,-128.0,128.0,0.8518749999999999,0.1100296875,1.0,9.900696072130232,0.1949999999999999,0.1674675302529916,0.2256030458163544,0.29686013320647,0.2964742077433222,0.466875,57,797,reference_lfcc_logreg,in_the_wild,runs/pipeline/reference_crossdomain_sweep
codec,64.0,-64.0,64.0,0.8512500000000001,0.10962890625,1.0,9.91558298177062,0.194375,0.1681070054110024,0.2256263648954891,0.295908658420552,0.2920319106430944,0.458125,72,796,reference_lfcc_logreg,in_the_wild,runs/pipeline/reference_crossdomain_sweep
codec,32.0,-32.0,32.0,0.85375,0.0916265625,1.0,10.690738239979666,0.196875,0.1705700541178976,0.2263143834448179,0.2997145575642246,0.2555602876278247,0.4125,184,787,reference_lfcc_logreg,in_the_wild,runs/pipeline/reference_crossdomain_sweep
codec,24.0,-24.0,24.0,0.574375,0.3904890625,1.0,6.38475661598452,-0.0825,-0.1074935971318021,-0.0593513287689359,-0.1255946717411989,0.5561361927406219,0.441875,751,43,reference_lfcc_logreg,in_the_wild,runs/pipeline/reference_crossdomain_sweep
codec,16.0,-16.0,16.0,0.4862499999999999,0.5226531249999999,0.9875,8.089368561534942,-0.170625,-0.1949629297891319,-0.1443780695090066,-0.2597526165556613,0.6652781063214822,0.489375,785,1,reference_lfcc_logreg,in_the_wild,runs/pipeline/reference_crossdomain_sweep
codec,8.0,-8.0,8.0,0.48375,0.5090015625,0.99625,9.730752724202848,-0.1731249999999999,-0.2018703098812507,-0.1462818461179737,-0.2635585156993339,0.6892642136615648,0.499375,800,0,reference_lfcc_logreg,in_the_wild,runs/pipeline/reference_crossdomain_sweep
gain,-3.0,3.0,-3.0,0.658125,0.313075,1.0,5.910337682309473,0.0012499999999999,-0.000692137166357,0.0068652941988102,0.0019029495718363,0.0050369604021788,0.00125,527,526,reference_lfcc_logreg,in_the_wild,runs/pipeline/reference_crossdomain_sweep
gain,3.0,3.0,3.0,0.65,0.325721875,1.0,5.827942844672892,-0.0068749999999999,-0.0094971499546765,0.0,-0.0104662226450998,0.008372778946862,0.0075,523,516,reference_lfcc_logreg,in_the_wild,runs/pipeline/reference_crossdomain_sweep
gain,-10.0,10.0,-10.0,0.6637500000000001,0.2945,0.99875,5.961773908658877,0.006875,0.0012812969943931,0.017536441249723,0.0104662226451,0.0247252071688817,0.01625,540,521,reference_lfcc_logreg,in_the_wild,runs/pipeline/reference_crossdomain_sweep
gain,10.0,10.0,10.0,0.635625,0.3494015625,1.0,5.345051573944682,-0.0212499999999999,-0.0312001251760287,-0.006865198021191,-0.0323501427212178,0.0347984490778632,0.05625,542,461,reference_lfcc_logreg,in_the_wild,runs/pipeline/reference_crossdomain_sweep
gain,-20.0,20.0,-20.0,0.67625,0.26198125,0.9975,5.910106019947227,0.019375,0.0087605624230811,0.0349951124144672,0.0294957183634634,0.0720251449133566,0.065,576,491,reference_lfcc_logreg,in_the_wild,runs/pipeline/reference_crossdomain_sweep
gain,20.0,20.0,20.0,0.5900000000000001,0.37458125,0.97125,4.482136506697087,-0.0668749999999999,-0.0888125067042342,-0.0480960471163179,-0.1018078020932443,0.2478186008563321,0.25375,630,229,reference_lfcc_logreg,in_the_wild,runs/pipeline/reference_crossdomain_sweep
noise,30.0,-30.0,29.99998078595794,0.608125,0.3589312499999999,1.0,4.388226380401793,-0.0487499999999999,-0.0737439330961279,-0.0206414636108657,-0.0742150333016174,0.5502302186797416,0.475,785,24,reference_lfcc_logreg,in_the_wild,runs/pipeline/reference_crossdomain_sweep
noise,20.0,-20.0,19.999998077429485,0.5175000000000001,0.46211875,1.0,6.556440529688267,-0.1393749999999999,-0.1643698905540638,-0.1099666165015194,-0.2121788772597524,0.6831968120546135,0.49875,800,1,reference_lfcc_logreg,in_the_wild,runs/pipeline/reference_crossdomain_sweep
noise,15.0,-15.0,14.999999392004517,0.495625,0.50638125,1.0,8.00858759610667,-0.16125,-0.188751462358202,-0.131886011097742,-0.2454804947668886,0.6907333148695133,0.499375,800,0,reference_lfcc_logreg,in_the_wild,runs/pipeline/reference_crossdomain_sweep
noise,10.0,-10.0,9.999999807734977,0.463125,0.55315625,0.99875,9.274575290970612,-0.1937499999999999,-0.2237879949553129,-0.1643743694946919,-0.2949571836346336,0.6910912419401375,0.499375,800,0,reference_lfcc_logreg,in_the_wild,runs/pipeline/reference_crossdomain_sweep
noise,5.0,-5.0,4.999999939203029,0.4337499999999999,0.5935953125,1.0,9.88867175408402,-0.223125,-0.2506098308225729,-0.1924846757158504,-0.3396764985727878,0.6911082447051439,0.499375,800,0,reference_lfcc_logreg,in_the_wild,runs/pipeline/reference_crossdomain_sweep
noise,0.0,-0.0,-1.9222870206218116e-08,0.44875,0.5823828125,0.99875,9.965141919830096,-0.208125,-0.2375258055520772,-0.1768565687534303,-0.3168411037107517,0.6911087299580204,0.499375,800,0,reference_lfcc_logreg,in_the_wild,runs/pipeline/reference_crossdomain_sweep
reverb,0.1,0.1,0.1,0.603125,0.3619453124999999,0.99625,6.056842473222974,-0.0537499999999999,-0.071253262994392,-0.0287543426277636,-0.0818268315889628,0.187492595855935,0.20625,502,457,reference_lfcc_logreg,in_the_wild,runs/pipeline/reference_crossdomain_sweep
reverb,0.3,0.3,0.2999999999999999,0.5762499999999999,0.4064359375,0.9975,5.306559304537685,-0.080625,-0.100055143395132,-0.0593461795347906,-0.1227402473834444,0.1332538528730731,0.166875,435,505,reference_lfcc_logreg,in_the_wild,runs/pipeline/reference_crossdomain_sweep
reverb,0.5,0.5,0.5,0.54,0.4522109374999999,0.9975,4.994232254738698,-0.1168749999999999,-0.1393647324677753,-0.095602746913987,-0.1779257849666983,0.1505292564439909,0.19125,359,514,reference_lfcc_logreg,in_the_wild,runs/pipeline/reference_crossdomain_sweep
reverb,0.7,0.7,0.7,0.524375,0.4608859375,0.99875,4.950089880710224,-0.1324999999999999,-0.1512473471731369,-0.1086893309959425,-0.2017126546146526,0.1588373879469148,0.199375,344,518,reference_lfcc_logreg,in_the_wild,runs/pipeline/reference_crossdomain_sweep
reverb,0.9,0.9,0.9000000000000002,0.53375,0.4587265625,0.995,5.021034626397742,-0.123125,-0.1481562329495149,-0.1006504716926049,-0.1874405328258802,0.1656491548939462,0.223125,334,522,reference_lfcc_logreg,in_the_wild,runs/pipeline/reference_crossdomain_sweep
transcode_identity,320.0,-320.0,320.0,0.853125,0.1102328124999999,1.0,9.90149422507656,0.19625,0.1681249870361125,0.2268750969084713,0.2987630827783064,0.2962770061000099,0.4675,56,797,reference_lfcc_logreg,in_the_wild,runs/pipeline/reference_crossdomain_sweep
transcode_identity,256.0,-256.0,256.0,0.853125,0.1102328124999999,1.0,9.90149422507656,0.19625,0.1681249870361125,0.2268750969084713,0.2987630827783064,0.2962770061000099,0.4675,56,797,reference_lfcc_logreg,in_the_wild,runs/pipeline/reference_crossdomain_sweep
transcode_identity,192.0,-192.0,192.0,0.853125,0.1102328124999999,1.0,9.90149422507656,0.19625,0.1681249870361125,0.2268750969084713,0.2987630827783064,0.2962770061000099,0.4675,56,797,reference_lfcc_logreg,in_the_wild,runs/pipeline/reference_crossdomain_sweep
transmission,0.0,0.0,0.0,0.656875,0.3178890625,1.0,5.886408008108306,0.0,0.0,0.0,0.0,0.0,0.0,526,525,reference_lfcc_logreg,in_the_wild,runs/pipeline/reference_crossdomain_sweep
transmission,0.01,0.01,0.0098224418608785,0.655625,0.3166140625,1.0,5.846074025196128,-0.0012499999999999,-0.0062410124371548,0.0037818206832291,-0.0019029495718363,0.0063802128079845,0.005,525,520,reference_lfcc_logreg,in_the_wild,runs/pipeline/reference_crossdomain_sweep
transmission,0.05,0.05,0.0504099734556357,0.6575,0.314453125,1.0,5.66097709125102,0.0006249999999999,-0.0058920958236733,0.0099674912944887,0.0009514747859181,0.0275106220735211,0.033125,545,493,reference_lfcc_logreg,in_the_wild,runs/pipeline/reference_crossdomain_sweep
transmission,0.1,0.1,0.098551582663714,0.656875,0.312696875,1.0,5.434506136445094,0.0,-0.0100005875369557,0.0081527171947278,0.0,0.0507676808857343,0.05625,563,472,reference_lfcc_logreg,in_the_wild,runs/pipeline/reference_crossdomain_sweep
transmission,0.2,0.2,0.2000974472388898,0.663125,0.309690625,1.0,4.98869164037931,0.0062499999999999,-0.0099970613184005,0.015620727211927,0.0095147478591816,0.0973521001216705,0.121875,594,398,reference_lfcc_logreg,in_the_wild,runs/pipeline/reference_crossdomain_sweep
bandpass,8000.0,-8000.0,7920.0,0.0356249999999999,0.9935359375,0.3412499999999999,0.169444682619111,0.0293749999999999,0.020012186088676,0.0424758848489166,4.700000000000006,0.0347561278286082,0.03,4,50,aasist,asvspoof2019_la,runs/pipeline/aasist_asv19_sweep
bandpass,6000.0,-6000.0,6000.0,0.0381249999999999,0.993140625,0.3575,0.1746029886075425,0.0318749999999999,0.021274146169609,0.0406302692970672,5.100000000000007,0.0373665832016884,0.033125,4,55,aasist,asvspoof2019_la,runs/pipeline/aasist_asv19_sweep
bandpass,4000.0,-4000.0,4000.0,0.0381249999999999,0.9925171875,0.39,0.1968884655139221,0.031875,0.023159215337756,0.0431264073990851,5.100000000000009,0.0496480271428456,0.045,1,73,aasist,asvspoof2019_la,runs/pipeline/aasist_asv19_sweep
bandpass,3400.0,-3400.0,3400.0,0.04125,0.9917484375,0.4474999999999999,0.2357547686867227,0.035,0.0256216004765315,0.0462421026016189,5.600000000000013,0.058991343191655,0.05875,1,95,aasist,asvspoof2019_la,runs/pipeline/aasist_asv19_sweep
bandpass,2000.0,-2000.0,2000.0,0.059375,0.9814984375,0.57,0.7174516545192542,0.053125,0.0399849679271758,0.0693443548654389,8.500000000000016,0.1275469781965069,0.17375,1,279,aasist,asvspoof2019_la,runs/pipeline/aasist_asv19_sweep
chirp,25.0,-25.0,24.999999886696777,0.0862499999999999,0.9759140625,0.3474999999999999,0.4669961885551977,0.0799999999999999,0.0662355764337248,0.0956351767817858,12.80000000000002,0.0917746243551957,0.09125,45,103,aasist,asvspoof2019_la,runs/pipeline/aasist_asv19_sweep
chirp,20.0,-20.0,19.999999964173345,0.0975,0.97221875,0.3775,0.5474839981202864,0.09125,0.0749847986042719,0.1037681690544201,14.60000000000003,0.1012491409779736,0.095,62,92,aasist,asvspoof2019_la,runs/pipeline/aasist_asv19_sweep
chirp,15.0,-15.0,14.999999988673585,0.10375,0.9681578125,0.3824999999999999,0.5717816266572988,0.0975,0.0825020238784802,0.1131311816837459,15.60000000000003,0.1166977874167349,0.104375,59,106,aasist,asvspoof2019_la,runs/pipeline/aasist_asv19_sweep
chirp,10.0,-10.0,9.999999996421243,0.1049999999999999,0.964609375,0.37375,0.5117213462654862,0.0987499999999999,0.0856249859613656,0.1162423149584626,15.800000000000026,0.1085671880389056,0.13,54,152,aasist,asvspoof2019_la,runs/pipeline/aasist_asv19_sweep
chirp,5.0,-5.0,4.999999998871267,0.129375,0.951125,0.49,0.5745291316490753,0.123125,0.1043738973736308,0.138738861388921,19.70000000000004,0.116770803642248,0.183125,33,260,aasist,asvspoof2019_la,runs/pipeline/aasist_asv19_sweep
codec,128.0,-128.0,128.0,0.0062499999999999,0.9997515625,0.0337499999999999,0.1030160556339768,0.0,-0.0018758438752474,0.0031297534630602,0.0,0.0024053209483612,0.003125,9,4,aasist,asvspoof2019_la,runs/pipeline/aasist_asv19_sweep
codec,64.0,-64.0,64.0,0.0062499999999999,0.9997109375,0.0424999999999999,0.106374590138822,0.0,-0.0012532906573738,0.0037509033922481,0.0,0.0040426160411238,0.000625,6,5,aasist,asvspoof2019_la,runs/pipeline/aasist_asv19_sweep
codec,32.0,-32.0,32.0,0.0112499999999999,0.99944375,0.08875,0.0883656496540367,0.0049999999999999,-7.812805187700703e-06,0.0075023194365381,0.7999999999999997,0.0136516105646008,0.00375,6,8,aasist,asvspoof2019_la,runs/pipeline/aasist_asv19_sweep
codec,24.0,-24.0,24.0,0.01,0.9993359375,0.10625,0.0721385671608561,0.00375,-0.0006313131313131,0.0081201683578117,0.6000000000000036,0.0189265683709124,0.008125,6,13,aasist,asvspoof2019_la,runs/pipeline/aasist_asv19_sweep
codec,16.0,-16.0,16.0,0.014375,0.9985609375,0.15125,0.0771793400197242,0.008125,0.0031130505213326,0.0137293545873223,1.3000000000000052,0.0276181482258897,0.016875,5,26,aasist,asvspoof2019_la,runs/pipeline/aasist_asv19_sweep
codec,8.0,-8.0,8.0,0.060625,0.9840734375,0.49,2.292278139461278,0.054375,0.0425010509050155,0.0650675523702574,8.700000000000019,0.3658356795893393,0.439375,1,704,aasist,asvspoof2019_la,runs/pipeline/aasist_asv19_sweep
gain,-3.0,3.0,-3.0,0.0074999999999999,0.9998140625,0.01875,0.1155745513467624,0.0012499999999999,-0.0043767173115648,0.0043854590562813,0.1999999999999981,0.0151027086594061,0.006875,11,2,aasist,asvspoof2019_la,runs/pipeline/aasist_asv19_sweep
gain,3.0,3.0,3.0,0.006875,0.9992765625,0.10625,0.1247648323407656,0.000625,-0.0024638786118981,0.0075016008068306,0.1000000000000023,0.0135682325375655,0.004375,8,7,aasist,asvspoof2019_la,runs/pipeline/aasist_asv19_sweep
gain,-10.0,10.0,-10.0,0.0374999999999999,0.991984375,0.1625,0.3529708563684963,0.03125,0.0200061057705706,0.0418652895217179,5.000000000000009,0.0717640044603863,0.035,39,17,aasist,asvspoof2019_la,runs/pipeline/aasist_asv19_sweep
gain,10.0,10.0,10.0,0.03,0.996071875,0.24125,0.1653466034491204,0.02375,0.0149968569210559,0.0337399387263667,3.8000000000000105,0.0377362899357716,0.028125,11,36,aasist,asvspoof2019_la,runs/pipeline/aasist_asv19_sweep
gain,-20.0,20.0,-20.0,0.176875,0.9113765625,0.5275,1.2866398326933788,0.170625,0.1469007349294964,0.1862480953493899,27.30000000000005,0.2817441046426444,0.165,152,112,aasist,asvspoof2019_la,runs/pipeline/aasist_asv19_sweep
gain,20.0,20.0,20.0,0.098125,0.9729796875,0.4924999999999999,0.3565865172531802,0.091875,0.0756143418758522,0.105618175185,14.700000000000028,0.1140632481139908,0.159375,6,251,aasist,asvspoof2019_la,runs/pipeline/aasist_asv19_sweep
noise,30.0,-30.0,29.99999964169418,0.00875,0.9995125,0.0724999999999999,0.1105203935173805,0.0025,-0.0006452449688297,0.0062551702891921,0.4000000000000053,0.0151910767948089,0.0025,6,8,aasist,asvspoof2019_la,runs/pipeline/aasist_asv19_sweep
noise,20.0,-20.0,19.99999996417316,0.0174999999999999,0.9981578125,0.1674999999999999,0.0926191140501604,0.0112499999999999,0.0049873290007794,0.018128941188659,1.800000000000002,0.0354305194728464,0.0275,3,43,aasist,asvspoof2019_la,runs/pipeline/aasist_asv19_sweep
noise,15.0,-15.0,14.99999998867341,0.04625,0.992428125,0.2937499999999999,0.3129153759694321,0.04,0.029986909152897,0.0500013770036196,6.400000000000014,0.1264672392382112,0.264375,0,423,aasist,asvspoof2019_la,runs/pipeline/aasist_asv19_sweep
noise,10.0,-10.0,9.999999996421058,0.144375,0.931021875,0.7937500000000001,1.7999397930435574,0.138125,0.1243726895322824,0.1575038790130997,22.100000000000044,0.4102761010389082,0.4925,0,788,aasist,asvspoof2019_la,runs/pipeline/aasist_asv19_sweep
noise,5.0,-5.0,4.999999998871092,0.431875,0.62269375,0.97125,3.5246602658327424,0.425625,0.3981200517839746,0.4475064456947595,68.10000000000012,0.5218391425302304,0.5,0,800,aasist,asvspoof2019_la,runs/pipeline/aasist_asv19_sweep
noise,0.0,-0.0,-3.541433498798661e-10,0.67125,0.28794375,0.99,4.011448529859158,0.665,0.6424416682437597,0.6887959459591613,106.4000000000002,0.5310111291765941,0.5,0,800,aasist,asvspoof2019_la,runs/pipeline/aasist_asv19_sweep
reverb,0.1,0.1,0.1,0.171875,0.90385,0.965,2.605485070464683,0.165625,0.1481293096309166,0.1900398108262044,26.50000000000005,0.3032848942386157,0.36875,1,591,aasist,asvspoof2019_la,runs/pipeline/aasist_asv19_sweep
reverb,0.3,0.3,0.2999999999999999,0.6125,0.4175921875,0.99875,7.842709171659881,0.6062500000000001,0.5812292979012208,0.6330943023538879,97.00000000000018,0.5180630615894385,0.498125,1,798,aasist,asvspoof2019_la,runs/pipeline/aasist_asv19_sweep
reverb,0.5,0.5,0.5,0.75875,0.2247359374999999,0.99875,9.03101089804817,0.7525000000000001,0.7287510868027439,0.7731082882493957,120.40000000000022,0.5285330646495875,0.49875,1,799,aasist,asvspoof2019_la,runs/pipeline/aasist_asv19_sweep
reverb,0.7,0.7,0.7,0.79375,0.1704625,1.0,9.387471728838266,0.7875,0.7606251907139858,0.8105646453833361,126.0000000000002,0.5296650913219668,0.49875,1,799,aasist,asvspoof2019_la,runs/pipeline/aasist_asv19_sweep
reverb,0.9,0.9,0.9000000000000002,0.800625,0.15110625,1.0,9.541197221462031,0.794375,0.7687516735947247,0.8200025330850129,127.10000000000024,0.5296406170276119,0.49875,1,799,aasist,asvspoof2019_la,runs/pipeline/aasist_asv19_sweep
transcode_identity,320.0,-320.0,320.0,0.0062499999999999,0.9997546875,0.0337499999999999,0.1029731135169171,0.0,-0.0018758438752474,0.0031205062185774,0.0,0.0023974436054396,0.0025,9,5,aasist,asvspoof2019_la,runs/pipeline/aasist_asv19_sweep
transcode_identity,256.0,-256.0,256.0,0.0062499999999999,0.9997546875,0.0337499999999999,0.1029731135169171,0.0,-0.0018758438752474,0.0031205062185774,0.0,0.0023974436054396,0.0025,9,5,aasist,asvspoof2019_la,runs/pipeline/aasist_asv19_sweep
transcode_identity,192.0,-192.0,192.0,0.0062499999999999,0.9997546875,0.0337499999999999,0.1029731135169171,0.0,-0.0018758438752474,0.0031205062185774,0.0,0.0023974436054396,0.0025,9,5,aasist,asvspoof2019_la,runs/pipeline/aasist_asv19_sweep
transmission,0.0,0.0,0.0,0.0062499999999999,0.999746875,0.03625,0.1034874377228266,0.0,0.0,0.0,0.0,0.0,0.0,5,5,aasist,asvspoof2019_la,runs/pipeline/aasist_asv19_sweep
transmission,0.01,0.01,0.010027788770389,0.010625,0.999040625,0.1149999999999999,0.0990610950298443,0.004375,0.0006366260356794,0.0118667880869202,0.7000000000000058,0.0153643644742461,0.004375,6,11,aasist,asvspoof2019_la,runs/pipeline/aasist_asv19_sweep
transmission,0.05,0.05,0.050213066383787,0.034375,0.995490625,0.1749999999999999,0.1468017436916576,0.028125,0.0175000561773252,0.0362918357867325,4.500000000000012,0.0457728289322356,0.0475,10,72,aasist,asvspoof2019_la,runs/pipeline/aasist_asv19_sweep
transmission,0.1,0.1,0.1000086190221701,0.04,0.9884625,0.37,0.319702936250821,0.03375,0.0243865852743697,0.0449982392163975,5.400000000000015,0.0836959022820822,0.12,8,192,aasist,asvspoof2019_la,runs/pipeline/aasist_asv19_sweep
transmission,0.2,0.2,0.1990158402005855,0.0687499999999999,0.9707078125,0.71375,0.9251083002634324,0.0625,0.0518653596297373,0.0781163553779302,10.000000000000018,0.1872531186114287,0.25625,1,411,aasist,asvspoof2019_la,runs/pipeline/aasist_asv19_sweep
bandpass,8000.0,-8000.0,7920.0,0.44125,0.5843421875,0.99875,2.453312902885615,-0.0112499999999999,-0.0231300540493842,0.0012500558634143,-0.0248618784530386,0.0611963853968963,0.070625,306,381,aasist,in_the_wild,runs/pipeline/aasist_itw_sweep
bandpass,6000.0,-6000.0,6000.0,0.4525,0.575065625,0.99875,2.5251925820309635,0.0,-0.0162560015825554,0.0112250118154385,0.0,0.0686595183155394,0.08,299,393,aasist,in_the_wild,runs/pipeline/aasist_itw_sweep
bandpass,4000.0,-4000.0,4000.0,0.469375,0.5440843750000001,0.9975,2.905175616142845,0.0168749999999999,-0.0012500089371322,0.0312500439477845,0.0372928176795579,0.1316851281877728,0.153125,240,477,aasist,in_the_wild,runs/pipeline/aasist_itw_sweep
bandpass,3400.0,-3400.0,3400.0,0.4706249999999999,0.5328515625,0.9975,3.1390725979414653,0.0181249999999999,0.0012500935130052,0.036258065909708,0.0400552486187844,0.1656693341627267,0.19,223,523,aasist,in_the_wild,runs/pipeline/aasist_itw_sweep
bandpass,2000.0,-2000.0,2000.0,0.5275000000000001,0.4583890625,0.99875,4.347598653493815,0.075,0.0512501218471925,0.0968890896165571,0.1657458563535913,0.2620899594308158,0.31625,154,658,aasist,in_the_wild,runs/pipeline/aasist_itw_sweep
chirp,25.0,-25.0,24.999993921179307,0.5275000000000001,0.4851999999999999,0.9975,2.873060786657036,0.075,0.0493840905532576,0.1006252197351458,0.1657458563535913,0.2028376159109675,0.23625,444,410,aasist,in_the_wild,runs/pipeline/aasist_itw_sweep
chirp,20.0,-20.0,19.999998077429662,0.55625,0.4423859375,1.0,3.2356523240799406,0.10375,0.0775042778761999,0.1293682455752883,0.2292817679558011,0.2800329666968172,0.310625,497,396,aasist,in_the_wild,runs/pipeline/aasist_itw_sweep
chirp,15.0,-15.0,14.99999939200469,0.57125,0.440959375,0.9975,3.4777807267913223,0.11875,0.0831108494929631,0.141891721729236,0.2624309392265194,0.3209948114653825,0.336875,513,382,aasist,in_the_wild,runs/pipeline/aasist_itw_sweep
chirp,10.0,-10.0,9.999999807735156,0.5762499999999999,0.4153234375,0.99875,4.009185448634257,0.1237499999999999,0.0912499312514561,0.1481206503421799,0.2734806629834252,0.3443728283611701,0.3675,515,409,aasist,in_the_wild,runs/pipeline/aasist_itw_sweep
chirp,5.0,-5.0,4.999999939203206,0.585625,0.3978156249999999,0.99875,4.547120785595624,0.1331249999999999,0.1056224143101774,0.1644194294484883,0.2941988950276241,0.3369672426728436,0.36125,482,462,aasist,in_the_wild,runs/pipeline/aasist_itw_sweep
codec,128.0,-128.0,128.0,0.4525,0.5600562499999999,0.99875,2.427429239744333,0.0,-0.0056194348213595,0.0081179674297854,0.0,0.0181734490560836,0.02625,391,351,aasist,in_the_wild,runs/pipeline/aasist_itw_sweep
codec,64.0,-64.0,64.0,0.45625,0.5596625,0.99875,2.430135945263608,0.0037499999999999,-0.0062568411586595,0.0087549657104506,0.0082872928176795,0.021464101197136,0.025625,389,356,aasist,in_the_wild,runs/pipeline/aasist_itw_sweep
codec,32.0,-32.0,32.0,0.46875,0.5468484375,0.99875,2.4931346936700387,0.0162499999999999,0.0025003147857677,0.0256216264469911,0.0359116022099447,0.0479655322370331,0.048125,386,365,aasist,in_the_wild,runs/pipeline/aasist_itw_sweep
codec,24.0,-24.0,24.0,0.4762499999999999,0.5357125,0.99875,2.563192871321319,0.0237499999999999,0.009371319805745,0.0374919211499865,0.0524861878453037,0.0664321666707514,0.0725,366,386,aasist,in_the_wild,runs/pipeline/aasist_itw_sweep
codec,16.0,-16.0,16.0,0.5037499999999999,0.50021875,0.99875,2.791440255506864,0.0512499999999999,0.0330994997793181,0.067495691374091,0.113259668508287,0.1002804187708331,0.104375,361,432,aasist,in_the_wild,runs/pipeline/aasist_itw_sweep
codec,8.0,-8.0,8.0,0.5525,0.429828125,0.99875,4.818952145213187,0.0999999999999999,0.0737710478484925,0.1231482799086389,0.2209944751381214,0.2829469716847941,0.344375,135,674,aasist,in_the_wild,runs/pipeline/aasist_itw_sweep
gain,-3.0,3.0,-3.0,0.45625,0.560025,0.99875,2.1184325727241404,0.00375,-0.0131189822952487,0.0181285889193503,0.0082872928176796,0.1160692033823128,0.139375,490,293,aasist,in_the_wild,runs/pipeline/aasist_itw_sweep
gain,3.0,3.0,3.0,0.45375,0.5793609375,0.99625,2.813187854546414,0.0012499999999999,-0.0187506944675599,0.0137381395650094,0.0027624309392264,0.1062812201780666,0.125,257,431,aasist,in_the_wild,runs/pipeline/aasist_itw_sweep
gain,-10.0,10.0,-10.0,0.505625,0.5051687499999999,0.9975,2.086442909256719,0.0531249999999999,0.0287445403285406,0.0768973905959219,0.117403314917127,0.38449369050956,0.40375,713,93,aasist,in_the_wild,runs/pipeline/aasist_itw_sweep
gain,10.0,10.0,10.0,0.3924999999999999,0.6746796875,0.9925,3.3049647443359635,-0.06,-0.091272238633318,-0.0338245444765765,-0.132596685082873,0.2785474395382892,0.344375,96,549,aasist,in_the_wild,runs/pipeline/aasist_itw_sweep
gain,-20.0,20.0,-20.0,0.594375,0.4034515625,1.0,2.879423254820847,0.1418749999999999,0.1131375562711907,0.1668981706685318,0.3135359116022099,0.5698027651765646,0.49625,799,5,aasist,in_the_wild,runs/pipeline/aasist_itw_sweep
gain,20.0,20.0,20.0,0.310625,0.7665171875000001,0.99,3.6870808792066985,-0.1418749999999999,-0.1749953107181217,-0.1074914124601368,-0.3135359116022099,0.3620365609475566,0.458125,15,702,aasist,in_the_wild,runs/pipeline/aasist_itw_sweep
noise,30.0,-30.0,29.99998078595794,0.47,0.5385140625,1.0,2.519196573633344,0.0174999999999999,0.0087505965012135,0.0306236992286468,0.0386740331491711,0.0403443554464229,0.049375,422,355,aasist,in_the_wild,runs/pipeline/aasist_itw_sweep
noise,20.0,-20.0,19.999998077429485,0.515,0.48225625,0.99875,2.590925783640389,0.0625,0.0456227749710581,0.0781287217008294,0.1381215469613259,0.1089341790453893,0.119375,463,380,aasist,in_the_wild,runs/pipeline/aasist_itw_sweep
noise,15.0,-15.0,14.999999392004517,0.55,0.436725,1.0,2.623046053298689,0.0975,0.0781473325766628,0.1225229902599238,0.2154696132596685,0.1581516761013492,0.1975,482,426,aasist,in_the_wild,runs/pipeline/aasist_itw_sweep
noise,10.0,-10.0,9.999999807734977,0.5756249999999999,0.3920015625,1.0,2.701761917355804,0.1231249999999999,0.0974617759090085,0.1487460349952312,0.272099447513812,0.2147025701262479,0.26,438,482,aasist,in_the_wild,runs/pipeline/aasist_itw_sweep
noise,5.0,-5.0,4.999999939203029,0.5974999999999999,0.367271875,1.0,2.929755809400901,0.1449999999999999,0.1182047733164395,0.1712408908160297,0.320441988950276,0.2642531061200419,0.32,316,584,aasist,in_the_wild,runs/pipeline/aasist_itw_sweep
noise,0.0,-0.0,-1.9222870206218116e-08,0.5956250000000001,0.382828125,1.0,3.177314404277875,0.143125,0.1137765352506705,0.1737636675913879,0.3162983425414366,0.3048639450138949,0.383125,151,688,aasist,in_the_wild,runs/pipeline/aasist_itw_sweep
reverb,0.1,0.1,0.1,0.4599999999999999,0.5458296875,1.0,3.7277970865762,0.0074999999999999,-0.0156218029761038,0.0324920494286547,0.016574585635359,0.2748991049558031,0.324375,115,586,aasist,in_the_wild,runs/pipeline/aasist_itw_sweep
reverb,0.3,0.3,0.2999999999999999,0.5225,0.4703078125,1.0,4.858804988751162,0.0699999999999999,0.0418891516823266,0.0975240267255137,0.1546961325966849,0.3078752756130859,0.373125,93,666,aasist,in_the_wild,runs/pipeline/aasist_itw_sweep
reverb,0.5,0.5,0.5,0.5706249999999999,0.424665625,1.0,5.218636753471731,0.1181249999999999,0.0881272912188133,0.1462273466379491,0.2610497237569059,0.312457867111016,0.381875,102,679,aasist,in_the_wild,runs/pipeline/aasist_itw_sweep
reverb,0.7,0.7,0.7,0.583125,0.4061640625,1.0,5.308698545201522,0.130625,0.0981323089580842,0.156240730268565,0.2886740331491712,0.3117294125938145,0.384375,114,691,aasist,in_the_wild,runs/pipeline/aasist_itw_sweep
reverb,0.9,0.9,0.9000000000000002,0.5706249999999999,0.4135671875,1.0,5.303886588026601,0.1181249999999999,0.0899757758871482,0.1456193205742336,0.2610497237569059,0.314346970846606,0.3775,114,684,aasist,in_the_wild,runs/pipeline/aasist_itw_sweep
transcode_identity,320.0,-320.0,320.0,0.451875,0.5601625,0.99875,2.426717020868344,-0.0006249999999999,-0.0056478058839674,0.0087258145046494,-0.0013812154696132,0.0182229648683109,0.02625,391,351,aasist,in_the_wild,runs/pipeline/aasist_itw_sweep
transcode_identity,256.0,-256.0,256.0,0.451875,0.5601625,0.99875,2.426717020868344,-0.0006249999999999,-0.0056478058839674,0.0087258145046494,-0.0013812154696132,0.0182229648683109,0.02625,391,351,aasist,in_the_wild,runs/pipeline/aasist_itw_sweep
transcode_identity,192.0,-192.0,192.0,0.451875,0.5601625,0.99875,2.426717020868344,-0.0006249999999999,-0.0056478058839674,0.0087258145046494,-0.0013812154696132,0.0182229648683109,0.02625,391,351,aasist,in_the_wild,runs/pipeline/aasist_itw_sweep
transmission,0.0,0.0,0.0,0.4525,0.5616140625,0.99875,2.478701229365443,0.0,0.0,0.0,0.0,0.0,0.0,362,362,aasist,in_the_wild,runs/pipeline/aasist_itw_sweep
transmission,0.01,0.01,0.0098224418608785,0.4875,0.522,0.99625,2.6064026165712155,0.035,0.0168741595611672,0.0531092271815583,0.0773480662983426,0.0853241083253215,0.091875,454,339,aasist,in_the_wild,runs/pipeline/aasist_itw_sweep
transmission,0.05,0.05,0.0504099734556357,0.5349999999999999,0.4692203125,0.99875,2.899901786939786,0.0824999999999999,0.0618666780736684,0.1093964456083003,0.18232044198895,0.2197525442835186,0.220625,582,319,aasist,in_the_wild,runs/pipeline/aasist_itw_sweep
transmission,0.1,0.1,0.098551582663714,0.5225,0.457325,1.0,3.0861444039347594,0.0699999999999999,0.0449958295908728,0.0937672133421691,0.1546961325966849,0.2624405739497758,0.26625,584,330,aasist,in_the_wild,runs/pipeline/aasist_itw_sweep
transmission,0.2,0.2,0.2000974472388898,0.5475,0.4384671874999999,1.0,3.250728540466693,0.0949999999999999,0.0693603924055713,0.1212659950076407,0.2099447513812154,0.2932511927775512,0.303125,551,370,aasist,in_the_wild,runs/pipeline/aasist_itw_sweep
bandpass,8000.0,-8000.0,7920.0,0.181875,0.909515625,0.8349999999999999,3.505352108202057,0.020625,0.0012512128970246,0.0356250711191641,0.127906976744186,0.0896014203969084,0.11375,131,161,aasist3_kan,asvspoof2019_la,runs/pipeline/aasist3_asv19_sweep
bandpass,6000.0,-6000.0,6000.0,0.21625,0.8653062499999999,0.89375,8.336560684599739,0.055,0.0331218347003004,0.0768641903999083,0.3410852713178295,0.0945379676411768,0.366875,19,580,aasist3_kan,asvspoof2019_la,runs/pipeline/aasist3_asv19_sweep
bandpass,4000.0,-4000.0,4000.0,0.285625,0.7961812500000001,0.98625,8.17389502049942,0.124375,0.0937351463322257,0.1469416299189292,0.7713178294573644,0.0959624220541337,0.355625,31,546,aasist3_kan,asvspoof2019_la,runs/pipeline/aasist3_asv19_sweep
bandpass,3400.0,-3400.0,3400.0,0.3075,0.75348203125,0.9925,8.466522664912386,0.14625,0.1230907978486779,0.1737634707812633,0.9069767441860463,0.097384044575921,0.378125,30,577,aasist3_kan,asvspoof2019_la,runs/pipeline/aasist3_asv19_sweep
bandpass,2000.0,-2000.0,2000.0,0.38,0.6724031250000001,0.98375,9.60638247804785,0.21875,0.1874999682616691,0.2432274906771316,1.3565891472868217,0.0983853424670766,0.475,7,749,aasist3_kan,asvspoof2019_la,runs/pipeline/aasist3_asv19_sweep
chirp,25.0,-25.0,24.999999886696777,0.1725,0.89534375,0.6124999999999999,1.921479621300724,0.0112499999999999,-0.005054366216772,0.0281251021280155,0.069767441860465,0.1267795215938379,0.19125,319,19,aasist3_kan,asvspoof2019_la,runs/pipeline/aasist3_asv19_sweep
chirp,20.0,-20.0,19.999999964173345,0.180625,0.8873671874999999,0.6362499999999999,2.4815306008121056,0.019375,0.0024966996675131,0.0368723613184577,0.1201550387596899,0.0983897934361873,0.1825,299,33,aasist3_kan,asvspoof2019_la,runs/pipeline/aasist3_asv19_sweep
chirp,15.0,-15.0,14.999999988673585,0.19625,0.87165,0.6937499999999999,3.401460229443232,0.035,0.0181198299274537,0.0543589991433221,0.2170542635658916,0.0840435000172106,0.154375,248,77,aasist3_kan,asvspoof2019_la,runs/pipeline/aasist3_asv19_sweep
chirp,10.0,-10.0,9.999999996421243,0.2312499999999999,0.8430296875000001,0.83375,5.055768153979651,0.0699999999999999,0.0505170765441079,0.090018820898437,0.4341085271317828,0.0851286218282861,0.1675,191,177,aasist3_kan,asvspoof2019_la,runs/pipeline/aasist3_asv19_sweep
chirp,5.0,-5.0,4.999999998871267,0.266875,0.799703125,0.85,6.970400302936732,0.1056249999999999,0.0843739808097976,0.1274979081329611,0.6550387596899223,0.0912470574257132,0.25125,122,400,aasist3_kan,asvspoof2019_la,runs/pipeline/aasist3_asv19_sweep
codec,128.0,-128.0,128.0,0.25,0.8343421875,0.9025,9.082068732509642,0.08875,0.0656566171993627,0.1093756205756539,0.5503875968992248,0.0956514043616942,0.42375,5,683,aasist3_kan,asvspoof2019_la,runs/pipeline/aasist3_asv19_sweep
codec,64.0,-64.0,64.0,0.2568749999999999,0.8191609375000001,0.8975,9.031169876390774,0.0956249999999999,0.0743848791310153,0.120003255280934,0.5930232558139532,0.0955062413359946,0.42125,7,679,aasist3_kan,asvspoof2019_la,runs/pipeline/aasist3_asv19_sweep
codec,32.0,-32.0,32.0,0.3043749999999999,0.7785375000000001,0.94,8.970533650799068,0.1431249999999999,0.1174966874171854,0.1669597730004621,0.8875968992248059,0.0955523094775248,0.415625,20,671,aasist3_kan,asvspoof2019_la,runs/pipeline/aasist3_asv19_sweep
codec,24.0,-24.0,24.0,0.281875,0.8009171875000001,0.83125,8.019411384124215,0.1206249999999999,0.0949957029571467,0.1412424191479451,0.7480620155038759,0.0950767475515613,0.341875,56,543,aasist3_kan,asvspoof2019_la,runs/pipeline/aasist3_asv19_sweep
codec,16.0,-16.0,16.0,0.29,0.7688171875,0.95875,7.028538162339122,0.12875,0.1049494560841675,0.1531419655293003,0.798449612403101,0.0952247955286711,0.289375,129,404,aasist3_kan,asvspoof2019_la,runs/pipeline/aasist3_asv19_sweep
codec,8.0,-8.0,8.0,0.394375,0.6488843750000001,0.975,9.289068358874337,0.233125,0.2087503408913937,0.2649944100208221,1.4457364341085273,0.0984110362737614,0.455,37,701,aasist3_kan,asvspoof2019_la,runs/pipeline/aasist3_asv19_sweep
gain,-3.0,3.0,-3.0,0.16125,0.9087765625,0.6800000000000002,3.673941401317777,0.0,0.0,0.0,0.0,1.2282363359092558e-07,0.0,129,129,aasist3_kan,asvspoof2019_la,runs/pipeline/aasist3_asv19_sweep
gain,3.0,3.0,3.0,0.16625,0.911159375,0.6437499999999999,3.468862164364594,0.005,-0.0093702951757397,0.0150034232478596,0.0310077519379845,0.0322890173579634,0.045625,147,116,aasist3_kan,asvspoof2019_la,runs/pipeline/aasist3_asv19_sweep
gain,-10.0,10.0,-10.0,0.16125,0.9087781249999998,0.6800000000000002,3.673941320290378,0.0,0.0,0.0,0.0,1.0975546208419297e-07,0.0,129,129,aasist3_kan,asvspoof2019_la,runs/pipeline/aasist3_asv19_sweep
gain,10.0,10.0,10.0,0.174375,0.9027171875,0.605,3.6861744757477553,0.0131249999999999,-0.0043817106126222,0.0287797424290573,0.0813953488372092,0.0903138874879344,0.121875,161,102,aasist3_kan,asvspoof2019_la,runs/pipeline/aasist3_asv19_sweep
gain,-20.0,20.0,-20.0,0.16125,0.9087765625,0.6800000000000002,3.673942533470187,0.0,0.0,0.0,0.0,1.355240214576245e-07,0.0,129,129,aasist3_kan,asvspoof2019_la,runs/pipeline/aasist3_asv19_sweep
gain,20.0,20.0,20.0,0.290625,0.77381875,0.91375,6.55087764620145,0.129375,0.1062708746655906,0.1562802857799473,0.8023255813953489,0.0975364173505988,0.26,215,273,aasist3_kan,asvspoof2019_la,runs/pipeline/aasist3_asv19_sweep
noise,30.0,-30.0,29.99999964169418,0.31375,0.7743890625000001,0.81375,2.422151959539164,0.1524999999999999,0.1281053107369919,0.1750019682217438,0.9457364341085268,0.147156884219358,0.286875,474,25,aasist3_kan,asvspoof2019_la,runs/pipeline/aasist3_asv19_sweep
noise,20.0,-20.0,19.99999996417316,0.39625,0.65728125,0.96,4.378726072195406,0.235,0.2031173042674718,0.2593952649415008,1.4573643410852712,0.1128941056552342,0.311875,473,90,aasist3_kan,asvspoof2019_la,runs/pipeline/aasist3_asv19_sweep
noise,15.0,-15.0,14.99999998867341,0.394375,0.6387359375000001,0.97875,6.285506438806905,0.233125,0.2062488866498636,0.2587371997184668,1.4457364341085273,0.1044733260301378,0.343125,364,253,aasist3_kan,asvspoof2019_la,runs/pipeline/aasist3_asv19_sweep
noise,10.0,-10.0,9.999999996421058,0.39625,0.650971875,0.9925,8.061445380760086,0.235,0.2056096439479388,0.2618582062195105,1.4573643410852712,0.0986178939607316,0.395,177,507,aasist3_kan,asvspoof2019_la,runs/pipeline/aasist3_asv19_sweep
noise,5.0,-5.0,4.999999998871092,0.4,0.6430374999999999,0.99125,9.283161612054016,0.23875,0.2081205538759863,0.2668898402015277,1.4806201550387597,0.0984522238123593,0.46875,35,727,aasist3_kan,asvspoof2019_la,runs/pipeline/aasist3_asv19_sweep
noise,0.0,-0.0,-3.541433498798661e-10,0.4225,0.5883484375,0.9925,9.777066127658118,0.26125,0.23311498673965,0.2900245529322915,1.6201550387596897,0.0984487500814628,0.496875,4,789,aasist3_kan,asvspoof2019_la,runs/pipeline/aasist3_asv19_sweep
reverb,0.1,0.1,0.1,0.3618749999999999,0.6847265625,0.96375,7.833934541674996,0.2006249999999999,0.1774991585397519,0.2268713179489366,1.2441860465116277,0.0988154595973207,0.325625,148,527,aasist3_kan,asvspoof2019_la,runs/pipeline/aasist3_asv19_sweep
reverb,0.3,0.3,0.2999999999999999,0.425625,0.6100656250000001,0.9925,8.253785617865313,0.264375,0.2399816416782907,0.2881441005470793,1.6395348837209305,0.0994662449466567,0.3825,170,566,aasist3_kan,asvspoof2019_la,runs/pipeline/aasist3_asv19_sweep
reverb,0.5,0.5,0.5,0.4237499999999999,0.6013671875,0.97875,8.560121265875978,0.2624999999999999,0.2374995294935847,0.2875146133909552,1.6279069767441858,0.100778132394691,0.418125,179,602,aasist3_kan,asvspoof2019_la,runs/pipeline/aasist3_asv19_sweep
reverb,0.7,0.7,0.7,0.428125,0.5977546875,0.99375,8.779877292527138,0.266875,0.240625607639781,0.2937839013794979,1.6550387596899223,0.1010803308509288,0.426875,154,641,aasist3_kan,asvspoof2019_la,runs/pipeline/aasist3_asv19_sweep
reverb,0.9,0.9,0.9000000000000002,0.4456249999999999,0.5903632812499999,0.98125,8.868872412208491,0.2843749999999999,0.2568512722580239,0.3093653422181915,1.7635658914728678,0.0994286697918552,0.42,143,633,aasist3_kan,asvspoof2019_la,runs/pipeline/aasist3_asv19_sweep
transcode_identity,320.0,-320.0,320.0,0.2456249999999999,0.834190625,0.8925000000000001,9.079376310601203,0.0843749999999999,0.0655983174862752,0.1100242975822671,0.5232558139534882,0.0956573215743241,0.424375,5,684,aasist3_kan,asvspoof2019_la,runs/pipeline/aasist3_asv19_sweep
transcode_identity,256.0,-256.0,256.0,0.2456249999999999,0.834190625,0.8925000000000001,9.079376310601203,0.0843749999999999,0.0655983174862752,0.1100242975822671,0.5232558139534882,0.0956573215743241,0.424375,5,684,aasist3_kan,asvspoof2019_la,runs/pipeline/aasist3_asv19_sweep
transcode_identity,192.0,-192.0,192.0,0.2456249999999999,0.834190625,0.8925000000000001,9.079376310601203,0.0843749999999999,0.0655983174862752,0.1100242975822671,0.5232558139534882,0.0956573215743241,0.424375,5,684,aasist3_kan,asvspoof2019_la,runs/pipeline/aasist3_asv19_sweep
transmission,0.0,0.0,0.0,0.16125,0.9087781249999998,0.6800000000000002,3.67394096239473,0.0,0.0,0.0,0.0,0.0,0.0,129,129,aasist3_kan,asvspoof2019_la,runs/pipeline/aasist3_asv19_sweep
transmission,0.01,0.01,0.010027788770389,0.16125,0.9082234375,0.67875,3.712676068870382,0.0,-0.0043893323420671,0.0056660262342416,0.0,0.006553180262636,0.005,132,130,aasist3_kan,asvspoof2019_la,runs/pipeline/aasist3_asv19_sweep
transmission,0.05,0.05,0.050213066383787,0.169375,0.9027734375,0.685,3.9748690713254695,0.008125,-0.0006668434156527,0.0199920190867736,0.0503875968992249,0.0218070206028538,0.03625,124,150,aasist3_kan,asvspoof2019_la,runs/pipeline/aasist3_asv19_sweep
transmission,0.1,0.1,0.1000086190221701,0.1775,0.9014765625,0.7150000000000001,4.236587894081035,0.0162499999999999,0.0043816443113784,0.0312380139763675,0.1007751937984495,0.0326917833555381,0.061875,123,166,aasist3_kan,asvspoof2019_la,runs/pipeline/aasist3_asv19_sweep
transmission,0.2,0.2,0.1990158402005855,0.1912499999999999,0.8915664062499999,0.7837500000000001,4.733123466973017,0.0299999999999999,0.0124710837569492,0.0437569549752832,0.1860465116279067,0.0494450347861447,0.105,114,214,aasist3_kan,asvspoof2019_la,runs/pipeline/aasist3_asv19_sweep
bandpass,8000.0,-8000.0,7920.0,0.2925,0.7699734375,0.95,8.597865004393517,-0.0262499999999999,-0.0431263953129766,-0.0137568338630442,-0.0823529411764705,0.0055937761588679,0.113125,206,293,aasist3_kan,in_the_wild,runs/pipeline/aasist3_itw_sweep
bandpass,6000.0,-6000.0,6000.0,0.25625,0.8100484375,0.9775,9.090971486619331,-0.0625,-0.0850302546526449,-0.041889348675205,-0.196078431372549,0.0068237817178891,0.2375,115,377,aasist3_kan,in_the_wild,runs/pipeline/aasist3_itw_sweep
bandpass,4000.0,-4000.0,4000.0,0.294375,0.7860906249999999,0.97625,9.100712588025155,-0.0243749999999999,-0.052471133286986,0.0012503126086651,-0.0764705882352938,0.0074907228749306,0.315,131,389,aasist3_kan,in_the_wild,runs/pipeline/aasist3_itw_sweep
bandpass,3400.0,-3400.0,3400.0,0.313125,0.745390625,0.975,9.479639121226478,-0.0056249999999999,-0.0337408077070089,0.025632638275545,-0.0176470588235293,0.0068695592474314,0.35875,108,486,aasist3_kan,in_the_wild,runs/pipeline/aasist3_itw_sweep
bandpass,2000.0,-2000.0,2000.0,0.300625,0.7432828125,0.98,9.959453365804883,-0.0181249999999999,-0.0450162816545177,0.0118080505325705,-0.056862745098039,0.0068333228981161,0.473125,20,755,aasist3_kan,in_the_wild,runs/pipeline/aasist3_itw_sweep
chirp,25.0,-25.0,24.999993921179307,0.3818749999999999,0.6649250000000001,0.99375,5.226243175236508,0.0631249999999999,0.0405512504541061,0.0856281860844768,0.1980392156862744,0.0315050367317471,0.42125,703,27,aasist3_kan,in_the_wild,runs/pipeline/aasist3_itw_sweep
chirp,20.0,-20.0,19.999998077429662,0.3612499999999999,0.6796296875,0.995,5.16352542941093,0.0424999999999999,0.0200032771154058,0.0668737296375495,0.1333333333333332,0.0317323036555052,0.435625,723,24,aasist3_kan,in_the_wild,runs/pipeline/aasist3_itw_sweep
chirp,15.0,-15.0,14.99999939200469,0.368125,0.6838421874999999,0.9825,5.3648960297579125,0.049375,0.0255935569409957,0.0699955139820287,0.1549019607843139,0.0263866601782128,0.418125,699,34,aasist3_kan,in_the_wild,runs/pipeline/aasist3_itw_sweep
chirp,10.0,-10.0,9.999999807735156,0.338125,0.7091296874999999,0.98875,5.6902569989192,0.019375,-0.0037508234120745,0.0394299049486166,0.0607843137254903,0.0180497190196114,0.385,650,34,aasist3_kan,in_the_wild,runs/pipeline/aasist3_itw_sweep
chirp,5.0,-5.0,4.999999939203206,0.33875,0.72371875,0.99375,6.214792992729217,0.02,-0.0050263255073026,0.0418551452143821,0.0627450980392157,0.0145458531056596,0.353125,596,47,aasist3_kan,in_the_wild,runs/pipeline/aasist3_itw_sweep
codec,128.0,-128.0,128.0,0.305625,0.750696875,0.98375,8.434887299549777,-0.0131249999999999,-0.0306067305680476,0.0018794380699663,-0.0411764705882351,0.00426342517653,0.0875,218,276,aasist3_kan,in_the_wild,runs/pipeline/aasist3_itw_sweep
codec,64.0,-64.0,64.0,0.303125,0.7545406250000001,0.98625,8.278045557699013,-0.015625,-0.0318861557316206,0.0025001202285671,-0.0490196078431372,0.0050937461033378,0.09,225,265,aasist3_kan,in_the_wild,runs/pipeline/aasist3_itw_sweep
codec,32.0,-32.0,32.0,0.3,0.7556703124999999,0.99125,7.896698326831584,-0.0187499999999999,-0.0375058604740624,-0.0037274461464893,-0.0588235294117645,0.0094282841848971,0.116875,259,214,aasist3_kan,in_the_wild,runs/pipeline/aasist3_itw_sweep
codec,24.0,-24.0,24.0,0.349375,0.6993765624999999,0.99875,8.516514662530424,0.030625,0.0075393572201445,0.0537520996913942,0.096078431372549,0.0074044007653197,0.215625,272,289,aasist3_kan,in_the_wild,runs/pipeline/aasist3_itw_sweep
codec,16.0,-16.0,16.0,0.396875,0.6393171875,1.0,8.438307435291653,0.078125,0.0487711979315677,0.1031608609065023,0.2450980392156863,0.0086798389676463,0.2825,373,273,aasist3_kan,in_the_wild,runs/pipeline/aasist3_itw_sweep
codec,8.0,-8.0,8.0,0.5343749999999999,0.4385578125,0.9975,9.677415630422008,0.2156249999999999,0.1818560531462362,0.2481170382329943,0.676470588235294,0.0068878658224033,0.450625,296,561,aasist3_kan,in_the_wild,runs/pipeline/aasist3_itw_sweep
gain,-3.0,3.0,-3.0,0.31875,0.7262296875,0.98625,8.382163299494852,0.0,0.0,0.0,0.0,7.21620146667927e-09,0.000625,257,254,aasist3_kan,in_the_wild,runs/pipeline/aasist3_itw_sweep
gain,3.0,3.0,3.0,0.32125,0.7259265625,0.9875,8.387591678229187,0.0025,-0.0012659434159522,0.0043734838529195,0.0078431372549021,9.429130051852687e-05,0.001875,256,257,aasist3_kan,in_the_wild,runs/pipeline/aasist3_itw_sweep
gain,-10.0,10.0,-10.0,0.31875,0.7262296875,0.98625,8.38216316866999,0.0,0.0,0.0,0.0,8.787388412452925e-09,0.000625,257,254,aasist3_kan,in_the_wild,runs/pipeline/aasist3_itw_sweep
gain,10.0,10.0,10.0,0.328125,0.7225921875000001,0.95,8.562607986111122,0.009375,0.0012514203629181,0.0187502753949555,0.0294117647058824,0.0024246466643749,0.0325,263,267,aasist3_kan,in_the_wild,runs/pipeline/aasist3_itw_sweep
gain,-20.0,20.0,-20.0,0.31875,0.7262296875,0.98625,8.382163182895242,0.0,0.0,0.0,0.0,1.1632610867973528e-08,0.000625,257,254,aasist3_kan,in_the_wild,runs/pipeline/aasist3_itw_sweep
gain,20.0,20.0,20.0,0.3506249999999999,0.7139906249999999,0.95,8.812313856136592,0.0318749999999999,0.0087657718626549,0.0543734429470715,0.0999999999999999,0.006200831716784,0.205625,362,201,aasist3_kan,in_the_wild,runs/pipeline/aasist3_itw_sweep
noise,30.0,-30.0,29.99998078595794,0.29,0.7649296875,0.995,6.3745783784723,-0.0287499999999999,-0.0549932346475682,0.0006563469452729,-0.0901960784313725,0.0305495705934647,0.331875,488,105,aasist3_kan,in_the_wild,runs/pipeline/aasist3_itw_sweep
noise,20.0,-20.0,19.999998077429485,0.345,0.7123484375,1.0,6.581463405034232,0.0262499999999999,-0.0037505891063014,0.0556470489616924,0.0823529411764705,0.0250139466384638,0.434375,653,50,aasist3_kan,in_the_wild,runs/pipeline/aasist3_itw_sweep
noise,15.0,-15.0,14.999999392004517,0.3881249999999999,0.670740625,1.0,7.469197426324091,0.0693749999999999,0.0344141618423122,0.0999946066182273,0.2176470588235293,0.0147629704626313,0.453125,663,56,aasist3_kan,in_the_wild,runs/pipeline/aasist3_itw_sweep
noise,10.0,-10.0,9.999999807734977,0.4087499999999999,0.6256734375,0.99875,8.657060014658951,0.0899999999999999,0.0568638173127203,0.1243680355875615,0.2823529411764705,0.0086087940991695,0.445625,667,64,aasist3_kan,in_the_wild,runs/pipeline/aasist3_itw_sweep
noise,5.0,-5.0,4.999999939203029,0.4425,0.58883125,0.99875,9.482631638303843,0.12375,0.0899963220850777,0.1550060006234954,0.3882352941176472,0.0068118879370132,0.473125,668,71,aasist3_kan,in_the_wild,runs/pipeline/aasist3_itw_sweep
noise,0.0,-0.0,-1.9222870206218116e-08,0.4962499999999999,0.509653125,0.98625,9.851121506688765,0.1775,0.1431287550590104,0.2112490993973161,0.5568627450980392,0.0068318508334045,0.48875,704,72,aasist3_kan,in_the_wild,runs/pipeline/aasist3_itw_sweep
reverb,0.1,0.1,0.1,0.3924999999999999,0.6508484375000001,0.99375,7.6965625530436625,0.0737499999999999,0.0518745282627963,0.0950251880097989,0.2313725490196078,0.018830860840559,0.25875,414,158,aasist3_kan,in_the_wild,runs/pipeline/aasist3_itw_sweep
reverb,0.3,0.3,0.2999999999999999,0.43625,0.59754375,0.99375,7.972905601126849,0.1175,0.0912049462382764,0.1381449145876711,0.3686274509803923,0.0134493138279476,0.290625,472,173,aasist3_kan,in_the_wild,runs/pipeline/aasist3_itw_sweep
reverb,0.5,0.5,0.5,0.458125,0.5651531249999999,0.995,8.236160866112689,0.139375,0.1131043476661044,0.1630987370640148,0.4372549019607844,0.0150900762380597,0.313125,501,206,aasist3_kan,in_the_wild,runs/pipeline/aasist3_itw_sweep
reverb,0.7,0.7,0.7,0.46375,0.5381890625000001,1.0,8.550691577339494,0.145,0.1175001445314757,0.1712436275908881,0.4549019607843138,0.0124227314108783,0.334375,496,225,aasist3_kan,in_the_wild,runs/pipeline/aasist3_itw_sweep
reverb,0.9,0.9,0.9000000000000002,0.4762499999999999,0.518371875,0.9975,8.748846515368742,0.1574999999999999,0.1281293167525254,0.181884158400098,0.4941176470588235,0.0127776648258818,0.334375,469,286,aasist3_kan,in_the_wild,runs/pipeline/aasist3_itw_sweep
transcode_identity,320.0,-320.0,320.0,0.3075,0.75055,0.98375,8.43671423163397,-0.0112499999999999,-0.0300105885260542,0.0043946301270816,-0.0352941176470587,0.0045486190099865,0.0875,219,275,aasist3_kan,in_the_wild,runs/pipeline/aasist3_itw_sweep
transcode_identity,256.0,-256.0,256.0,0.3075,0.75055,0.98375,8.43671423163397,-0.0112499999999999,-0.0300105885260542,0.0043946301270816,-0.0352941176470587,0.0045486190099865,0.0875,219,275,aasist3_kan,in_the_wild,runs/pipeline/aasist3_itw_sweep
transcode_identity,192.0,-192.0,192.0,0.3075,0.75055,0.98375,8.43671423163397,-0.0112499999999999,-0.0300105885260542,0.0043946301270816,-0.0352941176470587,0.0045486190099865,0.0875,219,275,aasist3_kan,in_the_wild,runs/pipeline/aasist3_itw_sweep
transmission,0.0,0.0,0.0,0.31875,0.72623125,0.98625,8.382163257098387,0.0,0.0,0.0,0.0,0.0,0.0,256,254,aasist3_kan,in_the_wild,runs/pipeline/aasist3_itw_sweep
transmission,0.01,0.01,0.0098224418608785,0.318125,0.7240796875,0.985,8.441748709136565,-0.0006249999999999,-0.0069154205603274,0.0075056761676017,-0.0019607843137254,0.0012846971263754,0.019375,252,263,aasist3_kan,in_the_wild,runs/pipeline/aasist3_itw_sweep
transmission,0.05,0.05,0.0504099734556357,0.3299999999999999,0.7117031250000001,0.99125,8.668492216010218,0.0112499999999999,-0.0075157180918858,0.0281143489584037,0.0352941176470587,0.0038396897542569,0.081875,232,307,aasist3_kan,in_the_wild,runs/pipeline/aasist3_itw_sweep
transmission,0.1,0.1,0.098551582663714,0.33125,0.7161,0.9874999999999998,8.894098831948037,0.0125,-0.001889254439256,0.0280956212003314,0.03921568627451,0.0047885104103542,0.1,230,330,aasist3_kan,in_the_wild,runs/pipeline/aasist3_itw_sweep
transmission,0.2,0.2,0.2000974472388898,0.34125,0.70868125,0.9975,9.173588412609604,0.0225,0.0018969951369101,0.0431068434977503,0.0705882352941178,0.0052904012982386,0.178125,177,408,aasist3_kan,in_the_wild,runs/pipeline/aasist3_itw_sweep
bandpass,8000.0,-8000.0,7920.0,0.00375,0.9976609375,0.05125,0.0402648848017387,-0.0031249999999999,-0.0106485270784869,-0.0012390045792288,-0.4545454545454514,0.0075111316925372,0.005625,10,2,spectra_aasist3,asvspoof2019_la,runs/pipeline/spectra_asv19_sweep
bandpass,6000.0,-6000.0,6000.0,0.009375,0.998759375,0.0674999999999999,0.1636520007661011,0.0025,-0.0043758703176823,0.0100004203274395,0.3636363636363686,0.0257504259500596,0.025,38,1,spectra_aasist3,asvspoof2019_la,runs/pipeline/spectra_asv19_sweep
bandpass,4000.0,-4000.0,4000.0,0.0487499999999999,0.988478125,0.3012499999999999,0.273456928682722,0.0418749999999999,0.0268732439210279,0.0506311230360418,6.090909090909101,0.0697129670710359,0.043125,40,30,spectra_aasist3,asvspoof2019_la,runs/pipeline/spectra_asv19_sweep
bandpass,3400.0,-3400.0,3400.0,0.0518749999999999,0.9764546875,0.6287499999999999,0.4912188782372058,0.045,0.03249994374859,0.0568344675549809,6.545454545454556,0.1390210295291425,0.065625,31,73,spectra_aasist3,asvspoof2019_la,runs/pipeline/spectra_asv19_sweep
bandpass,2000.0,-2000.0,2000.0,0.0474999999999999,0.9761828125,0.6,0.4771656360436312,0.040625,0.028121001595997,0.0518789729147209,5.90909090909092,0.1432672796791302,0.071875,33,77,spectra_aasist3,asvspoof2019_la,runs/pipeline/spectra_asv19_sweep
chirp,25.0,-25.0,24.999999886696777,0.004375,0.9999671875,0.015,0.0587956782865563,-0.0024999999999999,-0.0112650227889671,-0.0005993188195676,-0.3636363636363602,0.012879661121932,0.00875,13,0,spectra_aasist3,asvspoof2019_la,runs/pipeline/spectra_asv19_sweep
chirp,20.0,-20.0,19.999999964173345,0.0024999999999999,0.9998984375,0.0062499999999999,0.0574090508838006,-0.004375,-0.0118727138636153,-0.0006232874603614,-0.6363636363636396,0.0122188491774651,0.010625,16,0,spectra_aasist3,asvspoof2019_la,runs/pipeline/spectra_asv19_sweep
chirp,15.0,-15.0,14.999999988673585,0.0049999999999999,0.999896875,0.0162499999999999,0.0827012024410671,-0.001875,-0.0093647154205368,0.0025038068971761,-0.2727272727272731,0.0145160955221814,0.011875,18,0,spectra_aasist3,asvspoof2019_la,runs/pipeline/spectra_asv19_sweep
chirp,10.0,-10.0,9.999999996421243,0.004375,0.999915625,0.0112499999999999,0.0623299122897416,-0.0024999999999999,-0.0106275630054839,0.0025028581471328,-0.3636363636363622,0.0186904673786699,0.019375,30,0,spectra_aasist3,asvspoof2019_la,runs/pipeline/spectra_asv19_sweep
chirp,5.0,-5.0,4.999999998871267,0.0124999999999999,0.9990453125,0.05,0.1249319357589857,0.0056249999999999,-0.0043632644337572,0.0100026413224742,0.818181818181818,0.0239555557065882,0.021875,33,1,spectra_aasist3,asvspoof2019_la,runs/pipeline/spectra_asv19_sweep
codec,128.0,-128.0,128.0,0.01,0.9989890625,0.0925,0.0607841549948026,0.003125,-0.0068607724550626,0.0075002065505429,0.4545454545454577,0.0166951975711239,0.0125,12,5,spectra_aasist3,asvspoof2019_la,runs/pipeline/spectra_asv19_sweep
codec,64.0,-64.0,64.0,0.013125,0.998428125,0.1024999999999999,0.0765822911780314,0.00625,-0.0031459750741841,0.0112549005181689,0.9090909090909152,0.0202030262278271,0.015,15,8,spectra_aasist3,asvspoof2019_la,runs/pipeline/spectra_asv19_sweep
codec,32.0,-32.0,32.0,0.015,0.9956234375,0.11625,0.1369051484568448,0.008125,-0.0012510363567277,0.0156217332721584,1.1818181818181863,0.0279982568565606,0.02625,36,5,spectra_aasist3,asvspoof2019_la,runs/pipeline/spectra_asv19_sweep
codec,24.0,-24.0,24.0,0.1425,0.8836265625,0.98125,1.0465264320125367,0.135625,0.1136845558179966,0.16060132874963,19.72727272727276,0.1477548946279588,0.113125,25,153,spectra_aasist3,asvspoof2019_la,runs/pipeline/spectra_asv19_sweep
codec,16.0,-16.0,16.0,0.1043749999999999,0.9277109375,0.9475,0.8509704284835945,0.0974999999999999,0.0787466385496373,0.1125982349330581,14.1818181818182,0.1323524873930816,0.105625,56,112,spectra_aasist3,asvspoof2019_la,runs/pipeline/spectra_asv19_sweep
codec,8.0,-8.0,8.0,0.088125,0.9662171875,0.4324999999999999,0.4747419875122223,0.08125,0.0643749146226356,0.0949986869266772,11.81818181818184,0.120789225861682,0.09,101,40,spectra_aasist3,asvspoof2019_la,runs/pipeline/spectra_asv19_sweep
gain,-3.0,3.0,-3.0,0.015,0.99349375,0.205,0.1163127432449097,0.008125,1.8441618113308457e-05,0.0106391957536995,1.1818181818181863,0.0075999960816702,0.0075,12,9,spectra_aasist3,asvspoof2019_la,runs/pipeline/spectra_asv19_sweep
gain,3.0,3.0,3.0,0.00375,0.9987734375,0.0275,0.0291446676335305,-0.0031249999999999,-0.0112516617228607,-0.0012372081988418,-0.4545454545454514,0.0064010730103799,0.004375,3,1,spectra_aasist3,asvspoof2019_la,runs/pipeline/spectra_asv19_sweep
gain,-10.0,10.0,-10.0,0.0337499999999999,0.9853078125,0.46125,0.2724265170562601,0.0268749999999999,0.015621136118705,0.0343666282065222,3.9090909090909136,0.0347651119634761,0.035,40,19,spectra_aasist3,asvspoof2019_la,runs/pipeline/spectra_asv19_sweep
gain,10.0,10.0,10.0,0.0,1.0,0.0,0.022523635933744,-0.0068749999999999,-0.0143919330281448,-0.0037500915550197,-1.0,0.0139878924975396,0.01125,9,0,spectra_aasist3,asvspoof2019_la,runs/pipeline/spectra_asv19_sweep
gain,-20.0,20.0,-20.0,0.0268749999999999,0.994865625,0.19375,0.3306993890365757,0.02,0.0106312104076369,0.0287391839971427,2.909090909090915,0.0388185325242739,0.03625,50,7,spectra_aasist3,asvspoof2019_la,runs/pipeline/spectra_asv19_sweep
gain,20.0,20.0,20.0,0.03125,0.99508125,0.1699999999999999,0.6466989044870016,0.024375,0.0131346226366067,0.0343882073078684,3.545454545454553,0.0855984508363766,0.104375,161,1,spectra_aasist3,asvspoof2019_la,runs/pipeline/spectra_asv19_sweep
noise,30.0,-30.0,29.99999964169418,0.008125,0.99948125,0.0174999999999999,0.157464795341702,0.00125,-0.0068701615450629,0.0075182465901483,0.1818181818181863,0.0252813586372896,0.023125,34,0,spectra_aasist3,asvspoof2019_la,runs/pipeline/spectra_asv19_sweep
noise,20.0,-20.0,19.99999996417316,0.01875,0.9976328125,0.0487499999999999,0.1201621392903117,0.011875,0.0006504101806945,0.0175007349000003,1.727272727272735,0.0319038229481859,0.029375,37,3,spectra_aasist3,asvspoof2019_la,runs/pipeline/spectra_asv19_sweep
noise,15.0,-15.0,14.99999998867341,0.01375,0.99684375,0.09875,0.0851127180172012,0.006875,-0.003123659674974,0.012512620162291,1.000000000000006,0.0317579333706545,0.0275,36,3,spectra_aasist3,asvspoof2019_la,runs/pipeline/spectra_asv19_sweep
noise,10.0,-10.0,9.999999996421058,0.0224999999999999,0.9957625,0.135,0.1069758796376255,0.0156249999999999,0.0056157441234196,0.0249845636903566,2.272727272727276,0.0481857498783413,0.034375,41,7,spectra_aasist3,asvspoof2019_la,runs/pipeline/spectra_asv19_sweep
noise,5.0,-5.0,4.999999998871092,0.0437499999999999,0.9928046875,0.18,0.1613704526090426,0.0368749999999999,0.0218776512790231,0.0449664334207025,5.363636363636371,0.0772987011889164,0.055,70,11,spectra_aasist3,asvspoof2019_la,runs/pipeline/spectra_asv19_sweep
noise,0.0,-0.0,-3.541433498798661e-10,0.089375,0.9693140625,0.42625,0.3624283753002211,0.0825,0.0680808218633456,0.0968681959971604,12.000000000000025,0.1363873608325108,0.10625,131,32,spectra_aasist3,asvspoof2019_la,runs/pipeline/spectra_asv19_sweep
reverb,0.1,0.1,0.1,0.08125,0.96964375,0.41,0.9010911518399632,0.074375,0.0592930277234867,0.0880194659245178,10.81818181818184,0.1190217423301716,0.139375,211,9,spectra_aasist3,asvspoof2019_la,runs/pipeline/spectra_asv19_sweep
reverb,0.3,0.3,0.2999999999999999,0.2724999999999999,0.8106703125,0.82,2.3394388546383564,0.265625,0.2424007797938717,0.2862751271907187,38.6363636363637,0.2681669259951054,0.279375,403,43,spectra_aasist3,asvspoof2019_la,runs/pipeline/spectra_asv19_sweep
reverb,0.5,0.5,0.5,0.35,0.7065312499999998,0.93625,2.7169089229531083,0.343125,0.3168732039688263,0.365653445964496,49.90909090909099,0.3455534082641057,0.348125,469,83,spectra_aasist3,asvspoof2019_la,runs/pipeline/spectra_asv19_sweep
reverb,0.7,0.7,0.7,0.4,0.634265625,0.97375,3.1706165598740497,0.393125,0.3650376072103714,0.419376991434946,57.18181818181829,0.3946314035112168,0.394375,479,147,spectra_aasist3,asvspoof2019_la,runs/pipeline/spectra_asv19_sweep
reverb,0.9,0.9,0.9000000000000002,0.425625,0.5989734375,0.9675,3.430595407607646,0.41875,0.394378807887179,0.4443394261719303,60.90909090909102,0.4174633466982936,0.42,527,146,spectra_aasist3,asvspoof2019_la,runs/pipeline/spectra_asv19_sweep
transcode_identity,320.0,-320.0,320.0,0.0106249999999999,0.99901875,0.0874999999999999,0.0601022616102189,0.00375,-0.0063054425944134,0.0075024539569381,0.5454545454545469,0.0164835374891936,0.011875,12,4,spectra_aasist3,asvspoof2019_la,runs/pipeline/spectra_asv19_sweep
transcode_identity,256.0,-256.0,256.0,0.0106249999999999,0.99901875,0.0874999999999999,0.0601022616102189,0.00375,-0.0063054425944134,0.0075024539569381,0.5454545454545469,0.0164835374891936,0.011875,12,4,spectra_aasist3,asvspoof2019_la,runs/pipeline/spectra_asv19_sweep
transcode_identity,192.0,-192.0,192.0,0.0106249999999999,0.99901875,0.0874999999999999,0.0601022616102189,0.00375,-0.0063054425944134,0.0075024539569381,0.5454545454545469,0.0164835374891936,0.011875,12,4,spectra_aasist3,asvspoof2019_la,runs/pipeline/spectra_asv19_sweep
transmission,0.0,0.0,0.0,0.0068749999999999,0.9948703125,0.1487499999999999,0.082216430338583,0.0,0.0,0.0,0.0,0.0,0.0,5,6,spectra_aasist3,asvspoof2019_la,runs/pipeline/spectra_asv19_sweep
transmission,0.01,0.01,0.010027788770389,0.0068749999999999,0.9950203125,0.1487499999999999,0.0669239319324367,0.0,-0.0031107969243288,0.0024338931127669,0.0,0.0020614821189716,0.0,5,6,spectra_aasist3,asvspoof2019_la,runs/pipeline/spectra_asv19_sweep
transmission,0.05,0.05,0.050213066383787,0.0081249999999999,0.9944734375,0.1737499999999999,0.0820057500039572,0.0012499999999999,-0.0012580206569186,0.0044148324871401,0.1818181818181802,0.0043306553590535,0.0025,8,7,spectra_aasist3,asvspoof2019_la,runs/pipeline/spectra_asv19_sweep
transmission,0.1,0.1,0.1000086190221701,0.0074999999999999,0.996275,0.1499999999999999,0.0457269712103672,0.0006249999999999,-0.0062137841922389,0.0050698384846323,0.0909090909090891,0.0100552655757962,0.005,7,6,spectra_aasist3,asvspoof2019_la,runs/pipeline/spectra_asv19_sweep
transmission,0.2,0.2,0.1990158402005855,0.015,0.9966375,0.1649999999999999,0.1022038709388481,0.008125,-0.000621968283582,0.0137537780515038,1.1818181818181863,0.021369926617864,0.013125,12,12,spectra_aasist3,asvspoof2019_la,runs/pipeline/spectra_asv19_sweep
bandpass,8000.0,-8000.0,7920.0,0.01625,0.9932609375,0.13625,0.1330191288054333,0.000625,-0.0062503672105973,0.0050008010956609,0.04,0.0114254330279613,0.00625,12,13,spectra_aasist3,in_the_wild,runs/pipeline/spectra_itw_sweep
bandpass,6000.0,-6000.0,6000.0,0.0112499999999999,0.9937625,0.10625,0.1190311482431739,-0.004375,-0.0093687215635455,0.0031139140614305,-0.2800000000000009,0.0169802474846919,0.01125,9,10,spectra_aasist3,in_the_wild,runs/pipeline/spectra_itw_sweep
bandpass,4000.0,-4000.0,4000.0,0.0112499999999999,0.9916359375,0.13375,0.1268106325713163,-0.004375,-0.0094207603270452,0.0031539768233217,-0.2800000000000009,0.0199753218734227,0.011875,9,11,spectra_aasist3,in_the_wild,runs/pipeline/spectra_itw_sweep
bandpass,3400.0,-3400.0,3400.0,0.01375,0.990384375,0.2462499999999999,0.1386936544482345,-0.0018749999999999,-0.0081331392168756,0.0069486206415201,-0.1199999999999991,0.0230472396705407,0.015625,8,18,spectra_aasist3,in_the_wild,runs/pipeline/spectra_itw_sweep
bandpass,2000.0,-2000.0,2000.0,0.0106249999999999,0.993509375,0.1699999999999999,0.1209631563374843,-0.005,-0.0093682439757607,0.0031673162602998,-0.3200000000000008,0.0279719667201152,0.015625,8,16,spectra_aasist3,in_the_wild,runs/pipeline/spectra_itw_sweep
chirp,25.0,-25.0,24.999993921179307,0.0156249999999999,0.9947765625,0.0849999999999999,0.1554441026160263,-2.775557561562892e-17,-0.0043854096913453,0.0100083756361673,-1.7763568394002497e-15,0.0186940755503654,0.00875,17,8,spectra_aasist3,in_the_wild,runs/pipeline/spectra_itw_sweep
chirp,20.0,-20.0,19.999998077429662,0.0206249999999999,0.996071875,0.06,0.1717671021902472,0.0049999999999999,-0.0018614551054556,0.0131210505590939,0.3199999999999992,0.0224956335077891,0.011875,18,8,spectra_aasist3,in_the_wild,runs/pipeline/spectra_itw_sweep
chirp,15.0,-15.0,14.99999939200469,0.01875,0.9961296875,0.0674999999999999,0.164391840534516,0.003125,-0.0019123149650148,0.009994151416256,0.2000000000000009,0.0268360347438952,0.015625,23,9,spectra_aasist3,in_the_wild,runs/pipeline/spectra_itw_sweep
chirp,10.0,-10.0,9.999999807735156,0.030625,0.99474375,0.1012499999999999,0.1870004081440651,0.015,0.0050000703134887,0.0218358704465106,0.9600000000000009,0.0339386246682946,0.02,29,4,spectra_aasist3,in_the_wild,runs/pipeline/spectra_itw_sweep
chirp,5.0,-5.0,4.999999939203206,0.03,0.995221875,0.1024999999999999,0.2133069440324669,0.014375,0.006836283699922,0.0262380797773906,0.92,0.0405716426020474,0.026875,41,9,spectra_aasist3,in_the_wild,runs/pipeline/spectra_itw_sweep
codec,128.0,-128.0,128.0,0.0162499999999999,0.986740625,0.3175,0.1793536396535409,0.0006249999999999,-0.0018936424285734,0.0100099314328145,0.0399999999999991,0.011952810951032,0.005625,10,20,spectra_aasist3,in_the_wild,runs/pipeline/spectra_itw_sweep
codec,64.0,-64.0,64.0,0.019375,0.9861125,0.3525,0.1865989450146673,0.00375,-0.0018807602971845,0.0112539846166727,0.2400000000000001,0.0156746680052259,0.01,12,23,spectra_aasist3,in_the_wild,runs/pipeline/spectra_itw_sweep
codec,32.0,-32.0,32.0,0.044375,0.9689921875,0.71625,0.2936631186560151,0.02875,0.0100005500308611,0.0350001367401156,1.8399999999999996,0.0319542444048793,0.0275,9,42,spectra_aasist3,in_the_wild,runs/pipeline/spectra_itw_sweep
codec,24.0,-24.0,24.0,0.1375,0.8751609375,1.0,0.9092754329095264,0.121875,0.0968204924533364,0.1418784839798285,7.799999999999997,0.1116918167786458,0.091875,7,151,spectra_aasist3,in_the_wild,runs/pipeline/spectra_itw_sweep
codec,16.0,-16.0,16.0,0.149375,0.8897796875,0.99125,0.8956225880177057,0.13375,0.0968593099880523,0.1406190108932763,8.559999999999999,0.1247512331590888,0.10125,8,161,spectra_aasist3,in_the_wild,runs/pipeline/spectra_itw_sweep
codec,8.0,-8.0,8.0,0.059375,0.96914375,0.6675,0.4227625475022729,0.0437499999999999,0.0312065668783587,0.0543778662290952,2.799999999999998,0.0800239066856441,0.05375,46,49,spectra_aasist3,in_the_wild,runs/pipeline/spectra_itw_sweep
gain,-3.0,3.0,-3.0,0.013125,0.9915078125,0.2074999999999999,0.1427717662184453,-0.0024999999999999,-0.0037531613879771,0.003755554178893,-0.159999999999999,0.0061968964594617,0.00375,11,16,spectra_aasist3,in_the_wild,runs/pipeline/spectra_itw_sweep
gain,3.0,3.0,3.0,0.0112499999999999,0.9932859375,0.1337499999999999,0.1226426228477731,-0.004375,-0.0068607987987319,0.001884863659869,-0.2800000000000017,0.0049569709026632,0.0025,10,11,spectra_aasist3,in_the_wild,runs/pipeline/spectra_itw_sweep
gain,-10.0,10.0,-10.0,0.01375,0.9895671875,0.2412499999999999,0.1562670709737409,-0.0018749999999999,-0.0068859505956954,0.0068612110780785,-0.1199999999999991,0.017548759096772,0.010625,8,16,spectra_aasist3,in_the_wild,runs/pipeline/spectra_itw_sweep
gain,10.0,10.0,10.0,0.0168749999999999,0.993484375,0.1625,0.1348819635226726,0.0012499999999999,-0.0062197837671529,0.0068641632146112,0.0799999999999991,0.0162723786206923,0.009375,12,14,spectra_aasist3,in_the_wild,runs/pipeline/spectra_itw_sweep
gain,-20.0,20.0,-20.0,0.040625,0.9759609375,0.6725,0.2558439843122571,0.025,0.008143094870745,0.031907090810719,1.5999999999999994,0.0415677958268401,0.031875,8,46,spectra_aasist3,in_the_wild,runs/pipeline/spectra_itw_sweep
gain,20.0,20.0,20.0,0.035,0.9899984375,0.2812499999999999,0.253430680748129,0.019375,0.0099800179199079,0.0299871168119335,1.2400000000000002,0.0468140805169773,0.034375,33,17,spectra_aasist3,in_the_wild,runs/pipeline/spectra_itw_sweep
noise,30.0,-30.0,29.99998078595794,0.01375,0.990878125,0.19625,0.1704007048364464,-0.0018749999999999,-0.0068613866603247,0.0056125441176391,-0.1199999999999991,0.0235998517079653,0.01125,8,15,spectra_aasist3,in_the_wild,runs/pipeline/spectra_itw_sweep
noise,20.0,-20.0,19.999998077429485,0.0306249999999999,0.9833484375,0.4849999999999999,0.1897363328879165,0.0149999999999999,0.002501397658696,0.0243392223631312,0.9599999999999982,0.0341899752316867,0.02,12,31,spectra_aasist3,in_the_wild,runs/pipeline/spectra_itw_sweep
noise,15.0,-15.0,14.999999392004517,0.0268749999999999,0.9791765625,0.5099999999999999,0.2520361070400321,0.0112499999999999,0.0031494797935999,0.0250643321774642,0.719999999999999,0.0461431863430582,0.02875,10,41,spectra_aasist3,in_the_wild,runs/pipeline/spectra_itw_sweep
noise,10.0,-10.0,9.999999807734977,0.03625,0.9763546875,0.5762499999999999,0.301609374852672,0.0206249999999999,0.0112164111193254,0.0312548835755586,1.3199999999999992,0.0678368803536269,0.0425,14,53,spectra_aasist3,in_the_wild,runs/pipeline/spectra_itw_sweep
noise,5.0,-5.0,4.999999939203029,0.0837499999999999,0.9586046875,0.84125,0.5093958324727896,0.0681249999999999,0.053125355415624,0.0818705469768998,4.359999999999998,0.1166971348795439,0.08375,58,81,spectra_aasist3,in_the_wild,runs/pipeline/spectra_itw_sweep
noise,0.0,-0.0,-1.9222870206218116e-08,0.2025,0.8708781250000001,1.0,1.0013884082730284,0.186875,0.1662469978253997,0.2074765928452699,11.959999999999996,0.2208870479583321,0.196875,204,114,spectra_aasist3,in_the_wild,runs/pipeline/spectra_itw_sweep
reverb,0.1,0.1,0.1,0.1099999999999999,0.9607921875,0.4675,1.1141685602131512,0.0943749999999999,0.0769032442757859,0.110639495501751,6.0399999999999965,0.135462584640064,0.1375,200,19,spectra_aasist3,in_the_wild,runs/pipeline/spectra_itw_sweep
reverb,0.3,0.3,0.2999999999999999,0.23875,0.8489625000000001,0.9875,2.5559191009106828,0.223125,0.2006492396483191,0.2437515280871244,14.279999999999994,0.2669798295125383,0.270625,375,61,spectra_aasist3,in_the_wild,runs/pipeline/spectra_itw_sweep
reverb,0.5,0.5,0.5,0.289375,0.7813578124999999,0.99625,3.2550936199281524,0.27375,0.250600457349989,0.2975010112207514,17.519999999999996,0.3288718530487873,0.344375,457,97,spectra_aasist3,in_the_wild,runs/pipeline/spectra_itw_sweep
reverb,0.7,0.7,0.7,0.308125,0.756909375,1.0,3.39607712957735,0.2925,0.2725016605572535,0.3181449747614967,18.71999999999999,0.3502965786211909,0.370625,503,87,spectra_aasist3,in_the_wild,runs/pipeline/spectra_itw_sweep
reverb,0.9,0.9,0.9000000000000002,0.3249999999999999,0.7405203124999999,1.0,3.4450047982663325,0.3093749999999999,0.2887453707904266,0.3350245122361077,19.79999999999999,0.3607368107642441,0.379375,512,92,spectra_aasist3,in_the_wild,runs/pipeline/spectra_itw_sweep
transcode_identity,320.0,-320.0,320.0,0.0162499999999999,0.9866984375,0.325,0.1790792285139662,0.0006249999999999,-0.0018900866003696,0.0100099314328145,0.0399999999999991,0.0118390348683873,0.005625,10,20,spectra_aasist3,in_the_wild,runs/pipeline/spectra_itw_sweep
transcode_identity,256.0,-256.0,256.0,0.0162499999999999,0.9866984375,0.325,0.1790792285139662,0.0006249999999999,-0.0018900866003696,0.0100099314328145,0.0399999999999991,0.0118390348683873,0.005625,10,20,spectra_aasist3,in_the_wild,runs/pipeline/spectra_itw_sweep
transcode_identity,192.0,-192.0,192.0,0.0162499999999999,0.9866984375,0.325,0.1790792285139662,0.0006249999999999,-0.0018900866003696,0.0100099314328145,0.0399999999999991,0.0118390348683873,0.005625,10,20,spectra_aasist3,in_the_wild,runs/pipeline/spectra_itw_sweep
transmission,0.0,0.0,0.0,0.015625,0.992396875,0.16625,0.1338834068146329,0.0,0.0,0.0,0.0,0.0,0.0,12,13,spectra_aasist3,in_the_wild,runs/pipeline/spectra_itw_sweep
transmission,0.01,0.01,0.0098224418608785,0.013125,0.992640625,0.165,0.142281466245412,-0.0024999999999999,-0.004973181816256,0.0037297906845787,-0.159999999999999,0.0058056633542801,0.003125,11,13,spectra_aasist3,in_the_wild,runs/pipeline/spectra_itw_sweep
transmission,0.05,0.05,0.0504099734556357,0.013125,0.9917671875,0.20125,0.1368727227239927,-0.0024999999999999,-0.0056327678596885,0.0049855633750213,-0.159999999999999,0.0141605273502612,0.006875,10,16,spectra_aasist3,in_the_wild,runs/pipeline/spectra_itw_sweep
transmission,0.1,0.1,0.098551582663714,0.015,0.99361875,0.1887499999999999,0.1313861337036421,-0.000625,-0.0050028375488289,0.0050698649778613,-0.04,0.0199218152596774,0.00875,11,14,spectra_aasist3,in_the_wild,runs/pipeline/spectra_itw_sweep
transmission,0.2,0.2,0.2000974472388898,0.0218749999999999,0.991865625,0.1762499999999999,0.192164566195373,0.0062499999999999,-0.0012504411224847,0.0143683618381691,0.3999999999999984,0.0341890381198629,0.020625,15,17,spectra_aasist3,in_the_wild,runs/pipeline/spectra_itw_sweep
real_bird,25.0,-25.0,24.99999392950092,0.1837499999999999,0.8982359375,0.78625,1.6830801373883273,0.1556249999999999,0.1381173183694933,0.1793729064320659,5.533333333333332,0.2999118313572848,0.24875,387,24,reference_lfcc_logreg,in_the_wild,runs/pipeline/real_itw_sweep
real_bird,20.0,-20.0,19.99999809317479,0.236875,0.8341109375,0.93125,2.378781935119171,0.20875,0.19250072116414,0.2363180359482114,7.4222222222222225,0.3681917335404459,0.331875,513,23,reference_lfcc_logreg,in_the_wild,runs/pipeline/real_itw_sweep
real_bird,15.0,-15.0,14.999999410584683,0.3225,0.739796875,0.98,3.4136903536144314,0.294375,0.2712190096529814,0.3212789722645027,10.466666666666669,0.4296552983719299,0.4225,653,24,reference_lfcc_logreg,in_the_wild,runs/pipeline/real_itw_sweep
real_bird,10.0,-10.0,9.999999800433482,0.37375,0.6875125000000001,1.0,4.159798162640417,0.345625,0.3231313359904637,0.372460537854952,12.288888888888891,0.4506767416404938,0.44875,701,24,reference_lfcc_logreg,in_the_wild,runs/pipeline/real_itw_sweep
real_bird,5.0,-5.0,4.999999937443419,0.4175,0.6153640625,0.99875,5.035183966097278,0.3893749999999999,0.3624982375680114,0.415043564931548,13.844444444444443,0.4665817233583798,0.471875,731,23,reference_lfcc_logreg,in_the_wild,runs/pipeline/real_itw_sweep
real_noise,30.0,-30.0,29.999980804644764,0.10875,0.9516828125,0.44125,0.7135720182144567,0.080625,0.0668468614555772,0.0987493245431441,2.866666666666668,0.1323888157942476,0.105,153,30,reference_lfcc_logreg,in_the_wild,runs/pipeline/real_itw_sweep
real_noise,20.0,-20.0,19.99999810913953,0.2025,0.8684234375000001,0.87375,1.6769269169632703,0.174375,0.1562502441410065,0.1987434606842839,6.200000000000001,0.245009566899097,0.221875,329,35,reference_lfcc_logreg,in_the_wild,runs/pipeline/real_itw_sweep
real_noise,15.0,-15.0,14.999999401648292,0.2412499999999999,0.8205125,0.97875,2.2357458022389505,0.2131249999999999,0.1956267317082204,0.2424722177321595,7.577777777777777,0.2880881019569438,0.2625,394,31,reference_lfcc_logreg,in_the_wild,runs/pipeline/real_itw_sweep
real_noise,10.0,-10.0,9.999999836031725,0.289375,0.7649359375,0.99125,2.859456083005163,0.26125,0.2405837695712711,0.2862428386424978,9.288888888888891,0.3340046610282979,0.31625,474,41,reference_lfcc_logreg,in_the_wild,runs/pipeline/real_itw_sweep
real_noise,5.0,-5.0,4.9999999453763015,0.353125,0.7030234375,0.975,3.5827003414182017,0.325,0.2981097792307349,0.3506374522344428,11.555555555555555,0.3637058150486457,0.355,530,43,reference_lfcc_logreg,in_the_wild,runs/pipeline/real_itw_sweep
real_noise,0.0,-0.0,-1.7733634592614628e-08,0.41125,0.6443609375,0.9875,4.398416439589716,0.383125,0.3581210735677495,0.4094033305737947,13.622222222222224,0.4024344325817665,0.396875,592,40,reference_lfcc_logreg,in_the_wild,runs/pipeline/real_itw_sweep
real_rir,0.0,0.0,0.0,0.1468749999999999,0.9290031250000002,0.585,0.8824722800868421,0.1187499999999999,0.1024864019061263,0.1387520379226708,4.222222222222222,0.1681314146450507,0.14,187,54,reference_lfcc_logreg,in_the_wild,runs/pipeline/real_itw_sweep
real_rir,1.0,1.0,1.0,0.1587499999999999,0.926,0.62625,0.9121733982550352,0.130625,0.1150038195564699,0.1500115258533124,4.644444444444445,0.1764099641686863,0.14875,194,67,reference_lfcc_logreg,in_the_wild,runs/pipeline/real_itw_sweep
real_rir,2.0,2.0,2.0,0.1587499999999999,0.9234140625,0.7050000000000001,0.8950767735694137,0.130625,0.1131144138993625,0.1487897981020085,4.644444444444445,0.169757540876612,0.13875,184,61,reference_lfcc_logreg,in_the_wild,runs/pipeline/real_itw_sweep
real_rir,3.0,3.0,3.0,0.1424999999999999,0.9346796875,0.6275,0.8162723597232868,0.1143749999999999,0.0969049686392956,0.1331187265850735,4.0666666666666655,0.1622746492567491,0.1425,171,70,reference_lfcc_logreg,in_the_wild,runs/pipeline/real_itw_sweep
real_rir,4.0,4.0,4.0,0.1374999999999999,0.93136875,0.7087499999999999,0.8909527521175575,0.1093749999999999,0.0937519725883303,0.1318702328400461,3.888888888888889,0.1749626845315386,0.14,186,57,reference_lfcc_logreg,in_the_wild,runs/pipeline/real_itw_sweep
real_bird,25.0,-25.0,24.99999392950092,0.5075000000000001,0.497784375,0.99875,2.7381734506554696,0.055,0.0386948414670971,0.0743727211043536,0.1215469613259669,0.115026144670903,0.138125,405,408,aasist,in_the_wild,runs/pipeline/real_itw_sweep
real_bird,20.0,-20.0,19.99999809317479,0.5475,0.447734375,0.99875,2.975402925239147,0.0949999999999999,0.0687212681300909,0.1162643574847988,0.2099447513812154,0.1757316675477572,0.194375,416,453,aasist,in_the_wild,runs/pipeline/real_itw_sweep
real_bird,15.0,-15.0,14.999999410584683,0.576875,0.39805625,0.9975,3.402562749520068,0.124375,0.1043535478565128,0.1506307743480145,0.2748618784530387,0.2322531709683116,0.2525,377,509,aasist,in_the_wild,runs/pipeline/real_itw_sweep
real_bird,10.0,-10.0,9.999999800433482,0.571875,0.4078671875,1.0,3.5757542389662635,0.119375,0.0906455852227028,0.1450361368343825,0.2638121546961326,0.2664264967396617,0.310625,312,583,aasist,in_the_wild,runs/pipeline/real_itw_sweep
real_bird,5.0,-5.0,4.999999937443419,0.60625,0.3759765625,1.0,4.069403986224302,0.1537499999999999,0.1231075560487249,0.1793761497509943,0.3397790055248617,0.3136241143981872,0.385,226,654,aasist,in_the_wild,runs/pipeline/real_itw_sweep
real_noise,30.0,-30.0,29.999980804644764,0.4818749999999999,0.52480625,1.0,2.5795388818106724,0.0293749999999999,0.0168765499111716,0.0431268429972954,0.064917127071823,0.0630773260926368,0.064375,417,366,aasist,in_the_wild,runs/pipeline/real_itw_sweep
real_noise,20.0,-20.0,19.99999810913953,0.5275000000000001,0.4785453125,0.995,2.818720932978319,0.075,0.0568634528259334,0.095562758677433,0.1657458563535913,0.1536562293352519,0.1725,440,412,aasist,in_the_wild,runs/pipeline/real_itw_sweep
real_noise,15.0,-15.0,14.999999401648292,0.556875,0.4335359375,0.99875,3.1782665217919286,0.104375,0.0787457020371246,0.1256427529778663,0.2306629834254143,0.1959489369115171,0.215,413,469,aasist,in_the_wild,runs/pipeline/real_itw_sweep
real_noise,10.0,-10.0,9.999999836031725,0.576875,0.4131015624999999,1.0,3.5080494151033106,0.124375,0.0962190741803339,0.1487842066511639,0.2748618784530387,0.2467105419885747,0.285625,335,544,aasist,in_the_wild,runs/pipeline/real_itw_sweep
real_noise,5.0,-5.0,4.9999999453763015,0.5575,0.4464234375,0.99875,3.682136459764099,0.1049999999999999,0.0725046051799696,0.1312494263892053,0.2320441988950276,0.2836200979285599,0.3375,211,621,aasist,in_the_wild,runs/pipeline/real_itw_sweep
real_noise,0.0,-0.0,-1.7733634592614628e-08,0.534375,0.4532796875,1.0,4.311030146677909,0.081875,0.0544565335137103,0.113058634802595,0.180939226519337,0.3270339307112659,0.40875,130,700,aasist,in_the_wild,runs/pipeline/real_itw_sweep
real_rir,0.0,0.0,0.0,0.4599999999999999,0.5397890624999999,0.99875,5.299532560236199,0.0074999999999999,-0.0287508625539148,0.0356501879503834,0.016574585635359,0.3335312626718308,0.414375,96,679,aasist,in_the_wild,runs/pipeline/real_itw_sweep
real_rir,1.0,1.0,1.0,0.440625,0.562425,1.0,5.281092384951489,-0.0118749999999999,-0.0474910330154778,0.0181196471846643,-0.0262430939226518,0.3366781024531283,0.425625,98,679,aasist,in_the_wild,runs/pipeline/real_itw_sweep
real_rir,2.0,2.0,2.0,0.4449999999999999,0.5550375,1.0,5.257420405416124,-0.0075,-0.0431507832684187,0.0237359711621205,-0.0165745856353592,0.3368228714298492,0.4225,88,682,aasist,in_the_wild,runs/pipeline/real_itw_sweep
real_rir,3.0,3.0,3.0,0.46625,0.527571875,1.0,5.372410367726626,0.01375,-0.0224932403609186,0.0462428366827563,0.0303867403314918,0.3292736388535049,0.40875,106,680,aasist,in_the_wild,runs/pipeline/real_itw_sweep
real_rir,4.0,4.0,4.0,0.46625,0.52745625,1.0,5.419415935713173,0.01375,-0.0199310156462779,0.048139252259061,0.0303867403314918,0.32746551596142,0.40625,101,675,aasist,in_the_wild,runs/pipeline/real_itw_sweep
real_bird,25.0,-25.0,24.99999392950092,0.43,0.6053906250000001,1.0,4.765296406401839,0.11125,0.0812598909353314,0.1412647799771078,0.3490196078431375,0.0756369920530787,0.43875,724,44,aasist3_kan,in_the_wild,runs/pipeline/real_itw_sweep
real_bird,20.0,-20.0,19.99999809317479,0.41125,0.6295937500000001,0.9975,4.1457282162277895,0.0925,0.0611982115919577,0.1224982965310278,0.2901960784313726,0.0996067817734413,0.46625,746,30,aasist3_kan,in_the_wild,runs/pipeline/real_itw_sweep
real_bird,15.0,-15.0,14.999999410584683,0.4137499999999999,0.62448125,0.99875,3.7666196937734,0.0949999999999999,0.0637544158570694,0.1262479979456649,0.2980392156862744,0.1065385848213337,0.4775,759,27,aasist3_kan,in_the_wild,runs/pipeline/real_itw_sweep
real_bird,10.0,-10.0,9.999999800433482,0.43,0.6119640625,0.9975,3.8354299359764994,0.11125,0.0793599107523251,0.1450332160289942,0.3490196078431375,0.0983816082921129,0.483125,769,10,aasist3_kan,in_the_wild,runs/pipeline/real_itw_sweep
real_bird,5.0,-5.0,4.999999937443419,0.448125,0.5850640625,0.99125,4.209437597342431,0.129375,0.0912473723598671,0.1606230212524522,0.4058823529411765,0.0848638447095064,0.488125,783,14,aasist3_kan,in_the_wild,runs/pipeline/real_itw_sweep
real_noise,30.0,-30.0,29.999980804644764,0.3774999999999999,0.6632921875000001,0.99,7.636738594495082,0.0587499999999999,0.03562672997099,0.0831115909151691,0.184313725490196,0.0113694571641585,0.199375,422,179,aasist3_kan,in_the_wild,runs/pipeline/real_itw_sweep
real_noise,20.0,-20.0,19.99999810913953,0.39375,0.645859375,0.9925,7.443436578970551,0.075,0.0499765877978445,0.100671823073558,0.235294117647059,0.0135547695762921,0.26125,447,171,aasist3_kan,in_the_wild,runs/pipeline/real_itw_sweep
real_noise,15.0,-15.0,14.999999401648292,0.4131249999999999,0.6254421875,0.995,7.483787789126534,0.0943749999999999,0.0643471357725,0.1187547131746371,0.296078431372549,0.0188785456050036,0.319375,496,169,aasist3_kan,in_the_wild,runs/pipeline/real_itw_sweep
real_noise,10.0,-10.0,9.999999836031725,0.4275,0.6174624999999999,0.99875,7.201098530096461,0.10875,0.0787508472494454,0.1362478006304919,0.3411764705882353,0.0213598556183963,0.36,515,167,aasist3_kan,in_the_wild,runs/pipeline/real_itw_sweep
real_noise,5.0,-5.0,4.9999999453763015,0.4449999999999999,0.5938515625,1.0,7.25938003329447,0.1262499999999999,0.09438988808342,0.1549847514536283,0.3960784313725489,0.0216270748353308,0.381875,549,154,aasist3_kan,in_the_wild,runs/pipeline/real_itw_sweep
real_noise,0.0,-0.0,-1.7733634592614628e-08,0.46125,0.5529999999999999,0.99125,7.279982602143695,0.1425,0.1118394190455511,0.1768663498799934,0.447058823529412,0.0252466826994135,0.4175,578,160,aasist3_kan,in_the_wild,runs/pipeline/real_itw_sweep
real_rir,0.0,0.0,0.0,0.40375,0.6296445312499999,0.99,8.830372234621025,0.085,0.0543156518525986,0.1131247953254023,0.2666666666666669,0.0094026126615387,0.34,198,458,aasist3_kan,in_the_wild,runs/pipeline/real_itw_sweep
real_rir,1.0,1.0,1.0,0.420625,0.587903125,0.99875,8.983498478916804,0.101875,0.06999803410153,0.1312462942449188,0.3196078431372551,0.0110470843984704,0.35125,206,482,aasist3_kan,in_the_wild,runs/pipeline/real_itw_sweep
real_rir,2.0,2.0,2.0,0.4337499999999999,0.6006937499999999,1.0,8.915233701053019,0.1149999999999999,0.0849523068997917,0.1437829043355083,0.3607843137254902,0.0115403557988262,0.335,196,458,aasist3_kan,in_the_wild,runs/pipeline/real_itw_sweep
real_rir,3.0,3.0,3.0,0.4075,0.62534375,0.995,8.81107758040105,0.08875,0.0568641797499307,0.1181249057661865,0.2784313725490196,0.0105752269839818,0.325625,185,452,aasist3_kan,in_the_wild,runs/pipeline/real_itw_sweep
real_rir,4.0,4.0,4.0,0.4225,0.6127078125000001,1.0,8.810015775669523,0.10375,0.0731315088121731,0.1331237126471185,0.3254901960784314,0.011134420857482,0.33,200,466,aasist3_kan,in_the_wild,runs/pipeline/real_itw_sweep
real_bird,25.0,-25.0,24.99999392950092,0.020625,0.9955734375,0.0987499999999999,0.1555554302865144,0.005,-0.0031274081157947,0.0112534463679502,0.3200000000000001,0.0260030626860972,0.015,20,7,spectra_aasist3,in_the_wild,runs/pipeline/real_itw_sweep
real_bird,20.0,-20.0,19.99999809317479,0.0212499999999999,0.9958765625,0.1087499999999999,0.1396535509722886,0.0056249999999999,-0.0006339375604797,0.0149818516471145,0.3599999999999992,0.0283697495634337,0.01875,27,6,spectra_aasist3,in_the_wild,runs/pipeline/real_itw_sweep
real_bird,15.0,-15.0,14.999999410584683,0.029375,0.9940734375,0.1124999999999999,0.2254956328982927,0.01375,0.0075899331167311,0.0256250676034897,0.8800000000000008,0.0445918101638441,0.03375,48,7,spectra_aasist3,in_the_wild,runs/pipeline/real_itw_sweep
real_bird,10.0,-10.0,9.999999800433482,0.0543749999999999,0.985090625,0.29,0.353359975139193,0.0387499999999999,0.0287421104343594,0.051879989987719,2.4799999999999973,0.0698687682557756,0.06,82,15,spectra_aasist3,in_the_wild,runs/pipeline/real_itw_sweep
real_bird,5.0,-5.0,4.999999937443419,0.0999999999999999,0.959359375,0.46375,0.736350342736444,0.0843749999999999,0.0681281978712162,0.1000118171774366,5.399999999999996,0.1263023405226893,0.12125,182,15,spectra_aasist3,in_the_wild,runs/pipeline/real_itw_sweep
real_noise,30.0,-30.0,29.999980804644764,0.014375,0.9941359375,0.12625,0.1320533575862773,-0.0012499999999999,-0.0074912748996916,0.0049797526359007,-0.0799999999999991,0.0140922810801909,0.008125,14,6,spectra_aasist3,in_the_wild,runs/pipeline/real_itw_sweep
real_noise,20.0,-20.0,19.99999810913953,0.0174999999999999,0.99301875,0.09625,0.1563432885237932,0.0018749999999999,-0.0044118518936702,0.0087501285176459,0.1199999999999982,0.0203845367242371,0.01,15,8,spectra_aasist3,in_the_wild,runs/pipeline/real_itw_sweep
real_noise,15.0,-15.0,14.999999401648292,0.0231249999999999,0.9961125,0.11125,0.1346592343274483,0.0074999999999999,-0.0017020170980305,0.0131242582752082,0.4799999999999982,0.0273580271576974,0.02125,29,8,spectra_aasist3,in_the_wild,runs/pipeline/real_itw_sweep
real_noise,10.0,-10.0,9.999999836031725,0.0331249999999999,0.9918640625,0.20875,0.2119707613215615,0.0174999999999999,0.0106300984580479,0.0268721862063927,1.1199999999999974,0.0364793939228961,0.025,37,12,spectra_aasist3,in_the_wild,runs/pipeline/real_itw_sweep
real_noise,5.0,-5.0,4.9999999453763015,0.0587499999999999,0.985284375,0.2475,0.4200895957435862,0.0431249999999999,0.0324391190804553,0.0556143319112125,2.759999999999997,0.0754500001252191,0.07,101,14,spectra_aasist3,in_the_wild,runs/pipeline/real_itw_sweep
real_noise,0.0,-0.0,-1.7733634592614628e-08,0.12,0.9528109375,0.5924999999999999,0.8779098599295185,0.104375,0.0868788491219842,0.1218814592368106,6.679999999999997,0.132284519419961,0.125625,179,23,spectra_aasist3,in_the_wild,runs/pipeline/real_itw_sweep
real_rir,0.0,0.0,0.0,0.2131249999999999,0.87516875,0.91375,2.1755200698059336,0.1974999999999999,0.1762431719055699,0.2193906930026236,12.639999999999992,0.2328725732582343,0.239375,321,61,spectra_aasist3,in_the_wild,runs/pipeline/real_itw_sweep
real_rir,1.0,1.0,1.0,0.2456249999999999,0.85288125,0.95375,2.188981859510638,0.2299999999999999,0.2106271026158729,0.2525021471380472,14.719999999999992,0.2495123526949724,0.251875,330,66,spectra_aasist3,in_the_wild,runs/pipeline/real_itw_sweep
real_rir,2.0,2.0,2.0,0.2412499999999999,0.8621640625,0.8475,2.2099337406520805,0.2256249999999999,0.2042875380422269,0.2462488820240824,14.43999999999999,0.2389262798090019,0.245625,334,60,spectra_aasist3,in_the_wild,runs/pipeline/real_itw_sweep
real_rir,3.0,3.0,3.0,0.231875,0.8720515624999999,0.8687499999999999,2.0851498699584794,0.21625,0.1937333871613369,0.2374859183058755,13.839999999999996,0.2232460173525397,0.22375,306,57,spectra_aasist3,in_the_wild,runs/pipeline/real_itw_sweep
real_rir,4.0,4.0,4.0,0.21875,0.8692609375,0.865,2.1567594236684107,0.203125,0.1837518273967472,0.2268929594287095,12.999999999999996,0.2310835283742568,0.234375,322,56,spectra_aasist3,in_the_wild,runs/pipeline/real_itw_sweep
telephony_g711a,64.0,-64.0,64.0,0.0062499999999999,0.9997125,0.0437499999999999,0.0966861163748123,0.0,-0.0018653540289888,0.0025031501429085,0.0,0.0029337350419019,0.0,5,5,aasist,asvspoof2019_la,runs/pipeline/telephony_asv19_sweep
telephony_g711u,64.0,-64.0,64.0,0.0062499999999999,0.999725,0.0474999999999999,0.0968177574159089,0.0,-0.0025015703445821,0.0025032187701172,0.0,0.0027437986408637,0.000625,6,5,aasist,asvspoof2019_la,runs/pipeline/telephony_asv19_sweep
telephony_g722,64.0,-64.0,64.0,0.00625,0.99966875,0.045,0.0806428738365637,1.3010426069826053e-17,-0.0025014147652416,0.0050001267610501,2.081668171172172e-15,0.0133652148118079,0.00125,6,6,aasist,asvspoof2019_la,runs/pipeline/telephony_asv19_sweep
telephony_g711a,64.0,-64.0,64.0,0.1725,0.891440625,0.7300000000000001,3.4138444440760765,0.0112499999999999,-0.0018758039321047,0.0250040592889758,0.069767441860465,0.0523155630199635,0.06375,160,112,aasist3_kan,asvspoof2019_la,runs/pipeline/telephony_asv19_sweep
telephony_g711u,64.0,-64.0,64.0,0.181875,0.8929265625,0.7400000000000001,4.039318436283094,0.020625,0.00380752204612,0.0281243066539005,0.127906976744186,0.0262060053778059,0.0475,133,159,aasist3_kan,asvspoof2019_la,runs/pipeline/telephony_asv19_sweep
telephony_g722,64.0,-64.0,64.0,0.260625,0.81404453125,0.8162500000000001,5.134183250416658,0.0993749999999999,0.0781249883967753,0.1181281122485778,0.6162790697674417,0.0724803156602373,0.17,185,237,aasist3_kan,asvspoof2019_la,runs/pipeline/telephony_asv19_sweep
telephony_g711a,64.0,-64.0,64.0,0.024375,0.9840265625,0.3899999999999999,0.2178987660536832,0.0175,0.0068980989592111,0.024989201452242,2.5454545454545547,0.029408018871145,0.023125,18,20,spectra_aasist3,asvspoof2019_la,runs/pipeline/telephony_asv19_sweep
telephony_g711u,64.0,-64.0,64.0,0.030625,0.9779984375,0.5475,0.2924166196870132,0.02375,0.014960504555959,0.0343734000306319,3.454545454545464,0.0364145629265392,0.028125,23,27,spectra_aasist3,asvspoof2019_la,runs/pipeline/telephony_asv19_sweep
telephony_g722,64.0,-64.0,64.0,0.0168749999999999,0.9926453125,0.2099999999999999,0.1651931015359851,0.0099999999999999,0.001892665443187,0.0174843497996468,1.4545454545454557,0.0204490493668952,0.016875,22,10,spectra_aasist3,asvspoof2019_la,runs/pipeline/telephony_asv19_sweep
neural_encodec,24.0,-24.0,24.0,0.01875,0.99885,0.0924999999999999,0.1311581152459982,0.0125,0.0050095620070042,0.0168829382938294,2.0000000000000093,0.0296524415327616,0.01375,15,15,aasist,asvspoof2019_la,runs/pipeline/encodec_asv19_sweep
neural_encodec,12.0,-12.0,12.0,0.0224999999999999,0.99703125,0.17,0.1258957073077905,0.01625,0.0112517180901548,0.0256236327062981,2.600000000000006,0.0380108065102364,0.025625,8,39,aasist,asvspoof2019_la,runs/pipeline/encodec_asv19_sweep
neural_encodec,6.0,-6.0,6.0,0.045625,0.9889921875,0.2925,0.2767049482862205,0.039375,0.0281357553816379,0.0518402143758741,6.300000000000013,0.0808482323408998,0.116875,8,183,aasist,asvspoof2019_la,runs/pipeline/encodec_asv19_sweep
neural_encodec,3.0,-3.0,3.0,0.0849999999999999,0.9585359375,0.7699999999999999,1.3038423384094604,0.07875,0.0675151538616295,0.0956248521250173,12.600000000000025,0.2483991233138368,0.34,4,542,aasist,asvspoof2019_la,runs/pipeline/encodec_asv19_sweep
neural_encodec,1.5,-1.5,1.5,0.3349999999999999,0.7513484375000001,0.99,4.836425120155496,0.32875,0.3049788026409908,0.3525270546801691,52.60000000000009,0.4748285543457395,0.486875,3,778,aasist,asvspoof2019_la,runs/pipeline/encodec_asv19_sweep
neural_encodec,24.0,-24.0,24.0,0.29,0.791284375,0.9712500000000002,9.85675351212287,0.12875,0.1031220291176197,0.151881703310309,0.798449612403101,0.0984495621288065,0.489375,0,783,aasist3_kan,asvspoof2019_la,runs/pipeline/encodec_asv19_sweep
neural_encodec,12.0,-12.0,12.0,0.296875,0.781403125,0.965,9.86101435686583,0.135625,0.1106468913785025,0.1580699910822541,0.8410852713178294,0.0984519046379862,0.49125,0,786,aasist3_kan,asvspoof2019_la,runs/pipeline/encodec_asv19_sweep
neural_encodec,6.0,-6.0,6.0,0.31375,0.757946875,0.9575,9.88329228455868,0.1524999999999999,0.1281356697874098,0.1743652499139626,0.9457364341085268,0.098437912470877,0.494375,0,791,aasist3_kan,asvspoof2019_la,runs/pipeline/encodec_asv19_sweep
neural_encodec,3.0,-3.0,3.0,0.3375,0.7185578125000001,0.98,9.93355634300007,0.17625,0.1493754699028017,0.201855482018163,1.0930232558139537,0.098449942402096,0.499375,1,798,aasist3_kan,asvspoof2019_la,runs/pipeline/encodec_asv19_sweep
neural_encodec,1.5,-1.5,1.5,0.389375,0.6515421875,0.98125,9.955018059009268,0.228125,0.1975038538060464,0.2506493398211405,1.4147286821705427,0.0984504549383007,0.499375,1,798,aasist3_kan,asvspoof2019_la,runs/pipeline/encodec_asv19_sweep
neural_encodec,24.0,-24.0,24.0,0.4475,0.5933562499999999,0.995,2.8213377287830284,0.440625,0.4106461547357997,0.4724977287409066,64.09090909090921,0.3319323320075009,0.298125,3,473,spectra_aasist3,asvspoof2019_la,runs/pipeline/encodec_asv19_sweep
neural_encodec,12.0,-12.0,12.0,0.55625,0.4447578125,0.99125,3.8607091198777783,0.5493750000000001,0.521843262164203,0.573097444537716,79.90909090909105,0.466313822923539,0.450625,1,721,spectra_aasist3,asvspoof2019_la,runs/pipeline/encodec_asv19_sweep
neural_encodec,6.0,-6.0,6.0,0.2731249999999999,0.7935640625,0.985,2.48615965498372,0.26625,0.2418981137708275,0.2887523912109939,38.72727272727279,0.4805224625207932,0.4925,2,787,spectra_aasist3,asvspoof2019_la,runs/pipeline/encodec_asv19_sweep
neural_encodec,3.0,-3.0,3.0,0.1681249999999999,0.900003125,0.7825,2.2367497584895064,0.1612499999999999,0.1418517519860296,0.1812438255600717,23.45454545454549,0.476405909736951,0.49125,3,784,spectra_aasist3,asvspoof2019_la,runs/pipeline/encodec_asv19_sweep
neural_encodec,1.5,-1.5,1.5,0.2262499999999999,0.8529312500000001,0.7712500000000001,3.13221664608098,0.219375,0.1950444468882369,0.238143676803707,31.90909090909096,0.4961023173973629,0.50125,4,799,spectra_aasist3,asvspoof2019_la,runs/pipeline/encodec_asv19_sweep
bandpass,8000.0,-8000.0,7920.0,0.1674999999999999,0.89549453125,1.0,1.992658336991192,0.0181249999999999,0.002501716021787,0.0293951123181662,0.1213389121338908,0.0558995396937173,0.065625,93,155,aasist,asvspoof2021_la,runs/pipeline/aasist_asv21_sweep
bandpass,6000.0,-6000.0,6000.0,0.168125,0.8950640625,1.0,1.976560260356292,0.0187499999999999,0.0062349971354041,0.0337861949867392,0.1255230125523009,0.0543135066521622,0.064375,100,158,aasist,asvspoof2021_la,runs/pipeline/aasist_asv21_sweep
bandpass,4000.0,-4000.0,4000.0,0.165,0.894465625,1.0,2.028611523350559,0.015625,0.00125012304715,0.028796844374295,0.104602510460251,0.0590896979889824,0.075625,85,159,aasist,asvspoof2021_la,runs/pipeline/aasist_asv21_sweep
bandpass,3400.0,-3400.0,3400.0,0.17125,0.8921046874999999,1.0,2.1166425965917366,0.0218749999999999,0.0049995263728529,0.0331221065923796,0.1464435146443513,0.0640323927904635,0.08625,70,167,aasist,asvspoof2021_la,runs/pipeline/aasist_asv21_sweep
bandpass,2000.0,-2000.0,2000.0,0.19625,0.8736484375,1.0,3.0031106060669077,0.0468749999999999,0.0294081169332219,0.0656648458844868,0.3138075313807529,0.1396924729059906,0.138125,21,241,aasist,asvspoof2021_la,runs/pipeline/aasist_asv21_sweep
chirp,25.0,-25.0,24.999999890185787,0.18,0.8842828125000001,1.0,1.6381672252348856,0.0306249999999999,0.0143691064105367,0.045000627783239,0.2050209205020919,0.1019407906968083,0.113125,219,107,aasist,asvspoof2021_la,runs/pipeline/aasist_asv21_sweep
chirp,20.0,-20.0,19.999999965276665,0.185625,0.87571875,1.0,1.7519663041715967,0.03625,0.0206207482993197,0.0537505404537787,0.2426778242677824,0.1153986725615333,0.113125,215,115,aasist,asvspoof2021_la,runs/pipeline/aasist_asv21_sweep
chirp,15.0,-15.0,14.999999989022488,0.20375,0.87198125,1.0,1.802201043965969,0.0543749999999999,0.0343738835086591,0.0674943260684323,0.3640167364016732,0.1192658953182305,0.11625,219,120,aasist,asvspoof2021_la,runs/pipeline/aasist_asv21_sweep
chirp,10.0,-10.0,9.999999996531574,0.1975,0.8701,1.0,1.912077257167872,0.0481249999999999,0.030663093115367,0.0637444085115545,0.3221757322175729,0.1300265288114766,0.105,201,132,aasist,asvspoof2021_la,runs/pipeline/aasist_asv21_sweep
chirp,5.0,-5.0,4.999999998906158,0.213125,0.865715625,1.0,2.394280741591848,0.0637499999999999,0.0418102922022826,0.077503863036052,0.426778242677824,0.1376879080561161,0.118125,162,174,aasist,asvspoof2021_la,runs/pipeline/aasist_asv21_sweep
codec,128.0,-128.0,128.0,0.1274999999999999,0.946996875,0.8024999999999999,1.2205377018668988,-0.021875,-0.036258316778488,-0.014367670650361,-0.1464435146443518,0.0179547388308688,0.02375,118,93,aasist,asvspoof2021_la,runs/pipeline/aasist_asv21_sweep
codec,64.0,-64.0,64.0,0.1262499999999999,0.9472125,0.8025000000000001,1.211758176294214,-0.023125,-0.0375141235496878,-0.0143137823061046,-0.1548117154811719,0.0181460553060671,0.02625,122,93,aasist,asvspoof2021_la,runs/pipeline/aasist_asv21_sweep
codec,32.0,-32.0,32.0,0.12875,0.943478125,0.8362500000000002,1.295954206047684,-0.020625,-0.0349562418970586,-0.0093783373630306,-0.1380753138075313,0.0209514205364225,0.043125,110,102,aasist,asvspoof2021_la,runs/pipeline/aasist_asv21_sweep
codec,24.0,-24.0,24.0,0.14125,0.94010625,0.79375,1.362421762655328,-0.008125,-0.0256272594303,0.0018810069957198,-0.0543933054393308,0.0281725853328042,0.0525,121,110,aasist,asvspoof2021_la,runs/pipeline/aasist_asv21_sweep
codec,16.0,-16.0,16.0,0.150625,0.93225,0.8662500000000001,1.6831582623854753,0.0012499999999999,-0.0156229678564113,0.0143812967553556,0.0083682008368199,0.0475132114087998,0.080625,62,134,aasist,asvspoof2021_la,runs/pipeline/aasist_asv21_sweep
codec,8.0,-8.0,8.0,0.1899999999999999,0.8966406249999999,0.9325,4.530150036334325,0.0406249999999999,0.0162384774446154,0.0594032381590446,0.2719665271966522,0.2760460784838453,0.246875,7,379,aasist,asvspoof2021_la,runs/pipeline/aasist_asv21_sweep
gain,-3.0,3.0,-3.0,0.118125,0.942153125,0.85875,1.1187646105692433,-0.03125,-0.0487538298494157,-0.0193921901684474,-0.2092050209205021,0.0334520467315554,0.06375,151,78,aasist,asvspoof2021_la,runs/pipeline/aasist_asv21_sweep
gain,3.0,3.0,3.0,0.13375,0.94433125,0.86375,1.2563924022257082,-0.015625,-0.0343729046720004,-0.0037535793206549,-0.104602510460251,0.0425080488222031,0.06625,121,96,aasist,asvspoof2021_la,runs/pipeline/aasist_asv21_sweep
gain,-10.0,10.0,-10.0,0.15,0.911003125,1.0,0.9904694388714984,0.0006249999999999,-0.0193799640272377,0.0156243025542774,0.0041841004184099,0.1259378126854713,0.24625,408,49,aasist,asvspoof2021_la,runs/pipeline/aasist_asv21_sweep
gain,10.0,10.0,10.0,0.1425,0.9219421875,0.8962500000000001,1.3703344154995,-0.006875,-0.0262544521574552,0.0137808657987681,-0.0460251046025105,0.0893912323661169,0.14,175,100,aasist,asvspoof2021_la,runs/pipeline/aasist_asv21_sweep
gain,-20.0,20.0,-20.0,0.25875,0.8118812500000001,0.99375,1.6894178731573173,0.109375,0.0812657764684676,0.1337553449335883,0.7322175732217572,0.451293048856183,0.48875,783,2,aasist,asvspoof2021_la,runs/pipeline/aasist_asv21_sweep
gain,20.0,20.0,20.0,0.1737499999999999,0.8904249999999999,0.99,1.4162467978141855,0.0243749999999999,-1.5822784810125767e-05,0.0418741748602043,0.163179916317991,0.1429523881060437,0.21875,305,84,aasist,asvspoof2021_la,runs/pipeline/aasist_asv21_sweep
noise,30.0,-30.0,29.9999996527274,0.17,0.8942742187499999,1.0,1.6953855254746812,0.020625,0.0106312104076369,0.0293743789712384,0.1380753138075313,0.0159527608136096,0.039375,148,130,aasist,asvspoof2021_la,runs/pipeline/aasist_asv21_sweep
noise,20.0,-20.0,19.99999996527648,0.1999999999999999,0.8642796875000001,1.0,1.7917821600172892,0.0506249999999999,0.0356219647910098,0.0631410163701811,0.3389121338912129,0.0554069136554816,0.126875,269,125,aasist,asvspoof2021_la,runs/pipeline/aasist_asv21_sweep
noise,15.0,-15.0,14.9999999890223,0.22875,0.8370734375000001,1.0,2.224570588477188,0.0793749999999999,0.0587543826051803,0.0931221028235295,0.531380753138075,0.1512832741407284,0.1925,341,136,aasist,asvspoof2021_la,runs/pipeline/aasist_asv21_sweep
noise,10.0,-10.0,9.9999999965314,0.30625,0.7570703125000001,1.0,3.2469894138213324,0.156875,0.1362350371516205,0.1799568863614724,1.0502092050209202,0.3107881546344886,0.32375,517,136,aasist,asvspoof2021_la,runs/pipeline/aasist_asv21_sweep
noise,5.0,-5.0,4.99999999890598,0.500625,0.5372031250000001,0.9975,4.11590668313309,0.3512499999999999,0.3187611388914684,0.3762524643060396,2.3514644351464424,0.3585099347803576,0.41875,633,152,aasist,asvspoof2021_la,runs/pipeline/aasist_asv21_sweep
noise,0.0,-0.0,-3.431197944373468e-10,0.65625,0.309534375,0.99875,4.184303983539296,0.506875,0.476890614892297,0.5368824809162298,3.393305439330543,0.3651888552663748,0.469375,716,122,aasist,asvspoof2021_la,runs/pipeline/aasist_asv21_sweep
reverb,0.1,0.1,0.1,0.3149999999999999,0.764478125,1.0,5.317177141902398,0.1656249999999999,0.1406153549956526,0.1924988499188143,1.1087866108786602,0.279406310708437,0.29125,26,465,aasist,asvspoof2021_la,runs/pipeline/aasist_asv21_sweep
reverb,0.3,0.3,0.2999999999999999,0.6487499999999999,0.35095078125,1.0,8.489162528819405,0.4993749999999999,0.4680673484819377,0.5287508548374569,3.343096234309622,0.3565847414131231,0.49,73,732,aasist,asvspoof2021_la,runs/pipeline/aasist_asv21_sweep
reverb,0.5,0.5,0.5,0.756875,0.2394890625,1.0,8.958374779316046,0.6074999999999999,0.5730996150098011,0.6356088851708379,4.066945606694559,0.3597217407286435,0.543125,134,740,aasist,asvspoof2021_la,runs/pipeline/aasist_asv21_sweep
reverb,0.7,0.7,0.7,0.78625,0.2081132812499999,1.0,9.071820190735473,0.636875,0.6000144662668556,0.663759619025778,4.263598326359832,0.3608637160768824,0.57375,204,727,aasist,asvspoof2021_la,runs/pipeline/aasist_asv21_sweep
reverb,0.9,0.9,0.9000000000000002,0.79875,0.1938890625,0.99875,9.108989504656028,0.6493749999999999,0.6149479267979656,0.6788021172880327,4.347280334728032,0.3618448277567876,0.60125,256,721,aasist,asvspoof2021_la,runs/pipeline/aasist_asv21_sweep
transcode_identity,320.0,-320.0,320.0,0.1275,0.9470609375,0.80375,1.2204228900352374,-0.021875,-0.0368749999999999,-0.0150121195716462,-0.1464435146443516,0.0182111736876916,0.025,117,94,aasist,asvspoof2021_la,runs/pipeline/aasist_asv21_sweep
transcode_identity,256.0,-256.0,256.0,0.1275,0.9470609375,0.80375,1.2204228900352374,-0.021875,-0.0368749999999999,-0.0150121195716462,-0.1464435146443516,0.0182111736876916,0.025,117,94,aasist,asvspoof2021_la,runs/pipeline/aasist_asv21_sweep
transcode_identity,192.0,-192.0,192.0,0.1275,0.9470609375,0.80375,1.2204228900352374,-0.021875,-0.0368749999999999,-0.0150121195716462,-0.1464435146443516,0.0182111736876916,0.025,117,94,aasist,asvspoof2021_la,runs/pipeline/aasist_asv21_sweep
transmission,0.0,0.0,0.0,0.149375,0.9127296875,1.0,1.5858454181122503,0.0,0.0,0.0,0.0,0.0,0.0,119,120,aasist,asvspoof2021_la,runs/pipeline/aasist_asv21_sweep
transmission,0.01,0.01,0.0097006507993345,0.155625,0.9105140625,1.0,1.5629559830383788,0.0062499999999999,-0.0062440584452111,0.0106525019676023,0.0418410041841002,0.0106025495395845,0.03,126,121,aasist,asvspoof2021_la,runs/pipeline/aasist_asv21_sweep
transmission,0.05,0.05,0.0497335622430416,0.16875,0.896828125,1.0,1.7953891923405334,0.0193749999999999,0.0024850149176957,0.029345787209466,0.1297071129707111,0.0447012351558619,0.075,109,146,aasist,asvspoof2021_la,runs/pipeline/aasist_asv21_sweep
transmission,0.1,0.1,0.1007261153878,0.1737499999999999,0.8934007812499999,1.0,1.9596232642080404,0.0243749999999999,0.0074988864625763,0.0387515303829828,0.163179916317991,0.0776282191993971,0.0925,95,154,aasist,asvspoof2021_la,runs/pipeline/aasist_asv21_sweep
transmission,0.2,0.2,0.2011269319384755,0.1925,0.8770140625,1.0,2.557479745200962,0.0431249999999999,0.020646988467255,0.0593608478025527,0.2887029288702926,0.1515345552110299,0.13625,67,198,aasist,asvspoof2021_la,runs/pipeline/aasist_asv21_sweep
bandpass,8000.0,-8000.0,7920.0,0.371875,0.6796796875,0.99875,8.27482952333535,0.01625,-0.0075000140625549,0.0349900583633485,0.0456942003514941,0.0177501062366208,0.153125,272,316,aasist3_kan,asvspoof2021_la,runs/pipeline/aasist3_asv21_sweep
bandpass,6000.0,-6000.0,6000.0,0.39,0.6698265625000001,0.9975,9.278420428442306,0.034375,0.0068458225114444,0.0550052739446193,0.0966608084358525,0.0184450134699152,0.233125,199,413,aasist3_kan,asvspoof2021_la,runs/pipeline/aasist3_asv21_sweep
bandpass,4000.0,-4000.0,4000.0,0.400625,0.639925,0.99125,9.23690010779452,0.045,0.0212637596053065,0.0687916932407536,0.1265377855887523,0.0191689805393211,0.249375,226,408,aasist3_kan,asvspoof2021_la,runs/pipeline/aasist3_asv21_sweep
bandpass,3400.0,-3400.0,3400.0,0.4175,0.6209359375,0.99375,9.336719001207896,0.061875,0.0356118366482343,0.0850013266355572,0.1739894551845343,0.0192671541670422,0.28,203,446,aasist3_kan,asvspoof2021_la,runs/pipeline/aasist3_asv21_sweep
bandpass,2000.0,-2000.0,2000.0,0.43625,0.593634375,0.99875,9.825442146242628,0.080625,0.0531397288999524,0.1106317581487728,0.2267135325131812,0.0186073119872894,0.3675,102,591,aasist3_kan,asvspoof2021_la,runs/pipeline/aasist3_asv21_sweep
chirp,25.0,-25.0,24.999999890185787,0.290625,0.766640625,0.9975,4.205653476068229,-0.0649999999999999,-0.0931644178836201,-0.0444132990291568,-0.1827768014059752,0.0569941421024988,0.4025,672,31,aasist3_kan,asvspoof2021_la,runs/pipeline/aasist3_asv21_sweep
chirp,20.0,-20.0,19.999999965276665,0.300625,0.7486499999999998,0.99625,4.805437585738299,-0.0549999999999999,-0.0793747773312248,-0.0293749493332923,-0.1546572934973638,0.0433563820102834,0.39125,657,38,aasist3_kan,asvspoof2021_la,runs/pipeline/aasist3_asv21_sweep
chirp,15.0,-15.0,14.999999989022488,0.32125,0.737165625,0.9975,5.86445255852197,-0.0343749999999999,-0.0631235663267911,-0.0125131840444577,-0.0966608084358521,0.0318665722596255,0.38125,638,45,aasist3_kan,asvspoof2021_la,runs/pipeline/aasist3_asv21_sweep
chirp,10.0,-10.0,9.999999996531574,0.3506249999999999,0.6979296875000001,0.99125,7.224828518364851,-0.005,-0.0312424078415612,0.0193724745690052,-0.0140597539543058,0.0225335242258212,0.351875,591,63,aasist3_kan,asvspoof2021_la,runs/pipeline/aasist3_asv21_sweep
chirp,5.0,-5.0,4.999999998906158,0.38,0.673490625,0.99375,8.404387088354863,0.024375,-0.0062110166020568,0.0475223166612686,0.0685413005272408,0.0176285463850852,0.31,520,125,aasist3_kan,asvspoof2021_la,runs/pipeline/aasist3_asv21_sweep
codec,128.0,-128.0,128.0,0.37375,0.6862546875,0.995,9.49385862573026,0.018125,-0.0118669975633986,0.0375249432842366,0.0509666080843586,0.0177235118672222,0.165,191,414,aasist3_kan,asvspoof2021_la,runs/pipeline/aasist3_asv21_sweep
codec,64.0,-64.0,64.0,0.3768749999999999,0.675903125,0.99875,9.48239915287054,0.0212499999999999,-0.0074762683568015,0.044372937344765,0.0597539543057996,0.0174735955764011,0.159375,199,403,aasist3_kan,asvspoof2021_la,runs/pipeline/aasist3_asv21_sweep
codec,32.0,-32.0,32.0,0.39,0.6525546875,0.99875,9.399540089450255,0.034375,0.0056278705911382,0.0544356643466229,0.0966608084358525,0.0172755368203278,0.1875,256,383,aasist3_kan,asvspoof2021_la,runs/pipeline/aasist3_asv21_sweep
codec,24.0,-24.0,24.0,0.38125,0.6673671875,0.99625,8.996830226950436,0.025625,0.0024844885766832,0.0487545262813357,0.0720562390158172,0.0171371744782021,0.2,320,295,aasist3_kan,asvspoof2021_la,runs/pipeline/aasist3_asv21_sweep
codec,16.0,-16.0,16.0,0.393125,0.6548671875000001,0.9975,8.626951396541736,0.0375,0.0143530018078118,0.0637683499582408,0.1054481546572937,0.0185006046740126,0.2225,403,246,aasist3_kan,asvspoof2021_la,runs/pipeline/aasist3_asv21_sweep
codec,8.0,-8.0,8.0,0.415,0.6070054687499999,0.99875,9.481903553748817,0.059375,0.029934785986784,0.0869058414474173,0.1669595782073815,0.0186492050707245,0.313125,308,368,aasist3_kan,asvspoof2021_la,runs/pipeline/aasist3_asv21_sweep
gain,-3.0,3.0,-3.0,0.351875,0.7123703125,0.99,8.320970447354,-0.0037499999999999,-0.0125652041152343,0.0050006670902934,-0.0105448154657291,0.0022474690713045,0.01625,277,288,aasist3_kan,asvspoof2021_la,runs/pipeline/aasist3_asv21_sweep
gain,3.0,3.0,3.0,0.3399999999999999,0.7184781250000001,0.98875,8.362515834582899,-0.015625,-0.031856937385571,-0.0006400025252075,-0.0439367311072056,0.0105367947123008,0.0975,248,297,aasist3_kan,asvspoof2021_la,runs/pipeline/aasist3_asv21_sweep
gain,-10.0,10.0,-10.0,0.3568749999999999,0.7083515624999999,0.99,8.315966743333606,0.0012499999999999,-0.0044573425911656,0.0056397827157166,0.0035149384885763,0.0002453428362896,0.0075,285,286,aasist3_kan,asvspoof2021_la,runs/pipeline/aasist3_asv21_sweep
gain,10.0,10.0,10.0,0.339375,0.7211906250000001,0.98,8.710421444300964,-0.0162499999999999,-0.0419161963678869,0.003757201940834,-0.0456942003514938,0.022542417778258,0.208125,291,235,aasist3_kan,asvspoof2021_la,runs/pipeline/aasist3_asv21_sweep
gain,-20.0,20.0,-20.0,0.355,0.707471875,0.99,8.306693229219192,-0.0006249999999999,-0.0037523512295191,0.0006459948320413,-0.0017574692442881,2.983687929176328e-06,0.000625,284,284,aasist3_kan,asvspoof2021_la,runs/pipeline/aasist3_asv21_sweep
gain,20.0,20.0,20.0,0.380625,0.6647156249999999,0.9925,8.847721460512703,0.025,-0.0056184801659571,0.0537507558700044,0.070298769771529,0.0188903194289121,0.3875,587,92,aasist3_kan,asvspoof2021_la,runs/pipeline/aasist3_asv21_sweep
noise,30.0,-30.0,29.9999996527274,0.32625,0.7315734375,0.94875,5.590391138056643,-0.0293749999999999,-0.0600017711939904,-0.0025000967811023,-0.0826010544815463,0.0479773195250842,0.393125,626,26,aasist3_kan,asvspoof2021_la,runs/pipeline/aasist3_asv21_sweep
noise,20.0,-20.0,19.99999996527648,0.3525,0.6905109375,0.995,6.214527714784681,-0.0031249999999999,-0.0331850457552003,0.0262514798173755,-0.0087873462214409,0.0312242824767997,0.46125,732,17,aasist3_kan,asvspoof2021_la,runs/pipeline/aasist3_asv21_sweep
noise,15.0,-15.0,14.9999999890223,0.3881249999999999,0.6499437499999998,0.99125,7.430179537322957,0.0324999999999999,-1.4970059880239063e-05,0.05811107070962,0.0913884007029876,0.0211466189379938,0.4725,724,25,aasist3_kan,asvspoof2021_la,runs/pipeline/aasist3_asv21_sweep
noise,10.0,-10.0,9.9999999965314,0.39375,0.6441046875,0.99875,8.68594749524906,0.038125,0.0018576303485581,0.0687560390472358,0.1072056239015819,0.0189850319611795,0.466875,714,36,aasist3_kan,asvspoof2021_la,runs/pipeline/aasist3_asv21_sweep
noise,5.0,-5.0,4.99999999890598,0.42625,0.608459375,0.9975,9.458310033717584,0.070625,0.0337530134786337,0.0993893154703089,0.1985940246045695,0.018611801946953,0.468125,698,44,aasist3_kan,asvspoof2021_la,runs/pipeline/aasist3_asv21_sweep
noise,0.0,-0.0,-3.431197944373468e-10,0.4525,0.5638703125,0.99625,9.807756336253336,0.096875,0.063732164174821,0.1331190311633107,0.272407732864675,0.0186035051669472,0.49125,742,33,aasist3_kan,asvspoof2021_la,runs/pipeline/aasist3_asv21_sweep
reverb,0.1,0.1,0.1,0.44625,0.5761953124999999,1.0,9.430732871720672,0.090625,0.0618580102946191,0.1174751493981513,0.2548330404217928,0.0187709425032849,0.305,278,431,aasist3_kan,asvspoof2021_la,runs/pipeline/aasist3_asv21_sweep
reverb,0.3,0.3,0.2999999999999999,0.4549999999999999,0.563684375,1.0,9.649325895479269,0.0993749999999999,0.0687443632922878,0.1225094466724283,0.2794376098418277,0.0199084927071398,0.328125,259,465,aasist3_kan,asvspoof2021_la,runs/pipeline/aasist3_asv21_sweep
reverb,0.5,0.5,0.5,0.46125,0.5564578125,0.9925,9.666696575736596,0.105625,0.0743537649991198,0.1312727427838383,0.2970123022847102,0.0201721570235355,0.350625,247,493,aasist3_kan,asvspoof2021_la,runs/pipeline/aasist3_asv21_sweep
reverb,0.7,0.7,0.7,0.44625,0.5731999999999999,0.99875,9.72588711743419,0.090625,0.0575031559391175,0.1162689017601713,0.2548330404217928,0.01914451125379,0.351875,234,496,aasist3_kan,asvspoof2021_la,runs/pipeline/aasist3_asv21_sweep
reverb,0.9,0.9,0.9000000000000002,0.4337499999999999,0.5956984375000001,0.995,9.756007981023886,0.078125,0.0492907463767643,0.1094501747492637,0.2196836555360281,0.0192305161446076,0.35875,194,505,aasist3_kan,asvspoof2021_la,runs/pipeline/aasist3_asv21_sweep
transcode_identity,320.0,-320.0,320.0,0.37,0.6861546875,0.995,9.49344630943903,0.014375,-0.0137676132824946,0.0356404290153449,0.0404217926186292,0.0177357000092783,0.166875,191,413,aasist3_kan,asvspoof2021_la,runs/pipeline/aasist3_asv21_sweep
transcode_identity,256.0,-256.0,256.0,0.37,0.6861546875,0.995,9.49344630943903,0.014375,-0.0137676132824946,0.0356404290153449,0.0404217926186292,0.0177357000092783,0.166875,191,413,aasist3_kan,asvspoof2021_la,runs/pipeline/aasist3_asv21_sweep
transcode_identity,192.0,-192.0,192.0,0.37,0.6861546875,0.995,9.49344630943903,0.014375,-0.0137676132824946,0.0356404290153449,0.0404217926186292,0.0177357000092783,0.166875,191,413,aasist3_kan,asvspoof2021_la,runs/pipeline/aasist3_asv21_sweep
transmission,0.0,0.0,0.0,0.3556249999999999,0.7068328125000001,0.99,8.310285430130216,0.0,0.0,0.0,0.0,0.0,0.0,285,284,aasist3_kan,asvspoof2021_la,runs/pipeline/aasist3_asv21_sweep
transmission,0.01,0.01,0.0097006507993345,0.3612499999999999,0.705859375,0.995,8.33496695565768,0.0056249999999999,-0.0056142662355886,0.0118672401712562,0.015817223198594,0.0010306597627121,0.015625,286,300,aasist3_kan,asvspoof2021_la,runs/pipeline/aasist3_asv21_sweep
transmission,0.05,0.05,0.0497335622430416,0.358125,0.7055625,0.98875,8.448806040131402,0.0025,-0.015003222694853,0.0143691806328273,0.007029876977153,0.0052843427301358,0.064375,265,311,aasist3_kan,asvspoof2021_la,runs/pipeline/aasist3_asv21_sweep
transmission,0.1,0.1,0.1007261153878,0.364375,0.7072328125,0.9875,8.619635920020025,0.00875,-0.0100351797066478,0.0218947181354483,0.0246045694200352,0.0067658362015254,0.11875,222,351,aasist3_kan,asvspoof2021_la,runs/pipeline/aasist3_asv21_sweep
transmission,0.2,0.2,0.2011269319384755,0.355,0.7065359375,0.98,8.74824653825442,-0.0006249999999999,-0.0219489510203474,0.0137233260344339,-0.0017574692442881,0.0116113183614742,0.17375,193,388,aasist3_kan,asvspoof2021_la,runs/pipeline/aasist3_asv21_sweep
bandpass,8000.0,-8000.0,7920.0,0.0468749999999999,0.992640625,0.13375,0.4203097102148454,0.01,-0.0018707560165784,0.0168995159500726,0.2711864406779662,0.0336576568100684,0.029375,55,19,spectra_aasist3,asvspoof2021_la,runs/pipeline/spectra_asv21_sweep
bandpass,6000.0,-6000.0,6000.0,0.041875,0.9927015625,0.1274999999999999,0.434768379989889,0.005,-0.0056175143933157,0.0143660572471276,0.1355932203389835,0.0403532067195142,0.03375,55,16,spectra_aasist3,asvspoof2021_la,runs/pipeline/spectra_asv21_sweep
bandpass,4000.0,-4000.0,4000.0,0.078125,0.9805671875,0.3037499999999999,0.464827804457834,0.04125,0.0268332874149134,0.0512204288409969,1.1186440677966107,0.0638198884654592,0.064375,51,75,spectra_aasist3,asvspoof2021_la,runs/pipeline/spectra_asv21_sweep
bandpass,3400.0,-3400.0,3400.0,0.0806249999999999,0.9725140625,0.4825,0.5248410151755127,0.0437499999999999,0.0293856871245105,0.0550054620026894,1.1864406779661014,0.0873073482256141,0.09375,40,131,spectra_aasist3,asvspoof2021_la,runs/pipeline/spectra_asv21_sweep
bandpass,2000.0,-2000.0,2000.0,0.065625,0.9744125,0.38875,0.477245597695521,0.02875,0.0150113523352035,0.040622906681141,0.7796610169491535,0.1160210305826339,0.135625,29,209,spectra_aasist3,asvspoof2021_la,runs/pipeline/spectra_asv21_sweep
chirp,25.0,-25.0,24.999999890185787,0.0331249999999999,0.99049375,0.275,0.3147791374444459,-0.00375,-0.0131228947701999,0.0050001250717338,-0.1016949152542377,0.0271164935412545,0.023125,32,24,spectra_aasist3,asvspoof2021_la,runs/pipeline/spectra_asv21_sweep
chirp,20.0,-20.0,19.999999965276665,0.040625,0.99,0.2537499999999999,0.357767891950882,0.00375,-0.0068752473856385,0.0125003222742312,0.1016949152542381,0.0352298838440583,0.034375,50,20,spectra_aasist3,asvspoof2021_la,runs/pipeline/spectra_asv21_sweep
chirp,15.0,-15.0,14.999999989022488,0.0362499999999999,0.9878890625,0.2687499999999999,0.3551666623851397,-0.000625,-0.0100000035156744,0.0100007938160949,-0.0169491525423729,0.0390124946044727,0.039375,40,24,spectra_aasist3,asvspoof2021_la,runs/pipeline/spectra_asv21_sweep
chirp,10.0,-10.0,9.999999996531574,0.0437499999999999,0.9886375,0.2162499999999999,0.4074676306072247,0.0068749999999999,-0.0031723577501498,0.0168712658280198,0.1864406779661013,0.0440151602623318,0.041875,60,24,spectra_aasist3,asvspoof2021_la,runs/pipeline/spectra_asv21_sweep
chirp,5.0,-5.0,4.999999998906158,0.0531249999999999,0.9820828125,0.26625,0.5051574953501016,0.01625,0.0049821715898104,0.0275112496070801,0.440677966101695,0.0573838280466147,0.050625,59,31,spectra_aasist3,asvspoof2021_la,runs/pipeline/spectra_asv21_sweep
codec,128.0,-128.0,128.0,0.035,0.99368125,0.1324999999999999,0.2505100874558726,-0.0018749999999999,-0.0093651739929955,0.0023966774983686,-0.0508474576271179,0.0138973165032821,0.0125,28,27,spectra_aasist3,asvspoof2021_la,runs/pipeline/spectra_asv21_sweep
codec,64.0,-64.0,64.0,0.0374999999999999,0.992534375,0.13875,0.2929555377501322,0.000625,-0.0063154548921007,0.0068646034636904,0.0169491525423729,0.0184122233251008,0.01625,32,27,spectra_aasist3,asvspoof2021_la,runs/pipeline/spectra_asv21_sweep
codec,32.0,-32.0,32.0,0.0393749999999999,0.99025625,0.185,0.3283475973867744,0.0024999999999999,-0.0081227884213434,0.0106235820223876,0.0677966101694912,0.031720565938574,0.030625,41,23,spectra_aasist3,asvspoof2021_la,runs/pipeline/spectra_asv21_sweep
codec,24.0,-24.0,24.0,0.0799999999999999,0.9413703125,0.94375,0.6838556001521109,0.043125,0.029335193311848,0.061266312167052,1.169491525423729,0.0912545746529707,0.096875,29,131,spectra_aasist3,asvspoof2021_la,runs/pipeline/spectra_asv21_sweep
codec,16.0,-16.0,16.0,0.0925,0.933409375,0.91625,0.8156913553712741,0.055625,0.0418532423736199,0.0718752539670642,1.5084745762711873,0.1164904369168395,0.12875,38,167,spectra_aasist3,asvspoof2021_la,runs/pipeline/spectra_asv21_sweep
codec,8.0,-8.0,8.0,0.116875,0.9405703125,0.6237499999999999,0.809120568245656,0.08,0.0643342200137832,0.0968719818525902,2.1694915254237306,0.1225493963088639,0.116875,77,115,spectra_aasist3,asvspoof2021_la,runs/pipeline/spectra_asv21_sweep
gain,-3.0,3.0,-3.0,0.050625,0.987053125,0.3125,0.3498676489871661,0.01375,0.0050112638085024,0.0193704368796351,0.3728813559322042,0.0207463358602584,0.023125,33,49,spectra_aasist3,asvspoof2021_la,runs/pipeline/spectra_asv21_sweep
gain,3.0,3.0,3.0,0.03625,0.9929375,0.2425,0.2962899059899531,-0.0006249999999999,-0.0093702580568285,0.0043766309687409,-0.0169491525423721,0.0157730157406094,0.014375,30,24,spectra_aasist3,asvspoof2021_la,runs/pipeline/spectra_asv21_sweep
gain,-10.0,10.0,-10.0,0.065625,0.970921875,0.48625,0.5018392853537958,0.02875,0.0187510466894209,0.0424985678694786,0.779661016949153,0.0618117897800999,0.065625,45,89,spectra_aasist3,asvspoof2021_la,runs/pipeline/spectra_asv21_sweep
gain,10.0,10.0,10.0,0.05625,0.9869125,0.4775,0.4573888698936885,0.019375,0.0087522947434783,0.0306222658649135,0.5254237288135599,0.045936337923526,0.0425,46,45,spectra_aasist3,asvspoof2021_la,runs/pipeline/spectra_asv21_sweep
gain,-20.0,20.0,-20.0,0.075625,0.967146875,0.51625,0.5650488761176994,0.03875,0.0225041876050801,0.0481256005596579,1.0508474576271198,0.0685543265610093,0.070625,62,56,spectra_aasist3,asvspoof2021_la,runs/pipeline/spectra_asv21_sweep
gain,20.0,20.0,20.0,0.129375,0.9472703125,0.65625,1.3145339132611724,0.0925,0.0749826383990739,0.1081308601236933,2.508474576271188,0.1461108662451034,0.131875,173,55,spectra_aasist3,asvspoof2021_la,runs/pipeline/spectra_asv21_sweep
noise,30.0,-30.0,29.9999996527274,0.0487499999999999,0.982990625,0.4299999999999999,0.3617897691537327,0.0118749999999999,-0.0018825079223524,0.0224910579091211,0.3220338983050845,0.0472530444468964,0.0425,32,41,spectra_aasist3,asvspoof2021_la,runs/pipeline/spectra_asv21_sweep
noise,20.0,-20.0,19.99999996527648,0.05625,0.978984375,0.59625,0.3415145712610973,0.019375,0.0062509631010937,0.0300056729475416,0.5254237288135599,0.0707709366446136,0.070625,19,81,spectra_aasist3,asvspoof2021_la,runs/pipeline/spectra_asv21_sweep
noise,15.0,-15.0,14.9999999890223,0.0556249999999999,0.9732,0.65125,0.3987905652606514,0.0187499999999999,0.0037522865853658,0.0299869784949766,0.5084745762711863,0.083689881724638,0.08625,14,113,spectra_aasist3,asvspoof2021_la,runs/pipeline/spectra_asv21_sweep
noise,10.0,-10.0,9.9999999965314,0.06375,0.98009375,0.4825,0.3745774000900999,0.026875,0.0106155419420381,0.0375071615287983,0.7288135593220344,0.1044295303838104,0.10875,15,144,spectra_aasist3,asvspoof2021_la,runs/pipeline/spectra_asv21_sweep
noise,5.0,-5.0,4.99999999890598,0.0887499999999999,0.967821875,0.5812499999999999,0.467140662968225,0.0518749999999999,0.03689144447378,0.0687525351605161,1.4067796610169492,0.1368541690658972,0.1425,23,190,spectra_aasist3,asvspoof2021_la,runs/pipeline/spectra_asv21_sweep
noise,0.0,-0.0,-3.431197944373468e-10,0.14125,0.9318625,0.8424999999999999,0.7520351244534006,0.104375,0.0818937401910722,0.1193891168200893,2.830508474576272,0.1912069058429239,0.185625,34,250,spectra_aasist3,asvspoof2021_la,runs/pipeline/spectra_asv21_sweep
reverb,0.1,0.1,0.1,0.155625,0.9198234374999998,0.565,1.4410287866633706,0.11875,0.1000035828122037,0.1375000312531253,3.2203389830508486,0.164570989858751,0.156875,184,60,spectra_aasist3,asvspoof2021_la,runs/pipeline/spectra_asv21_sweep
reverb,0.3,0.3,0.2999999999999999,0.2306249999999999,0.8437109375,0.845,1.8574027412174905,0.1937499999999999,0.171238003801617,0.2144223011481348,5.254237288135594,0.2360015297266917,0.228125,244,120,spectra_aasist3,asvspoof2021_la,runs/pipeline/spectra_asv21_sweep
reverb,0.5,0.5,0.5,0.321875,0.7544046875,0.97125,2.379038971184764,0.285,0.2606166809338706,0.3112351264884677,7.728813559322036,0.3107383865763796,0.308125,301,199,spectra_aasist3,asvspoof2021_la,runs/pipeline/spectra_asv21_sweep
reverb,0.7,0.7,0.7,0.34125,0.7173859375,0.9612500000000002,2.543396431394409,0.304375,0.2793634930573709,0.3293931180067241,8.254237288135597,0.3343256477745284,0.324375,309,215,spectra_aasist3,asvspoof2021_la,runs/pipeline/spectra_asv21_sweep
reverb,0.9,0.9,0.9000000000000002,0.3818749999999999,0.6736,0.99625,2.788523915063424,0.345,0.3193787979435124,0.3700263430277166,9.355932203389832,0.3680773069652007,0.375625,357,247,spectra_aasist3,asvspoof2021_la,runs/pipeline/spectra_asv21_sweep
transcode_identity,320.0,-320.0,320.0,0.035625,0.9935875,0.12375,0.2522860109373391,-0.0012499999999999,-0.0093650495349094,0.0025005677074148,-0.033898305084745,0.0139639819762324,0.0125,28,27,spectra_aasist3,asvspoof2021_la,runs/pipeline/spectra_asv21_sweep
transcode_identity,256.0,-256.0,256.0,0.035625,0.9935875,0.12375,0.2522860109373391,-0.0012499999999999,-0.0093650495349094,0.0025005677074148,-0.033898305084745,0.0139639819762324,0.0125,28,27,spectra_aasist3,asvspoof2021_la,runs/pipeline/spectra_asv21_sweep
transcode_identity,192.0,-192.0,192.0,0.035625,0.9935875,0.12375,0.2522860109373391,-0.0012499999999999,-0.0093650495349094,0.0025005677074148,-0.033898305084745,0.0139639819762324,0.0125,28,27,spectra_aasist3,asvspoof2021_la,runs/pipeline/spectra_asv21_sweep
transmission,0.0,0.0,0.0,0.0368749999999999,0.992184375,0.20625,0.2873532056428937,0.0,0.0,0.0,0.0,0.0,0.0,30,29,spectra_aasist3,asvspoof2021_la,runs/pipeline/spectra_asv21_sweep
transmission,0.01,0.01,0.0097006507993345,0.035625,0.9926546875,0.18375,0.2922516705561841,-0.0012499999999999,-0.0062516574221042,0.0049659075428069,-0.033898305084745,0.0074893395344887,0.00625,31,26,spectra_aasist3,asvspoof2021_la,runs/pipeline/spectra_asv21_sweep
transmission,0.05,0.05,0.0497335622430416,0.0399999999999999,0.98924375,0.305,0.3242756296846842,0.0031249999999999,-0.0050013441155188,0.0137674496269445,0.0847457627118641,0.0270292474332346,0.02625,32,33,spectra_aasist3,asvspoof2021_la,runs/pipeline/spectra_asv21_sweep
transmission,0.1,0.1,0.1007261153878,0.0481249999999999,0.98185625,0.47375,0.3909681255595955,0.01125,0.0025000609390235,0.0225126985690366,0.305084745762712,0.0376973288433427,0.036875,31,47,spectra_aasist3,asvspoof2021_la,runs/pipeline/spectra_asv21_sweep
transmission,0.2,0.2,0.2011269319384755,0.0725,0.9689125,0.73125,0.5195720240171967,0.035625,0.0231208001250195,0.0487423990518477,0.966101694915255,0.07349825226329,0.0775,37,98,spectra_aasist3,asvspoof2021_la,runs/pipeline/spectra_asv21_sweep
bandpass,8000.0,-8000.0,7920.0,0.054375,0.9872453125,0.24875,0.4910350800209099,0.008125,-0.0018622474305838,0.0174787745286027,0.1756756756756759,0.034477657391481,0.040625,29,86,rawnet2,asvspoof2019_la,runs/pipeline/rawnet2_asv19_sweep
bandpass,6000.0,-6000.0,6000.0,0.0481249999999999,0.989321875,0.25375,0.5011257974570923,0.0018749999999999,-0.0075020161732781,0.0112401908013962,0.0405405405405399,0.0538861485759291,0.065,16,118,rawnet2,asvspoof2019_la,runs/pipeline/rawnet2_asv19_sweep
bandpass,4000.0,-4000.0,4000.0,0.0437499999999999,0.9920703125,0.2,0.6635051548400892,-0.0025,-0.0131181186442505,0.0062543212564049,-0.0540540540540546,0.0942767390188844,0.1175,4,190,rawnet2,asvspoof2019_la,runs/pipeline/rawnet2_asv19_sweep
bandpass,3400.0,-3400.0,3400.0,0.0424999999999999,0.9919203125,0.1987499999999999,0.7171668927368502,-0.00375,-0.0156322866272006,0.0036949866418875,-0.0810810810810813,0.101196593456739,0.125625,3,202,rawnet2,asvspoof2019_la,runs/pipeline/rawnet2_asv19_sweep
bandpass,2000.0,-2000.0,2000.0,0.045,0.9894359375,0.305,0.8050523289636495,-0.0012499999999999,-0.0125158672560996,0.0075004468071856,-0.0270270270270267,0.11105923906567,0.139375,5,224,rawnet2,asvspoof2019_la,runs/pipeline/rawnet2_asv19_sweep
chirp,25.0,-25.0,24.999999886696777,0.050625,0.9902984375,0.2049999999999999,0.4065640175348648,0.004375,-0.0031191717840759,0.0112504566113472,0.0945945945945946,0.010140355600963,0.010625,36,47,rawnet2,asvspoof2019_la,runs/pipeline/rawnet2_asv19_sweep
chirp,20.0,-20.0,19.999999964173345,0.05125,0.989546875,0.1849999999999999,0.4049882922218928,0.0049999999999999,-0.0018845009843696,0.0125558749764854,0.108108108108108,0.0219474761372225,0.021875,31,62,rawnet2,asvspoof2019_la,runs/pipeline/rawnet2_asv19_sweep
chirp,15.0,-15.0,14.999999988673585,0.0537499999999999,0.9873421875,0.2,0.4247846344698813,0.0074999999999999,-0.0006505093097056,0.0144078635688247,0.1621621621621615,0.0351034206798388,0.05125,24,100,rawnet2,asvspoof2019_la,runs/pipeline/rawnet2_asv19_sweep
chirp,10.0,-10.0,9.999999996421243,0.0856249999999999,0.9721109375,0.5225,1.4684548761219236,0.0393749999999999,0.024344612069431,0.0512225619130022,0.8513513513513506,0.1732964219424189,0.21625,6,346,rawnet2,asvspoof2019_la,runs/pipeline/rawnet2_asv19_sweep
chirp,5.0,-5.0,4.999999998871267,0.280625,0.8133703125,0.97,5.353963348111959,0.234375,0.2087225194506509,0.2574959056820023,5.067567567567567,0.435668515188828,0.44875,0,718,rawnet2,asvspoof2019_la,runs/pipeline/rawnet2_asv19_sweep
codec,128.0,-128.0,128.0,0.0431249999999999,0.992209375,0.1837499999999999,0.3485166191969809,-0.003125,-0.0093650711838038,0.000620366659988,-0.067567567567568,0.0119722039326546,0.009375,32,47,rawnet2,asvspoof2019_la,runs/pipeline/rawnet2_asv19_sweep
codec,64.0,-64.0,64.0,0.0431249999999999,0.992134375,0.1875,0.3507198943262977,-0.003125,-0.009371548327083,1.7425343874248385e-05,-0.0675675675675679,0.0121379445805024,0.010625,30,47,rawnet2,asvspoof2019_la,runs/pipeline/rawnet2_asv19_sweep
codec,32.0,-32.0,32.0,0.0437499999999999,0.9920484375,0.1987499999999999,0.3390168589600871,-0.0025,-0.0087549657104505,0.0018525418709642,-0.0540540540540546,0.022933261449038,0.025625,23,64,rawnet2,asvspoof2019_la,runs/pipeline/rawnet2_asv19_sweep
codec,24.0,-24.0,24.0,0.0437499999999999,0.9914375,0.18625,0.3404432404171934,-0.0025,-0.011867977637845,0.0018994716839025,-0.0540540540540546,0.0389338847282301,0.050625,17,98,rawnet2,asvspoof2019_la,runs/pipeline/rawnet2_asv19_sweep
codec,16.0,-16.0,16.0,0.05,0.9903234375,0.23125,0.6126790814414963,0.00375,-0.00625027321057,0.0093653840565418,0.0810810810810814,0.0876038546180332,0.1125,7,187,rawnet2,asvspoof2019_la,runs/pipeline/rawnet2_asv19_sweep
codec,8.0,-8.0,8.0,0.0625,0.9835796875,0.315,1.598315699187307,0.0162499999999999,0.0018724466524368,0.0262541260661759,0.3513513513513511,0.1964860007703168,0.26375,1,421,rawnet2,asvspoof2019_la,runs/pipeline/rawnet2_asv19_sweep
gain,-3.0,3.0,-3.0,0.040625,0.9930328125,0.18625,0.3269038678760178,-0.0056249999999999,-0.013088016019785,0.0018531540709037,-0.1216216216216215,0.0122575365833122,0.01375,32,36,rawnet2,asvspoof2019_la,runs/pipeline/rawnet2_asv19_sweep
gain,3.0,3.0,3.0,0.0587499999999999,0.9869703125,0.1762499999999999,0.5487091120409127,0.0124999999999999,0.0043719143650846,0.0187567385200536,0.2702702702702697,0.01382521680046,0.018125,54,39,rawnet2,asvspoof2019_la,runs/pipeline/rawnet2_asv19_sweep
gain,-10.0,10.0,-10.0,0.0675,0.98168125,0.40375,0.5134065609699774,0.0212499999999999,0.0062595252025722,0.0362655857374454,0.4594594594594594,0.0919717345236265,0.076875,46,67,rawnet2,asvspoof2019_la,runs/pipeline/rawnet2_asv19_sweep
gain,10.0,10.0,10.0,0.08625,0.96685,0.35,0.8495069829944937,0.04,0.0262794487307226,0.0518585726147535,0.864864864864865,0.0447190432211475,0.0525,74,58,rawnet2,asvspoof2019_la,runs/pipeline/rawnet2_asv19_sweep
gain,-20.0,20.0,-20.0,0.33625,0.7319453125000001,0.84875,2.8731325398598506,0.29,0.2631072992984539,0.3168724253082471,6.27027027027027,0.3456697952913668,0.343125,366,155,rawnet2,asvspoof2019_la,runs/pipeline/rawnet2_asv19_sweep
gain,20.0,20.0,20.0,0.1418749999999999,0.914853125,0.88,1.4127780841858053,0.0956249999999999,0.0768758892599839,0.1118430785807753,2.067567567567566,0.1138839777616512,0.1275,107,133,rawnet2,asvspoof2019_la,runs/pipeline/rawnet2_asv19_sweep
noise,30.0,-30.0,29.99999964169418,0.05,0.9899078125,0.18625,0.450337848089836,0.00375,-0.0018815009385761,0.0075051715322589,0.0810810810810814,0.0083146543462217,0.008125,39,40,rawnet2,asvspoof2019_la,runs/pipeline/rawnet2_asv19_sweep
noise,20.0,-20.0,19.99999996417316,0.060625,0.9850421875,0.26625,0.5508928070036595,0.014375,0.0055576702666332,0.0212316747926434,0.3108108108108112,0.0190425793080911,0.02,49,45,rawnet2,asvspoof2019_la,runs/pipeline/rawnet2_asv19_sweep
noise,15.0,-15.0,14.99999998867341,0.0737499999999999,0.9761875,0.35,0.6913616976083884,0.0274999999999999,0.0162792298401397,0.0387529897331253,0.594594594594594,0.037421995159771,0.039375,62,53,rawnet2,asvspoof2019_la,runs/pipeline/rawnet2_asv19_sweep
noise,10.0,-10.0,9.999999996421058,0.1274999999999999,0.94241640625,0.5875,1.323859876499679,0.0812499999999999,0.0630971999565151,0.0975015960900431,1.7567567567567557,0.1263525472597131,0.1075,146,60,rawnet2,asvspoof2019_la,runs/pipeline/rawnet2_asv19_sweep
noise,5.0,-5.0,4.999999998871092,0.3275,0.7453249999999999,0.99375,4.526049975747794,0.28125,0.2537062538606148,0.3043765766303345,6.08108108108108,0.4275225193274611,0.393125,605,44,rawnet2,asvspoof2019_la,runs/pipeline/rawnet2_asv19_sweep
noise,0.0,-0.0,-3.541433498798661e-10,0.493125,0.5025453124999999,0.99125,4.359684978880738,0.446875,0.4181268777963151,0.4718988654363029,9.66216216216216,0.4675975140989121,0.474375,582,197,rawnet2,asvspoof2019_la,runs/pipeline/rawnet2_asv19_sweep
reverb,0.1,0.1,0.1,0.1006249999999999,0.9610765625,0.6399999999999998,2.1849671007160256,0.0543749999999999,0.040627783238579,0.0700099576345587,1.175675675675675,0.242894170523636,0.286875,3,460,rawnet2,asvspoof2019_la,runs/pipeline/rawnet2_asv19_sweep
reverb,0.3,0.3,0.2999999999999999,0.2043749999999999,0.8679578124999999,0.995,4.58599291522638,0.1581249999999999,0.1381243583861451,0.1781055008803293,3.418918918918917,0.3982976643608525,0.42875,4,688,rawnet2,asvspoof2019_la,runs/pipeline/rawnet2_asv19_sweep
reverb,0.5,0.5,0.5,0.2731249999999999,0.7985015625,0.99125,5.219802508124054,0.2268749999999999,0.2006447555285047,0.246878788968427,4.905405405405404,0.4366968318730446,0.4625,4,740,rawnet2,asvspoof2019_la,runs/pipeline/rawnet2_asv19_sweep
reverb,0.7,0.7,0.7,0.3149999999999999,0.7440109375,1.0,5.580876707270574,0.2687499999999999,0.2425030028234044,0.2925189313212361,5.810810810810809,0.4521900587072596,0.46125,6,738,rawnet2,asvspoof2019_la,runs/pipeline/rawnet2_asv19_sweep
reverb,0.9,0.9,0.9000000000000002,0.3562499999999999,0.7008999999999999,0.99,5.938046804428853,0.3099999999999999,0.281869042300369,0.3300002005037216,6.702702702702701,0.46573016271883,0.470625,6,753,rawnet2,asvspoof2019_la,runs/pipeline/rawnet2_asv19_sweep
transcode_identity,320.0,-320.0,320.0,0.0431249999999999,0.9922296875,0.1837499999999999,0.3484405484252414,-0.003125,-0.0093400045688702,0.0006291311140487,-0.067567567567568,0.0119458004079233,0.01,31,47,rawnet2,asvspoof2019_la,runs/pipeline/rawnet2_asv19_sweep
transcode_identity,256.0,-256.0,256.0,0.0431249999999999,0.9922296875,0.1837499999999999,0.3484405484252414,-0.003125,-0.0093400045688702,0.0006291311140487,-0.067567567567568,0.0119458004079233,0.01,31,47,rawnet2,asvspoof2019_la,runs/pipeline/rawnet2_asv19_sweep
transcode_identity,192.0,-192.0,192.0,0.0431249999999999,0.9922296875,0.1837499999999999,0.3484405484252414,-0.003125,-0.0093400045688702,0.0006291311140487,-0.067567567567568,0.0119458004079233,0.01,31,47,rawnet2,asvspoof2019_la,runs/pipeline/rawnet2_asv19_sweep
transmission,0.0,0.0,0.0,0.04625,0.9908921875,0.1875,0.418382074719169,0.0,0.0,0.0,0.0,0.0,0.0,37,37,rawnet2,asvspoof2019_la,runs/pipeline/rawnet2_asv19_sweep
transmission,0.01,0.01,0.010027788770389,0.05125,0.9896578125,0.20125,0.4370509571962304,0.0049999999999999,-0.0018669264347807,0.0093716787055106,0.108108108108108,0.007837489668481,0.00875,39,45,rawnet2,asvspoof2019_la,runs/pipeline/rawnet2_asv19_sweep
transmission,0.05,0.05,0.050213066383787,0.06125,0.9846234375,0.19875,0.5010590905445392,0.0149999999999999,0.0068789630679983,0.0231456325193093,0.3243243243243241,0.0233568171446156,0.03625,39,77,rawnet2,asvspoof2019_la,runs/pipeline/rawnet2_asv19_sweep
transmission,0.1,0.1,0.1000086190221701,0.0725,0.9745578125,0.38125,0.6809589104228205,0.02625,0.0156466905786197,0.0368725444537351,0.5675675675675675,0.0569339257855055,0.075625,39,134,rawnet2,asvspoof2019_la,runs/pipeline/rawnet2_asv19_sweep
transmission,0.2,0.2,0.1990158402005855,0.098125,0.96059375,0.3825,1.1949245407383096,0.051875,0.0381012739106958,0.0656239468336598,1.1216216216216215,0.1251215156520253,0.163125,34,263,rawnet2,asvspoof2019_la,runs/pipeline/rawnet2_asv19_sweep
bandpass,8000.0,-8000.0,7920.0,0.0012499999999999,0.9999328125,0.0024999999999999,0.0144180952553653,0.0,-0.0019481152787394,0.000645223967909,0.0,0.0006888416142726,0.0,1,1,ssl_aasist,asvspoof2019_la,runs/pipeline/ssl_aasist_asv19_sweep
bandpass,6000.0,-6000.0,6000.0,0.0006249999999999,0.9999234375,0.0012499999999999,0.0127703289845607,-0.000625,-0.0031445655777181,0.0011726806095018,-0.5000000000000053,0.0013027883091189,0.0,1,1,ssl_aasist,asvspoof2019_la,runs/pipeline/ssl_aasist_asv19_sweep
bandpass,4000.0,-4000.0,4000.0,0.0012499999999999,0.99994375,0.0024999999999999,0.0129911480200913,0.0,-0.0025015760931358,0.0012500709513052,0.0,0.0017244548489538,0.0,1,1,ssl_aasist,asvspoof2019_la,runs/pipeline/ssl_aasist_asv19_sweep
bandpass,3400.0,-3400.0,3400.0,0.0012499999999999,0.9998859375,0.0024999999999999,0.0137957645665305,0.0,-0.002502077507604,0.0012500709513052,0.0,0.0017791671392273,0.0,1,1,ssl_aasist,asvspoof2019_la,runs/pipeline/ssl_aasist_asv19_sweep
bandpass,2000.0,-2000.0,2000.0,0.0006249999999999,0.9993671875,0.0012499999999999,0.0165175925984419,-0.000625,-0.0031445655777181,0.001225565471889,-0.5000000000000053,0.002317429397598,0.00125,1,3,ssl_aasist,asvspoof2019_la,runs/pipeline/ssl_aasist_asv19_sweep
chirp,25.0,-25.0,24.999999886696777,0.0012499999999999,0.9999734375,0.01,0.0197065696315702,0.0,-0.0012453688319674,0.0024848767567126,0.0,0.0013368931999309,0.000625,2,1,ssl_aasist,asvspoof2019_la,runs/pipeline/ssl_aasist_asv19_sweep
chirp,20.0,-20.0,19.999999964173345,0.00125,0.99996875,0.01375,0.0188628939030529,1.3227266504323154e-17,-0.003175769591473,0.0043790987217966,1.0581813203458635e-14,0.0023725124990612,0.00125,2,2,ssl_aasist,asvspoof2019_la,runs/pipeline/ssl_aasist_asv19_sweep
chirp,15.0,-15.0,14.999999988673585,0.00375,0.999978125,0.0074999999999999,0.0126450356578752,0.0025,-0.0025010184862582,0.0044046615848809,2.000000000000044,0.0027472116589702,0.0025,1,3,ssl_aasist,asvspoof2019_la,runs/pipeline/ssl_aasist_asv19_sweep
chirp,10.0,-10.0,9.999999996421243,0.0049999999999999,0.999915625,0.03,0.0227630453119198,0.00375,-0.0018831490440365,0.0056250399416558,3.0000000000000333,0.0043194262590868,0.003125,1,4,ssl_aasist,asvspoof2019_la,runs/pipeline/ssl_aasist_asv19_sweep
chirp,5.0,-5.0,4.999999998871267,0.0074999999999999,0.99981875,0.04,0.0268563685164578,0.0062499999999999,0.0012269562733068,0.0100090679949748,5.000000000000044,0.0076577576660077,0.01,1,15,ssl_aasist,asvspoof2019_la,runs/pipeline/ssl_aasist_asv19_sweep
codec,128.0,-128.0,128.0,0.0012499999999999,0.999946875,0.00375,0.0133453067935774,0.0,-0.0006505404476588,0.0006868410218142,0.0,0.0010811894865791,0.0,1,1,ssl_aasist,asvspoof2019_la,runs/pipeline/ssl_aasist_asv19_sweep
codec,64.0,-64.0,64.0,0.0012499999999999,0.9999484375,0.00375,0.0134005408084148,0.0,-0.0012095973516371,0.0006524395815249,0.0,0.0010825022545359,0.0,1,1,ssl_aasist,asvspoof2019_la,runs/pipeline/ssl_aasist_asv19_sweep
codec,32.0,-32.0,32.0,0.0012499999999999,0.999675,0.0024999999999999,0.0146355513288691,0.0,-0.0024865959597889,0.0012270315491174,0.0,0.0021320347410933,0.001875,1,4,ssl_aasist,asvspoof2019_la,runs/pipeline/ssl_aasist_asv19_sweep
codec,24.0,-24.0,24.0,0.0012499999999999,0.9994203125,0.00375,0.0198691331379577,0.0,-0.0018790204748117,0.00130386617924,0.0,0.0035040605768896,0.00375,1,7,ssl_aasist,asvspoof2019_la,runs/pipeline/ssl_aasist_asv19_sweep
codec,16.0,-16.0,16.0,0.00375,0.9991453125000002,0.00875,0.0517887305604157,0.0025,-0.0006157825284116,0.006221720946677,2.000000000000044,0.0128217339655774,0.025625,1,42,ssl_aasist,asvspoof2019_la,runs/pipeline/ssl_aasist_asv19_sweep
codec,8.0,-8.0,8.0,0.0156249999999999,0.996,0.175,1.1121027697243355,0.014375,0.0068651452229303,0.0205953447388806,11.500000000000126,0.2110620476091813,0.301875,1,484,ssl_aasist,asvspoof2019_la,runs/pipeline/ssl_aasist_asv19_sweep
gain,-3.0,3.0,-3.0,0.0012499999999999,0.999796875,0.00375,0.0211652093986309,0.0,-0.0006476683937823,0.0006403079913407,0.0,0.0007250115727889,0.000625,2,1,ssl_aasist,asvspoof2019_la,runs/pipeline/ssl_aasist_asv19_sweep
gain,3.0,3.0,3.0,0.0012499999999999,0.99998125,0.00375,0.0142963201135553,0.0,-0.0006410462130937,0.0006181237475911,0.0,0.0006439621604042,0.0,1,1,ssl_aasist,asvspoof2019_la,runs/pipeline/ssl_aasist_asv19_sweep
gain,-10.0,10.0,-10.0,0.0024999999999999,0.999228125,0.0062499999999999,0.0256265942000481,0.0012499999999999,-0.0012469217094591,0.0025226894957449,1.0,0.0016780568483991,0.000625,2,1,ssl_aasist,asvspoof2019_la,runs/pipeline/ssl_aasist_asv19_sweep
gain,10.0,10.0,10.0,0.0012499999999999,0.9999671875,0.01,0.0116506354905565,0.0,-0.0012453300124533,0.002500006250625,0.0,0.0017980056500271,0.00125,1,3,ssl_aasist,asvspoof2019_la,runs/pipeline/ssl_aasist_asv19_sweep
gain,-20.0,20.0,-20.0,0.0024999999999999,0.998709375,0.0274999999999999,0.0238753058418554,0.0012499999999999,-0.0012360939431396,0.0044286416805855,1.0,0.0038485381443756,0.0025,1,5,ssl_aasist,asvspoof2019_la,runs/pipeline/ssl_aasist_asv19_sweep
gain,20.0,20.0,20.0,0.0168749999999999,0.99790625,0.09875,0.1052662935863988,0.015625,0.0093781426467292,0.0225172926978719,12.500000000000137,0.0299699887426528,0.06375,3,99,ssl_aasist,asvspoof2019_la,runs/pipeline/ssl_aasist_asv19_sweep
noise,30.0,-30.0,29.99999964169418,0.0024999999999999,0.9987984375,0.00375,0.033353577494861,0.0012499999999999,-0.0018612570668472,0.0025415444770283,1.0,0.0025856299514693,0.0025,4,0,ssl_aasist,asvspoof2019_la,runs/pipeline/ssl_aasist_asv19_sweep
noise,20.0,-20.0,19.99999996417316,0.00375,0.9986859375,0.0262499999999999,0.0397165573273523,0.0025,0.0,0.0062727993831024,2.000000000000044,0.004105212100633,0.0025,3,3,ssl_aasist,asvspoof2019_la,runs/pipeline/ssl_aasist_asv19_sweep
noise,15.0,-15.0,14.99999998867341,0.005,0.9985953125,0.04,0.0524879601501509,0.00375,0.0006097375300793,0.0081134006287849,3.0000000000000444,0.0066764463538552,0.005,7,3,ssl_aasist,asvspoof2019_la,runs/pipeline/ssl_aasist_asv19_sweep
noise,10.0,-10.0,9.999999996421058,0.0068749999999999,0.9981328125,0.07625,0.0774803751072939,0.0056249999999999,0.0018781719542988,0.0112570924191111,4.500000000000039,0.0137639433254594,0.006875,6,7,ssl_aasist,asvspoof2019_la,runs/pipeline/ssl_aasist_asv19_sweep
noise,5.0,-5.0,4.999999998871092,0.02875,0.994665625,0.125,0.1966871648404126,0.0275,0.0181269355289468,0.0356289756948501,22.000000000000263,0.0333256558788176,0.025625,24,19,ssl_aasist,asvspoof2019_la,runs/pipeline/ssl_aasist_asv19_sweep
noise,0.0,-0.0,-3.541433498798661e-10,0.07,0.9767890625,0.2049999999999999,0.4328969216327396,0.06875,0.0556234646587235,0.0862465654176325,55.0000000000006,0.0717559437556633,0.07875,53,75,ssl_aasist,asvspoof2019_la,runs/pipeline/ssl_aasist_asv19_sweep
reverb,0.1,0.1,0.1,0.00875,0.9987234375,0.06625,0.3064126781400862,0.0075,0.0031169623300651,0.0118784456687328,6.000000000000088,0.0739637750014691,0.125,1,201,ssl_aasist,asvspoof2019_la,runs/pipeline/ssl_aasist_asv19_sweep
reverb,0.3,0.3,0.2999999999999999,0.051875,0.98050625,0.59625,2.552927674371873,0.050625,0.0399808171403899,0.0631269593949378,40.50000000000044,0.3421945692897165,0.429375,1,688,ssl_aasist,asvspoof2019_la,runs/pipeline/ssl_aasist_asv19_sweep
reverb,0.5,0.5,0.5,0.115625,0.9402140625,0.895,4.711835515712155,0.114375,0.0943665795093876,0.1293688114401078,91.500000000001,0.4515376208733009,0.488125,1,782,ssl_aasist,asvspoof2019_la,runs/pipeline/ssl_aasist_asv19_sweep
reverb,0.7,0.7,0.7,0.168125,0.8982328125,0.98,5.522363533202948,0.166875,0.1431087066037808,0.1837735248177435,133.50000000000145,0.4758127166337126,0.495625,1,794,ssl_aasist,asvspoof2019_la,runs/pipeline/ssl_aasist_asv19_sweep
reverb,0.9,0.9,0.9000000000000002,0.176875,0.8857203124999999,0.9675,5.608682795932321,0.175625,0.1593755169280352,0.196904463927314,140.5000000000015,0.4803340018041936,0.495625,1,794,ssl_aasist,asvspoof2019_la,runs/pipeline/ssl_aasist_asv19_sweep
transcode_identity,320.0,-320.0,320.0,0.0012499999999999,0.9999484375,0.00375,0.0133785765710278,0.0,-0.0006505404476588,0.0006868410218142,0.0,0.0010821616424224,0.0,1,1,ssl_aasist,asvspoof2019_la,runs/pipeline/ssl_aasist_asv19_sweep
transcode_identity,256.0,-256.0,256.0,0.0012499999999999,0.9999484375,0.00375,0.0133785765710278,0.0,-0.0006505404476588,0.0006868410218142,0.0,0.0010821616424224,0.0,1,1,ssl_aasist,asvspoof2019_la,runs/pipeline/ssl_aasist_asv19_sweep
transcode_identity,192.0,-192.0,192.0,0.0012499999999999,0.9999484375,0.00375,0.0133785765710278,0.0,-0.0006505404476588,0.0006868410218142,0.0,0.0010821616424224,0.0,1,1,ssl_aasist,asvspoof2019_la,runs/pipeline/ssl_aasist_asv19_sweep
transmission,0.0,0.0,0.0,0.0012499999999999,0.99993125,0.00375,0.0170104521458405,0.0,0.0,0.0,0.0,0.0,0.0,1,1,ssl_aasist,asvspoof2019_la,runs/pipeline/ssl_aasist_asv19_sweep
transmission,0.01,0.01,0.010027788770389,0.00375,0.9997453125,0.01375,0.0237190380634702,0.0025,-0.0006242197253433,0.005000949985305,2.000000000000044,0.0022392709204373,0.004375,1,8,ssl_aasist,asvspoof2019_la,runs/pipeline/ssl_aasist_asv19_sweep
transmission,0.05,0.05,0.050213066383787,0.0018749999999999,0.99919375,0.005,0.0640919486874591,0.0006249999999999,-0.0018719408177088,0.0043844699756944,0.4999999999999946,0.0208908762553898,0.05125,1,83,ssl_aasist,asvspoof2019_la,runs/pipeline/ssl_aasist_asv19_sweep
transmission,0.1,0.1,0.1000086190221701,0.004375,0.9988265625,0.0124999999999999,0.3905769811957424,0.003125,-0.0006345379227162,0.0056116793199946,2.500000000000038,0.1099507161235748,0.194375,1,312,ssl_aasist,asvspoof2019_la,runs/pipeline/ssl_aasist_asv19_sweep
transmission,0.2,0.2,0.1990158402005855,0.0056249999999999,0.9986234375,0.04375,1.8966179086242485,0.004375,0.0006188118811881,0.0087846564878508,3.500000000000038,0.3520005392323979,0.43,1,689,ssl_aasist,asvspoof2019_la,runs/pipeline/ssl_aasist_asv19_sweep
bandpass,8000.0,-8000.0,7920.0,0.0024999999999999,0.999990625,0.0024999999999999,0.0198316138422667,0.000625,-0.0031019916454264,0.0006394066561657,0.3333333333333381,0.0014653690807394,0.0,2,1,xlsr_mamba,asvspoof2019_la,runs/pipeline/xlsr_mamba_asv19_sweep
bandpass,6000.0,-6000.0,6000.0,0.0006249999999999,0.9999953125,0.0012499999999999,0.0096062451195443,-0.0012499999999999,-0.0037539729064076,0.0006453507959235,-0.6666666666666691,0.0041132773110335,0.00125,1,0,xlsr_mamba,asvspoof2019_la,runs/pipeline/xlsr_mamba_asv19_sweep
bandpass,4000.0,-4000.0,4000.0,0.0,1.0,0.0,0.0045705565305911,-0.0018749999999999,-0.0050113373750652,0.0,-1.0,0.006163984030936,0.003125,0,2,xlsr_mamba,asvspoof2019_la,runs/pipeline/xlsr_mamba_asv19_sweep
bandpass,3400.0,-3400.0,3400.0,0.0,1.0,0.0,0.0045353429046069,-0.0018749999999999,-0.0050113373750652,0.0,-1.0,0.0064393106200112,0.003125,0,2,xlsr_mamba,asvspoof2019_la,runs/pipeline/xlsr_mamba_asv19_sweep
bandpass,2000.0,-2000.0,2000.0,0.00125,0.9999203125,0.02875,0.0095215889477371,-0.0006249999999999,-0.0037506000980732,0.0037911378182462,-0.3333333333333239,0.0073992558026209,0.003125,0,2,xlsr_mamba,asvspoof2019_la,runs/pipeline/xlsr_mamba_asv19_sweep
chirp,25.0,-25.0,24.999999886696777,0.00375,0.9999671875,0.0062499999999999,0.0211771152019203,0.001875,-0.0025002500250024,0.0050020213279178,1.0000000000000366,0.0045748995344549,0.003125,2,4,xlsr_mamba,asvspoof2019_la,runs/pipeline/xlsr_mamba_asv19_sweep
chirp,20.0,-20.0,19.999999964173345,0.0024999999999999,0.999959375,0.00875,0.0216578481566481,0.000625,-0.0025026713204678,0.0056149640670679,0.3333333333333381,0.0066202301442696,0.004375,2,6,xlsr_mamba,asvspoof2019_la,runs/pipeline/xlsr_mamba_asv19_sweep
chirp,15.0,-15.0,14.999999988673585,0.003125,0.999940625,0.0162499999999999,0.0202913451051998,0.00125,-0.0018848636598689,0.0062508008844585,0.6666666666666987,0.0092055256672565,0.008125,0,12,xlsr_mamba,asvspoof2019_la,runs/pipeline/xlsr_mamba_asv19_sweep
chirp,10.0,-10.0,9.999999996421243,0.005,0.9998125,0.01,0.0280821843912569,0.003125,-0.0006330121744739,0.0087440052713017,1.6666666666667058,0.0126398609577812,0.020625,1,31,xlsr_mamba,asvspoof2019_la,runs/pipeline/xlsr_mamba_asv19_sweep
chirp,5.0,-5.0,4.999999998871267,0.00875,0.9990234375,0.1012499999999999,0.0592677943062156,0.006875,0.0006319726306917,0.0106334618176832,3.666666666666742,0.025231925090658,0.0425,2,67,xlsr_mamba,asvspoof2019_la,runs/pipeline/xlsr_mamba_asv19_sweep
codec,128.0,-128.0,128.0,0.0006249999999999,0.999996875,0.0012499999999999,0.0132842785048523,-0.0012499999999999,-0.0037891618269464,0.0006281407035175,-0.6666666666666691,0.0028557741352581,0.00125,1,0,xlsr_mamba,asvspoof2019_la,runs/pipeline/xlsr_mamba_asv19_sweep
codec,64.0,-64.0,64.0,0.0012499999999999,0.9999984375,0.0012499999999999,0.0116365530642526,-0.0006249999999999,-0.004388389232148,0.0006032278039982,-0.3333333333333309,0.0032158212442242,0.00125,1,0,xlsr_mamba,asvspoof2019_la,runs/pipeline/xlsr_mamba_asv19_sweep
codec,32.0,-32.0,32.0,0.0012499999999999,0.9999984375,0.0012499999999999,0.0055651845254749,-0.0006249999999999,-0.005000389093081,0.001253685125922,-0.3333333333333309,0.0056227296506512,0.0025,0,1,xlsr_mamba,asvspoof2019_la,runs/pipeline/xlsr_mamba_asv19_sweep
codec,24.0,-24.0,24.0,0.000625,0.999990625,0.0074999999999999,0.006517581639403,-0.0012499999999999,-0.0043742646472885,0.0025239078086299,-0.6666666666666619,0.0071858932900129,0.004375,0,4,xlsr_mamba,asvspoof2019_la,runs/pipeline/xlsr_mamba_asv19_sweep
codec,16.0,-16.0,16.0,0.0031249999999999,0.99943125,0.0737499999999999,0.0265161589492056,0.0012499999999999,-0.0025001433677128,0.0069191904489039,0.666666666666676,0.0107785011658145,0.010625,1,13,xlsr_mamba,asvspoof2019_la,runs/pipeline/xlsr_mamba_asv19_sweep
codec,8.0,-8.0,8.0,0.0949999999999999,0.9678046875,0.76125,1.4044223862309015,0.093125,0.0774795355650717,0.106246382424191,49.666666666667375,0.2414424068356392,0.313125,0,500,xlsr_mamba,asvspoof2019_la,runs/pipeline/xlsr_mamba_asv19_sweep
gain,-3.0,3.0,-3.0,0.0018749999999999,0.9999828125,0.00375,0.0272548547327582,0.0,-0.0018727405199838,0.0031333919808651,0.0,0.0022183739066749,0.0025,5,0,xlsr_mamba,asvspoof2019_la,runs/pipeline/xlsr_mamba_asv19_sweep
gain,3.0,3.0,3.0,0.0024999999999999,0.9999828125,0.005,0.0205610646983056,0.000625,-0.0012225312955442,0.0031235351470946,0.3333333333333381,0.0026171074583918,0.00125,3,2,xlsr_mamba,asvspoof2019_la,runs/pipeline/xlsr_mamba_asv19_sweep
gain,-10.0,10.0,-10.0,0.00375,0.9999671875,0.005,0.0301340752338391,0.001875,-0.0018992253130683,0.0043835920135562,1.0000000000000366,0.0050838306086827,0.003125,6,0,xlsr_mamba,asvspoof2019_la,runs/pipeline/xlsr_mamba_asv19_sweep
gain,10.0,10.0,10.0,0.005625,0.999846875,0.0124999999999999,0.0313879744224929,0.00375,0.0006319334702907,0.0093593641662004,2.0000000000000435,0.0137652033024404,0.0125,3,18,xlsr_mamba,asvspoof2019_la,runs/pipeline/xlsr_mamba_asv19_sweep
gain,-20.0,20.0,-20.0,0.0056249999999999,0.9997125,0.025,0.0530004326852284,0.00375,0.0,0.0106323672539546,2.0000000000000293,0.0173869974262333,0.02125,1,30,xlsr_mamba,asvspoof2019_la,runs/pipeline/xlsr_mamba_asv19_sweep
gain,20.0,20.0,20.0,0.0331249999999999,0.9926453125,0.215,0.4191362975023305,0.03125,0.0218799237371035,0.0406228989958111,16.666666666666902,0.1797143840698022,0.315,0,503,xlsr_mamba,asvspoof2019_la,runs/pipeline/xlsr_mamba_asv19_sweep
noise,30.0,-30.0,29.99999964169418,0.00375,0.9999046875,0.0262499999999999,0.0420751437852084,0.001875,-0.0006250982704402,0.0075062043470305,1.0000000000000295,0.0080225402966947,0.003125,4,2,xlsr_mamba,asvspoof2019_la,runs/pipeline/xlsr_mamba_asv19_sweep
noise,20.0,-20.0,19.99999996417316,0.0118749999999999,0.9982359375,0.0462499999999999,0.0809844421053738,0.01,0.0018990392449624,0.0156801509558383,5.333333333333418,0.0380284365234366,0.065625,4,102,xlsr_mamba,asvspoof2019_la,runs/pipeline/xlsr_mamba_asv19_sweep
noise,15.0,-15.0,14.99999998867341,0.015,0.9952328125,0.0412499999999999,0.1742609277004642,0.013125,0.0062438692288355,0.0206349207090156,7.000000000000116,0.0943534464378046,0.238125,3,377,xlsr_mamba,asvspoof2019_la,runs/pipeline/xlsr_mamba_asv19_sweep
noise,10.0,-10.0,9.999999996421058,0.0225,0.995471875,0.0862499999999999,0.2153457143416183,0.020625,0.0143534822505336,0.0306546526691029,11.000000000000185,0.1194367513427383,0.314375,1,501,xlsr_mamba,asvspoof2019_la,runs/pipeline/xlsr_mamba_asv19_sweep
noise,5.0,-5.0,4.999999998871092,0.045625,0.9922984375,0.1225,0.2299922377671243,0.04375,0.0325001911512622,0.054416904770293,23.33333333333368,0.123903360464031,0.271875,1,431,xlsr_mamba,asvspoof2019_la,runs/pipeline/xlsr_mamba_asv19_sweep
noise,0.0,-0.0,-3.541433498798661e-10,0.061875,0.98086875,0.2425,0.2879991721480134,0.06,0.0500151296041398,0.0749797505761064,32.00000000000047,0.1438548493381332,0.30625,2,487,xlsr_mamba,asvspoof2019_la,runs/pipeline/xlsr_mamba_asv19_sweep
reverb,0.1,0.1,0.1,0.0068749999999999,0.9995953125,0.0362499999999999,0.0338541099516895,0.005,0.0005958660120714,0.0112158650382306,2.6666666666667123,0.0151005016562286,0.020625,0,32,xlsr_mamba,asvspoof2019_la,runs/pipeline/xlsr_mamba_asv19_sweep
reverb,0.3,0.3,0.2999999999999999,0.09875,0.943490625,0.9725,0.81720950479172,0.096875,0.080590788769197,0.1162476796729979,51.66666666666741,0.1791176046617636,0.273125,1,435,xlsr_mamba,asvspoof2019_la,runs/pipeline/xlsr_mamba_asv19_sweep
reverb,0.5,0.5,0.5,0.2987499999999999,0.7755390624999999,0.99625,2.212179412988157,0.296875,0.2731376217949164,0.3224796675441003,158.33333333333556,0.3666977143055385,0.45125,1,720,xlsr_mamba,asvspoof2019_la,runs/pipeline/xlsr_mamba_asv19_sweep
reverb,0.7,0.7,0.7,0.441875,0.618809375,0.9925,3.2487132778992405,0.44,0.4137093566715542,0.4612224066605493,234.66666666667,0.4537030898730056,0.4925,1,786,xlsr_mamba,asvspoof2019_la,runs/pipeline/xlsr_mamba_asv19_sweep
reverb,0.9,0.9,0.9000000000000002,0.519375,0.5044593749999999,0.99875,3.872636343153395,0.5175000000000001,0.4918733254071317,0.5456118434532121,276.0000000000039,0.4867904379304728,0.49875,1,796,xlsr_mamba,asvspoof2019_la,runs/pipeline/xlsr_mamba_asv19_sweep
transcode_identity,320.0,-320.0,320.0,0.0006249999999999,0.999996875,0.0012499999999999,0.0133474077241033,-0.0012499999999999,-0.0037891618269464,0.0006281407035175,-0.6666666666666691,0.0028524346247078,0.00125,1,0,xlsr_mamba,asvspoof2019_la,runs/pipeline/xlsr_mamba_asv19_sweep
transcode_identity,256.0,-256.0,256.0,0.0006249999999999,0.999996875,0.0012499999999999,0.0133474077241033,-0.0012499999999999,-0.0037891618269464,0.0006281407035175,-0.6666666666666691,0.0028524346247078,0.00125,1,0,xlsr_mamba,asvspoof2019_la,runs/pipeline/xlsr_mamba_asv19_sweep
transcode_identity,192.0,-192.0,192.0,0.0006249999999999,0.999996875,0.0012499999999999,0.0133474077241033,-0.0012499999999999,-0.0037891618269464,0.0006281407035175,-0.6666666666666691,0.0028524346247078,0.00125,1,0,xlsr_mamba,asvspoof2019_la,runs/pipeline/xlsr_mamba_asv19_sweep
transmission,0.0,0.0,0.0,0.0018749999999999,0.9999875,0.00375,0.0237951569423324,0.0,0.0,0.0,0.0,0.0,0.0,2,1,xlsr_mamba,asvspoof2019_la,runs/pipeline/xlsr_mamba_asv19_sweep
transmission,0.01,0.01,0.010027788770389,0.00375,0.9999453125,0.0174999999999999,0.0251447897611172,0.001875,-0.0012674673331917,0.0050314970794007,1.0000000000000366,0.0031731473560585,0.00125,2,3,xlsr_mamba,asvspoof2019_la,runs/pipeline/xlsr_mamba_asv19_sweep
transmission,0.05,0.05,0.050213066383787,0.005625,0.9993984375,0.0537499999999999,0.0415028541079313,0.00375,-0.0018640432565531,0.0075047024590381,2.0000000000000435,0.0164220556243523,0.018125,0,28,xlsr_mamba,asvspoof2019_la,runs/pipeline/xlsr_mamba_asv19_sweep
transmission,0.1,0.1,0.1000086190221701,0.019375,0.99700625,0.1962499999999999,0.3277705799206771,0.0175,0.0100012439065773,0.0262510828620676,9.333333333333492,0.0723568124048171,0.1025,0,163,xlsr_mamba,asvspoof2019_la,runs/pipeline/xlsr_mamba_asv19_sweep
transmission,0.2,0.2,0.1990158402005855,0.0687499999999999,0.97505859375,0.69875,2.184533128181561,0.066875,0.0550064872923707,0.0812500126953918,35.66666666666718,0.3238348463580316,0.379375,0,606,xlsr_mamba,asvspoof2019_la,runs/pipeline/xlsr_mamba_asv19_sweep
bandpass,8000.0,-8000.0,7920.0,0.1162499999999999,0.9546171875,0.54875,1.949794618122124,0.0,-0.0074709858775382,0.0100480061492091,0.0,0.0226484072640466,0.0175,95,93,ssl_aasist,in_the_wild,runs/pipeline/ssl_aasist_itw_sweep
bandpass,6000.0,-6000.0,6000.0,0.113125,0.9520296874999998,0.5875,2.0324592027671597,-0.0031249999999999,-0.0093654389429037,0.0093777892284541,-0.0268817204301071,0.0334777339414659,0.0275,89,93,ssl_aasist,in_the_wild,runs/pipeline/ssl_aasist_itw_sweep
bandpass,4000.0,-4000.0,4000.0,0.114375,0.9514984375,0.5575,2.202619594589633,-0.0018749999999999,-0.009372143972273,0.0106209930617879,-0.0161290322580644,0.0550679428997977,0.036875,83,104,ssl_aasist,in_the_wild,runs/pipeline/ssl_aasist_itw_sweep
bandpass,3400.0,-3400.0,3400.0,0.120625,0.9498921875000002,0.57625,2.25372350720416,0.004375,-0.0062565289871629,0.0143743472910608,0.0376344086021505,0.0644409851422168,0.039375,86,105,ssl_aasist,in_the_wild,runs/pipeline/ssl_aasist_itw_sweep
bandpass,2000.0,-2000.0,2000.0,0.138125,0.9315734375,0.6950000000000001,2.667081867688068,0.021875,0.010002575680038,0.0362405776778051,0.188172043010753,0.1076637029186657,0.065,99,121,ssl_aasist,in_the_wild,runs/pipeline/ssl_aasist_itw_sweep
chirp,25.0,-25.0,24.999993921179307,0.16625,0.9194609375,0.7337499999999999,1.931701232137748,0.05,0.0356345381789028,0.0631232952847127,0.4301075268817206,0.0457688835375597,0.08125,191,77,ssl_aasist,in_the_wild,runs/pipeline/ssl_aasist_itw_sweep
chirp,20.0,-20.0,19.999998077429662,0.1731249999999999,0.906040625,0.85,2.025575371975116,0.0568749999999999,0.0424990046982832,0.0712790267727498,0.4892473118279568,0.0589069094193175,0.096875,212,81,ssl_aasist,in_the_wild,runs/pipeline/ssl_aasist_itw_sweep
chirp,15.0,-15.0,14.99999939200469,0.19625,0.8926562499999999,0.7749999999999999,2.1572669327166287,0.08,0.0625003124814389,0.0974643681143019,0.6881720430107531,0.074293908751188,0.11875,236,84,ssl_aasist,in_the_wild,runs/pipeline/ssl_aasist_itw_sweep
chirp,10.0,-10.0,9.999999807735156,0.2099999999999999,0.8761859375000003,0.91875,2.350345298064192,0.0937499999999999,0.0768786720551398,0.1143745422239662,0.8064516129032256,0.0912417851499665,0.138125,254,93,ssl_aasist,in_the_wild,runs/pipeline/ssl_aasist_itw_sweep
chirp,5.0,-5.0,4.999999939203206,0.2212499999999999,0.8581203125000001,0.9325,2.632466017601639,0.1049999999999999,0.0893348820238117,0.1250242817663353,0.9032258064516128,0.12237211174108,0.15,261,119,ssl_aasist,in_the_wild,runs/pipeline/ssl_aasist_itw_sweep
codec,128.0,-128.0,128.0,0.118125,0.953396875,0.53625,1.9779407986628488,0.001875,-0.0043839376580806,0.0082151317134922,0.0161290322580647,0.0143344353159877,0.010625,98,95,ssl_aasist,in_the_wild,runs/pipeline/ssl_aasist_itw_sweep
codec,64.0,-64.0,64.0,0.1156249999999999,0.9536296875,0.54625,1.9946597435242748,-0.000625,-0.0062159672925055,0.0068774404640064,-0.0053763440860216,0.0167678040658152,0.013125,90,95,ssl_aasist,in_the_wild,runs/pipeline/ssl_aasist_itw_sweep
codec,32.0,-32.0,32.0,0.1112499999999999,0.9512875,0.63625,2.468276584416839,-0.005,-0.0124714754001714,0.0075082894664708,-0.043010752688172,0.0552255652873049,0.0375,68,124,ssl_aasist,in_the_wild,runs/pipeline/ssl_aasist_itw_sweep
codec,24.0,-24.0,24.0,0.114375,0.9492,0.65125,2.7083007821601024,-0.0018749999999999,-0.0118687084185713,0.0112521730831716,-0.0161290322580644,0.0725920508402952,0.0625,58,146,ssl_aasist,in_the_wild,runs/pipeline/ssl_aasist_itw_sweep
codec,16.0,-16.0,16.0,0.110625,0.946409375,0.7050000000000001,3.357584248539716,-0.0056249999999999,-0.0181231837464465,0.0081208455983388,-0.0483870967741934,0.1199260266597634,0.101875,41,200,ssl_aasist,in_the_wild,runs/pipeline/ssl_aasist_itw_sweep
codec,8.0,-8.0,8.0,0.195625,0.87649375,0.9225,6.39994661406829,0.079375,0.0581157368150896,0.1006474739627424,0.6827956989247312,0.2138438827821902,0.313125,25,508,ssl_aasist,in_the_wild,runs/pipeline/ssl_aasist_itw_sweep
gain,-3.0,3.0,-3.0,0.12875,0.9476859375,0.59875,1.989345217423368,0.0125,0.003736563577767,0.0231232087506084,0.1075268817204304,0.0380869407710155,0.030625,111,90,ssl_aasist,in_the_wild,runs/pipeline/ssl_aasist_itw_sweep
gain,3.0,3.0,3.0,0.113125,0.9548328125,0.5274999999999999,1.92743032712932,-0.0031249999999999,-0.0087811864029493,0.0074969832979135,-0.0268817204301074,0.0318929886999116,0.02125,91,91,ssl_aasist,in_the_wild,runs/pipeline/ssl_aasist_itw_sweep
gain,-10.0,10.0,-10.0,0.185,0.9005,0.8025,2.6679811840027248,0.06875,0.0499971567691892,0.0856545845526893,0.591397849462366,0.1255206390679415,0.1175,176,116,ssl_aasist,in_the_wild,runs/pipeline/ssl_aasist_itw_sweep
gain,10.0,10.0,10.0,0.129375,0.94974375,0.4937499999999999,2.4098097579012943,0.013125,0.0018971788115714,0.0249858491895061,0.1129032258064518,0.0932653632953209,0.055625,84,133,ssl_aasist,in_the_wild,runs/pipeline/ssl_aasist_itw_sweep
gain,-20.0,20.0,-20.0,0.3818749999999999,0.6801109375000001,0.9675,3.4623110757987776,0.265625,0.2387558126453161,0.2912476576773258,2.28494623655914,0.210282846999933,0.336875,473,146,ssl_aasist,in_the_wild,runs/pipeline/ssl_aasist_itw_sweep
gain,20.0,20.0,20.0,0.169375,0.9107703125,0.65625,4.515417513788103,0.053125,0.0387409291815033,0.0712463690801999,0.456989247311828,0.1868863780642837,0.205625,49,352,ssl_aasist,in_the_wild,runs/pipeline/ssl_aasist_itw_sweep
noise,30.0,-30.0,29.99998078595794,0.133125,0.94389375,0.59,1.9956815223457731,0.016875,0.0081201160356754,0.0262369502161508,0.1451612903225806,0.0340065049230209,0.02875,119,91,ssl_aasist,in_the_wild,runs/pipeline/ssl_aasist_itw_sweep
noise,20.0,-20.0,19.999998077429485,0.1843749999999999,0.9010281249999998,0.75125,2.828722954350581,0.0681249999999999,0.051242621169247,0.0837084202385183,0.586021505376344,0.1103370970918489,0.091875,155,128,ssl_aasist,in_the_wild,runs/pipeline/ssl_aasist_itw_sweep
noise,15.0,-15.0,14.999999392004517,0.201875,0.8715078125,0.84,3.5326203019162,0.085625,0.066930316692198,0.1037702737354958,0.7365591397849466,0.1644642520046318,0.124375,162,159,ssl_aasist,in_the_wild,runs/pipeline/ssl_aasist_itw_sweep
noise,10.0,-10.0,9.999999807734977,0.2175,0.8484671875,0.96375,4.006237061636992,0.10125,0.0837091015079798,0.1230921941558465,0.870967741935484,0.1995420953935192,0.1625,169,183,ssl_aasist,in_the_wild,runs/pipeline/ssl_aasist_itw_sweep
noise,5.0,-5.0,4.999999939203029,0.271875,0.8025609375,0.99125,3.7455219109541247,0.1556249999999999,0.1318066873185374,0.1762404125493485,1.3387096774193548,0.204460231054182,0.22375,300,134,ssl_aasist,in_the_wild,runs/pipeline/ssl_aasist_itw_sweep
noise,0.0,-0.0,-1.9222870206218116e-08,0.36375,0.6960796875,0.98,2.865093029123437,0.2475,0.2243743716007401,0.2781179710321254,2.1290322580645165,0.2223784313275275,0.375625,579,54,ssl_aasist,in_the_wild,runs/pipeline/ssl_aasist_itw_sweep
reverb,0.1,0.1,0.1,0.2106249999999999,0.8707953125000001,0.885,6.297153080277332,0.0943749999999999,0.0725003228519167,0.1149885630341756,0.8118279569892473,0.2093313598453873,0.299375,25,498,ssl_aasist,in_the_wild,runs/pipeline/ssl_aasist_itw_sweep
reverb,0.3,0.3,0.2999999999999999,0.2987499999999999,0.7561609375,0.98375,8.663976976328788,0.1824999999999999,0.1581088431627093,0.2106398935234653,1.5698924731182795,0.2345754841104767,0.475625,5,764,ssl_aasist,in_the_wild,runs/pipeline/ssl_aasist_itw_sweep
reverb,0.5,0.5,0.5,0.35375,0.6911046875000001,0.99625,8.755906594507056,0.2375,0.2125010943626196,0.2681403388936723,2.0430107526881724,0.235049414205872,0.485625,13,774,ssl_aasist,in_the_wild,runs/pipeline/ssl_aasist_itw_sweep
reverb,0.7,0.7,0.7,0.3924999999999999,0.6522765625000001,0.99875,8.657188586129159,0.27625,0.2506293079188779,0.307487282062112,2.376344086021505,0.2358608833191642,0.4925,25,775,ssl_aasist,in_the_wild,runs/pipeline/ssl_aasist_itw_sweep
reverb,0.9,0.9,0.9000000000000002,0.390625,0.62206875,1.0,8.492029299211534,0.274375,0.2512155715048509,0.3062696261275907,2.360215053763441,0.2365002193186646,0.495,40,762,ssl_aasist,in_the_wild,runs/pipeline/ssl_aasist_itw_sweep
transcode_identity,320.0,-320.0,320.0,0.118125,0.953403125,0.5387500000000001,1.977774801133677,0.001875,-0.0044296799462882,0.0081353331280817,0.0161290322580647,0.014270715625303,0.01125,97,95,ssl_aasist,in_the_wild,runs/pipeline/ssl_aasist_itw_sweep
transcode_identity,256.0,-256.0,256.0,0.118125,0.953403125,0.5387500000000001,1.977774801133677,0.001875,-0.0044296799462882,0.0081353331280817,0.0161290322580647,0.014270715625303,0.01125,97,95,ssl_aasist,in_the_wild,runs/pipeline/ssl_aasist_itw_sweep
transcode_identity,192.0,-192.0,192.0,0.118125,0.953403125,0.5387500000000001,1.977774801133677,0.001875,-0.0044296799462882,0.0081353331280817,0.0161290322580647,0.014270715625303,0.01125,97,95,ssl_aasist,in_the_wild,runs/pipeline/ssl_aasist_itw_sweep
transmission,0.0,0.0,0.0,0.1162499999999999,0.9535625,0.5675,1.8892317795829576,0.0,0.0,0.0,0.0,0.0,0.0,93,93,ssl_aasist,in_the_wild,runs/pipeline/ssl_aasist_itw_sweep
transmission,0.01,0.01,0.0098224418608785,0.119375,0.9533515625,0.52125,2.318322268080318,0.003125,-0.0100115955673848,0.0131444572987604,0.0268817204301077,0.0369655747257623,0.03375,75,125,ssl_aasist,in_the_wild,runs/pipeline/ssl_aasist_itw_sweep
transmission,0.05,0.05,0.0504099734556357,0.1106249999999999,0.9491203125,0.6475,4.05772654140466,-0.005625,-0.022503093344425,0.0100000812674606,-0.0483870967741937,0.1365126977734546,0.16,32,286,ssl_aasist,in_the_wild,runs/pipeline/ssl_aasist_itw_sweep
transmission,0.1,0.1,0.098551582663714,0.1324999999999999,0.938821875,0.7162499999999999,5.675278651241224,0.0162499999999999,-0.0043738596058583,0.032541287484794,0.139784946236559,0.1931823861893316,0.28,16,460,ssl_aasist,in_the_wild,runs/pipeline/ssl_aasist_itw_sweep
transmission,0.2,0.2,0.2000974472388898,0.16,0.9161296875,0.7375,7.707221504544544,0.04375,0.0231244585126817,0.0668728167202214,0.3763440860215057,0.2282036219381555,0.415625,6,667,ssl_aasist,in_the_wild,runs/pipeline/ssl_aasist_itw_sweep
bandpass,8000.0,-8000.0,7920.0,0.08125,0.980453125,0.6325,0.8425297489358842,0.006875,-0.005000389093081,0.0093677512301736,0.0924369747899162,0.0044934606232283,0.015,59,64,ssl_aasist,asvspoof2021_la,runs/pipeline/ssl_aasist_asv21_sweep
bandpass,6000.0,-6000.0,6000.0,0.0775,0.9803984375,0.6525,0.8480321879554236,0.003125,-0.0062654005555899,0.0087427157799132,0.0420168067226893,0.0050343169261763,0.015625,50,64,ssl_aasist,asvspoof2021_la,runs/pipeline/ssl_aasist_asv21_sweep
bandpass,4000.0,-4000.0,4000.0,0.0774999999999999,0.982040625,0.605,0.8517366629726771,0.0031249999999999,-0.0094094431503221,0.0056318131813181,0.0420168067226889,0.0056797426014053,0.01875,45,66,ssl_aasist,asvspoof2021_la,runs/pipeline/ssl_aasist_asv21_sweep
bandpass,3400.0,-3400.0,3400.0,0.07125,0.982690625,0.615,0.8471948935698421,-0.0031249999999999,-0.0150068656616873,0.0025082371585163,-0.0420168067226889,0.0056917252009435,0.024375,40,66,ssl_aasist,asvspoof2021_la,runs/pipeline/ssl_aasist_asv21_sweep
bandpass,2000.0,-2000.0,2000.0,0.07375,0.98351875,0.5525,0.8428448296746975,-0.0006249999999999,-0.0149822838107147,0.004359929887322,-0.0084033613445376,0.0078899328315825,0.03125,40,67,ssl_aasist,asvspoof2021_la,runs/pipeline/ssl_aasist_asv21_sweep
chirp,25.0,-25.0,24.999999890185787,0.078125,0.9797234375,0.61,0.8160459159601622,0.00375,-0.0062513954952106,0.008756670472514,0.0504201680672269,0.0056029456699903,0.025625,74,58,ssl_aasist,asvspoof2021_la,runs/pipeline/ssl_aasist_asv21_sweep
chirp,20.0,-20.0,19.999999965276665,0.0799999999999999,0.979153125,0.6037499999999999,0.8223871926587116,0.0056249999999999,-0.0043782555271575,0.0118667903444785,0.0756302521008402,0.007895619661958,0.03,81,58,ssl_aasist,asvspoof2021_la,runs/pipeline/ssl_aasist_asv21_sweep
chirp,15.0,-15.0,14.999999989022488,0.0824999999999999,0.9778359375,0.60875,0.8412980959047369,0.0081249999999999,-0.0043685382729619,0.0125241996172515,0.1092436974789915,0.0119711804109053,0.03375,81,60,ssl_aasist,asvspoof2021_la,runs/pipeline/ssl_aasist_asv21_sweep
chirp,10.0,-10.0,9.999999996531574,0.0837499999999999,0.975746875,0.65625,0.8491065441828816,0.0093749999999999,-0.0006289903754526,0.0174986570830036,0.1260504201680671,0.0142797596214006,0.043125,92,62,ssl_aasist,asvspoof2021_la,runs/pipeline/ssl_aasist_asv21_sweep
chirp,5.0,-5.0,4.999999998906158,0.088125,0.9734625,0.69125,0.8791763364606183,0.0137499999999999,0.0024778704538117,0.0218707656664438,0.1848739495798319,0.0261819326143641,0.06,107,60,ssl_aasist,asvspoof2021_la,runs/pipeline/ssl_aasist_asv21_sweep
codec,128.0,-128.0,128.0,0.0725,0.9807765625,0.62125,0.8431782360839578,-0.0018749999999999,-0.0100027476738209,0.0031235756761932,-0.0252100840336132,0.0011236765922106,0.010625,50,62,ssl_aasist,asvspoof2021_la,runs/pipeline/ssl_aasist_asv21_sweep
codec,64.0,-64.0,64.0,0.0743749999999999,0.9807390625,0.6275,0.8481526513268477,-2.775557561562892e-17,-0.0093652395328488,0.0056086653036704,-3.731842099580358e-16,0.0012792630419263,0.015,49,64,ssl_aasist,asvspoof2021_la,runs/pipeline/ssl_aasist_asv21_sweep
codec,32.0,-32.0,32.0,0.075625,0.9817203125,0.6025,0.8918602395994799,0.00125,-0.0100086892796259,0.008748490232016,0.016806722689076,0.003817348304983,0.028125,32,74,ssl_aasist,asvspoof2021_la,runs/pipeline/ssl_aasist_asv21_sweep
codec,24.0,-24.0,24.0,0.0693749999999999,0.980715625,0.615,0.9434853240737588,-0.005,-0.0162533034844988,0.0043758081313318,-0.0672268907563027,0.011941633750807,0.0375,27,76,ssl_aasist,asvspoof2021_la,runs/pipeline/ssl_aasist_asv21_sweep
codec,16.0,-16.0,16.0,0.078125,0.98025625,0.62125,1.122789386017092,0.00375,-0.0094421918796327,0.0112818230811208,0.0504201680672269,0.0499361566998152,0.04125,18,79,ssl_aasist,asvspoof2021_la,runs/pipeline/ssl_aasist_asv21_sweep
codec,8.0,-8.0,8.0,0.096875,0.9620359375,0.8425,2.4343184528540083,0.0225,0.0080520822409418,0.0356250446291852,0.3025210084033616,0.2184057173514406,0.070625,17,117,ssl_aasist,asvspoof2021_la,runs/pipeline/ssl_aasist_asv21_sweep
gain,-3.0,3.0,-3.0,0.075625,0.9806203125,0.6237499999999999,0.8267932899326246,0.00125,-0.0075022975786334,0.0050092602459024,0.016806722689076,0.0018078235891745,0.019375,68,56,ssl_aasist,asvspoof2021_la,runs/pipeline/ssl_aasist_asv21_sweep
gain,3.0,3.0,3.0,0.0787499999999999,0.9797453125,0.6275,0.851419664062333,0.0043749999999999,-0.0062567287514472,0.0081449024304512,0.0588235294117645,0.0016792964860215,0.016875,55,65,ssl_aasist,asvspoof2021_la,runs/pipeline/ssl_aasist_asv21_sweep
gain,-10.0,10.0,-10.0,0.080625,0.980284375,0.595,0.826525850273132,0.00625,-0.004975033649749,0.0112500188965221,0.0840336134453786,0.0063141887174724,0.0325,67,62,ssl_aasist,asvspoof2021_la,runs/pipeline/ssl_aasist_asv21_sweep
gain,10.0,10.0,10.0,0.090625,0.9722828125,0.7275,0.9005019504434228,0.01625,0.0024997922661094,0.0225299064164095,0.2184873949579834,0.005824063682838,0.040625,55,73,ssl_aasist,asvspoof2021_la,runs/pipeline/ssl_aasist_asv21_sweep
gain,-20.0,20.0,-20.0,0.0775,0.9777765625,0.6074999999999999,0.8364728914688982,0.003125,-0.006908168070619,0.0131328921129048,0.0420168067226893,0.0218752967343209,0.06625,92,49,ssl_aasist,asvspoof2021_la,runs/pipeline/ssl_aasist_asv21_sweep
gain,20.0,20.0,20.0,0.105625,0.9562734375,0.8975,1.1430255849307966,0.03125,0.0131582564593918,0.0381232195064373,0.4201680672268907,0.0602218280823519,0.070625,74,82,ssl_aasist,asvspoof2021_la,runs/pipeline/ssl_aasist_asv21_sweep
noise,30.0,-30.0,29.9999996527274,0.081875,0.9775265625,0.615,0.818711712862863,0.0075,-0.0056175819837956,0.012530583878389,0.1008403361344538,0.0056814512157285,0.039375,93,55,ssl_aasist,asvspoof2021_la,runs/pipeline/ssl_aasist_asv21_sweep
noise,20.0,-20.0,19.99999996527648,0.0787499999999999,0.9767625,0.6187499999999999,0.8079006304266538,0.0043749999999999,-0.0056596720347205,0.0137689342860714,0.0588235294117645,0.0075305866437456,0.05125,100,55,ssl_aasist,asvspoof2021_la,runs/pipeline/ssl_aasist_asv21_sweep
noise,15.0,-15.0,14.9999999890223,0.085625,0.973825,0.6737499999999998,0.7667829372096886,0.01125,-0.0012505811378324,0.0175445851658224,0.1512605042016812,0.0097930300799574,0.0825,154,39,ssl_aasist,asvspoof2021_la,runs/pipeline/ssl_aasist_asv21_sweep
noise,10.0,-10.0,9.9999999965314,0.0993749999999999,0.9699640625,0.7125,0.7244116937875947,0.0249999999999999,0.0106332997472006,0.0325014649009726,0.3361344537815123,0.0173505358361253,0.13625,235,26,ssl_aasist,asvspoof2021_la,runs/pipeline/ssl_aasist_asv21_sweep
noise,5.0,-5.0,4.99999999890598,0.095,0.9503359375,0.85375,0.7711975311786439,0.020625,0.0137717445326817,0.0406227457958992,0.2773109243697479,0.0397864402890716,0.28875,471,18,ssl_aasist,asvspoof2021_la,runs/pipeline/ssl_aasist_asv21_sweep
noise,0.0,-0.0,-3.431197944373468e-10,0.11375,0.9206921875,0.91625,0.8753629719964857,0.039375,0.0268449684103186,0.0524937494377876,0.5294117647058827,0.0773159409257268,0.441875,709,3,ssl_aasist,asvspoof2021_la,runs/pipeline/ssl_aasist_asv21_sweep
reverb,0.1,0.1,0.1,0.1262499999999999,0.9394515625,0.955,2.7590043607764123,0.0518749999999999,0.033763005407249,0.06561500526792,0.6974789915966384,0.2029549898214309,0.098125,12,162,ssl_aasist,asvspoof2021_la,runs/pipeline/ssl_aasist_asv21_sweep
reverb,0.3,0.3,0.2999999999999999,0.2674999999999999,0.818225,0.995,5.799495610833863,0.1931249999999999,0.1662717644220019,0.2162828650042217,2.5966386554621845,0.3844159060161027,0.239375,15,389,ssl_aasist,asvspoof2021_la,runs/pipeline/ssl_aasist_asv21_sweep
reverb,0.5,0.5,0.5,0.3512499999999999,0.7439546875,0.9875,7.060570537530458,0.276875,0.2474863573572404,0.2993683976504094,3.722689075630252,0.4282220844210533,0.313125,12,504,ssl_aasist,asvspoof2021_la,runs/pipeline/ssl_aasist_asv21_sweep
reverb,0.7,0.7,0.7,0.34375,0.7334203124999998,0.98875,7.195477582371443,0.269375,0.2437524768177233,0.2949915567010145,3.621848739495799,0.4358471831527433,0.324375,24,514,ssl_aasist,asvspoof2021_la,runs/pipeline/ssl_aasist_asv21_sweep
reverb,0.9,0.9,0.9000000000000002,0.351875,0.721684375,0.99125,7.125579573634418,0.2775000000000001,0.2481120884521728,0.2994280222394732,3.7310924369747913,0.4366343620185292,0.310625,36,484,ssl_aasist,asvspoof2021_la,runs/pipeline/ssl_aasist_asv21_sweep
transcode_identity,320.0,-320.0,320.0,0.0725,0.980715625,0.62125,0.8433189592412691,-0.0018749999999999,-0.0099862884823409,0.0031177093184002,-0.0252100840336132,0.0011227623887569,0.010625,50,62,ssl_aasist,asvspoof2021_la,runs/pipeline/ssl_aasist_asv21_sweep
transcode_identity,256.0,-256.0,256.0,0.0725,0.980715625,0.62125,0.8433189592412691,-0.0018749999999999,-0.0099862884823409,0.0031177093184002,-0.0252100840336132,0.0011227623887569,0.010625,50,62,ssl_aasist,asvspoof2021_la,runs/pipeline/ssl_aasist_asv21_sweep
transcode_identity,192.0,-192.0,192.0,0.0725,0.980715625,0.62125,0.8433189592412691,-0.0018749999999999,-0.0099862884823409,0.0031177093184002,-0.0252100840336132,0.0011227623887569,0.010625,50,62,ssl_aasist,asvspoof2021_la,runs/pipeline/ssl_aasist_asv21_sweep
transmission,0.0,0.0,0.0,0.074375,0.9800421875,0.6174999999999999,0.8371553966088396,0.0,0.0,0.0,0.0,0.0,0.0,59,60,ssl_aasist,asvspoof2021_la,runs/pipeline/ssl_aasist_asv21_sweep
transmission,0.01,0.01,0.0097006507993345,0.078125,0.9803328125,0.62,0.9278670995277573,0.00375,-0.0087765638843703,0.0093685315335942,0.0504201680672269,0.0112153116365289,0.016875,45,71,ssl_aasist,asvspoof2021_la,runs/pipeline/ssl_aasist_asv21_sweep
transmission,0.05,0.05,0.0497335622430416,0.0799999999999999,0.97404375,0.77625,1.4857535363135834,0.0056249999999999,-0.0068996610114267,0.0149970538880126,0.0756302521008402,0.0895159888639884,0.043125,21,91,ssl_aasist,asvspoof2021_la,runs/pipeline/ssl_aasist_asv21_sweep
transmission,0.1,0.1,0.1007261153878,0.086875,0.9657484375,0.8375,2.3396986618232694,0.0125,-0.0031196746677317,0.0218364240671453,0.1680672268907564,0.2171483978584981,0.060625,13,111,ssl_aasist,asvspoof2021_la,runs/pipeline/ssl_aasist_asv21_sweep
transmission,0.2,0.2,0.2011269319384755,0.1131249999999999,0.9395890625,0.9775,4.452038924430084,0.0387499999999999,0.02564487477997,0.0531361194404497,0.5210084033613442,0.3705354464049939,0.1325,9,218,ssl_aasist,asvspoof2021_la,runs/pipeline/ssl_aasist_asv21_sweep
bandpass,8000.0,-8000.0,7920.0,0.474375,0.5450015625000001,1.0,4.086308142723068,-0.0537499999999999,-0.0768661033095531,-0.0418393379872618,-0.101775147928994,0.0930489754338901,0.12125,325,406,rawnet2,in_the_wild,runs/pipeline/rawnet2_itw_sweep
bandpass,6000.0,-6000.0,6000.0,0.49375,0.50963125,1.0,4.574535080389458,-0.0343749999999999,-0.0537602459517422,-0.0187371040464781,-0.0650887573964495,0.104686056666133,0.139375,289,463,rawnet2,in_the_wild,runs/pipeline/rawnet2_itw_sweep
bandpass,4000.0,-4000.0,4000.0,0.52,0.4683765625,1.0,5.099893980267289,-0.0081249999999999,-0.0275022345801334,0.0081432354231862,-0.0153846153846152,0.1381093384515276,0.173125,273,521,rawnet2,in_the_wild,runs/pipeline/rawnet2_itw_sweep
bandpass,3400.0,-3400.0,3400.0,0.5237499999999999,0.4606421875,1.0,5.1312252067576125,-0.004375,-0.0237692251503583,0.0131461206643697,-0.008284023668639,0.1382502935914689,0.179375,276,526,rawnet2,in_the_wild,runs/pipeline/rawnet2_itw_sweep
bandpass,2000.0,-2000.0,2000.0,0.551875,0.4214203125,1.0,5.119070389546327,0.02375,0.0043798913858947,0.0418779950974845,0.0449704142011835,0.1425833111297927,0.165625,345,505,rawnet2,in_the_wild,runs/pipeline/rawnet2_itw_sweep
chirp,25.0,-25.0,24.999993921179307,0.533125,0.465165625,1.0,4.335090405313295,0.005,-0.00805714391466,0.0168753747208763,0.0094674556213017,0.0405168897671268,0.044375,438,424,rawnet2,in_the_wild,runs/pipeline/rawnet2_itw_sweep
chirp,20.0,-20.0,19.999998077429662,0.53625,0.45879375,1.0,4.450186446187597,0.008125,-0.0093710055100036,0.0187502688027362,0.0153846153846154,0.0603606145872717,0.0775,422,433,rawnet2,in_the_wild,runs/pipeline/rawnet2_itw_sweep
chirp,15.0,-15.0,14.99999939200469,0.54625,0.449375,1.0,4.734815010864784,0.018125,-0.0018711857163446,0.033783714510396,0.034319526627219,0.0871606971343484,0.1175,373,474,rawnet2,in_the_wild,runs/pipeline/rawnet2_itw_sweep
chirp,10.0,-10.0,9.999999807735156,0.56125,0.4287718749999999,1.0,5.363708352297471,0.033125,0.0118669425108253,0.0524714722872627,0.0627218934911244,0.1454422820647591,0.185625,294,542,rawnet2,in_the_wild,runs/pipeline/rawnet2_itw_sweep
chirp,5.0,-5.0,4.999999939203206,0.5762499999999999,0.4179296875,1.0,6.514774206679752,0.0481249999999999,0.0225027987897991,0.0675190713852654,0.0911242603550295,0.2270654160230902,0.330625,139,641,rawnet2,in_the_wild,runs/pipeline/rawnet2_itw_sweep
codec,128.0,-128.0,128.0,0.5387500000000001,0.44913125,1.0,4.5332894288006464,0.0106250000000001,0.0012501935847593,0.0168750645272745,0.0201183431952664,0.020009350855458,0.02,426,435,rawnet2,in_the_wild,runs/pipeline/rawnet2_itw_sweep
codec,64.0,-64.0,64.0,0.5375,0.450415625,1.0,4.513009858129994,0.009375,-0.0006190253984621,0.0155706230400037,0.0177514792899408,0.0216447504330682,0.020625,426,432,rawnet2,in_the_wild,runs/pipeline/rawnet2_itw_sweep
codec,32.0,-32.0,32.0,0.5475000000000001,0.4449492187499999,1.0,4.514709054397816,0.0193750000000001,0.0037539035125284,0.0274862071486583,0.0366863905325446,0.0442928896067663,0.050625,428,440,rawnet2,in_the_wild,runs/pipeline/rawnet2_itw_sweep
codec,24.0,-24.0,24.0,0.57375,0.41496875,1.0,4.82332156673597,0.045625,0.0299340460792428,0.0580472918469206,0.0863905325443787,0.0718624255552204,0.08125,439,474,rawnet2,in_the_wild,runs/pipeline/rawnet2_itw_sweep
codec,16.0,-16.0,16.0,0.599375,0.3674687499999999,1.0,5.277449945013583,0.07125,0.048789367658588,0.0856555325812592,0.1349112426035503,0.1068640956575846,0.1225,417,522,rawnet2,in_the_wild,runs/pipeline/rawnet2_itw_sweep
codec,8.0,-8.0,8.0,0.623125,0.3322140624999999,1.0,5.4305446889213,0.095,0.073133756186432,0.1162361779257111,0.1798816568047339,0.1569284887031923,0.194375,485,517,rawnet2,in_the_wild,runs/pipeline/rawnet2_itw_sweep
gain,-3.0,3.0,-3.0,0.53625,0.4452390625,1.0,4.084365859139528,0.008125,-0.0080598365569027,0.0187292277614857,0.0153846153846154,0.1457046454596902,0.1625,570,319,rawnet2,in_the_wild,runs/pipeline/rawnet2_itw_sweep
gain,3.0,3.0,3.0,0.49875,0.49908125,1.0,4.852838531208547,-0.0293749999999999,-0.0468761983919256,-0.0174634635405401,-0.0556213017751478,0.1225410030147391,0.17,251,518,rawnet2,in_the_wild,runs/pipeline/rawnet2_itw_sweep
gain,-10.0,10.0,-10.0,0.55,0.44889375,1.0,3.558487298395974,0.021875,-0.0044043266804993,0.0444347030149227,0.0414201183431954,0.4489829037325382,0.41625,756,97,rawnet2,in_the_wild,runs/pipeline/rawnet2_itw_sweep
gain,10.0,10.0,10.0,0.39625,0.629265625,1.0,5.726547213105385,-0.1318749999999999,-0.1587461712151973,-0.1093544373166143,-0.2497041420118342,0.262413018820631,0.38875,67,616,rawnet2,in_the_wild,runs/pipeline/rawnet2_itw_sweep
gain,-20.0,20.0,-20.0,0.4962499999999999,0.539221875,1.0,2.975410120122477,-0.0318749999999999,-0.0699781948444264,-0.0043754588109564,-0.0603550295857987,0.6394132720391237,0.50125,800,1,rawnet2,in_the_wild,runs/pipeline/rawnet2_itw_sweep
gain,20.0,20.0,20.0,0.344375,0.6982625,1.0,5.348819025197121,-0.1837499999999999,-0.2174860940421385,-0.154374646156699,-0.3479289940828402,0.3532485969043256,0.485,69,592,rawnet2,in_the_wild,runs/pipeline/rawnet2_itw_sweep
noise,30.0,-30.0,29.99998078595794,0.5349999999999999,0.4599921875,1.0,4.367317540859844,0.0068749999999999,-0.0031343720448629,0.0162263007392304,0.0130177514792898,0.0254124573530014,0.028125,442,424,rawnet2,in_the_wild,runs/pipeline/rawnet2_itw_sweep
noise,20.0,-20.0,19.999998077429485,0.53375,0.4671890625,1.0,3.8746702094015486,0.0056249999999999,-0.0125013554754069,0.0168729097609296,0.0106508875739644,0.0991780594771088,0.1175,512,345,rawnet2,in_the_wild,runs/pipeline/rawnet2_itw_sweep
noise,15.0,-15.0,14.999999392004517,0.52125,0.475771875,1.0,3.3052238730770918,-0.0068749999999999,-0.031254937624099,0.0075011705410807,-0.0130177514792898,0.2295624743644716,0.27125,635,212,rawnet2,in_the_wild,runs/pipeline/rawnet2_itw_sweep
noise,10.0,-10.0,9.999999807734977,0.49375,0.5086109375,1.0,3.1043067617843283,-0.0343749999999999,-0.0600015188150543,-0.0118781687956967,-0.0650887573964495,0.4867063732781886,0.45125,775,56,rawnet2,in_the_wild,runs/pipeline/rawnet2_itw_sweep
noise,5.0,-5.0,4.999999939203029,0.490625,0.5223921874999999,1.0,3.643521004656202,-0.0374999999999999,-0.0712560478682472,-0.0068456280702354,-0.0710059171597632,0.6526467675619859,0.500625,800,2,rawnet2,in_the_wild,runs/pipeline/rawnet2_itw_sweep
noise,0.0,-0.0,-1.9222870206218116e-08,0.51,0.4763984375,1.0,2.905087451314997,-0.0181249999999999,-0.0544010768311554,0.0150255556014062,-0.0343195266272188,0.6461143509706774,0.501875,800,0,rawnet2,in_the_wild,runs/pipeline/rawnet2_itw_sweep
reverb,0.1,0.1,0.1,0.55125,0.4254828125,1.0,4.777334492627534,0.023125,-0.0031590903556635,0.0431639855545534,0.0437869822485208,0.1900901060744118,0.21875,424,455,rawnet2,in_the_wild,runs/pipeline/rawnet2_itw_sweep
reverb,0.3,0.3,0.2999999999999999,0.5675,0.412428125,1.0,5.164186078915254,0.039375,0.0137498523400585,0.0612503947780263,0.0745562130177515,0.2026099739946293,0.235,360,515,rawnet2,in_the_wild,runs/pipeline/rawnet2_itw_sweep
reverb,0.5,0.5,0.5,0.584375,0.395303125,1.0,5.424312990748764,0.05625,0.0287553186295583,0.0781163211916626,0.106508875739645,0.2178049618206433,0.273125,348,552,rawnet2,in_the_wild,runs/pipeline/rawnet2_itw_sweep
reverb,0.7,0.7,0.7,0.588125,0.3880953124999999,1.0,5.48446671056795,0.06,0.0318788517439028,0.0837221202527993,0.1136094674556214,0.2273329758601487,0.295,354,547,rawnet2,in_the_wild,runs/pipeline/rawnet2_itw_sweep
reverb,0.9,0.9,0.9000000000000002,0.58875,0.3846484375,1.0,5.610016828060847,0.060625,0.0337231833621668,0.0868809649124351,0.1147928994082841,0.2280167985062246,0.289375,349,549,rawnet2,in_the_wild,runs/pipeline/rawnet2_itw_sweep
transcode_identity,320.0,-320.0,320.0,0.540625,0.449253125,1.0,4.532288050755911,0.0125,0.0005995156756311,0.0168758519552627,0.0236686390532545,0.0199659504016455,0.02125,426,435,rawnet2,in_the_wild,runs/pipeline/rawnet2_itw_sweep
transcode_identity,256.0,-256.0,256.0,0.540625,0.449253125,1.0,4.532288050755911,0.0125,0.0005995156756311,0.0168758519552627,0.0236686390532545,0.0199659504016455,0.02125,426,435,rawnet2,in_the_wild,runs/pipeline/rawnet2_itw_sweep
transcode_identity,192.0,-192.0,192.0,0.540625,0.449253125,1.0,4.532288050755911,0.0125,0.0005995156756311,0.0168758519552627,0.0236686390532545,0.0199659504016455,0.02125,426,435,rawnet2,in_the_wild,runs/pipeline/rawnet2_itw_sweep
transmission,0.0,0.0,0.0,0.528125,0.4680640625,1.0,4.396769942399993,0.0,0.0,0.0,0.0,0.0,0.0,421,424,rawnet2,in_the_wild,runs/pipeline/rawnet2_itw_sweep
transmission,0.01,0.01,0.0098224418608785,0.53,0.4626515625,1.0,4.386831317884933,0.001875,-0.0112673099351275,0.0112500109867572,0.0035502958579883,0.0420118978900007,0.035625,443,415,rawnet2,in_the_wild,runs/pipeline/rawnet2_itw_sweep
transmission,0.05,0.05,0.0504099734556357,0.5443749999999999,0.442634375,1.0,4.576505367613977,0.0162499999999999,-0.0031298635548249,0.0356320137041939,0.0307692307692307,0.1534197994084174,0.150625,520,362,rawnet2,in_the_wild,runs/pipeline/rawnet2_itw_sweep
transmission,0.1,0.1,0.098551582663714,0.536875,0.4294046874999999,1.0,4.839894647348369,0.00875,-0.0150015335581088,0.0287507408795287,0.0165680473372781,0.2308869093364476,0.21,574,333,rawnet2,in_the_wild,runs/pipeline/rawnet2_itw_sweep
transmission,0.2,0.2,0.2000974472388898,0.560625,0.4063156249999999,1.0,5.4775370175511,0.0325,0.0074879923841724,0.0525020734221058,0.0615384615384617,0.2754931280901943,0.26125,609,360,rawnet2,in_the_wild,runs/pipeline/rawnet2_itw_sweep
bandpass,8000.0,-8000.0,7920.0,0.155,0.907421875,1.0,2.014343963571552,0.0099999999999999,-0.0018669652045542,0.0187354410041211,0.0689655172413791,0.0531829765195737,0.035625,104,131,rawnet2,asvspoof2021_la,runs/pipeline/rawnet2_asv21_sweep
bandpass,6000.0,-6000.0,6000.0,0.1375,0.9160859375,1.0,2.0506801405929047,-0.0075,-0.0169428319333571,0.0025000440449768,-0.0517241379310345,0.0644835225324085,0.04625,70,134,rawnet2,asvspoof2021_la,runs/pipeline/rawnet2_asv21_sweep
bandpass,4000.0,-4000.0,4000.0,0.123125,0.926171875,1.0,2.1808830269442896,-0.0218749999999999,-0.0312390060889673,-0.0093685912304443,-0.1508620689655171,0.0936499543359512,0.07,40,142,rawnet2,asvspoof2021_la,runs/pipeline/rawnet2_asv21_sweep
bandpass,3400.0,-3400.0,3400.0,0.125625,0.92805625,1.0,2.1746512509543887,-0.019375,-0.0312379521533644,-0.0094082455828665,-0.1336206896551726,0.0988777272117029,0.075,37,145,rawnet2,asvspoof2021_la,runs/pipeline/rawnet2_asv21_sweep
bandpass,2000.0,-2000.0,2000.0,0.1287499999999999,0.927265625,0.9975,2.2798047668106305,-0.01625,-0.0262402754347178,-0.002481415718882,-0.1120689655172416,0.1179681174936552,0.08125,42,150,rawnet2,asvspoof2021_la,runs/pipeline/rawnet2_asv21_sweep
chirp,25.0,-25.0,24.999999890185787,0.15,0.9101265625,0.9975,1.8351024989476925,0.005,-0.0026346872609281,0.0125000839850464,0.0344827586206896,0.0147257398158591,0.01625,111,123,rawnet2,asvspoof2021_la,runs/pipeline/rawnet2_asv21_sweep
chirp,20.0,-20.0,19.999999965276665,0.1518749999999999,0.9088765625,0.99875,1.9401424452917275,0.0068749999999999,-0.0006521934859432,0.0143691414812584,0.047413793103448,0.0312488915062173,0.02125,109,125,rawnet2,asvspoof2021_la,runs/pipeline/rawnet2_asv21_sweep
chirp,15.0,-15.0,14.999999989022488,0.1631249999999999,0.9008015624999998,0.99875,2.265782140370867,0.0181249999999999,0.006255082302626,0.0281215779091385,0.1249999999999996,0.0703582934111939,0.04375,96,146,rawnet2,asvspoof2021_la,runs/pipeline/rawnet2_asv21_sweep
chirp,10.0,-10.0,9.999999996531574,0.2199999999999999,0.8596390625,1.0,3.5960217263974537,0.0749999999999999,0.0561885399724015,0.0930801165707331,0.5172413793103444,0.1703441674979915,0.14125,85,251,rawnet2,asvspoof2021_la,runs/pipeline/rawnet2_asv21_sweep
chirp,5.0,-5.0,4.999999998906158,0.35375,0.7042343750000001,0.99375,6.422464664895004,0.20875,0.1806074301128594,0.2337783164346577,1.439655172413793,0.3555469802945473,0.355,83,529,rawnet2,asvspoof2021_la,runs/pipeline/rawnet2_asv21_sweep
codec,128.0,-128.0,128.0,0.12875,0.927371875,0.9075,1.6025432849054435,-0.0162499999999999,-0.0268753757604662,-0.0087500536624431,-0.1120689655172412,0.0205999393611687,0.0275,94,106,rawnet2,asvspoof2021_la,runs/pipeline/rawnet2_asv21_sweep
codec,64.0,-64.0,64.0,0.129375,0.9272359375,0.90375,1.6058251809473345,-0.015625,-0.0269994052852862,-0.008735477312318,-0.1077586206896551,0.0218431113787874,0.0275,93,105,rawnet2,asvspoof2021_la,runs/pipeline/rawnet2_asv21_sweep
codec,32.0,-32.0,32.0,0.120625,0.9280546875,0.9375,1.641377540447249,-0.024375,-0.0324879951980792,-0.0125009375715082,-0.1681034482758622,0.029502120797671,0.041875,76,109,rawnet2,asvspoof2021_la,runs/pipeline/rawnet2_asv21_sweep
codec,24.0,-24.0,24.0,0.12,0.9305328125,0.955,1.7479475317613582,-0.025,-0.0350185641381278,-0.0137591681368754,-0.1724137931034483,0.0523240805777952,0.049375,62,113,rawnet2,asvspoof2021_la,runs/pipeline/rawnet2_asv21_sweep
codec,16.0,-16.0,16.0,0.1193749999999999,0.930271875,0.91375,2.034501505296612,-0.025625,-0.0325345591055178,-0.0106332083337724,-0.1767241379310347,0.0883974897094604,0.073125,45,124,rawnet2,asvspoof2021_la,runs/pipeline/rawnet2_asv21_sweep
codec,8.0,-8.0,8.0,0.124375,0.9244046875,0.985,2.952939502115741,-0.020625,-0.0331278374231281,-0.0075004116442327,-0.1422413793103449,0.1730401211446838,0.116875,36,189,rawnet2,asvspoof2021_la,runs/pipeline/rawnet2_asv21_sweep
gain,-3.0,3.0,-3.0,0.134375,0.921240625,0.9612500000000002,1.6402731770831367,-0.0106249999999999,-0.0181401048315436,0.0025014109521151,-0.0732758620689654,0.030857547788234,0.0375,133,103,rawnet2,asvspoof2021_la,runs/pipeline/rawnet2_asv21_sweep
gain,3.0,3.0,3.0,0.128125,0.9246421875,0.9812500000000002,1.5279880907529482,-0.016875,-0.0287519408979986,-0.0087591081958995,-0.1163793103448277,0.0328077229465934,0.04125,114,98,rawnet2,asvspoof2021_la,runs/pipeline/rawnet2_asv21_sweep
gain,-10.0,10.0,-10.0,0.186875,0.8810859375000001,0.98375,1.546990633066403,0.0418749999999999,0.0268751126191357,0.0625513825648271,0.2887931034482758,0.1094267905245478,0.260625,452,43,rawnet2,asvspoof2021_la,runs/pipeline/rawnet2_asv21_sweep
gain,10.0,10.0,10.0,0.134375,0.912184375,0.985,1.5282803964136504,-0.010625,-0.0231683913558268,0.0025008854703717,-0.0732758620689656,0.0878071818612174,0.118125,187,78,rawnet2,asvspoof2021_la,runs/pipeline/rawnet2_asv21_sweep
gain,-20.0,20.0,-20.0,0.4,0.6436250000000001,0.97875,3.3261901541997885,0.255,0.2262267515253756,0.285023346674844,1.7586206896551722,0.4578747801669935,0.48,770,2,rawnet2,asvspoof2021_la,runs/pipeline/rawnet2_asv21_sweep
gain,20.0,20.0,20.0,0.193125,0.8623296875,0.99125,1.9161301133403743,0.0481249999999999,0.0281259350082846,0.0681372967446316,0.3318965517241377,0.1689397929250164,0.288125,439,56,rawnet2,asvspoof2021_la,runs/pipeline/rawnet2_asv21_sweep
noise,30.0,-30.0,29.9999996527274,0.14,0.9149765625,1.0,1.6570888368965022,-0.005,-0.011906436071496,0.0018612229363139,-0.0344827586206896,0.0187811615339929,0.018125,117,108,rawnet2,asvspoof2021_la,runs/pipeline/rawnet2_asv21_sweep
noise,20.0,-20.0,19.99999996527648,0.1475,0.9078968749999998,1.0,1.671206703439616,0.0025,-0.0087301410650985,0.0112389087052804,0.0172413793103448,0.0480074259929881,0.049375,153,102,rawnet2,asvspoof2021_la,runs/pipeline/rawnet2_asv21_sweep
noise,15.0,-15.0,14.9999999890223,0.15125,0.8978429687499998,1.0,1.6867160261434808,0.0062499999999999,-0.0062566349702142,0.0199815665025915,0.0431034482758619,0.0762021723696134,0.115625,239,82,rawnet2,asvspoof2021_la,runs/pipeline/rawnet2_asv21_sweep
noise,10.0,-10.0,9.9999999965314,0.2099999999999999,0.8500515624999999,1.0,2.045397469494286,0.0649999999999999,0.045,0.0868688308935681,0.4482758620689651,0.1985951228111131,0.328125,542,35,rawnet2,asvspoof2021_la,runs/pipeline/rawnet2_asv21_sweep
noise,5.0,-5.0,4.99999999890598,0.39125,0.652134375,1.0,4.802827372213327,0.2462499999999999,0.2218492372878177,0.2749775654664918,1.698275862068965,0.5121632919663306,0.473125,763,18,rawnet2,asvspoof2021_la,runs/pipeline/rawnet2_asv21_sweep
noise,0.0,-0.0,-3.431197944373468e-10,0.4868749999999999,0.5021671875,1.0,4.625686472341485,0.3418749999999999,0.311847467814728,0.374364871389553,2.3577586206896544,0.5655629187823867,0.4875,789,11,rawnet2,asvspoof2021_la,runs/pipeline/rawnet2_asv21_sweep
reverb,0.1,0.1,0.1,0.216875,0.8554109374999999,0.99375,4.266237496851431,0.071875,0.0537591793142201,0.0918167310399456,0.4956896551724138,0.2356196839634508,0.181875,47,310,rawnet2,asvspoof2021_la,runs/pipeline/rawnet2_asv21_sweep
reverb,0.3,0.3,0.2999999999999999,0.2843749999999999,0.781803125,0.9975,6.114972113535087,0.1393749999999999,0.116231018263717,0.1625003086537997,0.9612068965517234,0.3378481651831289,0.294375,43,482,rawnet2,asvspoof2021_la,runs/pipeline/rawnet2_asv21_sweep
reverb,0.5,0.5,0.5,0.3325,0.7280421875,0.99625,6.675039400160102,0.1875,0.1637245625874177,0.210616059249268,1.293103448275862,0.3643925431354525,0.34875,63,535,rawnet2,asvspoof2021_la,runs/pipeline/rawnet2_asv21_sweep
reverb,0.7,0.7,0.7,0.354375,0.688765625,1.0,6.828897661113341,0.2093749999999999,0.185589913636698,0.2386963685842513,1.443965517241379,0.3664782289018287,0.37125,83,567,rawnet2,asvspoof2021_la,runs/pipeline/rawnet2_asv21_sweep
reverb,0.9,0.9,0.9000000000000002,0.38875,0.6521874999999999,0.99875,6.905224661645194,0.24375,0.2162136973639079,0.2706251695185604,1.6810344827586206,0.3683929345869721,0.39375,96,578,rawnet2,asvspoof2021_la,runs/pipeline/rawnet2_asv21_sweep
transcode_identity,320.0,-320.0,320.0,0.12875,0.927309375,0.90875,1.6027918860450496,-0.0162499999999999,-0.0269222732854906,-0.0087530581013081,-0.1120689655172412,0.0206201808658067,0.026875,95,106,rawnet2,asvspoof2021_la,runs/pipeline/rawnet2_asv21_sweep
transcode_identity,256.0,-256.0,256.0,0.12875,0.927309375,0.90875,1.6027918860450496,-0.0162499999999999,-0.0269222732854906,-0.0087530581013081,-0.1120689655172412,0.0206201808658067,0.026875,95,106,rawnet2,asvspoof2021_la,runs/pipeline/rawnet2_asv21_sweep
transcode_identity,192.0,-192.0,192.0,0.12875,0.927309375,0.90875,1.6027918860450496,-0.0162499999999999,-0.0269222732854906,-0.0087530581013081,-0.1120689655172412,0.0206201808658067,0.026875,95,106,rawnet2,asvspoof2021_la,runs/pipeline/rawnet2_asv21_sweep
transmission,0.0,0.0,0.0,0.145,0.9132265625,0.9974999999999998,1.758139001310453,0.0,0.0,0.0,0.0,0.0,0.0,116,116,rawnet2,asvspoof2021_la,runs/pipeline/rawnet2_asv21_sweep
transmission,0.01,0.01,0.0097006507993345,0.1474999999999999,0.912584375,0.99125,1.747290578298902,0.0024999999999999,-0.0037785820202173,0.0087523203909459,0.0172413793103444,0.0088123402617896,0.01,122,116,rawnet2,asvspoof2021_la,runs/pipeline/rawnet2_asv21_sweep
transmission,0.05,0.05,0.0497335622430416,0.14625,0.90706875,0.99875,1.8284824503590071,0.0012499999999999,-0.0099623181737661,0.0075250527020314,0.0086206896551722,0.0402442677176757,0.026875,118,115,rawnet2,asvspoof2021_la,runs/pipeline/rawnet2_asv21_sweep
transmission,0.1,0.1,0.1007261153878,0.150625,0.8981375,0.99875,2.08511902274174,0.0056249999999999,-0.006895572641586,0.0187304716797058,0.0387931034482757,0.0753464068403446,0.05375,108,130,rawnet2,asvspoof2021_la,runs/pipeline/rawnet2_asv21_sweep
transmission,0.2,0.2,0.2011269319384755,0.155625,0.8908234375,0.98,2.6708869845809864,0.0106249999999999,-0.0006494141451768,0.0281589270186918,0.0732758620689654,0.1392334799063946,0.09,85,159,rawnet2,asvspoof2021_la,runs/pipeline/rawnet2_asv21_sweep
bandpass,8000.0,-8000.0,7920.0,0.159375,0.9097265625,0.70625,1.741436576641679,-0.0081249999999999,-0.0168769209398969,0.0043735229154805,-0.0485074626865669,0.0210362123218781,0.029375,119,148,nes2net,asvspoof2021_la,runs/pipeline/nes2net_asv21_sweep
bandpass,6000.0,-6000.0,6000.0,0.16625,0.9060015625,0.6875,1.74799694042146,-0.0012499999999999,-0.0156188519092057,0.009372126271535,-0.007462686567164,0.025236690446688,0.0475,114,174,nes2net,asvspoof2021_la,runs/pipeline/nes2net_asv21_sweep
bandpass,4000.0,-4000.0,4000.0,0.160625,0.9033296875,0.69125,1.7660667575482538,-0.0068749999999999,-0.016293536525556,0.0075000002929692,-0.0410447761194027,0.0282052731840587,0.04625,113,165,nes2net,asvspoof2021_la,runs/pipeline/nes2net_asv21_sweep
bandpass,3400.0,-3400.0,3400.0,0.15875,0.9027765625,0.68,1.7579656742197374,-0.0087499999999999,-0.0193730048822258,0.0050167809882454,-0.0522388059701491,0.0306765010181993,0.0475,113,163,nes2net,asvspoof2021_la,runs/pipeline/nes2net_asv21_sweep
bandpass,2000.0,-2000.0,2000.0,0.1674999999999999,0.904153125,0.6625,1.7096026934510045,0.0,-0.0118673385662914,0.0162668233832154,0.0,0.039363608814296,0.078125,104,203,nes2net,asvspoof2021_la,runs/pipeline/nes2net_asv21_sweep
chirp,25.0,-25.0,24.999999890185787,0.17625,0.8981234375,0.80625,1.775986277317811,0.00875,-0.0025024586281634,0.02561639002816,0.0522388059701494,0.0320997266622106,0.090625,105,208,nes2net,asvspoof2021_la,runs/pipeline/nes2net_asv21_sweep
chirp,20.0,-20.0,19.999999965276665,0.1781249999999999,0.89025,0.8199999999999998,1.718506524467423,0.0106249999999999,-0.0037520528810843,0.0268721573129904,0.0634328358208955,0.0402975829487947,0.115625,92,255,nes2net,asvspoof2021_la,runs/pipeline/nes2net_asv21_sweep
chirp,15.0,-15.0,14.999999989022488,0.1925,0.8874249999999999,0.7412500000000001,1.5799904907322568,0.025,0.0099998499962499,0.0412436653633375,0.1492537313432837,0.0479458908653402,0.165625,75,322,nes2net,asvspoof2021_la,runs/pipeline/nes2net_asv21_sweep
chirp,10.0,-10.0,9.999999996531574,0.1875,0.8857609375000001,0.81125,1.4646995393753073,0.02,0.00184090290659,0.0374901763615292,0.1194029850746269,0.0613643332201566,0.215,53,391,nes2net,asvspoof2021_la,runs/pipeline/nes2net_asv21_sweep
chirp,5.0,-5.0,4.999999998906158,0.1987499999999999,0.872484375,0.8862499999999999,1.3525306021592922,0.03125,0.0137109414088697,0.0500050629922363,0.1865671641791045,0.0792343341323889,0.301875,41,520,nes2net,asvspoof2021_la,runs/pipeline/nes2net_asv21_sweep
codec,128.0,-128.0,128.0,0.171875,0.9009046875,0.7025,1.850415107526282,0.004375,-0.0018599254392491,0.014368271909386,0.0261194029850747,0.0109125599123073,0.0225,137,143,nes2net,asvspoof2021_la,runs/pipeline/nes2net_asv21_sweep
codec,64.0,-64.0,64.0,0.1674999999999999,0.9019234375,0.7025,1.8296980932079725,0.0,-0.0050013822474995,0.0125000234375915,0.0,0.0121347273023124,0.025625,131,144,nes2net,asvspoof2021_la,runs/pipeline/nes2net_asv21_sweep
codec,32.0,-32.0,32.0,0.1624999999999999,0.902953125,0.7324999999999999,1.8310900672175792,-0.005,-0.0156193830099232,0.0081465185652564,-0.0298507462686567,0.0240912489738684,0.040625,122,149,nes2net,asvspoof2021_la,runs/pipeline/nes2net_asv21_sweep
codec,24.0,-24.0,24.0,0.1737499999999999,0.8965484375,0.74625,1.8918640375184224,0.0062499999999999,-0.0043818279922174,0.0181206207823864,0.0373134328358207,0.0340069634621304,0.050625,134,141,nes2net,asvspoof2021_la,runs/pipeline/nes2net_asv21_sweep
codec,16.0,-16.0,16.0,0.206875,0.8676140625,0.8724999999999999,2.211672776211349,0.039375,0.0255264856099318,0.0543736187222484,0.2350746268656719,0.0520363424402561,0.08375,198,132,nes2net,asvspoof2021_la,runs/pipeline/nes2net_asv21_sweep
codec,8.0,-8.0,8.0,0.239375,0.8402390624999999,0.93875,2.441468609323272,0.071875,0.0519056845337702,0.0937747547708166,0.4291044776119405,0.0780810650998713,0.166875,193,190,nes2net,asvspoof2021_la,runs/pipeline/nes2net_asv21_sweep
gain,-3.0,3.0,-3.0,0.1625,0.904203125,0.72875,1.8319107182734835,-0.0049999999999999,-0.0068632393782044,0.0043637469138565,-0.0298507462686565,0.0013880970846926,0.00375,136,130,nes2net,asvspoof2021_la,runs/pipeline/nes2net_asv21_sweep
gain,3.0,3.0,3.0,0.16625,0.90495,0.7062499999999999,1.8128816821856568,-0.0012499999999999,-0.0106161486086861,0.0050020369725164,-0.007462686567164,0.0100571147421191,0.011875,132,133,nes2net,asvspoof2021_la,runs/pipeline/nes2net_asv21_sweep
gain,-10.0,10.0,-10.0,0.16625,0.9041328125,0.7299999999999999,1.8284516865243856,-0.0012499999999999,-0.0038336217490783,0.0031351029919078,-0.007462686567164,0.0009621552006194,0.00125,135,133,nes2net,asvspoof2021_la,runs/pipeline/nes2net_asv21_sweep
gain,10.0,10.0,10.0,0.1624999999999999,0.9115609375,0.6525,1.6052010620936992,-0.005,-0.016228244402901,0.0068640832394438,-0.0298507462686567,0.0516224351740907,0.060625,109,182,nes2net,asvspoof2021_la,runs/pipeline/nes2net_asv21_sweep
gain,-20.0,20.0,-20.0,0.1681249999999999,0.9047578125,0.69375,1.8106058785215584,0.0006249999999999,-0.0056408284365908,0.0031131400447388,0.003731343283582,0.0025671356041791,0.003125,129,134,nes2net,asvspoof2021_la,runs/pipeline/nes2net_asv21_sweep
gain,20.0,20.0,20.0,0.165,0.911525,0.8250000000000002,1.2639107347880625,-0.0024999999999999,-0.0199278174576478,0.0162524553904114,-0.014925373134328,0.1127479290931926,0.205625,39,352,nes2net,asvspoof2021_la,runs/pipeline/nes2net_asv21_sweep
noise,30.0,-30.0,29.9999996527274,0.1937499999999999,0.8723453125,0.8125,1.5888532376739737,0.0262499999999999,0.0093907778226043,0.0412666294752023,0.1567164179104477,0.0611776619981506,0.163125,103,312,nes2net,asvspoof2021_la,runs/pipeline/nes2net_asv21_sweep
noise,20.0,-20.0,19.99999996527648,0.24,0.8296703125,0.87375,1.3983499054663104,0.0725,0.0518776318558587,0.0968680622949096,0.4328358208955224,0.1049301596332356,0.344375,52,589,nes2net,asvspoof2021_la,runs/pipeline/nes2net_asv21_sweep
noise,15.0,-15.0,14.9999999890223,0.279375,0.7918250000000001,0.8725,1.305855949243445,0.111875,0.0887717350069801,0.1374895338321383,0.6679104477611945,0.1362167517480973,0.43625,26,724,nes2net,asvspoof2021_la,runs/pipeline/nes2net_asv21_sweep
noise,10.0,-10.0,9.9999999965314,0.25875,0.7910734374999999,0.9075,1.1983841069712189,0.09125,0.0655999128748761,0.1206306816016188,0.5447761194029854,0.1631735568524913,0.47875,10,776,nes2net,asvspoof2021_la,runs/pipeline/nes2net_asv21_sweep
noise,5.0,-5.0,4.99999999890598,0.24,0.8073828125,0.93125,1.0915442746741166,0.0725,0.047514370832519,0.101897109140839,0.4328358208955224,0.1907015652620213,0.495625,4,797,nes2net,asvspoof2021_la,runs/pipeline/nes2net_asv21_sweep
noise,0.0,-0.0,-3.431197944373468e-10,0.2425,0.8173203125,0.935,1.0122752243822684,0.075,0.049317081753955,0.1018685111952924,0.447761194029851,0.2136732505872738,0.499375,1,800,nes2net,asvspoof2021_la,runs/pipeline/nes2net_asv21_sweep
reverb,0.1,0.1,0.1,0.2624999999999999,0.8209757812500001,0.9575,2.2700414748036906,0.0949999999999999,0.0750386512234484,0.1118953796898702,0.5671641791044775,0.0651139398113845,0.14,231,183,nes2net,asvspoof2021_la,runs/pipeline/nes2net_asv21_sweep
reverb,0.3,0.3,0.2999999999999999,0.331875,0.7270515625,0.9975,2.2008854171739003,0.164375,0.1431042542016807,0.1881206438202543,0.98134328358209,0.0773467673789396,0.28125,160,440,nes2net,asvspoof2021_la,runs/pipeline/nes2net_asv21_sweep
reverb,0.5,0.5,0.5,0.3874999999999999,0.6634437500000001,0.99875,1.989975550569933,0.2199999999999999,0.1955791301379086,0.244998444866595,1.3134328358208955,0.095614308764572,0.439375,42,699,nes2net,asvspoof2021_la,runs/pipeline/nes2net_asv21_sweep
reverb,0.7,0.7,0.7,0.385625,0.642278125,0.99375,1.7347726265263568,0.218125,0.1912282833379795,0.2424880512807877,1.3022388059701495,0.1168590405550395,0.489375,8,785,nes2net,asvspoof2021_la,runs/pipeline/nes2net_asv21_sweep
reverb,0.9,0.9,0.9000000000000002,0.43125,0.5943640625,0.99625,1.533647104937057,0.26375,0.2350099012732588,0.2912487392987079,1.5746268656716422,0.1600963484867916,0.500625,1,800,nes2net,asvspoof2021_la,runs/pipeline/nes2net_asv21_sweep
transcode_identity,320.0,-320.0,320.0,0.17125,0.90076875,0.7050000000000001,1.8511381389125263,0.00375,-0.0024500027377519,0.0136511707754156,0.0223880597014927,0.0108487016222263,0.0225,136,142,nes2net,asvspoof2021_la,runs/pipeline/nes2net_asv21_sweep
transcode_identity,256.0,-256.0,256.0,0.17125,0.90076875,0.7050000000000001,1.8511381389125263,0.00375,-0.0024500027377519,0.0136511707754156,0.0223880597014927,0.0108487016222263,0.0225,136,142,nes2net,asvspoof2021_la,runs/pipeline/nes2net_asv21_sweep
transcode_identity,192.0,-192.0,192.0,0.17125,0.90076875,0.7050000000000001,1.8511381389125263,0.00375,-0.0024500027377519,0.0136511707754156,0.0223880597014927,0.0108487016222263,0.0225,136,142,nes2net,asvspoof2021_la,runs/pipeline/nes2net_asv21_sweep
transmission,0.0,0.0,0.0,0.1674999999999999,0.9038875,0.7299999999999999,1.8270743719799956,0.0,0.0,0.0,0.0,0.0,0.0,134,134,nes2net,asvspoof2021_la,runs/pipeline/nes2net_asv21_sweep
transmission,0.01,0.01,0.0097006507993345,0.16125,0.9126125,0.7050000000000001,1.7019039585154214,-0.0062499999999999,-0.0175002736085053,0.0043616117181466,-0.0373134328358207,0.0161036639009608,0.035625,113,152,nes2net,asvspoof2021_la,runs/pipeline/nes2net_asv21_sweep
transmission,0.05,0.05,0.0497335622430416,0.14125,0.9230468750000002,0.6325,1.3271627796349177,-0.0262499999999999,-0.0381023006719081,-0.0062498107836243,-0.1567164179104474,0.0719969759698634,0.09875,73,217,nes2net,asvspoof2021_la,runs/pipeline/nes2net_asv21_sweep
transmission,0.1,0.1,0.1007261153878,0.1481249999999999,0.9255375,0.7399999999999999,1.0481368921375926,-0.019375,-0.0368729081719314,-0.0031243046874877,-0.1156716417910448,0.1250567547574917,0.20125,35,355,nes2net,asvspoof2021_la,runs/pipeline/nes2net_asv21_sweep
transmission,0.2,0.2,0.2011269319384755,0.17,0.9128296875,0.75125,0.7057544133125522,0.0025,-0.0187373278626397,0.0218974733879288,0.0149253731343287,0.2325238099218622,0.40125,7,649,nes2net,asvspoof2021_la,runs/pipeline/nes2net_asv21_sweep
neural_encodec,24.0,-24.0,24.0,0.0012499999999999,0.9996859375,0.0024999999999999,0.0142931925620692,0.0,-0.0024865959597889,0.0012270315491174,0.0,0.0019694262530323,0.000625,1,2,ssl_aasist,asvspoof2019_la,runs/pipeline/extra_conditions_asv19_sweep
neural_encodec,12.0,-12.0,12.0,0.0012499999999999,0.999559375,0.0024999999999999,0.0191758622664365,0.0,-0.0024865959597889,0.0012392343392828,0.0,0.0042199656802552,0.00625,1,11,ssl_aasist,asvspoof2019_la,runs/pipeline/extra_conditions_asv19_sweep
neural_encodec,6.0,-6.0,6.0,0.00375,0.9987984375,0.02375,0.6577723441982708,0.0025,-0.001868298109803,0.0050217276675963,2.000000000000044,0.1395127008932925,0.208125,1,334,ssl_aasist,asvspoof2019_la,runs/pipeline/extra_conditions_asv19_sweep
neural_encodec,3.0,-3.0,3.0,0.0856249999999999,0.971384375,0.6025,6.5149927849342255,0.0843749999999999,0.0687578430708225,0.0981570512820512,67.50000000000071,0.4800208533135894,0.491875,1,788,ssl_aasist,asvspoof2019_la,runs/pipeline/extra_conditions_asv19_sweep
neural_encodec,1.5,-1.5,1.5,0.278125,0.8112617187500001,0.86375,9.436732848395636,0.2768750000000001,0.252509723763185,0.2981317746810062,221.5000000000024,0.5006118461573577,0.49875,1,799,ssl_aasist,asvspoof2019_la,runs/pipeline/extra_conditions_asv19_sweep
telephony_g711a,64.0,-64.0,64.0,0.0012499999999999,0.999909375,0.00375,0.0165540206232322,0.0,-0.0006435006435006,0.000634558130223,0.0,0.000250570325272,0.0,1,1,ssl_aasist,asvspoof2019_la,runs/pipeline/extra_conditions_asv19_sweep
telephony_g722,64.0,-64.0,64.0,0.0012499999999999,0.9998640625,0.00375,0.0162793533550477,0.0,-0.0006435006435006,0.0006361525745125,0.0,0.0004654116694713,0.0,1,1,ssl_aasist,asvspoof2019_la,runs/pipeline/extra_conditions_asv19_sweep
neural_encodec,24.0,-24.0,24.0,0.0625,0.9859203125,0.1824999999999999,0.4856060526968681,0.0162499999999999,0.0062513958201933,0.0218822837965991,0.3513513513513511,0.0167420999999904,0.0225,46,56,rawnet2,asvspoof2019_la,runs/pipeline/extra_conditions_asv19_sweep
neural_encodec,12.0,-12.0,12.0,0.06125,0.9825375,0.1725,0.5066063939825064,0.015,0.0068640103662315,0.024984803064882,0.3243243243243244,0.0240474626409133,0.038125,43,80,rawnet2,asvspoof2019_la,runs/pipeline/extra_conditions_asv19_sweep
neural_encodec,6.0,-6.0,6.0,0.07125,0.979109375,0.1824999999999999,0.5823998137926951,0.025,0.0162573005479914,0.0362394138201132,0.5405405405405405,0.0461862083482286,0.073125,36,133,rawnet2,asvspoof2019_la,runs/pipeline/extra_conditions_asv19_sweep
neural_encodec,3.0,-3.0,3.0,0.0881249999999999,0.9680453125,0.24625,0.984141201764813,0.0418749999999999,0.0299872241121062,0.0569068841296511,0.9054054054054048,0.1082729395303442,0.154375,27,256,rawnet2,asvspoof2019_la,runs/pipeline/extra_conditions_asv19_sweep
neural_encodec,1.5,-1.5,1.5,0.1075,0.9554312500000002,0.3925,2.3059037353562126,0.06125,0.0431399560476296,0.0743740142379946,1.3243243243243243,0.2585569204526357,0.315625,10,509,rawnet2,asvspoof2019_la,runs/pipeline/extra_conditions_asv19_sweep
telephony_g711a,64.0,-64.0,64.0,0.0481249999999999,0.9905765625,0.1825,0.4561377331217554,0.0018749999999999,-0.0031219906481457,0.0062885372681452,0.0405405405405399,0.0061976250377046,0.0075,44,32,rawnet2,asvspoof2019_la,runs/pipeline/extra_conditions_asv19_sweep
telephony_g722,64.0,-64.0,64.0,0.05,0.99124375,0.1724999999999999,0.4043427032809528,0.00375,-0.0056169335765847,0.0075068009962311,0.0810810810810814,0.0126463084152129,0.0125,35,47,rawnet2,asvspoof2019_la,runs/pipeline/extra_conditions_asv19_sweep
neural_encodec,24.0,-24.0,24.0,0.1737499999999999,0.89655625,0.5037499999999999,1.9538079510893975,0.0081249999999999,-0.0050011098315481,0.0224854174011684,0.0490566037735845,0.0418283166312788,0.10625,109,230,nes2net,asvspoof2019_la,runs/pipeline/extra_conditions_asv19_sweep
neural_encodec,12.0,-12.0,12.0,0.165,0.898384375,0.5637499999999999,1.879583202155104,-0.0006249999999999,-0.0137941944620899,0.0174918193640206,-0.0037735849056602,0.0474437543996563,0.1425,91,272,nes2net,asvspoof2019_la,runs/pipeline/extra_conditions_asv19_sweep
neural_encodec,6.0,-6.0,6.0,0.170625,0.9003734375000001,0.5925,1.6544111605177678,0.005,-0.0112552424684085,0.0224832755601443,0.030188679245283,0.061854316130576,0.240625,54,424,nes2net,asvspoof2019_la,runs/pipeline/extra_conditions_asv19_sweep
neural_encodec,3.0,-3.0,3.0,0.1975,0.8887999999999999,0.8175,1.0063239008862424,0.0318749999999999,0.0100021333758445,0.0531250216064791,0.1924528301886791,0.1541102224469588,0.438125,8,708,nes2net,asvspoof2019_la,runs/pipeline/extra_conditions_asv19_sweep
neural_encodec,1.5,-1.5,1.5,0.255625,0.818109375,0.8337500000000001,0.8637570612754024,0.0899999999999999,0.0650120069535655,0.1199914710670346,0.5433962264150941,0.5261538183375655,0.49875,0,799,nes2net,asvspoof2019_la,runs/pipeline/extra_conditions_asv19_sweep
telephony_g711a,64.0,-64.0,64.0,0.14125,0.92388125,0.41375,1.6369961539673747,-0.0243749999999999,-0.0324913942221224,-0.0087559621106288,-0.1471698113207545,0.031245846876294,0.05875,98,177,nes2net,asvspoof2019_la,runs/pipeline/extra_conditions_asv19_sweep
telephony_g722,64.0,-64.0,64.0,0.155,0.9173921875,0.4237499999999999,1.8034236904564804,-0.0106249999999999,-0.0207551304698053,0.0012504427351858,-0.0641509433962263,0.0209346730216525,0.0375,124,125,nes2net,asvspoof2019_la,runs/pipeline/extra_conditions_asv19_sweep
bandpass,8000.0,-8000.0,7920.0,0.071875,0.9752171875,0.48375,1.7480189580255625,0.0037499999999999,-0.0044536700361498,0.0087580643375888,0.0550458715596328,0.0177827407548642,0.015625,49,63,xlsr_mamba,in_the_wild,runs/pipeline/xlsr_mamba_itw_sweep
bandpass,6000.0,-6000.0,6000.0,0.0799999999999999,0.9722515625,0.55375,1.950209012699584,0.0118749999999999,0.0018726635649349,0.0181209335894408,0.1743119266055043,0.0400204158885432,0.02875,43,80,xlsr_mamba,in_the_wild,runs/pipeline/xlsr_mamba_itw_sweep
bandpass,4000.0,-4000.0,4000.0,0.0775,0.9710578125,0.55,2.1934402886301814,0.009375,0.0005873493975903,0.0194077633726466,0.1376146788990827,0.0707608795298347,0.039375,36,94,xlsr_mamba,in_the_wild,runs/pipeline/xlsr_mamba_itw_sweep
bandpass,3400.0,-3400.0,3400.0,0.0787499999999999,0.9706765625,0.5449999999999999,2.261490375968473,0.0106249999999999,0.0,0.0206278803686105,0.1559633027522933,0.078778385039681,0.04625,37,104,xlsr_mamba,in_the_wild,runs/pipeline/xlsr_mamba_itw_sweep
bandpass,2000.0,-2000.0,2000.0,0.0956249999999999,0.9622875,0.61125,2.8343682191292583,0.0274999999999999,0.0125012232664802,0.0381225347706168,0.4036697247706417,0.1123219927724378,0.09,29,164,xlsr_mamba,in_the_wild,runs/pipeline/xlsr_mamba_itw_sweep
chirp,25.0,-25.0,24.999993921179307,0.08625,0.96096875,0.68375,1.7094238469637322,0.018125,0.0061989400809156,0.0275062759544093,0.2660550458715598,0.065227822753806,0.0525,119,40,xlsr_mamba,in_the_wild,runs/pipeline/xlsr_mamba_itw_sweep
chirp,20.0,-20.0,19.999998077429662,0.0925,0.9613,0.6325,1.8502114492370176,0.024375,0.0137513670794504,0.0349898542359725,0.3577981651376147,0.0823534700992915,0.065,129,40,xlsr_mamba,in_the_wild,runs/pipeline/xlsr_mamba_itw_sweep
chirp,15.0,-15.0,14.99999939200469,0.0999999999999999,0.9502578125,0.75875,2.005065132111294,0.0318749999999999,0.0193718998756995,0.0437998291048276,0.4678899082568805,0.0982446340726594,0.085,149,44,xlsr_mamba,in_the_wild,runs/pipeline/xlsr_mamba_itw_sweep
chirp,10.0,-10.0,9.999999807735156,0.1099999999999999,0.9473578125,0.8462500000000001,2.130173818461825,0.0418749999999999,0.0281088719774232,0.0556251368884525,0.6146788990825685,0.1024170828146702,0.096875,164,60,xlsr_mamba,in_the_wild,runs/pipeline/xlsr_mamba_itw_sweep
chirp,5.0,-5.0,4.999999939203206,0.124375,0.93950625,0.815,2.3382489364143395,0.0562499999999999,0.0399901860372196,0.0669098035195794,0.8256880733944952,0.1263840755921975,0.109375,190,60,xlsr_mamba,in_the_wild,runs/pipeline/xlsr_mamba_itw_sweep
codec,128.0,-128.0,128.0,0.0687499999999999,0.9758,0.5025,1.861879011570812,0.0006249999999999,-0.0043686265435282,0.0069200491170479,0.0091743119266053,0.0190041794482102,0.01875,46,73,xlsr_mamba,in_the_wild,runs/pipeline/xlsr_mamba_itw_sweep
codec,64.0,-64.0,64.0,0.0687499999999999,0.9754984375,0.50625,1.8830406111852176,0.0006249999999999,-0.0043966028170159,0.0075051715322589,0.0091743119266053,0.0220884582752174,0.019375,43,75,xlsr_mamba,in_the_wild,runs/pipeline/xlsr_mamba_itw_sweep
codec,32.0,-32.0,32.0,0.079375,0.9729234375,0.52875,2.165480850689276,0.0112499999999999,0.0018636181157267,0.0212419146377177,0.165137614678899,0.0551430618084123,0.041875,37,103,xlsr_mamba,in_the_wild,runs/pipeline/xlsr_mamba_itw_sweep
codec,24.0,-24.0,24.0,0.0849999999999999,0.9683828125,0.57875,2.4271021337095378,0.0168749999999999,0.0068800745041908,0.0262423149968933,0.2477064220183484,0.0799873598867167,0.063125,33,123,xlsr_mamba,in_the_wild,runs/pipeline/xlsr_mamba_itw_sweep
codec,16.0,-16.0,16.0,0.091875,0.961978125,0.5912499999999999,2.8306148413351773,0.02375,0.0112583018345713,0.0362972665885195,0.3486238532110094,0.115605065275309,0.085,29,156,xlsr_mamba,in_the_wild,runs/pipeline/xlsr_mamba_itw_sweep
codec,8.0,-8.0,8.0,0.154375,0.91848125,0.8799999999999999,4.642047980233631,0.08625,0.0687516999934073,0.1069317182862432,1.26605504587156,0.1794116983717023,0.303125,9,491,xlsr_mamba,in_the_wild,runs/pipeline/xlsr_mamba_itw_sweep
gain,-3.0,3.0,-3.0,0.078125,0.973334375,0.5275,2.0796553467646306,0.0099999999999999,-0.0006362872760525,0.0169090732955638,0.146788990825688,0.0407157149259516,0.049375,36,114,xlsr_mamba,in_the_wild,runs/pipeline/xlsr_mamba_itw_sweep
gain,3.0,3.0,3.0,0.0687499999999999,0.9766890625000002,0.4524999999999999,1.3955547367599437,0.0006249999999999,-0.0100006895635628,0.0062761087273839,0.0091743119266053,0.0417793157163986,0.031875,80,32,xlsr_mamba,in_the_wild,runs/pipeline/xlsr_mamba_itw_sweep
gain,-10.0,10.0,-10.0,0.108125,0.9546828125,0.645,3.3920679249028933,0.0399999999999999,0.025621289491868,0.055649964128877,0.5871559633027522,0.1300572567396785,0.203125,14,332,xlsr_mamba,in_the_wild,runs/pipeline/xlsr_mamba_itw_sweep
gain,10.0,10.0,10.0,0.0687499999999999,0.9708234375,0.485,1.1853870807173266,0.0006249999999999,-0.0118716609628677,0.0118677039985918,0.0091743119266053,0.1084903667308366,0.146875,244,12,xlsr_mamba,in_the_wild,runs/pipeline/xlsr_mamba_itw_sweep
gain,-20.0,20.0,-20.0,0.31125,0.752928125,0.98625,4.700299508762666,0.243125,0.2156258950295785,0.2669067389976484,3.568807339449541,0.1821327760581493,0.399375,66,578,xlsr_mamba,in_the_wild,runs/pipeline/xlsr_mamba_itw_sweep
gain,20.0,20.0,20.0,0.1087499999999999,0.9481453124999998,0.67,1.3000189254835106,0.0406249999999999,0.0243840616283831,0.0544131893991251,0.5963302752293574,0.1524077147834585,0.3725,594,5,xlsr_mamba,in_the_wild,runs/pipeline/xlsr_mamba_itw_sweep
noise,30.0,-30.0,29.99998078595794,0.0749999999999999,0.97105625,0.53,1.4572530893781752,0.0068749999999999,-0.0025031235777532,0.0143981378566287,0.1009174311926602,0.0444138033072208,0.04375,101,34,xlsr_mamba,in_the_wild,runs/pipeline/xlsr_mamba_itw_sweep
noise,20.0,-20.0,19.999998077429485,0.091875,0.955403125,0.68875,1.6019239986227265,0.02375,0.0125150070920021,0.0375028932901212,0.3486238532110092,0.0973097128612718,0.134375,237,25,xlsr_mamba,in_the_wild,runs/pipeline/xlsr_mamba_itw_sweep
noise,15.0,-15.0,14.999999392004517,0.13375,0.9325609375,0.7875,1.818668636133687,0.065625,0.0518140895254572,0.0818839477955613,0.9633027522935784,0.1338141973363022,0.208125,344,20,xlsr_mamba,in_the_wild,runs/pipeline/xlsr_mamba_itw_sweep
noise,10.0,-10.0,9.999999807734977,0.1574999999999999,0.9082078125,0.925,1.8861607497595596,0.0893749999999999,0.0749978225903713,0.1081748873536627,1.3119266055045866,0.1469043120697814,0.28875,480,23,xlsr_mamba,in_the_wild,runs/pipeline/xlsr_mamba_itw_sweep
noise,5.0,-5.0,4.999999939203029,0.1781249999999999,0.8905593749999999,0.9475,1.886675787356149,0.1099999999999999,0.0918737881516537,0.1281250841286605,1.6146788990825682,0.1534831514955156,0.34625,564,21,xlsr_mamba,in_the_wild,runs/pipeline/xlsr_mamba_itw_sweep
noise,0.0,-0.0,-1.9222870206218116e-08,0.2375,0.8374781250000001,0.98125,2.1980176474179696,0.169375,0.1450404744463591,0.1862512669799148,2.486238532110092,0.1635815873496238,0.365625,589,31,xlsr_mamba,in_the_wild,runs/pipeline/xlsr_mamba_itw_sweep
reverb,0.1,0.1,0.1,0.175625,0.8985406249999999,0.8962500000000001,3.979993088422305,0.1075,0.0887504321768704,0.1243800521839302,1.577981651376147,0.1637276383915533,0.215625,32,358,xlsr_mamba,in_the_wild,runs/pipeline/xlsr_mamba_itw_sweep
reverb,0.3,0.3,0.2999999999999999,0.27,0.7945749999999999,1.0,4.878573332467729,0.201875,0.1787511150086673,0.2250710963500749,2.963302752293578,0.1826318802990579,0.33875,18,553,xlsr_mamba,in_the_wild,runs/pipeline/xlsr_mamba_itw_sweep
reverb,0.5,0.5,0.5,0.2975,0.7573890624999999,1.0,4.937728647750831,0.229375,0.2062186339671562,0.2537846055643997,3.36697247706422,0.1836530417457722,0.36625,23,588,xlsr_mamba,in_the_wild,runs/pipeline/xlsr_mamba_itw_sweep
reverb,0.7,0.7,0.7,0.3193749999999999,0.7318921875,1.0,4.924403516550336,0.25125,0.2256715059389605,0.2743841454720915,3.688073394495412,0.1843646246405914,0.373125,33,587,xlsr_mamba,in_the_wild,runs/pipeline/xlsr_mamba_itw_sweep
reverb,0.9,0.9,0.9000000000000002,0.33375,0.7165046875,1.0,4.868080639414616,0.265625,0.2400023865652414,0.2893781646337798,3.899082568807339,0.1846133528286225,0.38,47,578,xlsr_mamba,in_the_wild,runs/pipeline/xlsr_mamba_itw_sweep
transcode_identity,320.0,-320.0,320.0,0.0687499999999999,0.9757953125,0.5025,1.8617114554404612,0.0006249999999999,-0.0037783843350485,0.0069200491170479,0.0091743119266053,0.0190178780002054,0.01875,46,73,xlsr_mamba,in_the_wild,runs/pipeline/xlsr_mamba_itw_sweep
transcode_identity,256.0,-256.0,256.0,0.0687499999999999,0.9757953125,0.5025,1.8617114554404612,0.0006249999999999,-0.0037783843350485,0.0069200491170479,0.0091743119266053,0.0190178780002054,0.01875,46,73,xlsr_mamba,in_the_wild,runs/pipeline/xlsr_mamba_itw_sweep
transcode_identity,192.0,-192.0,192.0,0.0687499999999999,0.9757953125,0.5025,1.8617114554404612,0.0006249999999999,-0.0037783843350485,0.0069200491170479,0.0091743119266053,0.0190178780002054,0.01875,46,73,xlsr_mamba,in_the_wild,runs/pipeline/xlsr_mamba_itw_sweep
transmission,0.0,0.0,0.0,0.068125,0.976971875,0.4599999999999999,1.6708370308954756,0.0,0.0,0.0,0.0,0.0,0.0,54,55,xlsr_mamba,in_the_wild,runs/pipeline/xlsr_mamba_itw_sweep
transmission,0.01,0.01,0.0098224418608785,0.075625,0.9748890625,0.4725,2.03355582011101,0.0074999999999999,-0.0043706500249273,0.015000215042189,0.1100917431192659,0.0324423078386334,0.0325,43,96,xlsr_mamba,in_the_wild,runs/pipeline/xlsr_mamba_itw_sweep
transmission,0.05,0.05,0.0504099734556357,0.086875,0.9654625,0.5825,3.275925858259637,0.01875,0.0056179950737193,0.030602058357633,0.2752293577981654,0.1179130022651682,0.15375,14,261,xlsr_mamba,in_the_wild,runs/pipeline/xlsr_mamba_itw_sweep
transmission,0.1,0.1,0.098551582663714,0.1287499999999999,0.941840625,0.84,4.317991941078225,0.0606249999999999,0.0411617567499938,0.0755950878119915,0.8899082568807335,0.1618181801820409,0.2725,9,444,xlsr_mamba,in_the_wild,runs/pipeline/xlsr_mamba_itw_sweep
transmission,0.2,0.2,0.2000974472388898,0.1899999999999999,0.8957375000000001,0.9875,5.280353865319551,0.1218749999999999,0.098751310062795,0.138157611040861,1.7889908256880729,0.1818663427608363,0.41875,4,675,xlsr_mamba,in_the_wild,runs/pipeline/xlsr_mamba_itw_sweep
bandpass,8000.0,-8000.0,7920.0,0.0537499999999999,0.989175,0.3949999999999999,0.3562215184993722,-0.00125,-0.0031243231209364,0.0075030108766871,-0.0227272727272732,0.0026599115385636,0.009375,44,43,xlsr_mamba,asvspoof2021_la,runs/pipeline/xlsr_mamba_asv21_sweep
bandpass,6000.0,-6000.0,6000.0,0.0531249999999999,0.9891046875,0.3862499999999999,0.3608599258487852,-0.001875,-0.004395739603337,0.0068963531253505,-0.0340909090909093,0.0034775479219294,0.014375,38,45,xlsr_mamba,asvspoof2021_la,runs/pipeline/xlsr_mamba_asv21_sweep
bandpass,4000.0,-4000.0,4000.0,0.055625,0.989878125,0.3662499999999999,0.3614194762133429,0.000625,-0.0069083039613704,0.0087500054688867,0.0113636363636366,0.0043160992386589,0.01625,35,49,xlsr_mamba,asvspoof2021_la,runs/pipeline/xlsr_mamba_asv21_sweep
bandpass,3400.0,-3400.0,3400.0,0.0537499999999999,0.990096875,0.36875,0.3628788944217446,-0.00125,-0.0069824069163309,0.0087991418697915,-0.0227272727272732,0.0044271460161386,0.01875,33,51,xlsr_mamba,asvspoof2021_la,runs/pipeline/xlsr_mamba_asv21_sweep
bandpass,2000.0,-2000.0,2000.0,0.0524999999999999,0.9908015625,0.3699999999999999,0.3999706638619832,-0.0025,-0.0081175041898115,0.0081384880543642,-0.045454545454546,0.0065313520479375,0.035625,11,64,xlsr_mamba,asvspoof2021_la,runs/pipeline/xlsr_mamba_asv21_sweep
chirp,25.0,-25.0,24.999999890185787,0.0618749999999999,0.987859375,0.4362499999999999,0.3535303696566303,0.0068749999999999,-7.205464405857463e-05,0.0137518344983069,0.1249999999999995,0.0104280535787421,0.02,64,40,xlsr_mamba,asvspoof2021_la,runs/pipeline/xlsr_mamba_asv21_sweep
chirp,20.0,-20.0,19.999999965276665,0.06125,0.985934375,0.44625,0.3826013293417278,0.00625,0.0,0.0137517506626162,0.1136363636363637,0.0198952046404136,0.01875,57,45,xlsr_mamba,asvspoof2021_la,runs/pipeline/xlsr_mamba_asv21_sweep
chirp,15.0,-15.0,14.999999989022488,0.06,0.986915625,0.4724999999999999,0.406532186171315,0.005,-0.0012513669866428,0.0137698130181303,0.0909090909090912,0.0316242158256296,0.031875,67,38,xlsr_mamba,asvspoof2021_la,runs/pipeline/xlsr_mamba_asv21_sweep
chirp,10.0,-10.0,9.999999996531574,0.0643749999999999,0.9858484375,0.44125,0.4414480777399132,0.0093749999999999,0.0018726825845988,0.0187861334499084,0.1704545454545448,0.0413217483767274,0.030625,61,44,xlsr_mamba,asvspoof2021_la,runs/pipeline/xlsr_mamba_asv21_sweep
chirp,5.0,-5.0,4.999999998906158,0.070625,0.984734375,0.47375,0.5323013581516461,0.015625,0.009369137479084,0.0293459802465356,0.2840909090909093,0.0675451925198643,0.038125,67,52,xlsr_mamba,asvspoof2021_la,runs/pipeline/xlsr_mamba_asv21_sweep
codec,128.0,-128.0,128.0,0.0506249999999999,0.9897078125,0.3949999999999999,0.3616170314654036,-0.004375,-0.0056193281711209,0.005005354983876,-0.0795454545454551,0.001738621826877,0.0075,36,46,xlsr_mamba,asvspoof2021_la,runs/pipeline/xlsr_mamba_asv21_sweep
codec,64.0,-64.0,64.0,0.0524999999999999,0.9897859375,0.3874999999999999,0.3593179416128113,-0.0025,-0.0050201015223748,0.0050006563281592,-0.0454545454545457,0.002345079855865,0.0075,37,45,xlsr_mamba,asvspoof2021_la,runs/pipeline/xlsr_mamba_asv21_sweep
codec,32.0,-32.0,32.0,0.0518749999999999,0.9898203125,0.3624999999999999,0.365820564392784,-0.003125,-0.0069685277765548,0.0068871738290982,-0.0568181818181821,0.0039111308111631,0.0125,35,47,xlsr_mamba,asvspoof2021_la,runs/pipeline/xlsr_mamba_asv21_sweep
codec,24.0,-24.0,24.0,0.055625,0.9891390625,0.40375,0.3887619032753577,0.000625,-0.0056135852341797,0.0093654449412043,0.0113636363636363,0.0062803766816339,0.02,28,56,xlsr_mamba,asvspoof2021_la,runs/pipeline/xlsr_mamba_asv21_sweep
codec,16.0,-16.0,16.0,0.061875,0.9868140625,0.45375,0.499948378214048,0.0068749999999999,-0.0012545210298711,0.0187810022214461,0.1249999999999998,0.028381906545252,0.039375,20,71,xlsr_mamba,asvspoof2021_la,runs/pipeline/xlsr_mamba_asv21_sweep
codec,8.0,-8.0,8.0,0.149375,0.9237015625,0.93625,2.17473508357486,0.094375,0.0756289269040458,0.1137552904143351,1.7159090909090906,0.2486237417464182,0.18875,2,302,xlsr_mamba,asvspoof2021_la,runs/pipeline/xlsr_mamba_asv21_sweep
gain,-3.0,3.0,-3.0,0.055,0.9900109375,0.3575,0.3929865663816438,1.3877787807814457e-17,-0.0043802176642064,0.006250000244141,2.5232341468753555e-16,0.0034475205798431,0.020625,27,56,xlsr_mamba,asvspoof2021_la,runs/pipeline/xlsr_mamba_asv21_sweep
gain,3.0,3.0,3.0,0.0525,0.9888046875,0.41,0.3293021887498533,-0.0025,-0.0031343005369762,0.0062759809653772,-0.0454545454545454,0.0033667500863372,0.013125,59,38,xlsr_mamba,asvspoof2021_la,runs/pipeline/xlsr_mamba_asv21_sweep
gain,-10.0,10.0,-10.0,0.0574999999999999,0.9897453125,0.33625,0.5379993625869742,0.0024999999999999,-0.0043570864703863,0.0125050020008003,0.0454545454545452,0.0182499451316595,0.046875,10,81,xlsr_mamba,asvspoof2021_la,runs/pipeline/xlsr_mamba_asv21_sweep
gain,10.0,10.0,10.0,0.06625,0.983521875,0.51625,0.3346288190080823,0.01125,0.006230897090503,0.0225102280918374,0.2045454545454547,0.0213431144440232,0.065625,127,28,xlsr_mamba,asvspoof2021_la,runs/pipeline/xlsr_mamba_asv21_sweep
gain,-20.0,20.0,-20.0,0.0687499999999999,0.9823,0.46125,1.1353657384571645,0.0137499999999999,0.0050020008003201,0.0262554308904127,0.2499999999999997,0.099825487183232,0.09375,4,152,xlsr_mamba,asvspoof2021_la,runs/pipeline/xlsr_mamba_asv21_sweep
gain,20.0,20.0,20.0,0.105625,0.95335625,0.83625,0.7724840334067001,0.0506249999999999,0.0412502578141113,0.0680961182106301,0.9204545454545452,0.173130348031828,0.159375,261,48,xlsr_mamba,asvspoof2021_la,runs/pipeline/xlsr_mamba_asv21_sweep
noise,30.0,-30.0,29.9999996527274,0.0637499999999999,0.9846296875,0.5537500000000001,0.3184867254150651,0.0087499999999999,0.0037509868320268,0.0187605804580293,0.1590909090909087,0.0097288857798608,0.040625,98,33,xlsr_mamba,asvspoof2021_la,runs/pipeline/xlsr_mamba_asv21_sweep
noise,20.0,-20.0,19.99999996527648,0.0699999999999999,0.9809734375,0.5499999999999999,0.3290946050275149,0.0149999999999999,0.0087781944516071,0.0256233047750013,0.2727272727272721,0.0515160071339053,0.15625,267,17,xlsr_mamba,asvspoof2021_la,runs/pipeline/xlsr_mamba_asv21_sweep
noise,15.0,-15.0,14.9999999890223,0.076875,0.9748171875,0.6425,0.4040489217262621,0.021875,0.0143813113040266,0.0349591579346394,0.397727272727273,0.1068033750309778,0.24125,393,7,xlsr_mamba,asvspoof2021_la,runs/pipeline/xlsr_mamba_asv21_sweep
noise,10.0,-10.0,9.9999999965314,0.08125,0.97201875,0.6812499999999999,0.4064257800330271,0.02625,0.0193987080115495,0.0406432263033366,0.4772727272727274,0.1236029428095519,0.320625,516,3,xlsr_mamba,asvspoof2021_la,runs/pipeline/xlsr_mamba_asv21_sweep
noise,5.0,-5.0,4.99999999890598,0.1025,0.9573640625,0.7625000000000001,0.4222202597283971,0.0475,0.0362434982807554,0.0631162573922166,0.8636363636363635,0.1305500951186533,0.375,602,2,xlsr_mamba,asvspoof2021_la,runs/pipeline/xlsr_mamba_asv21_sweep
noise,0.0,-0.0,-3.431197944373468e-10,0.1149999999999999,0.934384375,0.9075,0.5263157218612095,0.0599999999999999,0.0492730098166486,0.0781829065534646,1.0909090909090904,0.1556295170718497,0.39375,637,7,xlsr_mamba,asvspoof2021_la,runs/pipeline/xlsr_mamba_asv21_sweep
reverb,0.1,0.1,0.1,0.1524999999999999,0.91789375,0.98125,1.4023099770282843,0.0974999999999999,0.0794561814332867,0.1175222429649014,1.7727272727272718,0.1429313751185562,0.123125,17,200,xlsr_mamba,asvspoof2021_la,runs/pipeline/xlsr_mamba_asv21_sweep
reverb,0.3,0.3,0.2999999999999999,0.370625,0.6821953125,0.9925,3.100438464306808,0.315625,0.2949957851468179,0.3481183359387544,5.738636363636362,0.3358221375549945,0.286875,39,446,xlsr_mamba,asvspoof2021_la,runs/pipeline/xlsr_mamba_asv21_sweep
reverb,0.5,0.5,0.5,0.5175000000000001,0.5044328124999999,1.0,3.9982471091200553,0.4625000000000001,0.4355916168668861,0.4906217762132486,8.40909090909091,0.40970731436031,0.394375,49,594,xlsr_mamba,asvspoof2021_la,runs/pipeline/xlsr_mamba_asv21_sweep
reverb,0.7,0.7,0.7,0.60375,0.4029140625,0.9975,4.425704082723586,0.54875,0.5243716690344972,0.5819247631216595,9.977272727272725,0.4343940061516131,0.448125,51,684,xlsr_mamba,asvspoof2021_la,runs/pipeline/xlsr_mamba_asv21_sweep
reverb,0.9,0.9,0.9000000000000002,0.649375,0.333971875,1.0,4.647596159404213,0.594375,0.5712172410989448,0.6262450653276102,10.80681818181818,0.4443436246550684,0.4775,44,730,xlsr_mamba,asvspoof2021_la,runs/pipeline/xlsr_mamba_asv21_sweep
transcode_identity,320.0,-320.0,320.0,0.0506249999999999,0.9897015625,0.3924999999999999,0.361570749891805,-0.004375,-0.0056099714230133,0.0050034560987616,-0.0795454545454551,0.0017696932035471,0.0075,36,46,xlsr_mamba,asvspoof2021_la,runs/pipeline/xlsr_mamba_asv21_sweep
transcode_identity,256.0,-256.0,256.0,0.0506249999999999,0.9897015625,0.3924999999999999,0.361570749891805,-0.004375,-0.0056099714230133,0.0050034560987616,-0.0795454545454551,0.0017696932035471,0.0075,36,46,xlsr_mamba,asvspoof2021_la,runs/pipeline/xlsr_mamba_asv21_sweep
transcode_identity,192.0,-192.0,192.0,0.0506249999999999,0.9897015625,0.3924999999999999,0.361570749891805,-0.004375,-0.0056099714230133,0.0050034560987616,-0.0795454545454551,0.0017696932035471,0.0075,36,46,xlsr_mamba,asvspoof2021_la,runs/pipeline/xlsr_mamba_asv21_sweep
transmission,0.0,0.0,0.0,0.055,0.9897484375,0.3924999999999999,0.3548166957746994,0.0,0.0,0.0,0.0,0.0,0.0,45,43,xlsr_mamba,asvspoof2021_la,runs/pipeline/xlsr_mamba_asv21_sweep
transmission,0.01,0.01,0.0097006507993345,0.055,0.9901,0.3175,0.4175313929742845,1.3877787807814457e-17,-0.0056644849288689,0.0094007758719302,2.5232341468753555e-16,0.0092721749823334,0.02,25,55,xlsr_mamba,asvspoof2021_la,runs/pipeline/xlsr_mamba_asv21_sweep
transmission,0.05,0.05,0.0497335622430416,0.0806249999999999,0.9776625,0.63125,0.9114693107195296,0.0256249999999999,0.0150194626449078,0.0412437675908825,0.4659090909090903,0.0736820581843907,0.083125,4,135,xlsr_mamba,asvspoof2021_la,runs/pipeline/xlsr_mamba_asv21_sweep
transmission,0.1,0.1,0.1007261153878,0.10875,0.951778125,0.875,1.8606744258374155,0.05375,0.0412563697325851,0.0737764387412274,0.9772727272727272,0.1955629036441226,0.159375,2,255,xlsr_mamba,asvspoof2021_la,runs/pipeline/xlsr_mamba_asv21_sweep
transmission,0.2,0.2,0.2011269319384755,0.24375,0.8330328125,0.9512500000000002,3.9812115999478417,0.18875,0.1667858914356723,0.2162743300401894,3.431818181818182,0.3760595927258209,0.354375,0,565,xlsr_mamba,asvspoof2021_la,runs/pipeline/xlsr_mamba_asv21_sweep
bandpass,8000.0,-8000.0,7920.0,0.3575,0.6932171874999998,0.98,2.604237852876868,0.0025,-0.0062511818640711,0.0143775748643005,0.0070422535211269,0.0260748772959311,0.025625,298,275,reference_lfcc_logreg,asvspoof2021_la,runs/pipeline/reference_asv21_sweep
bandpass,6000.0,-6000.0,6000.0,0.44125,0.6519570312499999,1.0,6.891981723289857,0.08625,0.0537190364303248,0.1186919852573297,0.2429577464788732,0.4203493070087454,0.49125,0,786,reference_lfcc_logreg,asvspoof2021_la,runs/pipeline/reference_asv21_sweep
bandpass,4000.0,-4000.0,4000.0,0.3149999999999999,0.7454546874999999,0.98125,5.826274344032551,-0.04,-0.0637506894295944,-0.010000596537782,-0.1126760563380282,0.4212482767970912,0.491875,0,787,reference_lfcc_logreg,asvspoof2021_la,runs/pipeline/reference_asv21_sweep
bandpass,3400.0,-3400.0,3400.0,0.2925,0.7627390624999999,0.98125,5.294576363355069,-0.0625,-0.0831230439833125,-0.0306639379730404,-0.176056338028169,0.4186987211502387,0.490625,0,785,reference_lfcc_logreg,asvspoof2021_la,runs/pipeline/reference_asv21_sweep
bandpass,2000.0,-2000.0,2000.0,0.370625,0.6986609375000001,0.9225,2.3638805577047104,0.015625,-0.0093651717701344,0.0443571640854934,0.0440140845070422,0.2820841836650797,0.314375,122,555,reference_lfcc_logreg,asvspoof2021_la,runs/pipeline/reference_asv21_sweep
chirp,25.0,-25.0,24.999999890185787,0.316875,0.7117390625,0.9925,5.065397914216239,-0.0381249999999999,-0.0593631273099711,-0.0119535673634272,-0.107394366197183,0.3520026543116752,0.3,594,114,reference_lfcc_logreg,asvspoof2021_la,runs/pipeline/reference_asv21_sweep
chirp,20.0,-20.0,19.999999965276665,0.3156249999999999,0.7032203125,0.99625,5.485213045479215,-0.039375,-0.0568956569850396,-0.0106214795456175,-0.1109154929577466,0.3657259091129534,0.315,617,117,reference_lfcc_logreg,asvspoof2021_la,runs/pipeline/reference_asv21_sweep
chirp,15.0,-15.0,14.999999989022488,0.3193749999999999,0.7123515625,0.995,5.453949160085418,-0.035625,-0.0543745534159524,-0.0093790196754815,-0.1003521126760564,0.3705269437832271,0.32125,624,112,reference_lfcc_logreg,asvspoof2021_la,runs/pipeline/reference_asv21_sweep
chirp,10.0,-10.0,9.999999996531574,0.3193749999999999,0.714371875,0.9975,5.537670572726307,-0.035625,-0.0568807906256556,-0.0118856791510759,-0.1003521126760564,0.3747219704723221,0.324375,622,109,reference_lfcc_logreg,asvspoof2021_la,runs/pipeline/reference_asv21_sweep
chirp,5.0,-5.0,4.999999998906158,0.32625,0.7151203125000001,0.99625,5.63278420876561,-0.0287499999999999,-0.0487962615602401,-0.0031195158929642,-0.0809859154929575,0.3841391331012137,0.329375,626,101,reference_lfcc_logreg,asvspoof2021_la,runs/pipeline/reference_asv21_sweep
codec,128.0,-128.0,128.0,0.456875,0.601259375,1.0,7.94047431622898,0.101875,0.0693767277549513,0.1368745939400253,0.2869718309859156,0.4216981743484373,0.49,3,787,reference_lfcc_logreg,asvspoof2021_la,runs/pipeline/reference_asv21_sweep
codec,64.0,-64.0,64.0,0.45875,0.5592406249999999,1.0,7.66894417352852,0.10375,0.0762350420223515,0.1387451361388451,0.2922535211267606,0.4235743605811495,0.493125,3,792,reference_lfcc_logreg,asvspoof2021_la,runs/pipeline/reference_asv21_sweep
codec,32.0,-32.0,32.0,0.458125,0.55609765625,1.0,5.859164268424935,0.103125,0.073133899207658,0.1356252857682012,0.2904929577464789,0.3519808468184754,0.405,89,683,reference_lfcc_logreg,asvspoof2021_la,runs/pipeline/reference_asv21_sweep
codec,24.0,-24.0,24.0,0.46875,0.5571984375,0.97875,3.160366506398162,0.11375,0.0831989313242096,0.1419418865139689,0.3204225352112677,0.3502275297654071,0.341875,607,106,reference_lfcc_logreg,asvspoof2021_la,runs/pipeline/reference_asv21_sweep
codec,16.0,-16.0,16.0,0.489375,0.515075,0.96,6.5393001912300415,0.134375,0.1087426291276948,0.1668934296585491,0.3785211267605635,0.5360277462931847,0.478125,766,1,reference_lfcc_logreg,asvspoof2021_la,runs/pipeline/reference_asv21_sweep
codec,8.0,-8.0,8.0,0.509375,0.4851999999999999,0.98,9.79864141544726,0.154375,0.1237699511263468,0.1850167852302284,0.4348591549295776,0.5683812244769862,0.5,800,0,reference_lfcc_logreg,asvspoof2021_la,runs/pipeline/reference_asv21_sweep
gain,-3.0,3.0,-3.0,0.354375,0.6919921874999999,0.98125,2.6308611689394894,-0.0006249999999999,-0.0037410698101768,0.0037517164154218,-0.0017605633802816,0.0053317754250294,0.0075,279,291,reference_lfcc_logreg,asvspoof2021_la,runs/pipeline/reference_asv21_sweep
gain,3.0,3.0,3.0,0.33875,0.6974671875,0.98625,2.5882110101336155,-0.0162499999999999,-0.0256248402128945,-0.003103046303311,-0.0457746478873239,0.042670868252536,0.04875,309,241,reference_lfcc_logreg,asvspoof2021_la,runs/pipeline/reference_asv21_sweep
gain,-10.0,10.0,-10.0,0.356875,0.6893140625,0.98125,2.645023387201741,0.001875,-0.0025000358403648,0.0112588774492416,0.0052816901408452,0.0236867709753764,0.03375,257,311,reference_lfcc_logreg,asvspoof2021_la,runs/pipeline/reference_asv21_sweep
gain,10.0,10.0,10.0,0.334375,0.6863,0.99125,2.912825866764283,-0.020625,-0.037500613998001,-0.001872588942326,-0.0580985915492957,0.2579850483208057,0.25875,552,140,reference_lfcc_logreg,asvspoof2021_la,runs/pipeline/reference_asv21_sweep
gain,-20.0,20.0,-20.0,0.373125,0.6798859374999999,0.98375,2.615059064493579,0.018125,0.0081137257455301,0.0274877488059813,0.0510563380281691,0.0479602572954029,0.049375,257,328,reference_lfcc_logreg,asvspoof2021_la,runs/pipeline/reference_asv21_sweep
gain,20.0,20.0,20.0,0.403125,0.6128218750000001,1.0,4.508403693510057,0.048125,0.0262602580032988,0.0718634542167928,0.1355633802816903,0.4273859043894251,0.371875,702,107,reference_lfcc_logreg,asvspoof2021_la,runs/pipeline/reference_asv21_sweep
noise,30.0,-30.0,29.9999996527274,0.3125,0.7569234375,0.99125,4.662869403715279,-0.0424999999999999,-0.0650331184799287,-0.0193559688589032,-0.1197183098591548,0.5240881325377649,0.473125,761,8,reference_lfcc_logreg,asvspoof2021_la,runs/pipeline/reference_asv21_sweep
noise,20.0,-20.0,19.99999996527648,0.3043749999999999,0.7585968750000001,0.99125,7.331995499720809,-0.050625,-0.0756153669570608,-0.0231221057561955,-0.142605633802817,0.5676249113960884,0.499375,799,0,reference_lfcc_logreg,asvspoof2021_la,runs/pipeline/reference_asv21_sweep
noise,15.0,-15.0,14.9999999890223,0.3199999999999999,0.7404265624999999,0.9825,8.674131843933658,-0.035,-0.0599936830906248,-0.0055948972570558,-0.0985915492957747,0.5688436879943366,0.5,800,0,reference_lfcc_logreg,asvspoof2021_la,runs/pipeline/reference_asv21_sweep
noise,10.0,-10.0,9.9999999965314,0.3225,0.7302484375,0.99375,9.631743641098955,-0.0324999999999999,-0.0611978355834064,-0.0037495912714594,-0.0915492957746478,0.568877873078282,0.5,800,0,reference_lfcc_logreg,asvspoof2021_la,runs/pipeline/reference_asv21_sweep
noise,5.0,-5.0,4.99999999890598,0.351875,0.6956796875,0.9925,9.946782112269018,-0.0031249999999999,-0.0312443917367883,0.0256218813869887,-0.0088028169014082,0.5688792731118197,0.5,800,0,reference_lfcc_logreg,asvspoof2021_la,runs/pipeline/reference_asv21_sweep
noise,0.0,-0.0,-3.431197944373468e-10,0.37,0.6577453125,0.99875,9.965785006009968,0.015,-0.0137696376328666,0.0481123299667096,0.0422535211267606,0.5688794247670391,0.5,800,0,reference_lfcc_logreg,asvspoof2021_la,runs/pipeline/reference_asv21_sweep
reverb,0.1,0.1,0.1,0.406875,0.6368671875,0.9875,3.5119337059165874,0.051875,0.027496296661926,0.072500420059897,0.1461267605633803,0.2004850377184545,0.203125,350,291,reference_lfcc_logreg,asvspoof2021_la,runs/pipeline/reference_asv21_sweep
reverb,0.3,0.3,0.2999999999999999,0.389375,0.6453390625,0.98,3.2303585877073657,0.034375,0.0162110769748464,0.0593673339364621,0.096830985915493,0.1655234926268035,0.17875,262,354,reference_lfcc_logreg,asvspoof2021_la,runs/pipeline/reference_asv21_sweep
reverb,0.5,0.5,0.5,0.3774999999999999,0.6551296875,0.97375,3.166553586257448,0.0224999999999999,0.0043731936392681,0.0450001125018238,0.0633802816901407,0.1659439745575379,0.1725,238,384,reference_lfcc_logreg,asvspoof2021_la,runs/pipeline/reference_asv21_sweep
reverb,0.7,0.7,0.7,0.41375,0.623478125,0.965,3.471956958425544,0.05875,0.0350362481045121,0.0799953574544769,0.1654929577464789,0.1793298377945664,0.203125,246,407,reference_lfcc_logreg,asvspoof2021_la,runs/pipeline/reference_asv21_sweep
reverb,0.9,0.9,0.9000000000000002,0.40625,0.619071875,0.9775,3.5001995115520623,0.05125,0.0318328422519971,0.0756489840401257,0.1443661971830986,0.1915192690232411,0.22,252,420,reference_lfcc_logreg,asvspoof2021_la,runs/pipeline/reference_asv21_sweep
transcode_identity,320.0,-320.0,320.0,0.459375,0.6007218750000001,1.0,7.95899383492892,0.104375,0.0681539799840033,0.136250085158379,0.2940140845070422,0.4219456572096526,0.490625,3,788,reference_lfcc_logreg,asvspoof2021_la,runs/pipeline/reference_asv21_sweep
transcode_identity,256.0,-256.0,256.0,0.459375,0.6007218750000001,1.0,7.95899383492892,0.104375,0.0681539799840033,0.136250085158379,0.2940140845070422,0.4219456572096526,0.490625,3,788,reference_lfcc_logreg,asvspoof2021_la,runs/pipeline/reference_asv21_sweep
transcode_identity,192.0,-192.0,192.0,0.459375,0.6007218750000001,1.0,7.95899383492892,0.104375,0.0681539799840033,0.136250085158379,0.2940140845070422,0.4219456572096526,0.490625,3,788,reference_lfcc_logreg,asvspoof2021_la,runs/pipeline/reference_asv21_sweep
transmission,0.0,0.0,0.0,0.355,0.69239375,0.98125,2.628085109928815,0.0,0.0,0.0,0.0,0.0,0.0,284,284,reference_lfcc_logreg,asvspoof2021_la,runs/pipeline/reference_asv21_sweep
transmission,0.01,0.01,0.0097006507993345,0.35375,0.6929093749999999,0.98375,2.6377928549464653,-0.0012499999999999,-0.0075002962031579,0.0050025818201332,-0.0035211267605633,0.0082259665965338,0.01125,279,285,reference_lfcc_logreg,asvspoof2021_la,runs/pipeline/reference_asv21_sweep
transmission,0.05,0.05,0.0497335622430416,0.345,0.6926046875,0.99125,2.6548256957528023,-0.01,-0.0168714611607833,0.0013344593272869,-0.028169014084507,0.0274567400908793,0.038125,254,293,reference_lfcc_logreg,asvspoof2021_la,runs/pipeline/reference_asv21_sweep
transmission,0.1,0.1,0.1007261153878,0.344375,0.6930281250000001,0.98875,2.6397917079803355,-0.0106249999999999,-0.0225387418505928,0.0012334696774345,-0.0299295774647887,0.0388349703957186,0.054375,254,295,reference_lfcc_logreg,asvspoof2021_la,runs/pipeline/reference_asv21_sweep
transmission,0.2,0.2,0.2011269319384755,0.346875,0.688271875,0.98125,2.553302890475775,-0.0081249999999999,-0.0181235577727945,0.0087347381501512,-0.0228873239436618,0.0538886838196434,0.063125,281,272,reference_lfcc_logreg,asvspoof2021_la,runs/pipeline/reference_asv21_sweep
bandpass,8000.0,-8000.0,7920.0,0.16125,0.91276875,0.4025000000000001,1.7546823598793726,-0.004375,-0.0137503545016543,0.0043602352287893,-0.0264150943396227,0.0185813850283421,0.03,116,163,nes2net,asvspoof2019_la,runs/pipeline/nes2net_asv19_sweep
bandpass,6000.0,-6000.0,6000.0,0.1674999999999999,0.9000328125000001,0.415,1.827201393330896,0.0018749999999999,-0.0025003906860446,0.0187588756336237,0.0113207547169808,0.0282069746912248,0.08,109,232,nes2net,asvspoof2019_la,runs/pipeline/nes2net_asv19_sweep
bandpass,4000.0,-4000.0,4000.0,0.180625,0.8926874999999999,0.46875,1.894913668380921,0.0149999999999999,0.0049690217298494,0.0306063316099667,0.0905660377358489,0.0348790128559208,0.084375,116,232,nes2net,asvspoof2019_la,runs/pipeline/nes2net_asv19_sweep
bandpass,3400.0,-3400.0,3400.0,0.18125,0.8952375000000001,0.455,1.879691007248783,0.015625,0.0018838871395227,0.0281215850350125,0.0943396226415094,0.0378640459952157,0.085,115,228,nes2net,asvspoof2019_la,runs/pipeline/nes2net_asv19_sweep
bandpass,2000.0,-2000.0,2000.0,0.175,0.903709375,0.4274999999999999,1.8251947272836573,0.0093749999999999,-0.0043612795746286,0.0237341235760184,0.0566037735849056,0.0517287990080885,0.129375,94,282,nes2net,asvspoof2019_la,runs/pipeline/nes2net_asv19_sweep
chirp,25.0,-25.0,24.999999886696777,0.1731249999999999,0.903621875,0.6024999999999999,1.9431708933302183,0.0074999999999999,-0.0062510314388618,0.0200015430880646,0.0452830188679242,0.0311141348929415,0.06875,128,163,nes2net,asvspoof2019_la,runs/pipeline/nes2net_asv19_sweep
chirp,20.0,-20.0,19.999999964173345,0.1687499999999999,0.9055,0.6537499999999999,1.830232676148985,0.0031249999999999,-0.0113549958927759,0.0174985039039122,0.0188679245283016,0.034192393608195,0.095625,109,201,nes2net,asvspoof2019_la,runs/pipeline/nes2net_asv19_sweep
chirp,15.0,-15.0,14.999999988673585,0.1737499999999999,0.902840625,0.64,1.7443905686341783,0.0081249999999999,-0.0050227937581773,0.025011500166013,0.0490566037735845,0.0386325900956607,0.124375,89,263,nes2net,asvspoof2019_la,runs/pipeline/nes2net_asv19_sweep
chirp,10.0,-10.0,9.999999996421243,0.170625,0.9021703125,0.6575,1.632058188049007,0.005,-0.0100351393402689,0.0231233471408112,0.030188679245283,0.0474038583080091,0.193125,65,357,nes2net,asvspoof2019_la,runs/pipeline/nes2net_asv19_sweep
chirp,5.0,-5.0,4.999999998871267,0.175625,0.902559375,0.6950000000000001,1.456195057167567,0.01,-0.0075062325228123,0.0263057574289616,0.060377358490566,0.0633793348097689,0.276875,33,471,nes2net,asvspoof2019_la,runs/pipeline/nes2net_asv19_sweep
codec,128.0,-128.0,128.0,0.175625,0.8903156249999999,0.44625,1.9277166650727648,0.0099999999999999,0.0050246522428673,0.0212517059589062,0.0603773584905659,0.0178383498874332,0.04875,125,192,nes2net,asvspoof2019_la,runs/pipeline/nes2net_asv19_sweep
codec,64.0,-64.0,64.0,0.180625,0.8899203124999999,0.4649999999999999,1.9244425487783108,0.0149999999999999,0.0056482780434474,0.0249901257441944,0.0905660377358489,0.0204454535608924,0.0425,131,184,nes2net,asvspoof2019_la,runs/pipeline/nes2net_asv19_sweep
codec,32.0,-32.0,32.0,0.1831249999999999,0.8868328125,0.5299999999999999,2.040204975251225,0.0174999999999999,0.0050013157760356,0.0306020487681913,0.1056603773584903,0.0389154134020018,0.0675,123,208,nes2net,asvspoof2019_la,runs/pipeline/nes2net_asv19_sweep
codec,24.0,-24.0,24.0,0.19125,0.8897609375,0.5375,2.16178574135622,0.025625,0.0093950460305761,0.0399283929730996,0.1547169811320755,0.0505068755190594,0.0725,136,175,nes2net,asvspoof2019_la,runs/pipeline/nes2net_asv19_sweep
codec,16.0,-16.0,16.0,0.21375,0.8622609375000001,0.6675,2.534359888036857,0.0481249999999999,0.0306694799526594,0.0643994839451249,0.2905660377358489,0.0789863378373798,0.103125,191,133,nes2net,asvspoof2019_la,runs/pipeline/nes2net_asv19_sweep
codec,8.0,-8.0,8.0,0.223125,0.86015,0.71625,2.4514977806303646,0.0574999999999999,0.0368661928699977,0.078738918143043,0.3471698113207546,0.0878764434038186,0.225,82,373,nes2net,asvspoof2019_la,runs/pipeline/nes2net_asv19_sweep
gain,-3.0,3.0,-3.0,0.165625,0.90516875,0.4224999999999999,1.850871937416127,0.0,0.0,0.0,0.0,4.359570070383905e-05,0.0,132,133,nes2net,asvspoof2019_la,runs/pipeline/nes2net_asv19_sweep
gain,3.0,3.0,3.0,0.16,0.9092328125,0.4212499999999999,1.8169949974550008,-0.0056249999999999,-0.0106251321363389,0.0006189276190711,-0.0339622641509433,0.0075062801833019,0.010625,128,128,nes2net,asvspoof2019_la,runs/pipeline/nes2net_asv19_sweep
gain,-10.0,10.0,-10.0,0.165625,0.9051796875,0.4224999999999999,1.8496601473671648,0.0,-0.0025001945465405,0.0012658628932633,0.0,0.0003562812917164,0.0,132,133,nes2net,asvspoof2019_la,runs/pipeline/nes2net_asv19_sweep
gain,10.0,10.0,10.0,0.138125,0.9330875,0.3549999999999999,1.5702900164059823,-0.0274999999999999,-0.0418572550696781,-0.0162515870725317,-0.1660377358490565,0.0509661650014418,0.059375,92,156,nes2net,asvspoof2019_la,runs/pipeline/nes2net_asv19_sweep
gain,-20.0,20.0,-20.0,0.165625,0.9049484375,0.4049999999999999,1.8370583009545889,0.0,-0.0037556885729614,0.0037755965045677,0.0,0.0024202028466247,0.005625,129,139,nes2net,asvspoof2019_la,runs/pipeline/nes2net_asv19_sweep
gain,20.0,20.0,20.0,0.1087499999999999,0.949496875,0.51625,1.1722816090273795,-0.056875,-0.0738112463451001,-0.0374755580370347,-0.3433962264150945,0.1264291964277008,0.17125,31,294,nes2net,asvspoof2019_la,runs/pipeline/nes2net_asv19_sweep
noise,30.0,-30.0,29.99999964169418,0.2,0.8652718750000001,0.6437500000000002,1.6625055679532592,0.0343749999999999,0.0181203603917475,0.0525151374983483,0.2075471698113206,0.0543614776191947,0.219375,89,433,nes2net,asvspoof2019_la,runs/pipeline/nes2net_asv19_sweep
noise,20.0,-20.0,19.99999996417316,0.23875,0.8257937500000001,0.81875,1.5140658743989213,0.073125,0.0512477114144448,0.0912462756399814,0.441509433962264,0.0854180214494419,0.369375,54,646,nes2net,asvspoof2019_la,runs/pipeline/nes2net_asv19_sweep
noise,15.0,-15.0,14.99999998867341,0.2887499999999999,0.7750390625000001,0.8462500000000001,1.432658457213022,0.1231249999999999,0.1012500052683995,0.1500003222683258,0.7433962264150938,0.116754643249062,0.440625,30,736,nes2net,asvspoof2019_la,runs/pipeline/nes2net_asv19_sweep
noise,10.0,-10.0,9.999999996421058,0.296875,0.756146875,0.8749999999999999,1.3030124196880406,0.1312499999999999,0.1087577927845941,0.1600358100384208,0.792452830188679,0.1489660247930319,0.488125,9,789,nes2net,asvspoof2019_la,runs/pipeline/nes2net_asv19_sweep
noise,5.0,-5.0,4.999999998871092,0.254375,0.7980875000000001,0.885,1.1141716071993295,0.08875,0.0662531245127785,0.1186695365487563,0.5358490566037735,0.1880588252209318,0.499375,0,800,nes2net,asvspoof2019_la,runs/pipeline/nes2net_asv19_sweep
noise,0.0,-0.0,-3.541433498798661e-10,0.2375,0.8236265625,0.85875,0.9655779709383416,0.071875,0.0462522515626855,0.1031037962145427,0.4339622641509433,0.2311082177298068,0.499375,0,800,nes2net,asvspoof2019_la,runs/pipeline/nes2net_asv19_sweep
reverb,0.1,0.1,0.1,0.234375,0.8430218749999999,0.72375,2.4164443421986546,0.0687499999999999,0.049916295313461,0.0881311863492688,0.4150943396226413,0.0720237746539275,0.13375,186,189,nes2net,asvspoof2019_la,runs/pipeline/nes2net_asv19_sweep
reverb,0.3,0.3,0.2999999999999999,0.32375,0.7421609374999999,0.93,2.402546905993015,0.1581249999999999,0.1362553019567137,0.1818745406564051,0.9547169811320751,0.0824521788621723,0.283125,148,460,nes2net,asvspoof2019_la,runs/pipeline/nes2net_asv19_sweep
reverb,0.5,0.5,0.5,0.37625,0.6752953125,0.97625,2.2434476473969345,0.2106249999999999,0.1855886271855575,0.2374670755507667,1.2716981132075469,0.0906083272058733,0.448125,46,716,nes2net,asvspoof2019_la,runs/pipeline/nes2net_asv19_sweep
reverb,0.7,0.7,0.7,0.42375,0.6228140625,0.9925,2.015539786174107,0.258125,0.2337395305994348,0.2868747764912798,1.5584905660377355,0.106721256206656,0.493125,2,792,nes2net,asvspoof2019_la,runs/pipeline/nes2net_asv19_sweep
reverb,0.9,0.9,0.9000000000000002,0.441875,0.5947828124999999,0.98625,1.7620221000522212,0.27625,0.2493378525993493,0.3050527398683786,1.6679245283018866,0.1351330056422514,0.499375,0,800,nes2net,asvspoof2019_la,runs/pipeline/nes2net_asv19_sweep
transcode_identity,320.0,-320.0,320.0,0.176875,0.8904749999999999,0.4475,1.927801460910865,0.0112499999999999,0.004392219798841,0.0206251674923011,0.0679245283018866,0.0178690182362819,0.04875,127,192,nes2net,asvspoof2019_la,runs/pipeline/nes2net_asv19_sweep
transcode_identity,256.0,-256.0,256.0,0.176875,0.8904749999999999,0.4475,1.927801460910865,0.0112499999999999,0.004392219798841,0.0206251674923011,0.0679245283018866,0.0178690182362819,0.04875,127,192,nes2net,asvspoof2019_la,runs/pipeline/nes2net_asv19_sweep
transcode_identity,192.0,-192.0,192.0,0.176875,0.8904749999999999,0.4475,1.927801460910865,0.0112499999999999,0.004392219798841,0.0206251674923011,0.0679245283018866,0.0178690182362819,0.04875,127,192,nes2net,asvspoof2019_la,runs/pipeline/nes2net_asv19_sweep
transmission,0.0,0.0,0.0,0.165625,0.9051515625,0.4224999999999999,1.851042023265592,0.0,0.0,0.0,0.0,0.0,0.0,132,133,nes2net,asvspoof2019_la,runs/pipeline/nes2net_asv19_sweep
transmission,0.01,0.01,0.010027788770389,0.16625,0.9101984375,0.4074999999999999,1.7518472394805145,0.0006249999999999,-0.0050050015320275,0.011251582340602,0.0037735849056602,0.0155176306406273,0.025,129,150,nes2net,asvspoof2019_la,runs/pipeline/nes2net_asv19_sweep
transmission,0.05,0.05,0.050213066383787,0.1206249999999999,0.9371125,0.3974999999999999,1.3967309917149209,-0.045,-0.0581106773488165,-0.0263082468571808,-0.2716981132075474,0.0612347644625581,0.119375,55,243,nes2net,asvspoof2019_la,runs/pipeline/nes2net_asv19_sweep
transmission,0.1,0.1,0.1000086190221701,0.11875,0.9511109375,0.47125,1.066584456229936,-0.046875,-0.064337902549928,-0.03067659329329,-0.2830188679245283,0.1121278244294971,0.218125,23,363,nes2net,asvspoof2019_la,runs/pipeline/nes2net_asv19_sweep
transmission,0.2,0.2,0.1990158402005855,0.118125,0.9526328125,0.4374999999999999,0.6424820455444584,-0.0475,-0.0712838084944193,-0.0306215984371845,-0.2867924528301888,0.209069595867799,0.41,5,662,nes2net,asvspoof2019_la,runs/pipeline/nes2net_asv19_sweep
bandpass,8000.0,-8000.0,7920.0,0.19875,0.88041875,0.8425,1.95565756281065,-0.0025,-0.0106250188177438,0.010616518617288,-0.0124223602484473,0.0152571606937499,0.035625,153,168,nes2net,in_the_wild,runs/pipeline/nes2net_itw_sweep
bandpass,6000.0,-6000.0,6000.0,0.21375,0.8727546875,0.875,1.9994753900971944,0.0124999999999999,0.0006041624622947,0.0243727383562529,0.0621118012422357,0.0195856572280666,0.05,166,178,nes2net,in_the_wild,runs/pipeline/nes2net_itw_sweep
bandpass,4000.0,-4000.0,4000.0,0.23375,0.8522375,0.94375,2.0931933696048306,0.0324999999999999,0.0199216475339935,0.046913504569354,0.1614906832298135,0.0302301603102079,0.0775,187,189,nes2net,in_the_wild,runs/pipeline/nes2net_itw_sweep
bandpass,3400.0,-3400.0,3400.0,0.2375,0.844603125,0.9475,2.103275664790789,0.0362499999999999,0.0231249035837537,0.0519560287863224,0.1801242236024843,0.0333313127829143,0.0775,189,191,nes2net,in_the_wild,runs/pipeline/nes2net_itw_sweep
bandpass,2000.0,-2000.0,2000.0,0.219375,0.862328125,0.87875,1.8351605293035984,0.0181249999999999,0.0025003824814326,0.0343809987295727,0.0900621118012419,0.0479960201270575,0.103125,130,227,nes2net,in_the_wild,runs/pipeline/nes2net_itw_sweep
chirp,25.0,-25.0,24.999993921179307,0.20625,0.88079375,0.9075,1.9171125979842267,0.0049999999999999,-0.0087501322777699,0.016254309297471,0.0248447204968942,0.0316215018103931,0.070625,137,194,nes2net,in_the_wild,runs/pipeline/nes2net_itw_sweep
chirp,20.0,-20.0,19.999998077429662,0.196875,0.8897234375,0.83875,1.8018884401223627,-0.004375,-0.0200058084745909,0.0087513909950566,-0.0217391304347826,0.0388406530338054,0.095,96,214,nes2net,in_the_wild,runs/pipeline/nes2net_itw_sweep
chirp,15.0,-15.0,14.99999939200469,0.185625,0.8912656250000001,0.8199999999999998,1.6951567017401552,-0.015625,-0.0300070334530665,0.0025000774472889,-0.077639751552795,0.0462731823130633,0.1325,77,271,nes2net,in_the_wild,runs/pipeline/nes2net_itw_sweep
chirp,10.0,-10.0,9.999999807735156,0.18625,0.8951734375,0.78125,1.5087394382421788,-0.015,-0.0337659043536314,0.0025000041992271,-0.0745341614906832,0.0664615520684683,0.19,45,339,nes2net,in_the_wild,runs/pipeline/nes2net_itw_sweep
chirp,5.0,-5.0,4.999999939203206,0.193125,0.8881906250000001,0.8437500000000001,1.3729389891422397,-0.008125,-0.0293815119930107,0.00876327333691,-0.0403726708074536,0.0836438639941955,0.25,32,426,nes2net,in_the_wild,runs/pipeline/nes2net_itw_sweep
codec,128.0,-128.0,128.0,0.21875,0.8742109375000001,0.8674999999999999,2.004289908067248,0.0174999999999999,0.0055930158157978,0.0249844110807144,0.0869565217391302,0.0109933443994829,0.02375,182,160,nes2net,in_the_wild,runs/pipeline/nes2net_itw_sweep
codec,64.0,-64.0,64.0,0.21375,0.8734171875000001,0.8562499999999998,1.9941890537150124,0.0124999999999999,0.0049458797770106,0.0231263113345008,0.0621118012422357,0.0120630139717338,0.025625,175,168,nes2net,in_the_wild,runs/pipeline/nes2net_itw_sweep
codec,32.0,-32.0,32.0,0.22875,0.8614671875000001,0.8925,1.9726385174474044,0.0274999999999999,0.0131216063127465,0.0381250152872802,0.136645962732919,0.0191537463414944,0.05125,167,195,nes2net,in_the_wild,runs/pipeline/nes2net_itw_sweep
codec,24.0,-24.0,24.0,0.2375,0.849825,0.91875,2.051821029061891,0.0362499999999999,0.0224686739016077,0.049359845762733,0.1801242236024843,0.0267447159406028,0.070625,177,202,nes2net,in_the_wild,runs/pipeline/nes2net_itw_sweep
codec,16.0,-16.0,16.0,0.238125,0.8458765625,0.9475,2.270192899878692,0.0368749999999999,0.0218584764830745,0.0537594356537424,0.183229813664596,0.0463032628745353,0.095625,212,161,nes2net,in_the_wild,runs/pipeline/nes2net_itw_sweep
codec,8.0,-8.0,8.0,0.26625,0.8181359374999999,0.98,2.2747734003283595,0.0649999999999999,0.045001099253492,0.0862461333445468,0.322981366459627,0.0685825478399772,0.17875,148,288,nes2net,in_the_wild,runs/pipeline/nes2net_itw_sweep
gain,-3.0,3.0,-3.0,0.1999999999999999,0.8816796875,0.8674999999999999,1.944666382224776,-0.00125,-0.0043826087085416,0.0024745549162043,-0.0062111801242238,0.0003393474976158,0.000625,161,160,nes2net,in_the_wild,runs/pipeline/nes2net_itw_sweep
gain,3.0,3.0,3.0,0.20125,0.8811640625000001,0.8574999999999999,1.948154861902048,0.0,-0.001879876075796,0.0031316287350852,0.0,0.0002504066434146,0.0,161,161,nes2net,in_the_wild,runs/pipeline/nes2net_itw_sweep
gain,-10.0,10.0,-10.0,0.1975,0.8831000000000001,0.85,1.9275290828072775,-0.00375,-0.0099873359134375,0.0012500957104528,-0.0186335403726709,0.0021918666014839,0.006875,154,163,nes2net,in_the_wild,runs/pipeline/nes2net_itw_sweep
gain,10.0,10.0,10.0,0.20625,0.8777203124999999,0.8875000000000001,1.9472386359735332,0.0049999999999999,-6.252501000391852e-07,0.0137507804643576,0.0248447204968941,0.0039622617449527,0.013125,161,172,nes2net,in_the_wild,runs/pipeline/nes2net_itw_sweep
gain,-20.0,20.0,-20.0,0.185,0.888603125,0.845,1.8276906431492117,-0.01625,-0.0256584370624233,-0.0050034248092706,-0.0807453416149068,0.0128601775405376,0.0425,124,188,nes2net,in_the_wild,runs/pipeline/nes2net_itw_sweep
gain,20.0,20.0,20.0,0.264375,0.8340562499999999,0.8875000000000001,1.7604795737531704,0.0631249999999999,0.0463173692612456,0.0818759044004557,0.3136645962732918,0.0455020188172985,0.1175,130,290,nes2net,in_the_wild,runs/pipeline/nes2net_itw_sweep
noise,30.0,-30.0,29.99998078595794,0.15375,0.9209859375,0.67875,1.3011282708295862,-0.0475,-0.0625597284013375,-0.033749821714543,-0.2360248447204969,0.0890318918273513,0.115625,69,238,nes2net,in_the_wild,runs/pipeline/nes2net_itw_sweep
noise,20.0,-20.0,19.999998077429485,0.13375,0.9389765625,0.6024999999999999,0.945570234689714,-0.0675,-0.0862491713223966,-0.0493840160465417,-0.3354037267080745,0.1510277261143986,0.225625,21,380,nes2net,in_the_wild,runs/pipeline/nes2net_itw_sweep
noise,15.0,-15.0,14.999999392004517,0.1274999999999999,0.9460890625,0.65125,0.7671528454073567,-0.07375,-0.0949773864447673,-0.0537433271785926,-0.3664596273291928,0.2007027326704971,0.293125,6,475,nes2net,in_the_wild,runs/pipeline/nes2net_itw_sweep
noise,10.0,-10.0,9.999999807734977,0.1837499999999999,0.9220609375,0.6450000000000001,0.7012372289078503,-0.0175,-0.0444142196172254,0.0031254891394428,-0.0869565217391307,0.2529183820169128,0.39375,2,632,nes2net,in_the_wild,runs/pipeline/nes2net_itw_sweep
noise,5.0,-5.0,4.999999939203029,0.245625,0.8570390625,0.7850000000000001,0.7494784285739658,0.044375,0.0205763140613207,0.0743958271944418,0.2204968944099378,0.3173587716905187,0.47375,0,758,nes2net,in_the_wild,runs/pipeline/nes2net_itw_sweep
noise,0.0,-0.0,-1.9222870206218116e-08,0.345,0.7426296875,0.95375,0.9396587604382594,0.1437499999999999,0.1100101399342469,0.1700082811287663,0.7142857142857139,0.4139770431245056,0.498125,0,797,nes2net,in_the_wild,runs/pipeline/nes2net_itw_sweep
reverb,0.1,0.1,0.1,0.366875,0.6847203124999999,1.0,2.6577710894843536,0.165625,0.1456433239643748,0.1862821198429408,0.8229813664596273,0.0756410667468716,0.190625,333,258,nes2net,in_the_wild,runs/pipeline/nes2net_itw_sweep
reverb,0.3,0.3,0.2999999999999999,0.42625,0.5765984375,0.99875,2.509077053002587,0.2249999999999999,0.2037479867531879,0.2487492466288932,1.118012422360248,0.0903671692418613,0.294375,186,507,nes2net,in_the_wild,runs/pipeline/nes2net_itw_sweep
reverb,0.5,0.5,0.5,0.4443749999999999,0.5571468749999999,0.99875,2.304205066582442,0.2431249999999999,0.2200586825652283,0.268730652684115,1.20807453416149,0.1033337022380125,0.414375,60,693,nes2net,in_the_wild,runs/pipeline/nes2net_itw_sweep
reverb,0.7,0.7,0.7,0.44625,0.55375,1.0,2.0624865451832526,0.245,0.2162503197092773,0.2687600028851976,1.2173913043478255,0.1198682615950917,0.480625,8,775,nes2net,in_the_wild,runs/pipeline/nes2net_itw_sweep
reverb,0.9,0.9,0.9000000000000002,0.464375,0.547390625,1.0,1.8582161085832545,0.2631249999999999,0.231801116909106,0.2856399284997951,1.3074534161490678,0.1494322631344577,0.49875,0,798,nes2net,in_the_wild,runs/pipeline/nes2net_itw_sweep
transcode_identity,320.0,-320.0,320.0,0.219375,0.8741406250000001,0.87,2.004783983837392,0.0181249999999999,0.0044005993175497,0.0243920959986241,0.0900621118012419,0.0111910735887381,0.024375,181,160,nes2net,in_the_wild,runs/pipeline/nes2net_itw_sweep
transcode_identity,256.0,-256.0,256.0,0.219375,0.8741406250000001,0.87,2.004783983837392,0.0181249999999999,0.0044005993175497,0.0243920959986241,0.0900621118012419,0.0111910735887381,0.024375,181,160,nes2net,in_the_wild,runs/pipeline/nes2net_itw_sweep
transcode_identity,192.0,-192.0,192.0,0.219375,0.8741406250000001,0.87,2.004783983837392,0.0181249999999999,0.0044005993175497,0.0243920959986241,0.0900621118012419,0.0111910735887381,0.024375,181,160,nes2net,in_the_wild,runs/pipeline/nes2net_itw_sweep
transmission,0.0,0.0,0.0,0.20125,0.8813937500000001,0.85375,1.9470082994469973,0.0,0.0,0.0,0.0,0.0,0.0,161,161,nes2net,in_the_wild,runs/pipeline/nes2net_itw_sweep
transmission,0.01,0.01,0.0098224418608785,0.1987499999999999,0.8923671875000001,0.80375,1.792797761921069,-0.0025,-0.0131235765779237,0.0081540554132853,-0.0124223602484474,0.0184522505258925,0.03625,136,182,nes2net,in_the_wild,runs/pipeline/nes2net_itw_sweep
transmission,0.05,0.05,0.0504099734556357,0.166875,0.9161703125,0.74625,1.3517287652238317,-0.034375,-0.0524821960745444,-0.0200011164687156,-0.1708074534161492,0.0795216250006809,0.124375,62,257,nes2net,in_the_wild,runs/pipeline/nes2net_itw_sweep
transmission,0.1,0.1,0.098551582663714,0.150625,0.9247953125,0.67875,0.9940258801709064,-0.050625,-0.0681248135073837,-0.0306074961359957,-0.251552795031056,0.1463899301730624,0.2125,28,366,nes2net,in_the_wild,runs/pipeline/nes2net_itw_sweep
transmission,0.2,0.2,0.2000974472388898,0.1631249999999999,0.9203703125,0.62,0.6315763599582739,-0.038125,-0.0624798465590219,-0.0168751854509405,-0.1894409937888202,0.2685480418941967,0.401875,1,644,nes2net,in_the_wild,runs/pipeline/nes2net_itw_sweep
