run_group,run,dataset,distortion_type,level,severity,strength_value,eer,auc,min_dcf,cllr,delta_eer,delta_eer_ci_low,delta_eer_ci_high,relative_degradation,mean_abs_delta_score,flip_rate,false_negative,false_positive,attack_success_rate,model_name
runs,aasist3_asv19_attack,asvspoof2019_la,fgsm,40.0,-40.0,40.01350961524829,0.8725,0.0574828124999999,1.0,9.67947078957914,0.71125,0.6887301261768038,0.7356794698195367,4.410852713178294,0.134501195566979,0.715,630,746,0.8427719821162444,aasist3_kan
runs,aasist3_asv19_attack,asvspoof2019_la,fgsm,30.0,-30.0,30.013526130845065,0.890625,0.0521125,1.0,9.87808242840411,0.729375,0.707471909343113,0.7518772383468456,4.523255813953488,0.1012539213110549,0.63125,410,790,0.7272727272727273,aasist3_kan
runs,aasist3_asv19_attack,asvspoof2019_la,fgsm,20.0,-20.0,20.013544597368593,0.771875,0.144590625,1.0,9.960481309538668,0.610625,0.583123233148645,0.6362619332831198,3.786821705426356,0.0984521141997772,0.505625,31,800,0.5149031296572281,aasist3_kan
runs,aasist3_asv19_attack,asvspoof2019_la,fgsm,10.0,-10.0,10.013623083161097,0.47125,0.5273984375,0.995,9.965755551731396,0.31,0.2831331237895904,0.3437345710585579,1.9224806201550384,0.0984500790114923,0.5,0,800,0.5,aasist3_kan
runs,aasist3_asv19_attack,asvspoof2019_la,pgd,40.0,-40.0,43.00835736219553,0.999375,0.0004109374999999,1.0,12.133291280594763,0.838125,0.8193567451716539,0.855619516372774,5.1976744186046515,0.5143898368630683,0.8375,799,799,0.9985096870342772,aasist3_kan
runs,aasist3_asv19_attack,asvspoof2019_la,pgd,30.0,-30.0,33.54093563776725,1.0,0.0,1.0,11.824163320073476,0.83875,0.8206240801480071,0.8562500830289361,5.201550387596899,0.4526395326353775,0.83875,800,800,1.0,aasist3_kan
runs,aasist3_asv19_attack,asvspoof2019_la,pgd,20.0,-20.0,23.739498930298723,1.0,0.0,1.0,11.808882564733745,0.83875,0.8206240801480071,0.8562500830289361,5.201550387596899,0.435910615284349,0.835,792,800,0.9947839046199702,aasist3_kan
runs,aasist3_asv19_attack,asvspoof2019_la,pgd,10.0,-10.0,13.869129816416027,1.0,0.0,1.0,11.700145161083247,0.83875,0.8206240801480071,0.8562500830289361,5.201550387596899,0.4214120407875425,0.816875,751,800,0.9687034277198212,aasist3_kan
runs,aasist3_asv19_attack_matrix,asvspoof2019_la,fgsm,40.0,-40.0,40.01350961524829,0.8725,0.0574796874999999,1.0,9.6794371457221,0.71125,0.6887301261768038,0.7362501330618383,4.410852713178294,0.1345025066780977,0.715,630,746,0.8427719821162444,aasist3_kan
runs,aasist3_asv19_attack_matrix,asvspoof2019_la,fgsm,30.0,-30.0,30.013526130845065,0.890625,0.0521078124999999,1.0,9.878260521017287,0.729375,0.707471909343113,0.7518762571475924,4.523255813953488,0.1012554984322781,0.63125,410,790,0.7272727272727273,aasist3_kan
runs,aasist3_asv19_attack_matrix,asvspoof2019_la,fgsm,20.0,-20.0,20.013544597368593,0.771875,0.1445609375,1.0,9.960477181890054,0.610625,0.583123233148645,0.6362496042423151,3.786821705426356,0.0984521127883482,0.505625,31,800,0.5149031296572281,aasist3_kan
runs,aasist3_asv19_attack_matrix,asvspoof2019_la,fgsm,10.0,-10.0,10.013623083161097,0.47125,0.527528125,0.995,9.965752802591464,0.31,0.2831466275659823,0.3437364828223961,1.9224806201550384,0.0984500790615561,0.5,0,800,0.5,aasist3_kan
runs,aasist3_asv19_attack_matrix,asvspoof2019_la,pgd,40.0,-40.0,43.01309032135448,1.0,0.0,1.0,12.157063225392594,0.83875,0.8206240801480071,0.8562500830289361,5.201550387596899,0.5154229684043594,0.838125,799,800,0.9992548435171386,aasist3_kan
runs,aasist3_asv19_attack_matrix,asvspoof2019_la,pgd,30.0,-30.0,33.539649113091265,1.0,0.0,1.0,11.923378469653152,0.83875,0.8206240801480071,0.8562500830289361,5.201550387596899,0.4665002562641664,0.8375,798,800,0.9985096870342772,aasist3_kan
runs,aasist3_asv19_attack_matrix,asvspoof2019_la,pgd,20.0,-20.0,23.74106483192364,1.0,0.0,1.0,11.74243824403092,0.83875,0.8206240801480071,0.8562500830289361,5.201550387596899,0.4254942766548003,0.838125,797,800,0.9985096870342772,aasist3_kan
runs,aasist3_asv19_attack_matrix,asvspoof2019_la,pgd,10.0,-10.0,13.867937923507798,1.0,0.0,1.0,11.700163818586477,0.83875,0.8206240801480071,0.8562500830289361,5.201550387596899,0.4188097255438768,0.80625,744,800,0.9597615499254843,aasist3_kan
runs,aasist3_asv19_attack_matrix,asvspoof2019_la,pgd_l2,40.0,-40.0,41.802783458668415,1.0,0.0,1.0,12.343357841255576,0.83875,0.8206240801480071,0.8562500830289361,5.201550387596899,0.5504753514169818,0.83875,800,800,1.0,aasist3_kan
runs,aasist3_asv19_attack_matrix,asvspoof2019_la,pgd_l2,30.0,-30.0,31.864516667656822,1.0,0.0,1.0,12.050627865812118,0.83875,0.8206240801480071,0.8562500830289361,5.201550387596899,0.4981047642553574,0.83875,800,800,1.0,aasist3_kan
runs,aasist3_asv19_attack_matrix,asvspoof2019_la,pgd_l2,20.0,-20.0,21.963254191406104,1.0,0.0,1.0,11.830248256504769,0.83875,0.8206240801480071,0.8562500830289361,5.201550387596899,0.4554360219550693,0.8375,796,800,0.9977645305514158,aasist3_kan
runs,aasist3_asv19_attack_matrix,asvspoof2019_la,pgd_l2,10.0,-10.0,12.01838508421122,1.0,0.0,1.0,11.579283842008682,0.83875,0.8206240801480071,0.8562500830289361,5.201550387596899,0.4152448873662395,0.825,768,800,0.9798807749627422,aasist3_kan
runs,aasist_asv19_attack,asvspoof2019_la,fgsm,40.0,-40.0,40.00398826049292,0.20375,0.889634375,0.8137500000000001,1.514856098986551,0.1975,0.1781329009520623,0.2181509269070366,31.60000000000006,0.2028794898046981,0.196875,216,109,0.1981132075471698,aasist
runs,aasist_asv19_attack,asvspoof2019_la,fgsm,30.0,-30.0,30.004003925060314,0.469375,0.5487765625000001,0.96375,2.969062999325457,0.463125,0.4387329512055514,0.4887656146236181,74.10000000000014,0.4189362228715956,0.47875,281,495,0.4817610062893082,aasist
runs,aasist_asv19_attack,asvspoof2019_la,fgsm,20.0,-20.0,20.00402273379651,0.724375,0.20838125,0.9975,4.979730947736848,0.718125,0.6962352846355847,0.7424983140825948,114.9000000000002,0.6268179367155178,0.566875,121,796,0.570440251572327,aasist
runs,aasist_asv19_attack,asvspoof2019_la,fgsm,10.0,-10.0,10.004104216658742,0.761875,0.161603125,0.99875,4.884517126841159,0.755625,0.733137829734536,0.7781440089847489,120.9000000000002,0.5296562927222124,0.49875,1,799,0.4993710691823899,aasist
runs,aasist_asv19_attack,asvspoof2019_la,pgd,40.0,-40.0,42.11687360288179,0.729375,0.1828546875,1.0,6.755680318183226,0.723125,0.6993774036496235,0.7450023832215027,115.7000000000002,0.6843436201707317,0.718125,480,679,0.7226415094339622,aasist
runs,aasist_asv19_attack,asvspoof2019_la,pgd,30.0,-30.0,32.8981483226305,0.99625,0.0002203125,1.0,17.62014463957501,0.99,0.9818817407649204,0.993744448159606,158.4000000000003,0.945015206055376,0.96125,748,800,0.9672955974842768,aasist
runs,aasist_asv19_attack,asvspoof2019_la,pgd,20.0,-20.0,23.46798598098587,0.99875,4.6874999999999005e-06,1.0,19.297593129795203,0.9925,0.9874887398658794,0.9968702184830172,158.8000000000003,0.9547956422842616,0.973125,767,800,0.979245283018868,aasist
runs,aasist_asv19_attack,asvspoof2019_la,pgd,10.0,-10.0,13.72163173585106,1.0,0.0,1.0,18.480874245773748,0.99375,0.9887442855256052,0.9974995272543716,159.00000000000028,0.9417386935226628,0.918125,679,800,0.9238993710691824,aasist
runs,aasist_asv19_attack_matrix,asvspoof2019_la,fgsm,40.0,-40.0,40.00398821828559,0.20375,0.8896359374999998,0.8137500000000001,1.514857574739816,0.1975,0.1781329009520623,0.2181509269070366,31.60000000000006,0.202879835621739,0.196875,216,109,0.1981132075471698,aasist
runs,aasist_asv19_attack_matrix,asvspoof2019_la,fgsm,30.0,-30.0,30.004003925060314,0.469375,0.5487796875000001,0.96375,2.969091237253098,0.463125,0.4387329512055514,0.4887656146236181,74.10000000000014,0.4189410673306428,0.47875,281,495,0.4817610062893082,aasist
runs,aasist_asv19_attack_matrix,asvspoof2019_la,fgsm,20.0,-20.0,20.00402273379651,0.724375,0.208359375,0.9975,4.979835878634084,0.718125,0.6968190549731086,0.7424983140825948,114.9000000000002,0.6268059245470987,0.566875,121,796,0.570440251572327,aasist
runs,aasist_asv19_attack_matrix,asvspoof2019_la,fgsm,10.0,-10.0,10.004104216658742,0.761875,0.161603125,0.99875,4.884679915719041,0.755625,0.733137829734536,0.7781440089847489,120.9000000000002,0.5296565305718929,0.49875,1,799,0.4993710691823899,aasist
runs,aasist_asv19_attack_matrix,asvspoof2019_la,pgd,40.0,-40.0,42.1187384705884,0.735,0.180465625,1.0,6.776236397553863,0.72875,0.7037487083479549,0.7482501800074121,116.6000000000002,0.6881687553121419,0.719375,479,682,0.7238993710691823,aasist
runs,aasist_asv19_attack_matrix,asvspoof2019_la,pgd,30.0,-30.0,32.89692556937212,0.995,0.0002234374999999,1.0,17.60045829581356,0.98875,0.9825217626133032,0.9937713709335336,158.20000000000027,0.9448304729260576,0.959375,745,800,0.9654088050314464,aasist
runs,aasist_asv19_attack_matrix,asvspoof2019_la,pgd,20.0,-20.0,23.466683604512877,0.998125,3.1249999999999337e-06,1.0,19.291119372892584,0.991875,0.9874921625682698,0.996883053920107,158.7000000000003,0.9540272575542328,0.9725,766,800,0.978616352201258,aasist
runs,aasist_asv19_attack_matrix,asvspoof2019_la,pgd,10.0,-10.0,13.72352684611296,1.0,0.0,1.0,18.535302625217163,0.99375,0.9887442855256052,0.9974995272543716,159.00000000000028,0.9430214339499507,0.920625,683,800,0.9264150943396228,aasist
runs,aasist_asv19_attack_matrix,asvspoof2019_la,pgd_l2,40.0,-40.0,40.15640180088359,0.96875,0.00331875,1.0,14.070269117862573,0.9625,0.9512219491373644,0.970008146525528,154.00000000000028,0.89603466149486,0.8775,614,800,0.8830188679245283,aasist
runs,aasist_asv19_attack_matrix,asvspoof2019_la,pgd_l2,30.0,-30.0,31.058057410855145,0.99875,4.843749999999897e-05,1.0,18.390784463018377,0.9925,0.9850116593304856,0.9962497919805596,158.8000000000003,0.9503714071179205,0.97125,764,800,0.9773584905660376,aasist
runs,aasist_asv19_attack_matrix,asvspoof2019_la,pgd_l2,20.0,-20.0,21.72181606542318,0.99875,1.5624999999999668e-06,1.0,19.52200071486908,0.9925,0.9875311019727172,0.9968876003630924,158.8000000000003,0.9601782618648048,0.980625,779,800,0.9867924528301888,aasist
runs,aasist_asv19_attack_matrix,asvspoof2019_la,pgd_l2,10.0,-10.0,11.957850077802345,1.0,0.0,1.0,19.479526964676474,0.99375,0.9887442855256052,0.9974995272543716,159.00000000000028,0.9616673650777474,0.97375,768,800,0.979874213836478,aasist
runs,nes2net_asv19_attack,asvspoof2019_la,fgsm,40.0,-40.0,40.00002251971021,0.546875,0.44590078125,0.9925,2.795710376888995,0.38125,0.3518648148859395,0.4068714895349872,2.3018867924528297,0.0987403009232347,0.468125,332,636,0.5438202247191011,nes2net
runs,nes2net_asv19_attack,asvspoof2019_la,fgsm,30.0,-30.0,30.000037408764776,0.5700000000000001,0.4073796875,1.0,2.7125458517295797,0.404375,0.3768752598430369,0.4293722638492239,2.4415094339622643,0.1028527458156014,0.498125,288,728,0.5797752808988764,nes2net
runs,nes2net_asv19_attack,asvspoof2019_la,fgsm,20.0,-20.0,20.000047343340174,0.52875,0.4538156249999999,0.99875,2.3710202415833352,0.363125,0.336225302566502,0.3912473913152504,2.192452830188679,0.113613639592606,0.489375,181,771,0.550561797752809,nes2net
runs,nes2net_asv19_attack,asvspoof2019_la,fgsm,10.0,-10.0,10.000084705404944,0.485,0.5324328125,0.985,1.7427941874313646,0.3193749999999999,0.2943525703723702,0.3462469808396659,1.9283018867924524,0.1698090897709372,0.485,37,798,0.5041198501872659,nes2net
runs,nes2net_asv19_attack,asvspoof2019_la,pgd,40.0,-40.0,42.98683233257554,1.0,0.0,1.0,7.649329806785514,0.834375,0.8150124375268731,0.8549936045554373,5.037735849056603,0.5758540340212953,0.83375,799,800,0.999250936329588,nes2net
runs,nes2net_asv19_attack,asvspoof2019_la,pgd,30.0,-30.0,33.34387512662193,1.0,0.0,1.0,8.350478602135428,0.834375,0.8150124375268731,0.8549936045554373,5.037735849056603,0.5845939175880049,0.83375,799,800,0.999250936329588,nes2net
runs,nes2net_asv19_attack,asvspoof2019_la,pgd,20.0,-20.0,23.60514148240446,1.0,0.0,1.0,8.722092904190442,0.834375,0.8150124375268731,0.8549936045554373,5.037735849056603,0.5841271181114773,0.834375,800,800,1.0,nes2net
runs,nes2net_asv19_attack,asvspoof2019_la,pgd,10.0,-10.0,13.767688667808644,1.0,0.0,1.0,8.518072750867361,0.834375,0.8150124375268731,0.8549936045554373,5.037735849056603,0.5808120923201763,0.834375,800,800,1.0,nes2net
runs,nes2net_asv19_attack_matrix,asvspoof2019_la,fgsm,40.0,-40.0,40.00002251971021,0.546875,0.44590078125,0.9925,2.795710376888995,0.38125,0.3518648148859395,0.4068714895349872,2.3018867924528297,0.0987403009232346,0.468125,332,636,0.5438202247191011,nes2net
runs,nes2net_asv19_attack_matrix,asvspoof2019_la,fgsm,30.0,-30.0,30.000037408764776,0.5700000000000001,0.4073796875,1.0,2.7125458517295797,0.404375,0.3768752598430369,0.4293722638492239,2.4415094339622643,0.1028527458156014,0.498125,288,728,0.5797752808988764,nes2net
runs,nes2net_asv19_attack_matrix,asvspoof2019_la,fgsm,20.0,-20.0,20.000047343340174,0.52875,0.4538156249999999,0.99875,2.3710202415833352,0.363125,0.336225302566502,0.3912473913152504,2.192452830188679,0.113613639592606,0.489375,181,771,0.550561797752809,nes2net
runs,nes2net_asv19_attack_matrix,asvspoof2019_la,fgsm,10.0,-10.0,10.000084705404944,0.485,0.5324328125,0.985,1.7427941874313646,0.3193749999999999,0.2943525703723702,0.3462469808396659,1.9283018867924524,0.1698090897709372,0.485,37,798,0.5041198501872659,nes2net
runs,nes2net_asv19_attack_matrix,asvspoof2019_la,pgd,40.0,-40.0,42.98660684459697,0.99875,1.5624999999999668e-06,1.0,7.652011471234321,0.833125,0.8143794459600276,0.8537643700549807,5.030188679245282,0.5750640739335193,0.83375,799,800,0.999250936329588,nes2net
runs,nes2net_asv19_attack_matrix,asvspoof2019_la,pgd,30.0,-30.0,33.343618240305695,1.0,0.0,1.0,8.362569000600788,0.834375,0.8150124375268731,0.8549936045554373,5.037735849056603,0.584858479645355,0.83375,799,800,0.999250936329588,nes2net
runs,nes2net_asv19_attack_matrix,asvspoof2019_la,pgd,20.0,-20.0,23.60567639685649,1.0,0.0,1.0,8.71223252296131,0.834375,0.8150124375268731,0.8549936045554373,5.037735849056603,0.5836283978065031,0.834375,800,800,1.0,nes2net
runs,nes2net_asv19_attack_matrix,asvspoof2019_la,pgd,10.0,-10.0,13.7666031486328,1.0,0.0,1.0,8.502379742450152,0.834375,0.8150124375268731,0.8549936045554373,5.037735849056603,0.5818151702032259,0.834375,800,800,1.0,nes2net
runs,nes2net_asv19_attack_matrix,asvspoof2019_la,pgd_l2,40.0,-40.0,41.70067942837659,0.999375,2.187499999999995e-05,1.0,7.330744502695277,0.83375,0.8137636525345655,0.8537576164557784,5.033962264150943,0.532195404333304,0.83375,799,800,0.999250936329588,nes2net
runs,nes2net_asv19_attack_matrix,asvspoof2019_la,pgd_l2,30.0,-30.0,31.771223832104013,1.0,0.0,1.0,8.28488368380878,0.834375,0.8150124375268731,0.8549936045554373,5.037735849056603,0.5809632122778624,0.834375,800,800,1.0,nes2net
runs,nes2net_asv19_attack_matrix,asvspoof2019_la,pgd_l2,20.0,-20.0,21.874487539025623,1.0,0.0,1.0,8.791118141856938,0.834375,0.8150124375268731,0.8549936045554373,5.037735849056603,0.583493572784076,0.834375,800,800,1.0,nes2net
runs,nes2net_asv19_attack_matrix,asvspoof2019_la,pgd_l2,10.0,-10.0,11.970478361206338,1.0,0.0,1.0,9.01546195947788,0.834375,0.8150124375268731,0.8549936045554373,5.037735849056603,0.5821842598639586,0.834375,800,800,1.0,nes2net
runs,nes2net_v2_asv19_attack_matrix,asvspoof2019_la,fgsm,40.0,-40.0,40.013508388005384,0.0431249999999999,0.99304375,0.20875,0.3859789092739473,0.0431249999999999,0.0337525406719481,0.0550248746723759,,0.0538939550289555,0.045625,41,32,0.045625,nes2net_v2
runs,nes2net_v2_asv19_attack_matrix,asvspoof2019_la,fgsm,30.0,-30.0,30.0135244753258,0.0537499999999999,0.9843296875,0.3525,0.4981076170038407,0.0537499999999999,0.043138104576587,0.0656275182064279,,0.0639825220423941,0.055,43,45,0.055,nes2net_v2
runs,nes2net_v2_asv19_attack_matrix,asvspoof2019_la,fgsm,20.0,-20.0,20.013543948645907,0.05625,0.9772609375,0.4499999999999999,0.5444927737581333,0.05625,0.0462540706657281,0.0693738796795165,,0.061182543533142,0.05875,43,51,0.05875,nes2net_v2
runs,nes2net_v2_asv19_attack_matrix,asvspoof2019_la,fgsm,10.0,-10.0,10.013624347190223,0.04625,0.9842515625,0.34375,0.4439790844319914,0.04625,0.0343717647003929,0.0556252732037276,,0.0508657898935215,0.044375,38,33,0.044375,nes2net_v2
runs,nes2net_v2_asv19_attack_matrix,asvspoof2019_la,pgd,40.0,-40.0,43.07577678206031,0.575,0.289046875,1.0,7.132248555749198,0.575,0.5462475508496082,0.609405249508504,,0.543139384084473,0.560625,301,596,0.560625,nes2net_v2
runs,nes2net_v2_asv19_attack_matrix,asvspoof2019_la,pgd,30.0,-30.0,33.50217232174059,0.910625,0.0397765625,1.0,11.52767196833528,0.910625,0.8943711339318375,0.9293622380062851,,0.7424042716853242,0.746875,407,788,0.746875,nes2net_v2
runs,nes2net_v2_asv19_attack_matrix,asvspoof2019_la,pgd,20.0,-20.0,23.693141281126035,0.935625,0.0196765624999999,1.0,13.934468202045723,0.935625,0.9350278423888972,0.9662596117645772,,0.7777047094665892,0.779375,455,792,0.779375,nes2net_v2
runs,nes2net_v2_asv19_attack_matrix,asvspoof2019_la,pgd,10.0,-10.0,13.792460696654915,0.8875,0.029640625,1.0,15.566515165364052,0.8875,0.8649770737600888,0.906875006252501,,0.8330715535859639,0.843125,604,745,0.843125,nes2net_v2
runs,nes2net_v2_asv19_attack_matrix,asvspoof2019_la,pgd_l2,40.0,-40.0,41.58979369211633,0.598125,0.2657859375,1.0,6.832311166886642,0.598125,0.5725021425504867,0.6338490636712092,,0.5703158026240486,0.6,279,681,0.6,nes2net_v2
runs,nes2net_v2_asv19_attack_matrix,asvspoof2019_la,pgd_l2,30.0,-30.0,31.82591588368754,0.8775,0.0549515625,1.0,10.600245056896815,0.8775,0.8581333384872138,0.8993620387870495,,0.7393395411443049,0.740625,405,780,0.740625,nes2net_v2
runs,nes2net_v2_asv19_attack_matrix,asvspoof2019_la,pgd_l2,20.0,-20.0,21.923314343062707,0.94625,0.0189171875,1.0,13.611934042790256,0.94625,0.9343791992449952,0.962499147009467,,0.7949784187947685,0.7925,485,783,0.7925,nes2net_v2
runs,nes2net_v2_asv19_attack_matrix,asvspoof2019_la,pgd_l2,10.0,-10.0,11.979261883815685,0.955625,0.0097765624999999,1.0,15.703322343729509,0.955625,0.9481326551951348,0.9738229406108831,,0.8580910919230044,0.86125,586,792,0.86125,nes2net_v2
runs,rawnet2_asv19_attack,asvspoof2019_la,fgsm,40.0,-40.0,40.00130585884048,0.185,0.8301484375,0.95375,2.2086875364222687,0.13875,0.1193534459933741,0.154362289300267,3.0,0.1659380439291084,0.2225,117,313,0.2332896461336828,rawnet2
runs,rawnet2_asv19_attack,asvspoof2019_la,fgsm,30.0,-30.0,30.001321681856957,0.3456249999999999,0.6226375,1.0,4.182734531796477,0.2993749999999999,0.2749453574012326,0.3206445915049068,6.472972972972971,0.3323908045138209,0.394375,145,560,0.4134993446920052,rawnet2
runs,rawnet2_asv19_attack,asvspoof2019_la,fgsm,20.0,-20.0,20.001340947086177,0.460625,0.4842515625,1.0,5.103320034721884,0.414375,0.3887395877319987,0.4374991331922508,8.95945945945946,0.4075186562640552,0.433125,209,558,0.4541284403669725,rawnet2
runs,rawnet2_asv19_attack,asvspoof2019_la,fgsm,10.0,-10.0,10.001420371336428,0.6375,0.3428,1.0,6.63892645901771,0.5912499999999999,0.5612562162696488,0.614987023755118,12.78378378378378,0.4768721110556296,0.516875,711,166,0.5340760157273918,rawnet2
runs,rawnet2_asv19_attack,asvspoof2019_la,pgd,40.0,-40.0,41.99574518834599,0.5625,0.37955625,1.0,6.150077767682021,0.51625,0.4837405105746709,0.5406431271654263,11.16216216216216,0.4756674519368309,0.4825,158,688,0.5058977719528178,rawnet2
runs,rawnet2_asv19_attack,asvspoof2019_la,pgd,30.0,-30.0,32.69044581893624,0.995625,0.0007343749999999,1.0,14.06930381905897,0.949375,0.9318655660323922,0.958133202519452,20.527027027027025,0.901669542311066,0.81375,577,799,0.8532110091743119,rawnet2
runs,rawnet2_asv19_attack,asvspoof2019_la,pgd,20.0,-20.0,23.158159660205467,0.999375,4.6874999999999e-06,1.0,17.49509146622988,0.953125,0.9387330299690162,0.9618841986734956,20.608108108108105,0.9516446346940884,0.951875,798,799,0.9980340760157274,rawnet2
runs,rawnet2_asv19_attack,asvspoof2019_la,pgd,10.0,-10.0,13.420478982399104,1.0,0.0,1.0,18.279061860351213,0.95375,0.9400043558383288,0.9625249370052588,20.621621621621617,0.9526367422233162,0.95375,800,800,1.0,rawnet2
runs,rawnet2_asv19_attack_matrix,asvspoof2019_la,fgsm,40.0,-40.0,40.00130585884048,0.185,0.8301484375,0.95375,2.2086875364222687,0.13875,0.1193534459933741,0.154362289300267,3.0,0.1659380439291084,0.2225,117,313,0.2332896461336828,rawnet2
runs,rawnet2_asv19_attack_matrix,asvspoof2019_la,fgsm,30.0,-30.0,30.001321681856957,0.3456249999999999,0.6226375,1.0,4.182734531796477,0.2993749999999999,0.2749453574012326,0.3206445915049068,6.472972972972971,0.3323908045138209,0.394375,145,560,0.4134993446920052,rawnet2
runs,rawnet2_asv19_attack_matrix,asvspoof2019_la,fgsm,20.0,-20.0,20.001340947086177,0.460625,0.4842515625,1.0,5.103320034721884,0.414375,0.3887395877319987,0.4374991331922508,8.95945945945946,0.4075186562640552,0.433125,209,558,0.4541284403669725,rawnet2
runs,rawnet2_asv19_attack_matrix,asvspoof2019_la,fgsm,10.0,-10.0,10.001420371336428,0.6375,0.3428,1.0,6.63892645901771,0.5912499999999999,0.5612562162696488,0.614987023755118,12.78378378378378,0.4768721110556296,0.516875,711,166,0.5340760157273918,rawnet2
runs,rawnet2_asv19_attack_matrix,asvspoof2019_la,pgd,40.0,-40.0,41.99602246526106,0.560625,0.379175,1.0,6.150664452971842,0.514375,0.4843793927616823,0.5406190236041094,11.12162162162162,0.4751119040522243,0.4825,158,688,0.5058977719528178,rawnet2
runs,rawnet2_asv19_attack_matrix,asvspoof2019_la,pgd,30.0,-30.0,32.69062362785677,0.995625,0.0007078124999999,1.0,14.068300220754438,0.949375,0.932482452637834,0.9581457231435304,20.527027027027025,0.902184743469227,0.811875,574,799,0.8512450851900393,rawnet2
runs,rawnet2_asv19_attack_matrix,asvspoof2019_la,pgd,20.0,-20.0,23.15825926721305,0.999375,6.249999999999867e-06,1.0,17.49726053353978,0.953125,0.9381636278030598,0.9618890899433774,20.608108108108105,0.9517231987453764,0.95125,797,799,0.9973787680209698,rawnet2
runs,rawnet2_asv19_attack_matrix,asvspoof2019_la,pgd,10.0,-10.0,13.418143640991556,1.0,0.0,1.0,18.279089909382748,0.95375,0.9400043558383288,0.9625249370052588,20.621621621621617,0.9526366928637588,0.95375,800,800,1.0,rawnet2
runs,rawnet2_asv19_attack_matrix,asvspoof2019_la,pgd_l2,40.0,-40.0,40.040681155576785,0.976875,0.0032234374999999,1.0,12.457940492239358,0.930625,0.914987722655745,0.9437688069107611,20.121621621621617,0.8282264536476517,0.69875,392,800,0.7326343381389253,rawnet2
runs,rawnet2_asv19_attack_matrix,asvspoof2019_la,pgd_l2,30.0,-30.0,30.38270367420835,0.999375,2.34374999999995e-05,1.0,17.028894954161746,0.953125,0.9381356264586974,0.9618778368108212,20.608108108108105,0.9517313996425838,0.951875,798,799,0.9980340760157274,rawnet2
runs,rawnet2_asv19_attack_matrix,asvspoof2019_la,pgd_l2,20.0,-20.0,21.135445150925108,1.0,0.0,1.0,18.16409781572598,0.95375,0.9400043558383288,0.9625249370052588,20.621621621621617,0.9517784191422964,0.953125,800,799,0.9993446920052425,rawnet2
runs,rawnet2_asv19_attack_matrix,asvspoof2019_la,pgd_l2,10.0,-10.0,11.58751811579224,1.0,0.0,1.0,18.497785451328017,0.95375,0.9400043558383288,0.9625249370052588,20.621621621621617,0.9526377208931388,0.95375,800,800,1.0,rawnet2
runs,spectra_aasist3_asv19_attack_matrix,asvspoof2019_la,fgsm,40.0,-40.0,39.764644346736674,0.354375,0.6638484374999999,1.0,2.309273797024918,0.3475,0.2986900208848457,0.362533425495581,50.54545454545463,0.2504399407940393,0.248125,128,276,0.2485840151038389,spectra_aasist3
runs,spectra_aasist3_asv19_attack_matrix,asvspoof2019_la,fgsm,30.0,-30.0,29.921952749478415,0.514375,0.500653125,1.0,3.237397209911049,0.5075000000000001,0.4730448325346236,0.5331267385004252,73.81818181818194,0.3440520282850965,0.324375,83,443,0.3253618628067967,spectra_aasist3
runs,spectra_aasist3_asv19_attack_matrix,asvspoof2019_la,fgsm,20.0,-20.0,19.988602979805997,0.614375,0.3992265625,1.0,3.9287734593078874,0.6075,0.5812487499479054,0.6356797193783593,88.36363636363652,0.4233100480652852,0.385625,59,565,0.3870358716173694,spectra_aasist3
runs,spectra_aasist3_asv19_attack_matrix,asvspoof2019_la,fgsm,10.0,-10.0,10.008512960854212,0.515,0.5367171875,0.99875,3.7644246557553056,0.508125,0.4743900119498598,0.5344256934092703,73.90909090909103,0.3977903824663082,0.339375,46,500,0.3392070484581498,spectra_aasist3
runs,spectra_aasist3_asv19_attack_matrix,asvspoof2019_la,pgd,40.0,-40.0,42.68557215307283,0.74875,0.232003125,1.0,5.492921876215363,0.7418750000000001,0.7024779111769317,0.7594648490032266,107.90909090909108,0.6582834329490675,0.835,800,545,0.8401510383889238,spectra_aasist3
runs,spectra_aasist3_asv19_attack_matrix,asvspoof2019_la,pgd,30.0,-30.0,33.24167090085364,0.81875,0.1458671875,1.0,6.217190736939074,0.811875,0.7887403756854304,0.8387733006402649,118.09090909090928,0.7403731926814416,0.86,800,585,0.8653241032095658,spectra_aasist3
runs,spectra_aasist3_asv19_attack_matrix,asvspoof2019_la,pgd,20.0,-20.0,23.56971318297261,0.91,0.062175,1.0,6.549215753942587,0.903125,0.8855907124068051,0.9193859255996562,131.36363636363657,0.7924560053567805,0.85375,799,578,0.8596601636249214,spectra_aasist3
runs,spectra_aasist3_asv19_attack_matrix,asvspoof2019_la,pgd,10.0,-10.0,13.740931729419003,0.97375,0.0184499999999999,1.0,7.440033918601256,0.966875,0.9537754142252464,0.9756292217216636,140.63636363636388,0.8378482741432469,0.891875,800,636,0.8974197608558842,spectra_aasist3
runs,spectra_aasist3_asv19_attack_matrix,asvspoof2019_la,pgd_l2,40.0,-40.0,41.71568002340901,0.77,0.1967312499999999,1.0,5.338612403369256,0.763125,0.7349943828168676,0.7900073134603994,111.00000000000018,0.6415348393690883,0.84,787,568,0.8458149779735683,spectra_aasist3
runs,spectra_aasist3_asv19_attack_matrix,asvspoof2019_la,pgd_l2,30.0,-30.0,31.84193471155065,0.8400000000000001,0.1281484375,1.0,5.6643173457545135,0.8331250000000001,0.8081591321663202,0.8494209193181343,121.1818181818184,0.7132802777565571,0.849375,798,570,0.8546255506607929,spectra_aasist3
runs,spectra_aasist3_asv19_attack_matrix,asvspoof2019_la,pgd_l2,20.0,-20.0,21.95630525578525,0.91625,0.0585046875,1.0,6.599096358183208,0.909375,0.8899821984209408,0.9250106324964004,132.2727272727275,0.7875076375610177,0.883125,800,620,0.8879798615481435,spectra_aasist3
runs,spectra_aasist3_asv19_attack_matrix,asvspoof2019_la,pgd_l2,10.0,-10.0,12.07286576352825,0.929375,0.0437734375,1.0,7.640520096695486,0.9225,0.9118807805483732,0.9469050285038696,134.1818181818184,0.8117782788136592,0.900625,798,652,0.9062303335431088,spectra_aasist3
runs,spectra_asv19_attack,asvspoof2019_la,fgsm,40.0,-40.0,39.764644346736674,0.354375,0.6638406250000001,1.0,2.3091963989139863,0.3475,0.2987049909447259,0.362533425495581,50.54545454545463,0.2504498268329514,0.248125,128,276,0.2485840151038389,spectra_aasist3
runs,spectra_asv19_attack,asvspoof2019_la,fgsm,30.0,-30.0,29.921952791406127,0.514375,0.5006406250000001,1.0,3.237328585106068,0.5075000000000001,0.4730460688131795,0.5337447324378667,73.81818181818194,0.3440530078143642,0.324375,83,443,0.3253618628067967,spectra_aasist3
runs,spectra_asv19_attack,asvspoof2019_la,fgsm,20.0,-20.0,19.988603021722255,0.614375,0.3992124999999999,1.0,3.9287523561563553,0.6075,0.581225085601649,0.636243900964632,88.36363636363652,0.4233249526367572,0.385625,59,565,0.3870358716173694,spectra_aasist3
runs,spectra_asv19_attack,asvspoof2019_la,fgsm,10.0,-10.0,10.008512960854212,0.5137499999999999,0.5366953125,0.99875,3.764410883857378,0.506875,0.4743900119498598,0.5343987667973872,73.72727272727285,0.3977742028499158,0.339375,46,500,0.3392070484581498,spectra_aasist3
runs,spectra_asv19_attack,asvspoof2019_la,pgd,40.0,-40.0,42.68582106264704,0.7593749999999999,0.232334375,1.0,5.368294027961706,0.7525,0.7056098189232254,0.7643703073432343,109.45454545454562,0.6569588912223852,0.833125,800,542,0.8382630585273757,spectra_aasist3
runs,spectra_asv19_attack,asvspoof2019_la,pgd,30.0,-30.0,33.23934118474211,0.826875,0.1364953125,1.0,6.276822492641495,0.8200000000000001,0.8012162422607736,0.8481211863118288,119.27272727272748,0.740798815361749,0.85625,800,577,0.8609188168659534,spectra_aasist3
runs,spectra_asv19_attack,asvspoof2019_la,pgd,20.0,-20.0,23.570447955522795,0.90375,0.0651531249999999,1.0,6.638821738411542,0.8968750000000001,0.8787277448408962,0.9156688781086832,130.4545454545457,0.7935382070715606,0.860625,800,586,0.8659534298300818,spectra_aasist3
runs,spectra_asv19_attack,asvspoof2019_la,pgd,10.0,-10.0,13.741086224528049,0.94375,0.0374062499999999,1.0,7.337865732016666,0.936875,0.9206260367614276,0.9518762351013516,136.2727272727275,0.8284202668764011,0.88,800,611,0.8835745752045312,spectra_aasist3
runs,ssl_aasist_asv19_attack,asvspoof2019_la,fgsm,40.0,-40.0,40.013511595719194,0.06125,0.9788640625,0.2299999999999999,0.6297599157564129,0.06,0.0468773483751252,0.0731158403219786,48.000000000000526,0.0607071509453967,0.05375,69,19,0.0538172715894868,ssl_aasist
runs,ssl_aasist_asv19_attack,asvspoof2019_la,fgsm,30.0,-30.0,30.013527885046987,0.0968749999999999,0.9553140625,0.2549999999999999,1.0759618008871263,0.0956249999999999,0.0775030002141709,0.11062889612158,76.5000000000008,0.0862616492213905,0.083125,112,23,0.0832290362953692,ssl_aasist
runs,ssl_aasist_asv19_attack,asvspoof2019_la,fgsm,20.0,-20.0,20.013546793618545,0.11875,0.9385421875,0.2499999999999999,1.127894033227996,0.1175,0.0987514803519285,0.1343757625241661,94.000000000001,0.0933117043774253,0.095,118,36,0.0951188986232791,ssl_aasist
runs,ssl_aasist_asv19_attack,asvspoof2019_la,fgsm,10.0,-10.0,10.013629136753996,0.118125,0.938946875,0.25875,0.9037704308949234,0.116875,0.1018772326079565,0.1356447174353139,93.500000000001,0.1034966288489038,0.11625,100,88,0.1163954943679599,ssl_aasist
runs,ssl_aasist_asv19_attack,asvspoof2019_la,pgd,40.0,-40.0,42.55932492958151,0.936875,0.0167234374999999,1.0,13.043600249814844,0.935625,0.9200082562437844,0.9481238337606006,748.500000000008,0.7729129043368527,0.7175,355,795,0.718397997496871,ssl_aasist
runs,ssl_aasist_asv19_attack,asvspoof2019_la,pgd,30.0,-30.0,33.08817675626889,0.996875,0.0013484374999999,1.0,16.64590108042334,0.995625,0.9852333787103336,0.9975198379206895,796.5000000000084,0.9204673664153502,0.891875,631,798,0.8929912390488111,ssl_aasist
runs,ssl_aasist_asv19_attack,asvspoof2019_la,pgd,20.0,-20.0,23.465617285379164,0.99875,8.124999999999826e-05,1.0,19.074490044922,0.9975,0.9906318598490924,0.9994005511581188,798.0000000000085,0.9878116713653032,0.980625,772,799,0.9818523153942428,ssl_aasist
runs,ssl_aasist_asv19_attack,asvspoof2019_la,pgd,10.0,-10.0,13.6677982093635,0.99875,1.5624999999999668e-06,1.0,19.88544979437844,0.9975,0.9937683153545254,1.0,798.0000000000085,0.9966871538837934,0.998125,799,800,0.9993742177722152,ssl_aasist
runs,ssl_aasist_asv19_attack_matrix,asvspoof2019_la,fgsm,40.0,-40.0,40.01351155316489,0.061875,0.9789,0.22875,0.6291733002755011,0.060625,0.0468744817365329,0.0731250032473189,48.50000000000053,0.0607214494974003,0.05375,69,19,0.0538172715894868,ssl_aasist
runs,ssl_aasist_asv19_attack_matrix,asvspoof2019_la,fgsm,30.0,-30.0,30.013527842717803,0.0975,0.955259375,0.25375,1.0760664675138658,0.09625,0.0781245163458719,0.1106659492093211,77.00000000000084,0.0862542717533678,0.083125,112,23,0.0832290362953692,ssl_aasist
runs,ssl_aasist_asv19_attack_matrix,asvspoof2019_la,fgsm,20.0,-20.0,20.013546751533212,0.12,0.9384890625,0.2525,1.1280262580010023,0.11875,0.099352694250703,0.1343913941576932,95.000000000001,0.0933164382054934,0.095,118,36,0.0951188986232791,ssl_aasist
runs,ssl_aasist_asv19_attack_matrix,asvspoof2019_la,fgsm,10.0,-10.0,10.013629060799907,0.11875,0.9391531249999998,0.25875,0.9027653716658816,0.1175,0.1018657153162698,0.1356271073223411,94.000000000001,0.1035629039080737,0.115625,99,88,0.1157697121401752,ssl_aasist
runs,ssl_aasist_asv19_attack_matrix,asvspoof2019_la,pgd,40.0,-40.0,42.564189579861846,0.941875,0.0155781249999999,1.0,13.07680001058884,0.940625,0.9274989351395052,0.9551249150102038,752.500000000008,0.7753479482628666,0.72125,361,795,0.7221526908635795,ssl_aasist
runs,ssl_aasist_asv19_attack_matrix,asvspoof2019_la,pgd,30.0,-30.0,33.08994909503231,0.996875,0.0006234374999999,1.0,16.61651892009506,0.995625,0.9893632018005172,0.9987497664111936,796.5000000000084,0.9184691245282628,0.89,627,799,0.8911138923654568,ssl_aasist
runs,ssl_aasist_asv19_attack_matrix,asvspoof2019_la,pgd,20.0,-20.0,23.46726251596803,0.99625,6.718749999999967e-05,1.0,19.081406416265864,0.995,0.9887292556753297,0.9987469149413124,796.0000000000084,0.9854771599476432,0.976875,765,800,0.9780976220275344,ssl_aasist
runs,ssl_aasist_asv19_attack_matrix,asvspoof2019_la,pgd,10.0,-10.0,13.668931507359254,0.999375,6.249999999999867e-06,1.0,19.86628989125738,0.998125,0.99313729629647,1.0,798.5000000000084,0.9956430756377848,0.99625,797,799,0.9974968710888612,ssl_aasist
runs,ssl_aasist_asv19_attack_matrix,asvspoof2019_la,pgd_l2,40.0,-40.0,41.400935259480576,0.905,0.0353578125,1.0,11.87509305824514,0.90375,0.8843786732044908,0.9168718492263356,723.0000000000077,0.695941448329176,0.648125,239,800,0.648936170212766,ssl_aasist
runs,ssl_aasist_asv19_attack_matrix,asvspoof2019_la,pgd_l2,30.0,-30.0,31.70730505135461,0.9875,0.0005328124999999,1.0,14.131557345043523,0.98625,0.9811941072669365,0.9937464902157036,789.0000000000084,0.8264670530918699,0.765,426,800,0.7659574468085106,ssl_aasist
runs,ssl_aasist_asv19_attack_matrix,asvspoof2019_la,pgd_l2,20.0,-20.0,21.80735396415956,0.995625,5.7812499999999325e-05,1.0,17.461976754410955,0.994375,0.9899999964843256,0.9987498749874988,795.5000000000084,0.9546064471345572,0.924375,681,800,0.925531914893617,ssl_aasist
runs,ssl_aasist_asv19_attack_matrix,asvspoof2019_la,pgd_l2,10.0,-10.0,11.882543197065544,0.998125,3.1249999999999337e-06,1.0,19.47320417095765,0.996875,0.9937467857625516,1.0,797.5000000000085,0.9903927375963752,0.985625,779,800,0.9868585732165206,ssl_aasist
runs,wavlm_linear_asv19_attack_matrix,asvspoof2019_la,fgsm,40.0,-40.0,40.01351025797113,0.441875,0.5820390625,0.9275,1.5393642779374617,0.414375,0.389375536162513,0.4412525025221742,15.068181818181827,0.3931383404669263,0.43375,240,494,0.4447300771208226,wavlm_linear
runs,wavlm_linear_asv19_attack_matrix,asvspoof2019_la,fgsm,30.0,-30.0,30.013526097677296,0.52,0.4886671875,0.97,2.328365799918311,0.4925,0.4643589323912367,0.5199876668418116,17.90909090909092,0.4719005260980974,0.52375,102,770,0.5353470437017995,wavlm_linear
runs,wavlm_linear_asv19_attack_matrix,asvspoof2019_la,fgsm,20.0,-20.0,20.01354555826821,0.395625,0.6339171875,0.94,2.9162345711213873,0.368125,0.3437669346886937,0.3931246906424852,13.386363636363646,0.4664772375467011,0.491875,20,787,0.4980719794344473,wavlm_linear
runs,wavlm_linear_asv19_attack_matrix,asvspoof2019_la,fgsm,10.0,-10.0,10.013627427563554,0.229375,0.8317781249999999,0.7500000000000001,4.245307389675604,0.201875,0.1812086787959072,0.2243710217259167,7.340909090909096,0.486013618434219,0.49375,6,782,0.4929305912596401,wavlm_linear
runs,wavlm_linear_asv19_attack_matrix,asvspoof2019_la,pgd,40.0,-40.0,42.69678561703941,0.99875,1.5624999999999668e-06,1.0,14.957178516934492,0.97125,0.961869572552076,0.9793789104777296,35.31818181818184,0.9076067793205368,0.948125,761,800,0.9749357326478147,wavlm_linear
runs,wavlm_linear_asv19_attack_matrix,asvspoof2019_la,pgd,30.0,-30.0,33.260726206469364,1.0,0.0,1.0,17.29722521577419,0.9725,0.962497890506341,0.9799850887923266,35.36363636363639,0.9274370097149636,0.97,796,800,0.9974293059125964,wavlm_linear
runs,wavlm_linear_asv19_attack_matrix,asvspoof2019_la,pgd,20.0,-20.0,23.558424594895488,1.0,0.0,1.0,18.341517435350784,0.9725,0.962497890506341,0.9799850887923266,35.36363636363639,0.929817703891866,0.9725,800,800,1.0,wavlm_linear
runs,wavlm_linear_asv19_attack_matrix,asvspoof2019_la,pgd,10.0,-10.0,13.702209184746687,1.0,0.0,1.0,19.003931800268603,0.9725,0.962497890506341,0.9799850887923266,35.36363636363639,0.9302437975152767,0.9725,800,800,1.0,wavlm_linear
runs,wavlm_linear_asv19_attack_matrix,asvspoof2019_la,pgd_l2,40.0,-40.0,41.57137306532351,0.995625,0.0001218749999999,1.0,12.737906953253592,0.968125,0.9568760653736648,0.9756323324865634,35.204545454545475,0.8957251160828034,0.936875,743,800,0.9633676092544988,wavlm_linear
runs,wavlm_linear_asv19_attack_matrix,asvspoof2019_la,pgd_l2,30.0,-30.0,31.770062473978893,1.0,0.0,1.0,15.538542685762508,0.9725,0.962497890506341,0.9799850887923266,35.36363636363639,0.922042749439748,0.966875,791,800,0.994215938303342,wavlm_linear
runs,wavlm_linear_asv19_attack_matrix,asvspoof2019_la,pgd_l2,20.0,-20.0,21.88090414826851,1.0,0.0,1.0,17.084035953336503,0.9725,0.962497890506341,0.9799850887923266,35.36363636363639,0.9272521842029628,0.970625,797,800,0.9980719794344473,wavlm_linear
runs,wavlm_linear_asv19_attack_matrix,asvspoof2019_la,pgd_l2,10.0,-10.0,11.940333090726895,1.0,0.0,1.0,17.646204870170934,0.9725,0.962497890506341,0.9799850887923266,35.36363636363639,0.9289142559813166,0.97125,798,800,0.9987146529562982,wavlm_linear
runs,xlsr_linear_asv19_attack_matrix,asvspoof2019_la,fgsm,40.0,-40.0,40.01351065224617,0.2425,0.8241953125,0.9575,0.828563176433779,0.2025,0.1837448548706457,0.2244103970830337,5.062499999999997,0.210259713042322,0.225,287,119,0.228515625,xlsr_linear
runs,xlsr_linear_asv19_attack_matrix,asvspoof2019_la,fgsm,30.0,-30.0,30.01352665276334,0.3349999999999999,0.7324656249999999,0.9925,0.9266312961297748,0.2949999999999999,0.2700289791856071,0.3162699232484376,7.374999999999995,0.2586187666144293,0.30125,338,192,0.30859375,xlsr_linear
runs,xlsr_linear_asv19_attack_matrix,asvspoof2019_la,fgsm,20.0,-20.0,20.013545753371584,0.3399999999999999,0.7025578124999999,1.0,0.9404050832326428,0.2999999999999999,0.2737308014446612,0.3219029495498055,7.499999999999995,0.2773399257564494,0.320625,284,251,0.3203125,xlsr_linear
runs,xlsr_linear_asv19_attack_matrix,asvspoof2019_la,fgsm,10.0,-10.0,10.013628499001571,0.331875,0.71800625,1.0,0.9345583916997596,0.291875,0.2681281892195136,0.3174968448870326,7.296874999999996,0.2946298372822249,0.4675,62,696,0.4694010416666667,xlsr_linear
runs,xlsr_linear_asv19_attack_matrix,asvspoof2019_la,pgd,40.0,-40.0,42.898196593577744,0.999375,0.0001546875,1.0,7.059773210023437,0.959375,0.9480761078321784,0.9688126380882932,23.984374999999982,0.787669526073137,0.950625,785,800,0.990234375,xlsr_linear
runs,xlsr_linear_asv19_attack_matrix,asvspoof2019_la,pgd,30.0,-30.0,33.259205410357225,1.0,0.0,1.0,8.856907032923328,0.96,0.9493715731772492,0.96940231309707,23.999999999999982,0.824171742101409,0.959375,799,800,0.9993489583333334,xlsr_linear
runs,xlsr_linear_asv19_attack_matrix,asvspoof2019_la,pgd,20.0,-20.0,23.527370757385615,1.0,0.0,1.0,12.757816509854642,0.96,0.9493715731772492,0.96940231309707,23.999999999999982,0.8312193009126512,0.96,800,800,1.0,xlsr_linear
runs,xlsr_linear_asv19_attack_matrix,asvspoof2019_la,pgd,10.0,-10.0,13.69180845227519,1.0,0.0,1.0,15.144226756586722,0.96,0.9493715731772492,0.96940231309707,23.999999999999982,0.8322048519061466,0.96,800,800,1.0,xlsr_linear
runs,xlsr_linear_asv19_attack_matrix,asvspoof2019_la,pgd_l2,40.0,-40.0,41.785834939763625,0.980625,0.0019749999999999,1.0,4.240539902667318,0.940625,0.9281260879324952,0.9531274759202292,23.515624999999982,0.7092790916201197,0.910625,721,800,0.9485677083333334,xlsr_linear
runs,xlsr_linear_asv19_attack_matrix,asvspoof2019_la,pgd_l2,30.0,-30.0,31.854730675792197,0.9975,6.249999999999867e-06,1.0,6.0883778280641865,0.9575,0.9475574688817008,0.9687515137310884,23.937499999999982,0.7875406672318408,0.954375,791,800,0.994140625,xlsr_linear
runs,xlsr_linear_asv19_attack_matrix,asvspoof2019_la,pgd_l2,20.0,-20.0,21.913180040917105,1.0,0.0,1.0,8.636112929771484,0.96,0.9493715731772492,0.96940231309707,23.999999999999982,0.8151121638613066,0.9575,796,800,0.9973958333333334,xlsr_linear
runs,xlsr_linear_asv19_attack_matrix,asvspoof2019_la,pgd_l2,10.0,-10.0,11.961346630579897,1.0,0.0,1.0,10.88912098429146,0.96,0.9493715731772492,0.96940231309707,23.999999999999982,0.8221630976182857,0.958125,797,800,0.998046875,xlsr_linear
runs,xlsr_mamba_asv19_attack,asvspoof2019_la,fgsm,40.0,-40.0,40.01351250329053,0.104375,0.9574328125,0.23375,0.7751239695093247,0.1025,0.0818922759603399,0.1168667794246477,54.66666666666747,0.105149899947906,0.084375,123,15,0.084533500313087,xlsr_mamba
runs,xlsr_mamba_asv19_attack,asvspoof2019_la,fgsm,30.0,-30.0,30.01352856434538,0.11875,0.9461390625,0.2599999999999999,0.6937912627746822,0.116875,0.0993514560648773,0.13687522402726,62.33333333333423,0.123444773661382,0.0925,117,34,0.0926737633061991,xlsr_mamba
runs,xlsr_mamba_asv19_attack,asvspoof2019_la,fgsm,20.0,-20.0,20.013548114055087,0.109375,0.950928125,0.2549999999999999,0.4844387892554503,0.1075,0.0893519109251611,0.1237467332686909,57.33333333333416,0.1445263056917051,0.118125,77,113,0.1177207263619286,xlsr_mamba
runs,xlsr_mamba_asv19_attack,asvspoof2019_la,fgsm,10.0,-10.0,10.013632032577464,0.0956249999999999,0.95429375,0.415,0.3914673632128393,0.09375,0.0768873615616916,0.1075042963070039,50.00000000000072,0.1654802452246884,0.239375,31,353,0.2391984971822166,xlsr_mamba
runs,xlsr_mamba_asv19_attack,asvspoof2019_la,pgd,40.0,-40.0,42.79642937127458,0.9175,0.037521875,1.0,7.860309703008999,0.915625,0.9024739446801991,0.9381014078937446,488.33333333334025,0.8218410350258941,0.725,396,767,0.7263619286161553,xlsr_mamba
runs,xlsr_mamba_asv19_attack,asvspoof2019_la,pgd,30.0,-30.0,33.38529709552811,1.0,0.0,1.0,9.410009393273915,0.998125,0.9949886626249348,1.0,532.3333333333409,0.9341599932869254,0.83125,533,800,0.8328115216030056,xlsr_mamba
runs,xlsr_mamba_asv19_attack,asvspoof2019_la,pgd,20.0,-20.0,23.69338030337517,1.0,0.0,1.0,9.879876590262096,0.998125,0.9949886626249348,1.0,532.3333333333409,0.9729057434506144,0.938125,704,800,0.9398872886662492,xlsr_mamba
runs,xlsr_mamba_asv19_attack,asvspoof2019_la,pgd,10.0,-10.0,13.828271643389613,1.0,0.0,1.0,10.239060425057463,0.998125,0.9949886626249348,1.0,532.3333333333409,0.9865212917143236,0.988125,784,800,0.9899812147777082,xlsr_mamba
runs,xlsr_mamba_asv19_attack_matrix,asvspoof2019_la,fgsm,40.0,-40.0,40.01351250329053,0.104375,0.9574296875,0.23375,0.7751298564406195,0.1025,0.0818921001645981,0.1168699528246601,54.66666666666747,0.105146596152556,0.084375,123,15,0.084533500313087,xlsr_mamba
runs,xlsr_mamba_asv19_attack_matrix,asvspoof2019_la,fgsm,30.0,-30.0,30.013528690647085,0.118125,0.9461078125,0.2599999999999999,0.6936603555077606,0.11625,0.0993738644131998,0.1362380342247069,62.000000000000895,0.1234264831395245,0.0925,117,34,0.0926737633061991,xlsr_mamba
runs,xlsr_mamba_asv19_attack_matrix,asvspoof2019_la,fgsm,20.0,-20.0,20.013548198304555,0.109375,0.9509296875,0.25375,0.4843511145479485,0.1075,0.0893711834067109,0.1231443330434714,57.33333333333416,0.1444654356345535,0.119375,78,114,0.118973074514715,xlsr_mamba
runs,xlsr_mamba_asv19_attack_matrix,asvspoof2019_la,fgsm,10.0,-10.0,10.01363194848678,0.094375,0.95428125,0.41625,0.3915964399958451,0.0925,0.0768900157048388,0.1075411138398913,49.333333333334046,0.165511448595076,0.24125,31,356,0.2410770194113963,xlsr_mamba
runs,xlsr_mamba_asv19_attack_matrix,asvspoof2019_la,pgd,40.0,-40.0,42.792139302208994,0.92875,0.0359499999999999,1.0,7.906288443958591,0.926875,0.9087356642917228,0.9412787223228954,494.3333333333403,0.8212103691495969,0.725625,397,767,0.7269881026925485,xlsr_mamba
runs,xlsr_mamba_asv19_attack_matrix,asvspoof2019_la,pgd,30.0,-30.0,33.38494006718328,1.0,0.0,1.0,9.418215379059058,0.998125,0.9949886626249348,1.0,532.3333333333409,0.933466230378126,0.83,531,800,0.8315591734502191,xlsr_mamba
runs,xlsr_mamba_asv19_attack_matrix,asvspoof2019_la,pgd,20.0,-20.0,23.696338572094646,1.0,0.0,1.0,9.865421366746244,0.998125,0.9949886626249348,1.0,532.3333333333409,0.973214900973352,0.9375,703,800,0.939261114589856,xlsr_mamba
runs,xlsr_mamba_asv19_attack_matrix,asvspoof2019_la,pgd,10.0,-10.0,13.830506695371335,1.0,0.0,1.0,10.269938306171465,0.998125,0.9949886626249348,1.0,532.3333333333409,0.9866916567629268,0.990625,788,800,0.9924859110832812,xlsr_mamba
runs,xlsr_mamba_asv19_attack_matrix,asvspoof2019_la,pgd_l2,40.0,-40.0,41.49322398730559,0.849375,0.0991546875,1.0,6.771582582904172,0.8475,0.8200007812805188,0.86875,452.0000000000064,0.7447114447326528,0.63,302,709,0.6311834690043833,xlsr_mamba
runs,xlsr_mamba_asv19_attack_matrix,asvspoof2019_la,pgd_l2,30.0,-30.0,31.84114247636098,0.995625,0.0011359374999999,1.0,8.733749615000754,0.99375,0.9844132982587,0.99687583313297,530.0000000000075,0.918036659408734,0.799375,483,799,0.8008766437069506,xlsr_mamba
runs,xlsr_mamba_asv19_attack_matrix,asvspoof2019_la,pgd_l2,20.0,-20.0,21.963600170624805,1.0,0.0,1.0,9.533143227409212,0.998125,0.9949886626249348,1.0,532.3333333333409,0.968139638985396,0.925,683,800,0.9267376330619912,xlsr_mamba
runs,xlsr_mamba_asv19_attack_matrix,asvspoof2019_la,pgd_l2,10.0,-10.0,12.023666582677308,1.0,0.0,1.0,9.690243409224646,0.998125,0.9949886626249348,1.0,532.3333333333409,0.9793460167980536,0.965,747,800,0.9668127739511584,xlsr_mamba
runs_blackbox,aasist_asv19_blackbox,asvspoof2019_la,spsa,50.0,-50.0,59.29400278217265,0.005,0.9988,0.12,0.1950212978772118,0.0,-0.0094384978229317,0.0058156634746922,0.0,0.0133571104710188,0.015,3,1,0.0150753768844221,aasist
runs_blackbox,aasist_asv19_blackbox,asvspoof2019_la,spsa,45.0,-45.0,52.96347614525627,0.005,0.9987,0.13,0.2385108044193934,0.0,-0.0097111174566914,0.0092592592592592,0.0,0.0210790775358434,0.02,4,1,0.0201005025125628,aasist
runs_blackbox,rawnet2_asv19_blackbox,asvspoof2019_la,spsa,50.0,-50.0,56.668130639080694,0.03,0.9896,0.12,0.36188984128288,0.005,-0.01,0.0314945897377855,0.2000000000000001,0.0097350837631864,0.005,3,3,0.0051282051282051,rawnet2
runs_blackbox,rawnet2_asv19_blackbox,asvspoof2019_la,spsa,45.0,-45.0,49.9799963348354,0.04,0.988,0.16,0.4399543795060961,0.015,-0.0087076186677303,0.0404922903167285,0.6000000000000003,0.016472239704084,0.015,5,3,0.0153846153846153,rawnet2
runs_defence,aasist3_asv19_defence,asvspoof2019_la,pgd,40.0,-40.0,43.01482699502311,1.0,0.0,1.0,12.103067451606382,0.83875,0.8206240801480071,0.8562500830289361,5.201550387596899,0.5056750846300582,0.83875,800,800,1.0,aasist3_kan
runs_defence,aasist3_asv19_defence,asvspoof2019_la,pgd,30.0,-30.0,33.540331882006605,1.0,0.0,1.0,11.846921654478798,0.83875,0.8206240801480071,0.8562500830289361,5.201550387596899,0.4565308305862621,0.8375,798,800,0.9985096870342772,aasist3_kan
runs_defence,aasist3_asv19_defence,asvspoof2019_la,pgd,20.0,-20.0,23.738979298217735,1.0,0.0,1.0,11.776617830880252,0.83875,0.8206240801480071,0.8562500830289361,5.201550387596899,0.4342495438119306,0.83625,796,800,0.9970193740685545,aasist3_kan
runs_defence,aasist3_asv19_defence,asvspoof2019_la,pgd,10.0,-10.0,13.86875363442021,1.0,0.0,1.0,11.701497747670608,0.83875,0.8206240801480071,0.8562500830289361,5.201550387596899,0.420998193243665,0.81625,760,800,0.9716840536512668,aasist3_kan
runs_defence,aasist_asv19_defence,asvspoof2019_la,pgd,40.0,-40.0,42.11728159839323,0.735,0.1809578124999999,1.0,6.745588024973868,0.72875,0.7000119360267388,0.7474940765533148,116.6000000000002,0.6861412335667672,0.721875,480,685,0.7264150943396226,aasist
runs_defence,aasist_asv19_defence,asvspoof2019_la,pgd,30.0,-30.0,32.898345853635035,0.995,0.0002062499999999,1.0,17.598854328051914,0.98875,0.9830294128547964,0.9943916244799212,158.20000000000027,0.9449435159541362,0.96,746,800,0.9660377358490566,aasist
runs_defence,aasist_asv19_defence,asvspoof2019_la,pgd,20.0,-20.0,23.46698155862725,0.999375,4.6874999999999e-06,1.0,19.294014669053663,0.993125,0.9874873798377092,0.9968734378565396,158.9000000000003,0.9534524674759024,0.97125,764,800,0.9773584905660376,aasist
runs_defence,aasist_asv19_defence,asvspoof2019_la,pgd,10.0,-10.0,13.724323718140436,1.0,0.0,1.0,18.588992502819448,0.99375,0.9887442855256052,0.9974995272543716,159.00000000000028,0.9434379845818812,0.924375,689,800,0.930188679245283,aasist
runs_defence,nes2net_v2_asv19_defence,asvspoof2019_la,pgd,40.0,-40.0,43.075860333632114,0.610625,0.2714203125,1.0,7.143365784315428,0.610625,0.5787185432148454,0.6399968277754978,,0.555615337802934,0.56875,290,620,0.56875,nes2net_v2
runs_defence,nes2net_v2_asv19_defence,asvspoof2019_la,pgd,30.0,-30.0,33.50131819549104,0.906875,0.0406156249999999,1.0,11.602525284604765,0.906875,0.895585321721789,0.9312590023880676,,0.7404565631219878,0.744375,412,779,0.744375,nes2net_v2
runs_defence,nes2net_v2_asv19_defence,asvspoof2019_la,pgd,20.0,-20.0,23.691570578901764,0.964375,0.0189765625,1.0,14.008420113323371,0.964375,0.93749900381566,0.9662422617527076,,0.7788761685882238,0.783125,460,793,0.783125,nes2net_v2
runs_defence,nes2net_v2_asv19_defence,asvspoof2019_la,pgd,10.0,-10.0,13.792649226602023,0.836875,0.0311328125,1.0,15.583909705742007,0.836875,0.8593681510176807,0.9050181749858408,,0.828519916820796,0.834375,604,731,0.834375,nes2net_v2
runs_defence,ssl_aasist_asv19_defence,asvspoof2019_la,pgd,40.0,-40.0,42.559462388583526,0.945,0.0135703124999999,1.0,13.077249114841331,0.94375,0.928157018980958,0.9556530978752502,755.000000000008,0.771319880756453,0.715625,349,798,0.7165206508135169,ssl_aasist
runs_defence,ssl_aasist_asv19_defence,asvspoof2019_la,pgd,30.0,-30.0,33.089527878268996,0.995,0.0020281249999999,1.0,16.652503423538686,0.99375,0.983704961668892,0.9968750946081878,795.0000000000085,0.9206497262000652,0.89375,635,797,0.8948685857321652,ssl_aasist
runs_defence,ssl_aasist_asv19_defence,asvspoof2019_la,pgd,20.0,-20.0,23.4662272267076,0.99875,1.5624999999999668e-06,1.0,19.124009871665343,0.9975,0.9937857012445626,1.0,798.0000000000085,0.98957523352417,0.98,770,800,0.981226533166458,ssl_aasist
runs_defence,ssl_aasist_asv19_defence,asvspoof2019_la,pgd,10.0,-10.0,13.668927630790124,1.0,0.0,1.0,19.876467577070407,0.99875,0.9955741838438608,1.0,799.0000000000084,0.9967457567162522,0.998125,800,799,0.9993742177722152,ssl_aasist
runs_defence,xlsr_linear_asv19_defence,asvspoof2019_la,pgd,40.0,-40.0,42.898196593577744,0.999375,0.0001546875,1.0,7.059773210023437,0.959375,0.9480761078321784,0.9688126380882932,23.984374999999982,0.787669526073137,0.950625,785,800,0.990234375,xlsr_linear
runs_defence,xlsr_linear_asv19_defence,asvspoof2019_la,pgd,30.0,-30.0,33.259205410357225,1.0,0.0,1.0,8.856907032923328,0.96,0.9493715731772492,0.96940231309707,23.999999999999982,0.824171742101409,0.959375,799,800,0.9993489583333334,xlsr_linear
runs_defence,xlsr_linear_asv19_defence,asvspoof2019_la,pgd,20.0,-20.0,23.527370757385615,1.0,0.0,1.0,12.757816509854642,0.96,0.9493715731772492,0.96940231309707,23.999999999999982,0.8312193009126512,0.96,800,800,1.0,xlsr_linear
runs_defence,xlsr_linear_asv19_defence,asvspoof2019_la,pgd,10.0,-10.0,13.69180845227519,1.0,0.0,1.0,15.144226756586722,0.96,0.9493715731772492,0.96940231309707,23.999999999999982,0.8322048519061466,0.96,800,800,1.0,xlsr_linear
runs_defence,xlsr_mamba_asv19_defence,asvspoof2019_la,pgd,40.0,-40.0,42.80003410688758,0.928125,0.032128125,1.0,7.945491990339153,0.92625,0.9156244627522342,0.9437674556021028,494.00000000000705,0.827354483535249,0.7275,399,768,0.7288666249217283,xlsr_mamba
runs_defence,xlsr_mamba_asv19_defence,asvspoof2019_la,pgd,30.0,-30.0,33.38547772549544,0.999375,0.0001578124999999,1.0,9.401207811547748,0.9975,0.9924990321975776,1.0,532.0000000000075,0.9334443910924418,0.829375,530,800,0.8309329993738259,xlsr_mamba
runs_defence,xlsr_mamba_asv19_defence,asvspoof2019_la,pgd,20.0,-20.0,23.697172116604907,1.0,0.0,1.0,9.890102544280374,0.998125,0.9949886626249348,1.0,532.3333333333409,0.9731342265572676,0.93875,705,800,0.9405134627426424,xlsr_mamba
runs_defence,xlsr_mamba_asv19_defence,asvspoof2019_la,pgd,10.0,-10.0,13.830458109071508,1.0,0.0,1.0,10.249037780173818,0.998125,0.9949886626249348,1.0,532.3333333333409,0.9866512500363512,0.99,787,800,0.991859737006888,xlsr_mamba
runs_defence_noise,aasist3_asv19_defence,asvspoof2019_la,pgd,40.0,-40.0,43.01482699502311,1.0,0.0,1.0,12.103067451606382,0.83875,0.8206240801480071,0.8562500830289361,5.201550387596899,0.5056750846300582,0.83875,800,800,1.0,aasist3_kan
runs_defence_noise,aasist3_asv19_defence,asvspoof2019_la,pgd,30.0,-30.0,33.540331882006605,1.0,0.0,1.0,11.846921654478798,0.83875,0.8206240801480071,0.8562500830289361,5.201550387596899,0.4565308305862621,0.8375,798,800,0.9985096870342772,aasist3_kan
runs_defence_noise,aasist3_asv19_defence,asvspoof2019_la,pgd,20.0,-20.0,23.738979298217735,1.0,0.0,1.0,11.776617830880252,0.83875,0.8206240801480071,0.8562500830289361,5.201550387596899,0.4342495438119306,0.83625,796,800,0.9970193740685545,aasist3_kan
runs_defence_noise,aasist3_asv19_defence,asvspoof2019_la,pgd,10.0,-10.0,13.86875363442021,1.0,0.0,1.0,11.701497747670608,0.83875,0.8206240801480071,0.8562500830289361,5.201550387596899,0.420998193243665,0.81625,760,800,0.9716840536512668,aasist3_kan
runs_defence_noise,aasist_asv19_defence,asvspoof2019_la,pgd,40.0,-40.0,42.11661622254682,0.738125,0.1807718749999999,1.0,6.782520360025032,0.731875,0.7055964826031655,0.7500139713002602,117.1000000000002,0.6879087750781414,0.72,479,683,0.7245283018867924,aasist
runs_defence_noise,aasist_asv19_defence,asvspoof2019_la,pgd,30.0,-30.0,32.898118781084214,0.995,0.0002062499999999,1.0,17.625032750573435,0.98875,0.982486659054972,0.9937859185436304,158.20000000000027,0.9448882795443476,0.96125,748,800,0.9672955974842768,aasist
runs_defence_noise,aasist_asv19_defence,asvspoof2019_la,pgd,20.0,-20.0,23.466786319281898,0.99875,7.812499999999834e-06,1.0,19.2878917923043,0.9925,0.9868817052558676,0.9962579224142084,158.8000000000003,0.9531361649638762,0.971875,765,800,0.9779874213836478,aasist
runs_defence_noise,aasist_asv19_defence,asvspoof2019_la,pgd,10.0,-10.0,13.722219945169622,1.0,0.0,1.0,18.572838272976053,0.99375,0.9887442855256052,0.9974995272543716,159.00000000000028,0.9437941285265934,0.923125,687,800,0.9289308176100628,aasist
runs_defence_noise,nes2net_v2_asv19_defence,asvspoof2019_la,pgd,40.0,-40.0,43.075860333632114,0.610625,0.2714203125,1.0,7.143365784315428,0.610625,0.5787185432148454,0.6399968277754978,,0.555615337802934,0.56875,290,620,0.56875,nes2net_v2
runs_defence_noise,nes2net_v2_asv19_defence,asvspoof2019_la,pgd,30.0,-30.0,33.50131819549104,0.906875,0.0406156249999999,1.0,11.602525284604765,0.906875,0.895585321721789,0.9312590023880676,,0.7404565631219878,0.744375,412,779,0.744375,nes2net_v2
runs_defence_noise,nes2net_v2_asv19_defence,asvspoof2019_la,pgd,20.0,-20.0,23.691570578901764,0.964375,0.0189765625,1.0,14.008420113323371,0.964375,0.93749900381566,0.9662422617527076,,0.7788761685882238,0.783125,460,793,0.783125,nes2net_v2
runs_defence_noise,nes2net_v2_asv19_defence,asvspoof2019_la,pgd,10.0,-10.0,13.792649226602023,0.836875,0.0311328125,1.0,15.583909705742007,0.836875,0.8593681510176807,0.9050181749858408,,0.828519916820796,0.834375,604,731,0.834375,nes2net_v2
runs_defence_noise,ssl_aasist_asv19_defence,asvspoof2019_la,pgd,40.0,-40.0,42.56247579862308,0.94625,0.0125187499999999,1.0,13.117567887445189,0.945,0.9300069887017652,0.9568577051026091,756.0000000000081,0.7755603780312477,0.724375,362,799,0.7252816020025031,ssl_aasist
runs_defence_noise,ssl_aasist_asv19_defence,asvspoof2019_la,pgd,30.0,-30.0,33.08526291646854,0.995625,0.0004593749999999,1.0,16.683577063901122,0.994375,0.986881030547624,0.9981170166341008,795.5000000000084,0.9267599528399976,0.895625,635,800,0.8967459324155194,ssl_aasist
runs_defence_noise,ssl_aasist_asv19_defence,asvspoof2019_la,pgd,20.0,-20.0,23.46783810969619,0.998125,3.124999999999947e-05,1.0,19.08943409690207,0.996875,0.991218664875965,0.9993858244775116,797.5000000000085,0.988290199387243,0.97875,768,800,0.9799749687108886,ssl_aasist
runs_defence_noise,ssl_aasist_asv19_defence,asvspoof2019_la,pgd,10.0,-10.0,13.668167160345511,1.0,0.0,1.0,19.90943723573114,0.99875,0.9955741838438608,1.0,799.0000000000084,0.9972179326570978,0.998125,799,800,0.9993742177722152,ssl_aasist
runs_defence_noise,xlsr_linear_asv19_defence,asvspoof2019_la,pgd,40.0,-40.0,42.898196593577744,0.999375,0.0001546875,1.0,7.059773210023437,0.959375,0.9480761078321784,0.9688126380882932,23.984374999999982,0.787669526073137,0.950625,785,800,0.990234375,xlsr_linear
runs_defence_noise,xlsr_linear_asv19_defence,asvspoof2019_la,pgd,30.0,-30.0,33.259205410357225,1.0,0.0,1.0,8.856907032923328,0.96,0.9493715731772492,0.96940231309707,23.999999999999982,0.824171742101409,0.959375,799,800,0.9993489583333334,xlsr_linear
runs_defence_noise,xlsr_linear_asv19_defence,asvspoof2019_la,pgd,20.0,-20.0,23.527370757385615,1.0,0.0,1.0,12.757816509854642,0.96,0.9493715731772492,0.96940231309707,23.999999999999982,0.8312193009126512,0.96,800,800,1.0,xlsr_linear
runs_defence_noise,xlsr_linear_asv19_defence,asvspoof2019_la,pgd,10.0,-10.0,13.69180845227519,1.0,0.0,1.0,15.144226756586722,0.96,0.9493715731772492,0.96940231309707,23.999999999999982,0.8322048519061466,0.96,800,800,1.0,xlsr_linear
runs_defence_noise,xlsr_mamba_asv19_defence,asvspoof2019_la,pgd,40.0,-40.0,42.79593515187746,0.9225,0.033709375,1.0,7.903777967420627,0.920625,0.908754227116119,0.9431133597734772,491.00000000000693,0.8235004902963433,0.72625,394,771,0.7276142767689417,xlsr_mamba
runs_defence_noise,xlsr_mamba_asv19_defence,asvspoof2019_la,pgd,30.0,-30.0,33.38557974548395,1.0,0.0,1.0,9.401575828672485,0.998125,0.9949886626249348,1.0,532.3333333333409,0.9325929539782336,0.826875,526,800,0.828428303068253,xlsr_mamba
runs_defence_noise,xlsr_mamba_asv19_defence,asvspoof2019_la,pgd,20.0,-20.0,23.695997949236645,1.0,0.0,1.0,9.836179113553024,0.998125,0.9949886626249348,1.0,532.3333333333409,0.9727686523947252,0.936875,702,800,0.9386349405134627,xlsr_mamba
runs_defence_noise,xlsr_mamba_asv19_defence,asvspoof2019_la,pgd,10.0,-10.0,13.828005987572483,1.0,0.0,1.0,10.257793972081275,0.998125,0.9949886626249348,1.0,532.3333333333409,0.9867715793213802,0.989375,786,800,0.9912335629304948,xlsr_mamba
runs_diag,aasist_asv19_warm,asvspoof2019_la,pgd_warm,50.0,-50.0,51.19881229116926,0.135,0.9261,0.67,1.2931512799357634,0.13,0.0847665161576453,0.2004831898174289,26.0,0.1669853494823422,0.15,26,5,0.1507537688442211,aasist
runs_diag,aasist_asv19_warm,asvspoof2019_la,pgd_warm,45.0,-45.0,46.49204928226842,0.495,0.5462,0.99,3.314025624491847,0.49,0.3951864134257863,0.5405142991540051,98.0,0.4006643346824728,0.47,44,51,0.4723618090452261,aasist
runs_diag,aasist_asv19_warm,asvspoof2019_la,surrogate_transfer,50.0,-50.0,52.277586752858525,0.005,0.9994,0.06,0.130481329698597,0.0,-0.0052083333333333,0.0053191489361701,0.0,0.0008453338902993,0.0,0,1,0.0,aasist
runs_diag,aasist_asv19_warm,asvspoof2019_la,surrogate_transfer,45.0,-45.0,47.64678772346577,0.005,0.9993,0.0699999999999999,0.1320988165482836,0.0,-0.0060987192011288,0.0056195735444331,0.0,0.0015492059763975,0.0,0,1,0.0,aasist
runs_diag,nes2net_v2_asv19_margin,asvspoof2019_la,pgd_margin,50.0,-50.0,52.30195634484484,0.375,0.5175000000000001,1.0,5.08362280659726,0.375,0.3048734987775985,0.4700510468427626,,0.3683113374292658,0.4,25,55,0.4,nes2net_v2
runs_diag,nes2net_v2_asv19_margin,asvspoof2019_la,pgd_margin,45.0,-45.0,47.83962380296998,0.765,0.1478,1.0,10.140050038124608,0.765,0.7048804751600157,0.8599450281162571,,0.579106115340559,0.59,32,86,0.59,nes2net_v2
runs_diag,nes2net_v2_asv19_warm,asvspoof2019_la,pgd_warm,50.0,-50.0,51.87663256683121,0.735,0.1629,1.0,9.506062795751918,0.735,0.6395718948534127,0.8000800110059083,,0.660807088889204,0.685,46,91,0.685,nes2net_v2
runs_diag,nes2net_v2_asv19_warm,asvspoof2019_la,pgd_warm,45.0,-45.0,47.18406911001646,0.995,0.0029,1.0,15.982134774573373,0.995,0.965117792437764,1.0,,0.8492161051195122,0.855,71,100,0.855,nes2net_v2
runs_diag,nes2net_v2_asv19_warm,asvspoof2019_la,surrogate_transfer,50.0,-50.0,51.84964483382711,0.0949999999999999,0.9751,0.1999999999999999,0.4604470524543957,0.0949999999999999,0.0449979491796718,0.1300352572016912,,0.0889978026142545,0.12,4,20,0.12,nes2net_v2
runs_diag,nes2net_v2_asv19_warm,asvspoof2019_la,surrogate_transfer,45.0,-45.0,47.16103785938942,0.365,0.7403,0.6599999999999998,2.3731911841926507,0.365,0.289579937976708,0.424813478022788,,0.3732349680294099,0.405,18,63,0.405,nes2net_v2
runs_diag,rawnet2_asv19_warm,asvspoof2019_la,pgd_warm,50.0,-50.0,51.28271798124901,0.145,0.9041,0.7999999999999998,1.381745479686425,0.12,0.0500440395355719,0.1650641626662666,4.799999999999999,0.1101366104184472,0.14,12,21,0.1435897435897435,rawnet2
runs_diag,rawnet2_asv19_warm,asvspoof2019_la,pgd_warm,45.0,-45.0,46.54602117945193,0.275,0.7486,1.0,3.159695302388726,0.25,0.1740877693929666,0.3082190726532158,9.999999999999996,0.2639456694005784,0.3,17,48,0.3076923076923077,rawnet2
runs_diag,rawnet2_asv19_warm,asvspoof2019_la,surrogate_transfer,50.0,-50.0,52.277586752858525,0.025,0.9923,0.0899999999999999,0.2741068380220162,0.0,0.0,0.0100010751375257,0.0,0.0004784301961198,0.0,2,3,0.0,rawnet2
runs_diag,rawnet2_asv19_warm,asvspoof2019_la,surrogate_transfer,45.0,-45.0,47.64678772346577,0.025,0.9923,0.0899999999999999,0.2781078296643832,0.0,-0.0044320838203372,0.0146108045335573,0.0,0.0008761689558149,0.005,3,3,0.0051282051282051,rawnet2
runs_diag,ssl_aasist_asv19_margin,asvspoof2019_la,pgd_margin,50.0,-50.0,51.8305717596508,0.4599999999999999,0.5537000000000001,1.0,4.552321709454559,0.4599999999999999,0.3949878044307843,0.545256386803292,,0.4753964251104925,0.5,39,61,0.5,ssl_aasist
runs_diag,ssl_aasist_asv19_margin,asvspoof2019_la,pgd_margin,45.0,-45.0,47.18782092086517,0.8200000000000001,0.0795,1.0,12.001764753252765,0.8200000000000001,0.7602231280270076,0.8846579993888211,,0.7558072475148532,0.795,62,97,0.795,ssl_aasist
runs_diag,ssl_aasist_asv19_warm,asvspoof2019_la,pgd_warm,50.0,-50.0,51.58379611502085,0.56,0.451,1.0,5.400010550067115,0.56,0.4699308533535075,0.6243202268760525,,0.559022329892457,0.575,46,69,0.575,ssl_aasist
runs_diag,ssl_aasist_asv19_warm,asvspoof2019_la,pgd_warm,45.0,-45.0,46.87038914117098,0.875,0.0565,1.0,12.49372242662334,0.875,0.8038849808519714,0.9150421172069187,,0.7761507146087923,0.805,63,98,0.805,ssl_aasist
runs_diag,ssl_aasist_asv19_warm,asvspoof2019_la,surrogate_transfer,50.0,-50.0,51.54675596646102,0.0,1.0,0.0,0.0249831406993759,0.0,0.0,0.0,,0.009963760557663,0.02,4,0,0.02,ssl_aasist
runs_diag,ssl_aasist_asv19_warm,asvspoof2019_la,surrogate_transfer,45.0,-45.0,47.17388202614441,0.02,0.9995,0.02,0.0634717974162819,0.02,0.0,0.040000100010001,,0.0180331384631159,0.025,5,0,0.025,ssl_aasist
runs_diag,xlsr_mamba_asv19_warm,asvspoof2019_la,pgd_warm,50.0,-50.0,51.30281610448537,0.92,0.0384999999999999,1.0,8.15140000623364,0.92,0.8602364790683709,0.9551384985949418,,0.7890566480565587,0.88,83,93,0.88,xlsr_mamba
runs_diag,xlsr_mamba_asv19_warm,asvspoof2019_la,pgd_warm,45.0,-45.0,46.793403456837744,1.0,0.0,1.0,10.221608589594544,1.0,1.0,1.0,,0.9224544958393948,0.985,97,100,0.985,xlsr_mamba
runs_diag,xlsr_mamba_asv19_warm,asvspoof2019_la,surrogate_transfer,50.0,-50.0,51.820283275982526,0.12,0.9586,0.38,0.547190897126483,0.12,0.064999208622249,0.17001700170017,,0.1145329337906435,0.1,15,5,0.1,xlsr_mamba
runs_diag,xlsr_mamba_asv19_warm,asvspoof2019_la,surrogate_transfer,45.0,-45.0,47.18012943446179,0.405,0.6214,0.96,2.622846177681512,0.405,0.319094720264445,0.4649692598338504,,0.3949269456314602,0.38,36,40,0.38,xlsr_mamba
runs_eot,ssl_aasist_asv19_eot,asvspoof2019_la,pgd,40.0,-40.0,42.56730187619493,0.9425,0.0170093749999999,1.0,12.967059458748402,0.94125,0.9262274684855774,0.9525436027701324,753.000000000008,0.7733468509385167,0.7175,352,798,0.718397997496871,ssl_aasist
runs_eot,ssl_aasist_asv19_eot,asvspoof2019_la,pgd,30.0,-30.0,33.088044599399794,0.9925,0.0005812499999999,1.0,16.660635427125406,0.99125,0.9849993890401212,0.996897956407082,793.0000000000084,0.9262777081339608,0.899375,641,800,0.9005006257822278,ssl_aasist
runs_eot,ssl_aasist_asv19_eot,asvspoof2019_la,pgd_eot,40.0,-40.0,42.731348929733414,0.0068749999999999,0.99864375,0.065,0.1429994816068762,0.0056249999999999,0.0018625598121651,0.011251487319869,4.500000000000039,0.0210150516135087,0.01125,16,4,0.0112640801001251,ssl_aasist
runs_eot,ssl_aasist_asv19_eot,asvspoof2019_la,pgd_eot,30.0,-30.0,32.74014592268894,0.275,0.738659375,1.0,2.808158935355266,0.27375,0.2531254805433954,0.296875,219.00000000000236,0.2725118086618445,0.32,186,328,0.3204005006257822,ssl_aasist
runs_eot,xlsr_mamba_asv19_eot,asvspoof2019_la,pgd,40.0,-40.0,42.79820486366029,0.92625,0.036740625,1.0,7.916817314688302,0.924375,0.905625219735146,0.9368773669106044,493.000000000007,0.8254606121895918,0.723125,399,761,0.7244834063869756,xlsr_mamba
runs_eot,xlsr_mamba_asv19_eot,asvspoof2019_la,pgd,30.0,-30.0,33.38680568723943,1.0,0.0,1.0,9.397852667705992,0.998125,0.9949886626249348,1.0,532.3333333333409,0.9325969566189296,0.82875,529,800,0.8303068252974327,xlsr_mamba
runs_eot,xlsr_mamba_asv19_eot,asvspoof2019_la,pgd_eot,40.0,-40.0,42.604657252653666,0.0106249999999999,0.999303125,0.0737499999999999,0.2105440053151295,0.00875,0.0043653507109114,0.0143707522931899,4.6666666666667425,0.0400604951585981,0.024375,40,2,0.0244207889793362,xlsr_mamba
runs_eot,xlsr_mamba_asv19_eot,asvspoof2019_la,pgd_eot,30.0,-30.0,32.638542810332076,0.2175,0.734215625,1.0,1.547522141144837,0.215625,0.1918393636041423,0.2418773580671928,115.00000000000166,0.2638436318668637,0.25625,168,245,0.2567313713212273,xlsr_mamba
runs_eot30_ssl_aasist,ssl_aasist_asv19_eot30,asvspoof2019_la,pgd,40.0,-40.0,42.562541298963424,0.930625,0.0170171874999999,1.0,13.021760396350135,0.929375,0.9181221300133404,0.9456264955807152,743.500000000008,0.775041074573632,0.72125,358,798,0.7221526908635795,ssl_aasist
runs_eot30_ssl_aasist,ssl_aasist_asv19_eot30,asvspoof2019_la,pgd,30.0,-30.0,33.09113016254752,0.995625,0.0013031249999999,1.0,16.683545412421086,0.994375,0.982487667448965,0.996843125926853,795.5000000000084,0.9221053245800098,0.895,636,798,0.8961201501877347,ssl_aasist
runs_eot30_ssl_aasist,ssl_aasist_asv19_eot30,asvspoof2019_la,pgd_eot,40.0,-40.0,42.05104100921035,0.01375,0.99740625,0.0987499999999999,0.2316918361080644,0.0125,0.0068712990607028,0.0188150261481453,10.000000000000131,0.0308185925477346,0.01875,28,4,0.0187734668335419,ssl_aasist
runs_eot30_ssl_aasist,ssl_aasist_asv19_eot30,asvspoof2019_la,pgd_eot,30.0,-30.0,32.12313321264067,0.461875,0.49174375,1.0,5.339359298461653,0.460625,0.4312266096110625,0.4844211476881962,368.5000000000039,0.4962254553909415,0.514375,211,614,0.5150187734668336,ssl_aasist
runs_eot30_xlsr_mamba,xlsr_mamba_asv19_eot30,asvspoof2019_la,pgd,40.0,-40.0,42.79853337238702,0.929375,0.0326671875,1.0,7.925704648964267,0.9275,0.9149829683512344,0.9450041825012176,494.66666666667373,0.8245521924766338,0.725625,397,767,0.7269881026925485,xlsr_mamba
runs_eot30_xlsr_mamba,xlsr_mamba_asv19_eot30,asvspoof2019_la,pgd,30.0,-30.0,33.383987992628015,0.99875,1.5624999999999668e-06,1.0,9.40551057783062,0.996875,0.9937447937544682,1.0,531.6666666666742,0.9329872471750114,0.833125,536,800,0.8346900438321854,xlsr_mamba
runs_eot30_xlsr_mamba,xlsr_mamba_asv19_eot30,asvspoof2019_la,pgd_eot,40.0,-40.0,41.8015657093685,0.015,0.9983515625,0.11375,0.2931686047781366,0.013125,0.0081132543904508,0.0206224926511045,7.000000000000116,0.0528078076744298,0.034375,56,2,0.034439574201628,xlsr_mamba
runs_eot30_xlsr_mamba,xlsr_mamba_asv19_eot30,asvspoof2019_la,pgd_eot,30.0,-30.0,31.94824760211103,0.383125,0.501959375,1.0,2.6545147876985324,0.3812500000000001,0.3587478167098424,0.4243759316919738,203.33333333333627,0.4278783044737752,0.4175,175,496,0.4182842830306825,xlsr_mamba
runs_fine,aasist3_asv19_attack_fine,asvspoof2019_la,fgsm,70.0,-70.0,70.0059007828645,0.47875,0.5216484375,0.98125,7.715531958100631,0.3175,0.2937694694250711,0.3406255361360328,1.9689922480620152,0.1135809711575357,0.340625,312,491,0.4061102831594635,aasist3_kan
runs_fine,aasist3_asv19_attack_fine,asvspoof2019_la,fgsm,65.0,-65.0,65.01048473711029,0.59625,0.379459375,0.99875,8.441755323426088,0.4349999999999999,0.4075075218039599,0.4569090351293088,2.69767441860465,0.130059716149251,0.453125,399,584,0.5402384500745157,aasist3_kan
runs_fine,aasist3_asv19_attack_fine,asvspoof2019_la,fgsm,60.0,-60.0,60.01242161225182,0.653125,0.30063125,0.9975,8.450352004632867,0.4918749999999999,0.468136381442518,0.5193757457718277,3.0503875968992245,0.152896610283609,0.5125,500,572,0.6087928464977646,aasist3_kan
runs_fine,aasist3_asv19_attack_fine,asvspoof2019_la,fgsm,55.0,-55.0,55.01315119455614,0.67875,0.2636703125,0.99375,8.268348283192797,0.5175,0.4906216058744028,0.5456286320890554,3.209302325581395,0.1789119154304546,0.52125,552,522,0.6147540983606558,aasist3_kan
runs_fine,aasist3_asv19_attack_fine,asvspoof2019_la,fgsm,50.0,-50.0,50.01340071768762,0.7593749999999999,0.180234375,0.995,8.823263058113225,0.5981249999999999,0.5694049927368487,0.6218918212721664,3.709302325581395,0.1732286345211215,0.61375,603,611,0.7220566318926974,aasist3_kan
runs_fine,aasist3_asv19_attack_fine,asvspoof2019_la,fgsm,45.0,-45.0,45.01348268578835,0.835,0.0934546875,0.99875,9.41404458526426,0.67375,0.6500085720110003,0.6956239051894507,4.17829457364341,0.1545419441430984,0.69375,644,698,0.8174366616989568,aasist3_kan
runs_fine,aasist3_asv19_attack_fine,asvspoof2019_la,pgd,70.0,-70.0,70.66327011766643,0.666875,0.2769609375,1.0,9.27081377572566,0.505625,0.4793910861430303,0.5312550668703511,3.135658914728682,0.1781809147448125,0.53,452,654,0.6318926974664679,aasist3_kan
runs_fine,aasist3_asv19_attack_fine,asvspoof2019_la,pgd,65.0,-65.0,66.01140266186567,0.87125,0.0556,1.0,10.53250502195009,0.71,0.6862008560558022,0.7324974217719984,4.403100775193798,0.2688937264860725,0.719375,636,773,0.8576751117734724,aasist3_kan
runs_fine,aasist3_asv19_attack_fine,asvspoof2019_la,pgd,60.0,-60.0,61.45232106336145,0.985,0.0018749999999999,1.0,11.47745680523298,0.82375,0.8050018900507279,0.8424968309330932,5.108527131782946,0.4170489640295451,0.819375,770,799,0.9769001490312966,aasist3_kan
runs_fine,aasist3_asv19_attack_fine,asvspoof2019_la,pgd,55.0,-55.0,56.938993528962385,0.999375,0.0007984374999999,1.0,12.123020470907598,0.838125,0.8187829553452505,0.8556194473302119,5.1976744186046515,0.5220525404976383,0.835625,796,799,0.996274217585693,aasist3_kan
runs_fine,aasist3_asv19_attack_fine,asvspoof2019_la,pgd,50.0,-50.0,52.37380318272026,1.0,0.0,1.0,12.356883788623716,0.83875,0.8206240801480071,0.8562500830289361,5.201550387596899,0.5477387475396608,0.838125,799,800,0.9992548435171386,aasist3_kan
runs_fine,aasist3_asv19_attack_fine,asvspoof2019_la,pgd,45.0,-45.0,47.712877365781154,1.0,0.0,1.0,12.255293936513558,0.83875,0.8206240801480071,0.8562500830289361,5.201550387596899,0.528488708967798,0.838125,799,800,0.9992548435171386,aasist3_kan
runs_fine,aasist_asv19_attack_fine,asvspoof2019_la,fgsm,70.0,-70.0,69.99639707588071,0.01,0.999484375,0.0737499999999999,0.1425303509981906,0.00375,0.0,0.0069505093914257,0.6000000000000036,0.0105493950194254,0.005625,12,7,0.0056603773584905,aasist
runs_fine,aasist_asv19_attack_fine,asvspoof2019_la,fgsm,65.0,-65.0,65.00097134393556,0.014375,0.9992,0.0924999999999999,0.1749930455624008,0.008125,0.0018597946519561,0.0112540208426765,1.3000000000000052,0.0188011288047892,0.00875,16,8,0.0088050314465408,aasist
runs_fine,aasist_asv19_attack_fine,asvspoof2019_la,fgsm,60.0,-60.0,60.00290365621699,0.0156249999999999,0.998421875,0.1425,0.2368936439483802,0.009375,0.004371075120667,0.0156250415041656,1.500000000000003,0.0332314612823285,0.0125,19,11,0.0125786163522012,aasist
runs_fine,aasist_asv19_attack_fine,asvspoof2019_la,fgsm,55.0,-55.0,55.003631228195346,0.02375,0.9962421875,0.2374999999999999,0.3574456106567208,0.0175,0.0100105144128625,0.0238476453147969,2.800000000000011,0.0577904469267092,0.024375,35,14,0.0245283018867924,aasist
runs_fine,aasist_asv19_attack_fine,asvspoof2019_la,fgsm,50.0,-50.0,50.00387996162112,0.0387499999999999,0.9893390625,0.3749999999999999,0.5831040960700821,0.0324999999999999,0.0243710134341451,0.043757585315697,5.200000000000007,0.0957523772140514,0.048125,64,23,0.0484276729559748,aasist
runs_fine,aasist_asv19_attack_fine,asvspoof2019_la,fgsm,45.0,-45.0,45.003961522561625,0.09375,0.9654859375,0.54,0.969915038681638,0.0875,0.0737645528882637,0.1031259951932018,14.000000000000028,0.1447681862230546,0.100625,128,43,0.1012578616352201,aasist
runs_fine,aasist_asv19_attack_fine,asvspoof2019_la,pgd,70.0,-70.0,70.52345223932463,0.01,0.99943125,0.0787499999999999,0.1467076457784678,0.00375,0.0005782918149466,0.0081207692932727,0.6000000000000036,0.0116339954687782,0.005625,12,7,0.0056603773584905,aasist
runs_fine,aasist_asv19_attack_fine,asvspoof2019_la,pgd,65.0,-65.0,65.68061843583043,0.015,0.9990375,0.1037499999999999,0.1872420330945464,0.00875,0.0018719029241551,0.0131276824840478,1.4000000000000057,0.0218217582530409,0.010625,16,11,0.010691823899371,aasist
runs_fine,aasist_asv19_attack_fine,asvspoof2019_la,pgd,60.0,-60.0,60.86636432811478,0.0168749999999999,0.9977328125,0.1737499999999999,0.2752979778207431,0.010625,0.0062500124477806,0.0181743440751891,1.700000000000004,0.0417090189105962,0.016875,24,13,0.0169811320754716,aasist
runs_fine,aasist_asv19_attack_fine,asvspoof2019_la,pgd,55.0,-55.0,56.09751899276164,0.035,0.9925265625,0.31375,0.4865764237725704,0.02875,0.019372901726337,0.0381228698449622,4.600000000000013,0.0809999992318641,0.036875,51,18,0.0371069182389937,aasist
runs_fine,aasist_asv19_attack_fine,asvspoof2019_la,pgd,50.0,-50.0,51.38684356237935,0.10875,0.9591,0.5725,1.0023142522856583,0.1025,0.0887530828661831,0.1193681530013978,16.40000000000003,0.15002515346915,0.113125,136,55,0.1138364779874213,aasist
runs_fine,aasist_asv19_attack_fine,asvspoof2019_la,pgd,45.0,-45.0,46.73238085871893,0.3475,0.7123390624999999,0.96375,2.3617926882487827,0.34125,0.316904162023775,0.364366326685378,54.6000000000001,0.3118140677986186,0.34125,271,285,0.3433962264150943,aasist
runs_fine,aasist_asv21_attack,asvspoof2021_la,fgsm,40.0,-40.0,37.37927358878498,0.303125,0.7320062500000001,0.995,2.7749597746234342,0.1537499999999999,0.1313168185375026,0.1724988707217304,1.0292887029288698,0.1445087950412892,0.245625,397,197,0.2747979426891991,aasist
runs_fine,aasist_asv21_attack,asvspoof2021_la,fgsm,30.0,-30.0,28.415703155797654,0.48,0.499371875,1.0,4.362539869364705,0.3306249999999999,0.2993746615440924,0.3537478827500118,2.213389121338911,0.2951320538113187,0.391875,543,307,0.4548126377663483,aasist
runs_fine,aasist_asv21_attack,asvspoof2021_la,fgsm,20.0,-20.0,19.24684243003161,0.7275,0.2019203124999999,1.0,6.069925791055686,0.578125,0.5500074592187085,0.6013004803475522,3.870292887029288,0.4090503115379358,0.59,633,546,0.692138133725202,aasist
runs_fine,aasist_asv21_attack,asvspoof2021_la,fgsm,10.0,-10.0,9.758101969496352,0.81375,0.1121703125,1.0,5.36685916802211,0.6643749999999999,0.6368274522615845,0.687508735370286,4.447698744769873,0.3642133883197555,0.6775,710,557,0.7759000734753857,aasist
runs_fine,aasist_asv21_attack,asvspoof2021_la,pgd,40.0,-40.0,39.426492247197,0.7150000000000001,0.1940640625,1.0,7.3309313447272,0.565625,0.5375160538465915,0.5887279043037125,3.786610878661087,0.4933531693200011,0.583125,686,484,0.6847905951506246,aasist
runs_fine,aasist_asv21_attack,asvspoof2021_la,pgd,30.0,-30.0,31.067883371825545,0.994375,0.0010296874999999,1.0,15.46097304397748,0.845,0.8212637262214673,0.8625039709304203,5.656903765690375,0.7697004844072939,0.844375,798,792,0.9926524614254224,aasist
runs_fine,aasist_asv21_attack,asvspoof2021_la,pgd,20.0,-20.0,22.461108410468132,0.99875,0.0003359374999999,1.0,18.09469419492817,0.849375,0.8256347298473445,0.8662948882932386,5.686192468619246,0.8035547982643159,0.849375,800,798,0.9985304922850844,aasist
runs_fine,aasist_asv21_attack,asvspoof2021_la,pgd,10.0,-10.0,13.314074074466246,0.99875,0.0008156249999999,1.0,16.806540045405576,0.849375,0.825014412972521,0.8661990134651529,5.686192468619246,0.7895274955427758,0.849375,800,798,0.9985304922850844,aasist
runs_fine,aasist_asv21_attack,asvspoof2021_la,pgd_l2,40.0,-40.0,37.65098762495281,0.88125,0.0774859374999999,1.0,11.228204397774984,0.7318749999999999,0.7024949480819153,0.7556211093275638,4.899581589958157,0.6348968758948507,0.764375,687,727,0.8809698750918442,aasist
runs_fine,aasist_asv21_attack,asvspoof2021_la,pgd_l2,30.0,-30.0,29.390272374564866,0.93875,0.0106093749999999,1.0,15.739750759584709,0.7893749999999999,0.763026471056901,0.813745637459975,5.284518828451882,0.7582815781304504,0.813125,728,768,0.9397501836884644,aasist
runs_fine,aasist_asv21_attack,asvspoof2021_la,pgd_l2,20.0,-20.0,20.871705283289547,0.984375,0.0009624999999999,1.0,18.084115616671845,0.835,0.8099978916444647,0.8543754545368469,5.589958158995814,0.7926063220900454,0.833125,771,795,0.9772226304188096,aasist
runs_fine,aasist_asv21_attack,asvspoof2021_la,pgd_l2,10.0,-10.0,11.65235990608459,0.99875,3.1249999999999337e-05,1.0,18.49649097532751,0.849375,0.8262306956175156,0.8668757032513247,5.686192468619246,0.8236645028727405,0.848125,798,798,0.997060984570169,aasist
runs_fine,aasist_itw_attack,in_the_wild,fgsm,40.0,-40.0,40.01204399577585,0.861875,0.0628437499999999,1.0,6.896540341574914,0.4093749999999999,0.380626733523842,0.4312700564806128,0.9046961325966848,0.4020678755090388,0.409375,728,651,0.747716894977169,aasist
runs_fine,aasist_itw_attack,in_the_wild,fgsm,30.0,-30.0,30.012552721611772,0.96,0.0099281249999999,1.0,9.590440835925373,0.5075,0.4787188044674503,0.5300368471322415,1.1215469613259668,0.50446302529051,0.49125,776,734,0.8972602739726028,aasist
runs_fine,aasist_itw_attack,in_the_wild,fgsm,20.0,-20.0,20.012604253441488,0.96125,0.0064359374999999,1.0,9.361683766174156,0.50875,0.479999854468976,0.5324702055206263,1.1243093922651934,0.510315953034255,0.505,774,758,0.9223744292237442,aasist
runs_fine,aasist_itw_attack,in_the_wild,fgsm,10.0,-10.0,10.01260991148537,0.905,0.0415765624999999,1.0,5.538245506867939,0.4525,0.4237313939040438,0.4775049540103855,1.0,0.3781317441943899,0.434375,564,769,0.7442922374429224,aasist
runs_fine,aasist_itw_attack,in_the_wild,pgd,40.0,-40.0,41.58173947929126,0.94,0.0186374999999999,1.0,9.852277268534635,0.4874999999999999,0.4581815792527322,0.50872880702884,1.0773480662983423,0.4816962495259759,0.4825,771,725,0.8812785388127854,aasist
runs_fine,aasist_itw_attack,in_the_wild,pgd,30.0,-30.0,32.39873005267901,0.985,0.0004328124999999,1.0,16.250303210738792,0.5325,0.5056017202185987,0.5569003826422447,1.1767955801104972,0.5449583312612698,0.531875,797,778,0.9714611872146118,aasist
runs_fine,aasist_itw_attack,in_the_wild,pgd,20.0,-20.0,23.201268254774295,0.998125,4.2187499999999934e-05,1.0,19.31950983535505,0.5456249999999999,0.516255710068074,0.56683886296257,1.2058011049723754,0.553274876838955,0.54125,800,790,0.9885844748858448,aasist
runs_fine,aasist_itw_attack,in_the_wild,pgd,10.0,-10.0,13.6620418274122,0.994375,3.750000000000004e-05,1.0,19.700251922947096,0.541875,0.5155903566179737,0.5656436778024383,1.197513812154696,0.5553753678646484,0.5425,800,792,0.9908675799086758,aasist
runs_fine,aasist_itw_attack,in_the_wild,pgd_l2,40.0,-40.0,40.120535930040525,0.978125,0.0016437499999999,1.0,13.760519816602557,0.525625,0.4987291904516725,0.548799109272199,1.1616022099447514,0.5359876333309078,0.524375,790,773,0.9577625570776256,aasist
runs_fine,aasist_itw_attack,in_the_wild,pgd_l2,30.0,-30.0,30.63362722837537,0.99125,9.062499999999972e-05,1.0,18.156229844619947,0.53875,0.5131234577979245,0.5631270154090974,1.1906077348066295,0.5522917983992126,0.54125,799,791,0.9885844748858448,aasist
runs_fine,aasist_itw_attack,in_the_wild,pgd_l2,20.0,-20.0,21.524092202265347,0.996875,9.375000000000075e-06,1.0,19.65383193094346,0.5443749999999999,0.5181330730164929,0.5681486240675938,1.203038674033149,0.5570332751099889,0.544375,800,795,0.9942922374429224,aasist
runs_fine,aasist_itw_attack,in_the_wild,pgd_l2,10.0,-10.0,11.94277104476185,1.0,0.0,1.0,19.780254938924543,0.5475,0.5199973325622145,0.5706314682526176,1.2099447513812154,0.5589683889455727,0.54625,800,798,0.997716894977169,aasist
runs_fine,nes2net_asv19_attack_fine,asvspoof2019_la,fgsm,70.0,-70.0,69.99069873239362,0.36375,0.6873031249999999,0.90625,2.391552370838205,0.198125,0.1756493875201236,0.2218670848782621,1.1962264150943394,0.0641864567339981,0.269375,224,454,0.3161048689138577,nes2net
runs_fine,nes2net_asv19_attack_fine,asvspoof2019_la,fgsm,65.0,-65.0,64.99644698154617,0.4081249999999999,0.6329796875,0.9625,2.5062983191355954,0.2424999999999999,0.2174983519981754,0.2650125959500663,1.464150943396226,0.0749750454686333,0.311875,255,485,0.3647940074906367,nes2net
runs_fine,nes2net_asv19_attack_fine,asvspoof2019_la,fgsm,60.0,-60.0,59.99875768101019,0.4549999999999999,0.5842031249999999,0.96875,2.6038549471760457,0.2893749999999999,0.2650040708827607,0.3150080181437765,1.747169811320754,0.081988569745242,0.343125,285,495,0.398501872659176,nes2net
runs_fine,nes2net_asv19_attack_fine,asvspoof2019_la,fgsm,55.0,-55.0,54.99960973430425,0.481875,0.5416234375,0.97375,2.6786358809657766,0.31625,0.2881293883150507,0.3399952954342268,1.909433962264151,0.0876894169725351,0.378125,310,518,0.4374531835205992,nes2net
runs_fine,nes2net_asv19_attack_fine,asvspoof2019_la,fgsm,50.0,-50.0,49.99989864034943,0.5062500000000001,0.5065765625,0.99,2.733049895049409,0.340625,0.3162525324818708,0.3693527112286871,2.056603773584906,0.0924051674803861,0.41625,329,558,0.4823970037453183,nes2net
runs_fine,nes2net_asv19_attack_fine,asvspoof2019_la,fgsm,45.0,-45.0,44.99999200666925,0.52625,0.47689375,0.98625,2.7764925074807065,0.360625,0.333155390642725,0.3881206955366106,2.1773584905660375,0.0963111273262568,0.44375,342,589,0.5153558052434457,nes2net
runs_fine,nes2net_asv19_attack_fine,asvspoof2019_la,pgd,70.0,-70.0,71.51541729036197,0.844375,0.0919749999999999,1.0,3.577864777995058,0.67875,0.651224996984839,0.7024988312954734,4.098113207547169,0.147892761229348,0.69,639,730,0.8269662921348314,nes2net
runs_fine,nes2net_asv19_attack_fine,asvspoof2019_la,pgd,65.0,-65.0,66.87457135402572,0.963125,0.0104999999999999,1.0,4.437818337944693,0.7975,0.7743610672411434,0.815639056865834,4.81509433962264,0.2457879511109013,0.796875,760,780,0.9550561797752808,nes2net
runs_fine,nes2net_asv19_attack_fine,asvspoof2019_la,pgd,60.0,-60.0,62.167365596888395,0.99125,0.0011484375,1.0,5.264873615472904,0.8256249999999999,0.8068473547652986,0.8462500330566923,4.984905660377358,0.3498467468567721,0.82625,792,795,0.9902621722846442,nes2net
runs_fine,nes2net_asv19_attack_fine,asvspoof2019_la,pgd,55.0,-55.0,57.387569804077586,0.99875,0.0004640625,1.0,5.9427635358393065,0.833125,0.8137291075396814,0.8531405831478391,5.030188679245282,0.4380808500647994,0.833125,799,799,0.998501872659176,nes2net
runs_fine,nes2net_asv19_attack_fine,asvspoof2019_la,pgd,50.0,-50.0,52.577829607608855,0.999375,0.0001609375,1.0,6.611681021196197,0.83375,0.813763694581959,0.853739846912319,5.033962264150943,0.5160265752720009,0.83375,799,800,0.999250936329588,nes2net
runs_fine,nes2net_asv19_attack_fine,asvspoof2019_la,pgd,45.0,-45.0,47.780935910853394,0.999375,2.3437500000000055e-05,1.0,7.201321699438376,0.83375,0.8137612170132638,0.8537567490810054,5.033962264150943,0.5623358271666031,0.83375,799,800,0.999250936329588,nes2net
runs_fine,nes2net_asv21_attack,asvspoof2021_la,fgsm,40.0,-40.0,37.39126860319115,0.469375,0.5174671875000001,1.0,2.4926928556542634,0.301875,0.2806225220036477,0.3268764580267044,1.8022388059701495,0.096518937816524,0.400625,283,544,0.4504504504504504,nes2net
runs_fine,nes2net_asv21_attack,asvspoof2021_la,fgsm,30.0,-30.0,28.42690002421973,0.50125,0.4680531249999999,1.0,2.441205455339452,0.33375,0.3093742334736878,0.3581602244273878,1.992537313432836,0.1086913196962489,0.460625,244,673,0.5202702702702703,nes2net
runs_fine,nes2net_asv21_attack,asvspoof2021_la,fgsm,20.0,-20.0,19.254834693717097,0.50125,0.4674875,1.0,2.144565340974064,0.33375,0.3112292082501663,0.3587350428097788,1.992537313432836,0.142824616574667,0.48125,134,760,0.524024024024024,nes2net
runs_fine,nes2net_asv21_attack,asvspoof2021_la,fgsm,10.0,-10.0,9.761609578133646,0.48875,0.5124390625,1.0,1.60559418687274,0.32125,0.2968854084978861,0.3487581881522529,1.9179104477611943,0.2046516589887487,0.485,35,789,0.5,nes2net
runs_fine,nes2net_asv21_attack,asvspoof2021_la,pgd,40.0,-40.0,40.26332939791064,1.0,0.0,1.0,7.888171855695125,0.8325,0.8162468510630018,0.8506257652184136,4.970149253731344,0.5681972922711307,0.8325,800,800,1.0,nes2net
runs_fine,nes2net_asv21_attack,asvspoof2021_la,pgd,30.0,-30.0,31.561352758902576,1.0,0.0,1.0,8.51363689666793,0.8325,0.8162468510630018,0.8506257652184136,4.970149253731344,0.5747549712456561,0.8325,800,800,1.0,nes2net
runs_fine,nes2net_asv21_attack,asvspoof2021_la,pgd,20.0,-20.0,22.653861133444924,1.0,0.0,1.0,8.68603445170607,0.8325,0.8162468510630018,0.8506257652184136,4.970149253731344,0.5732288295440595,0.8325,800,800,1.0,nes2net
runs_fine,nes2net_asv21_attack,asvspoof2021_la,pgd,10.0,-10.0,13.395546096009571,1.0,0.0,1.0,8.36795778570095,0.8325,0.8162468510630018,0.8506257652184136,4.970149253731344,0.5727854911086282,0.8325,800,800,1.0,nes2net
runs_fine,nes2net_asv21_attack,asvspoof2021_la,pgd_l2,40.0,-40.0,38.984503635438166,0.92625,0.0089921875,1.0,7.1606091307386075,0.75875,0.7393851311429954,0.7812379358066914,4.529850746268657,0.5000562157298135,0.765,739,743,0.9151651651651652,nes2net
runs_fine,nes2net_asv21_attack,asvspoof2021_la,pgd_l2,30.0,-30.0,30.119187543812032,0.96125,0.0032234374999999,1.0,7.961156532465971,0.7937500000000001,0.7755952811325724,0.8149940530823788,4.738805970149254,0.53021506631973,0.795625,773,766,0.954954954954955,nes2net
runs_fine,nes2net_asv21_attack,asvspoof2021_la,pgd_l2,20.0,-20.0,21.070590507703336,0.985625,0.0003406249999999,1.0,8.575596460889773,0.818125,0.8012119325192197,0.8368929123002683,4.884328358208956,0.54935263099449,0.820625,794,785,0.984984984984985,nes2net
runs_fine,nes2net_asv21_attack,asvspoof2021_la,pgd_l2,10.0,-10.0,11.7112373265972,1.0,0.0,1.0,8.874934663947522,0.8325,0.8162468510630018,0.8506257652184136,4.970149253731344,0.5682118132937611,0.831875,799,800,0.9992492492492492,nes2net
runs_fine,nes2net_itw_attack,in_the_wild,fgsm,40.0,-40.0,39.99882849837202,0.668125,0.2454140625,1.0,3.1425389067039653,0.4668749999999999,0.4381452298804403,0.4931232077328458,2.319875776397515,0.1832316743781533,0.506875,470,611,0.6142410015649452,nes2net
runs_fine,nes2net_itw_attack,in_the_wild,fgsm,30.0,-30.0,29.999880114238184,0.6975,0.2102484374999999,1.0,3.170774228399604,0.4962499999999999,0.4656314133338307,0.5212554108902323,2.4658385093167694,0.2058703356035568,0.534375,456,661,0.6455399061032864,nes2net
runs_fine,nes2net_itw_attack,in_the_wild,fgsm,20.0,-20.0,19.999988485376157,0.66125,0.2491578125,1.0,2.882181666724783,0.4599999999999999,0.4343266022796859,0.4868834846851777,2.285714285714285,0.2132472867503788,0.51,335,705,0.6001564945226917,nes2net
runs_fine,nes2net_itw_attack,in_the_wild,fgsm,10.0,-10.0,9.999999580264443,0.56125,0.4322125,1.0,2.006666100285595,0.36,0.331883993876888,0.3875137224742447,1.7888198757763971,0.2480203087841982,0.47625,57,767,0.4945226917057903,nes2net
runs_fine,nes2net_itw_attack,in_the_wild,pgd,40.0,-40.0,42.83302717890772,1.0,0.0,1.0,7.409857171508533,0.79875,0.7774967803305548,0.8181574832240304,3.968944099378881,0.5576329880122596,0.79875,800,800,1.0,nes2net
runs_fine,nes2net_itw_attack,in_the_wild,pgd,30.0,-30.0,33.28960968474257,1.0,0.0,1.0,8.27106468556332,0.79875,0.7774967803305548,0.8181574832240304,3.968944099378881,0.5679308084172576,0.79875,800,800,1.0,nes2net
runs_fine,nes2net_itw_attack,in_the_wild,pgd,20.0,-20.0,23.580202666302956,1.0,0.0,1.0,8.751684087422284,0.79875,0.7774967803305548,0.8181574832240304,3.968944099378881,0.5679484193116981,0.79875,800,800,1.0,nes2net
runs_fine,nes2net_itw_attack,in_the_wild,pgd,10.0,-10.0,13.745611048766737,1.0,0.0,1.0,8.75226888009695,0.79875,0.7774967803305548,0.8181574832240304,3.968944099378881,0.5690207383224972,0.79875,800,800,1.0,nes2net
runs_fine,nes2net_itw_attack,in_the_wild,pgd_l2,40.0,-40.0,41.38355193659796,1.0,0.0,1.0,7.426860068185515,0.79875,0.7774967803305548,0.8181574832240304,3.968944099378881,0.5485270850623987,0.79875,800,800,1.0,nes2net
runs_fine,nes2net_itw_attack,in_the_wild,pgd_l2,30.0,-30.0,31.662054672109903,1.0,0.0,1.0,8.314484941260712,0.79875,0.7774967803305548,0.8181574832240304,3.968944099378881,0.566673777548894,0.79875,800,800,1.0,nes2net
runs_fine,nes2net_itw_attack,in_the_wild,pgd_l2,20.0,-20.0,21.86333554599169,1.0,0.0,1.0,8.88267378215782,0.79875,0.7774967803305548,0.8181574832240304,3.968944099378881,0.5678351794007753,0.79875,800,800,1.0,nes2net
runs_fine,nes2net_itw_attack,in_the_wild,pgd_l2,10.0,-10.0,11.98932391018547,1.0,0.0,1.0,9.132104911418132,0.79875,0.7774967803305548,0.8181574832240304,3.968944099378881,0.5683026970193992,0.79875,800,800,1.0,nes2net
runs_fine,nes2net_v2_asv19_attack_fine,asvspoof2019_la,fgsm,70.0,-70.0,70.00590104732933,0.004375,0.9999390625,0.0162499999999999,0.053156730129545,0.004375,0.0012507036674817,0.0093645792812578,,0.0064070689577685,0.005,5,3,0.005,nes2net_v2
runs_fine,nes2net_v2_asv19_attack_fine,asvspoof2019_la,fgsm,65.0,-65.0,65.01048400818566,0.0068749999999999,0.9998234375,0.0274999999999999,0.0753454748510705,0.0068749999999999,0.0024674562862594,0.0106167692180258,,0.0109042458282187,0.00625,6,4,0.00625,nes2net_v2
runs_fine,nes2net_v2_asv19_attack_fine,asvspoof2019_la,fgsm,60.0,-60.0,60.012420443420275,0.009375,0.999465625,0.045,0.1081228915087695,0.009375,0.0043705074263347,0.0143698085281024,,0.017900580345188,0.008125,8,5,0.008125,nes2net_v2
runs_fine,nes2net_v2_asv19_attack_fine,asvspoof2019_la,fgsm,55.0,-55.0,55.01314993387789,0.0168749999999999,0.9980265625,0.0787499999999999,0.1619910965230325,0.0168749999999999,0.0099935013600186,0.0225035161744022,,0.0266407536711426,0.01625,14,12,0.01625,nes2net_v2
runs_fine,nes2net_v2_asv19_attack_fine,asvspoof2019_la,fgsm,50.0,-50.0,50.01339942030703,0.025,0.996778125,0.10875,0.2297664920049339,0.025,0.0174812525711676,0.0325328520487538,,0.0351591208254128,0.025,23,17,0.025,nes2net_v2
runs_fine,nes2net_v2_asv19_attack_fine,asvspoof2019_la,fgsm,45.0,-45.0,45.01348138225653,0.03625,0.995259375,0.1624999999999999,0.2982638321924103,0.03625,0.0268722921394677,0.044373291113915,,0.0430421724106346,0.03625,30,28,0.03625,nes2net_v2
runs_fine,nes2net_v2_asv19_attack_fine,asvspoof2019_la,pgd,70.0,-70.0,71.20006655921446,0.0062499999999999,0.9997953125,0.03,0.0707602794246726,0.0062499999999999,0.002500876381454,0.0106242353503677,,0.0102455095641248,0.006875,6,5,0.006875,nes2net_v2
runs_fine,nes2net_v2_asv19_attack_fine,asvspoof2019_la,pgd,65.0,-65.0,66.36932109299325,0.015,0.9981203125,0.06875,0.1281693104587091,0.015,0.009984750498222,0.0218823621282093,,0.0227878293368784,0.015625,9,16,0.015625,nes2net_v2
runs_fine,nes2net_v2_asv19_attack_fine,asvspoof2019_la,pgd,60.0,-60.0,61.63288614344248,0.0574999999999999,0.9855,0.25625,0.3531380073466252,0.0574999999999999,0.0474915879913983,0.0706298236738971,,0.061352922945807,0.06125,27,71,0.06125,nes2net_v2
runs_fine,nes2net_v2_asv19_attack_fine,asvspoof2019_la,pgd,55.0,-55.0,56.97371037415662,0.170625,0.9147796875,0.91,1.1376076259344163,0.170625,0.150618889604329,0.1893752556990337,,0.166299496633644,0.193125,82,227,0.193125,nes2net_v2
runs_fine,nes2net_v2_asv19_attack_fine,asvspoof2019_la,pgd,50.0,-50.0,52.36262419775776,0.2887499999999999,0.7113328125000001,1.0,3.0306165272022705,0.2887499999999999,0.2643706904712214,0.3131240692330674,,0.3311900053958295,0.3575,170,402,0.3575,nes2net_v2
runs_fine,nes2net_v2_asv19_attack_fine,asvspoof2019_la,pgd,45.0,-45.0,47.73187906419307,0.4475,0.4321921875,1.0,5.464393706598647,0.4475,0.4212607459117124,0.4781569533175548,,0.469691337036952,0.49,249,535,0.49,nes2net_v2
runs_fine,nes2net_v2_asv21_attack,asvspoof2021_la,fgsm,40.0,-40.0,37.39093435924374,0.26875,0.7535890625000001,1.0,2.1398409735108186,0.205,0.1818663450570333,0.231874950542484,3.215686274509805,0.1613637688158345,0.20125,205,219,0.2149532710280373,nes2net_v2
runs_fine,nes2net_v2_asv21_attack,asvspoof2021_la,fgsm,30.0,-30.0,28.427510553980696,0.3125,0.7096484375,1.0,2.407695935830265,0.24875,0.2287813192474695,0.282522575041638,3.9019607843137263,0.1836132148313142,0.238125,221,262,0.2543391188251001,nes2net_v2
runs_fine,nes2net_v2_asv21_attack,asvspoof2021_la,fgsm,20.0,-20.0,19.259001017386005,0.3087499999999999,0.7203953125,1.0,2.452124678304717,0.245,0.2162422672279337,0.2706168559153728,3.843137254901962,0.1829714965626371,0.218125,196,249,0.2309746328437917,nes2net_v2
runs_fine,nes2net_v2_asv21_attack,asvspoof2021_la,fgsm,10.0,-10.0,9.770713076839757,0.2125,0.819621875,1.0,1.8167917502963205,0.14875,0.1318749291881544,0.1699971764475359,2.3333333333333344,0.1515441143832088,0.19875,260,146,0.2076101468624833,nes2net_v2
runs_fine,nes2net_v2_asv21_attack,asvspoof2021_la,pgd,40.0,-40.0,40.24423966380307,0.8612500000000001,0.093115625,1.0,9.578647840187442,0.7975000000000001,0.758100305711499,0.8124214743606629,12.509803921568633,0.599564351275163,0.8525,800,662,0.9092122830440588,nes2net_v2
runs_fine,nes2net_v2_asv21_attack,asvspoof2021_la,pgd,30.0,-30.0,31.61251251132736,0.9675,0.0135578124999999,1.0,13.282490486696478,0.90375,0.8843876313201908,0.9181108145406472,14.176470588235295,0.7223053006577714,0.913125,800,763,0.9753004005340454,nes2net_v2
runs_fine,nes2net_v2_asv21_attack,asvspoof2021_la,pgd,20.0,-20.0,22.670479018881323,0.9875,0.0083281249999999,1.0,15.0537469639325,0.92375,0.8937593335918134,0.9276094952335464,14.490196078431376,0.7581784637186424,0.920625,800,775,0.9833110814419226,nes2net_v2
runs_fine,nes2net_v2_asv21_attack,asvspoof2021_la,pgd,10.0,-10.0,13.393338660695983,0.965,0.0113328124999999,1.0,16.619522185571988,0.90125,0.8693776564570104,0.9075097903547268,14.13725490196079,0.809848656313655,0.906875,799,754,0.9686248331108144,nes2net_v2
runs_fine,nes2net_v2_asv21_attack,asvspoof2021_la,pgd_l2,40.0,-40.0,38.8130556583121,0.79625,0.1580343749999999,1.0,8.494483002055805,0.7325,0.704374843142136,0.7618769526218461,11.490196078431376,0.5363657845653366,0.765625,708,619,0.8177570093457944,nes2net_v2
runs_fine,nes2net_v2_asv21_attack,asvspoof2021_la,pgd_l2,30.0,-30.0,30.10700935817078,0.901875,0.0558453125,1.0,11.54279357883344,0.838125,0.8168489054255829,0.8550552056287479,13.147058823529417,0.6734871699624759,0.835625,736,703,0.8925233644859814,nes2net_v2
runs_fine,nes2net_v2_asv21_attack,asvspoof2021_la,pgd_l2,20.0,-20.0,21.082010792624096,0.94375,0.0194765625,1.0,14.298102335585533,0.88,0.8618162052507178,0.8975152835005836,13.803921568627452,0.7514213815347898,0.884375,775,742,0.9445927903871828,nes2net_v2
runs_fine,nes2net_v2_asv21_attack,asvspoof2021_la,pgd_l2,10.0,-10.0,11.706488374876786,0.983125,0.0035718749999999,1.0,16.46536068637521,0.919375,0.9024985260477066,0.9331486174250716,14.421568627450984,0.8274971301270676,0.9225,800,778,0.985313751668892,nes2net_v2
runs_fine,nes2net_v2_itw_attack,in_the_wild,fgsm,40.0,-40.0,40.01289976227877,0.57125,0.371190625,1.0,4.705298697288131,0.491875,0.4617782022258356,0.5168698234099078,6.196850393700788,0.342833896724443,0.4375,339,488,0.4752206381534283,nes2net_v2
runs_fine,nes2net_v2_itw_attack,in_the_wild,fgsm,30.0,-30.0,30.013409935890337,0.660625,0.2747109375,1.0,5.378937953181436,0.58125,0.5543592396069733,0.6056291417818154,7.322834645669292,0.3792000820916126,0.505625,348,586,0.548540393754243,nes2net_v2
runs_fine,nes2net_v2_itw_attack,in_the_wild,fgsm,20.0,-20.0,20.013461572658056,0.63625,0.3036,1.0,5.336609667798917,0.556875,0.5305850662541478,0.5825223146838231,7.015748031496063,0.372716985820759,0.48375,281,616,0.5241004752206382,nes2net_v2
runs_fine,nes2net_v2_itw_attack,in_the_wild,fgsm,10.0,-10.0,10.013467305273524,0.516875,0.43718125,0.99875,4.779904832313748,0.4375,0.4100064810217173,0.4637597783878088,5.511811023622047,0.3460119599792582,0.436875,270,552,0.4731839782756279,nes2net_v2
runs_fine,nes2net_v2_itw_attack,in_the_wild,pgd,40.0,-40.0,42.826636394871095,0.956875,0.0218734374999999,1.0,11.95618612675393,0.8775000000000001,0.851884217606082,0.8906476955970208,11.05511811023622,0.5555826887200445,0.87625,767,762,0.9517990495587236,nes2net_v2
runs_fine,nes2net_v2_itw_attack,in_the_wild,pgd,30.0,-30.0,33.39790645328132,0.985,0.007403125,1.0,15.61574014613682,0.905625,0.873721019512118,0.9100030492584252,11.409448818897635,0.6580480459101399,0.90625,799,778,0.9843856076035302,nes2net_v2
runs_fine,nes2net_v2_itw_attack,in_the_wild,pgd,20.0,-20.0,23.66300114289923,0.978125,0.0041124999999999,1.0,16.805889992024078,0.8987499999999999,0.8843825166194562,0.9156245145104892,11.32283464566929,0.6920718107957902,0.91125,800,783,0.9891378139850644,nes2net_v2
runs_fine,nes2net_v2_itw_attack,in_the_wild,pgd,10.0,-10.0,13.763449183511916,0.994375,0.00203125,1.0,17.47271778694463,0.915,0.8918678944192738,0.9237189480307348,11.527559055118113,0.719447454205187,0.91625,800,791,0.9945689069925322,nes2net_v2
runs_fine,nes2net_v2_itw_attack,in_the_wild,pgd_l2,40.0,-40.0,41.19597735361744,0.9425,0.0197171875,1.0,12.07925219027648,0.863125,0.8487502890676725,0.8868968861236148,10.874015748031496,0.5778419036980582,0.88125,780,757,0.9572301425661914,nes2net_v2
runs_fine,nes2net_v2_itw_attack,in_the_wild,pgd_l2,30.0,-30.0,31.721340666510443,0.98,0.0064765625,1.0,15.27307142775416,0.900625,0.8749701228557463,0.908123659959247,11.346456692913383,0.6767063882165789,0.901875,800,770,0.979633401221996,nes2net_v2
runs_fine,nes2net_v2_itw_attack,in_the_wild,pgd_l2,20.0,-20.0,21.916275312684835,0.9825,0.0041609375,1.0,17.045460948112222,0.903125,0.8768419400923967,0.9106254318521274,11.377952755905511,0.7293729338139572,0.899375,800,766,0.976917854718262,nes2net_v2
runs_fine,nes2net_v2_itw_attack,in_the_wild,pgd_l2,10.0,-10.0,11.969986437029725,0.990625,0.0019765625,1.0,17.97621870547083,0.91125,0.8831083816481362,0.915694403440925,11.48031496062992,0.7612988360508949,0.908125,800,780,0.9864222674813308,nes2net_v2
runs_fine,rawnet2_asv19_attack_fine,asvspoof2019_la,fgsm,70.0,-70.0,69.99371507400816,0.055625,0.9867546875,0.2125,0.498534972986555,0.009375,0.0025003871695186,0.0149916821492763,0.202702702702703,0.0087242515727661,0.009375,42,47,0.009829619921363,rawnet2
runs_fine,rawnet2_asv19_attack_fine,asvspoof2019_la,fgsm,65.0,-65.0,64.99828886653181,0.0637499999999999,0.98328125,0.23375,0.5572849813018887,0.0174999999999999,0.0074997085206463,0.024339813766698,0.3783783783783779,0.0141257054919695,0.01625,48,52,0.0170380078636959,rawnet2
runs_fine,rawnet2_asv19_attack_fine,asvspoof2019_la,fgsm,60.0,-60.0,60.00022093194941,0.071875,0.976959375,0.25625,0.6560159858561123,0.025625,0.0168957174104653,0.0349947592439811,0.5540540540540543,0.0232524715738154,0.025625,59,56,0.0268676277850589,rawnet2
runs_fine,rawnet2_asv19_attack_fine,asvspoof2019_la,fgsm,55.0,-55.0,55.00094842978575,0.0925,0.96474375,0.3,0.8233629595079313,0.04625,0.0349881610342258,0.056875256352541,1.0,0.0368247428535494,0.046875,73,76,0.0491480996068152,rawnet2
runs_fine,rawnet2_asv19_attack_fine,asvspoof2019_la,fgsm,50.0,-50.0,50.00119721436086,0.1143749999999999,0.940253125,0.4375000000000001,1.0751781487509129,0.0681249999999999,0.0549574280424758,0.0849960410070542,1.472972972972972,0.0542607052318402,0.078125,91,108,0.081913499344692,rawnet2
runs_fine,rawnet2_asv19_attack_fine,asvspoof2019_la,fgsm,45.0,-45.0,45.001279048280594,0.145,0.8970359374999999,0.71875,1.454097806638554,0.0987499999999999,0.0818863304631699,0.1156261567052113,2.135135135135134,0.0950458432849437,0.134375,98,191,0.1408912188728702,rawnet2
runs_fine,rawnet2_asv19_attack_fine,asvspoof2019_la,pgd,70.0,-70.0,70.50251588766046,0.0568749999999999,0.9862859375,0.2149999999999999,0.506117535590256,0.0106249999999999,0.0031136418989946,0.0168478988405092,0.2297297297297294,0.0094905864900473,0.01125,44,48,0.0117955439056356,rawnet2
runs_fine,rawnet2_asv19_attack_fine,asvspoof2019_la,pgd,65.0,-65.0,65.69191737278584,0.065625,0.982015625,0.23625,0.5771631508159673,0.019375,0.0099786857834261,0.0262918695755247,0.4189189189189191,0.0160718738651912,0.018125,50,53,0.0190039318479685,rawnet2
runs_fine,rawnet2_asv19_attack_fine,asvspoof2019_la,pgd,60.0,-60.0,60.913190666459215,0.08125,0.9731859375,0.26,0.7075301760697859,0.035,0.0231209288334101,0.0437413074828808,0.7567567567567569,0.0280259294341683,0.035625,66,65,0.0373525557011795,rawnet2
runs_fine,rawnet2_asv19_attack_fine,asvspoof2019_la,pgd,55.0,-55.0,56.15492916097978,0.10375,0.953184375,0.34,0.9482967419905992,0.0575,0.0443737115843703,0.0693844196952851,1.2432432432432432,0.0456439222937179,0.05875,80,88,0.0615989515072083,rawnet2
runs_fine,rawnet2_asv19_attack_fine,asvspoof2019_la,pgd,50.0,-50.0,51.4095774129698,0.13,0.9069671875,0.665,1.3605995420935089,0.0837499999999999,0.0699632854649321,0.1018920311045668,1.8108108108108103,0.0813455209497448,0.129375,97,184,0.1356487549148099,rawnet2
runs_fine,rawnet2_asv19_attack_fine,asvspoof2019_la,pgd,45.0,-45.0,46.68486510256782,0.226875,0.7879859375,0.9975,2.626139107975571,0.180625,0.1575009271085315,0.1968624903559212,3.905405405405405,0.2030393411294632,0.27125,121,387,0.2844036697247706,rawnet2
runs_fine,spectra_aasist3_asv19_attack_fine,asvspoof2019_la,fgsm,70.0,-70.0,68.80589573704428,0.073125,0.940003125,1.0,0.5604459687330432,0.06625,0.0512054829028295,0.082508135258249,9.636363636363656,0.0707565082887574,0.07125,63,60,0.0711139081183134,spectra_aasist3
runs_fine,spectra_aasist3_asv19_attack_fine,asvspoof2019_la,fgsm,65.0,-65.0,64.01009829350281,0.119375,0.8763515624999999,1.0,0.9902803606126164,0.1125,0.0975052474648591,0.1406332745907342,16.363636363636395,0.1097816376615971,0.118125,97,101,0.118313404657017,spectra_aasist3
runs_fine,spectra_aasist3_asv19_attack_fine,asvspoof2019_la,fgsm,60.0,-60.0,59.191339548992985,0.199375,0.80848125,1.0,1.36100194207899,0.1925,0.1612325104007781,0.2125301331105569,28.00000000000005,0.1598843264062991,0.180625,142,156,0.1812460667086217,spectra_aasist3
runs_fine,spectra_aasist3_asv19_attack_fine,asvspoof2019_la,fgsm,55.0,-55.0,54.35832083605162,0.2675,0.7394015625,1.0,1.759158872215966,0.260625,0.2281140089575339,0.2850098617758754,37.90909090909098,0.2006841982249838,0.23,159,218,0.2309628697293895,spectra_aasist3
runs_fine,spectra_aasist3_asv19_attack_fine,asvspoof2019_la,fgsm,50.0,-50.0,49.511280252732014,0.318125,0.6964343749999999,1.0,2.0088090288452607,0.31125,0.261239364927374,0.3218596412068696,45.27272727272735,0.2174437987016295,0.245,157,244,0.2460667086217747,spectra_aasist3
runs_fine,spectra_aasist3_asv19_attack_fine,asvspoof2019_la,fgsm,45.0,-45.0,44.64801397829015,0.3149999999999999,0.685671875,1.0,2.1348907579110414,0.308125,0.2693827633818983,0.3306773361045422,44.81818181818189,0.2321404838813698,0.248125,152,254,0.2492133417243549,spectra_aasist3
runs_fine,spectra_aasist3_asv19_attack_fine,asvspoof2019_la,pgd,70.0,-70.0,69.3074302688527,0.251875,0.74145625,1.0,1.8281867328569996,0.245,0.2193607835496139,0.2762660674982427,35.6363636363637,0.1873833928722677,0.203125,121,215,0.2045311516677155,spectra_aasist3
runs_fine,spectra_aasist3_asv19_attack_fine,asvspoof2019_la,pgd,65.0,-65.0,65.05077729434507,0.52125,0.4516374999999999,1.0,3.6464116173066623,0.514375,0.481852573302319,0.5425008832519315,74.81818181818194,0.3774612645472939,0.425,243,448,0.4279421019509125,spectra_aasist3
runs_fine,spectra_aasist3_asv19_attack_fine,asvspoof2019_la,pgd,60.0,-60.0,60.817661121735185,0.65125,0.3151828125,1.0,4.660381685807877,0.644375,0.6137612943260985,0.6706327467140808,93.72727272727288,0.4715369314634032,0.589375,421,533,0.5934550031466331,spectra_aasist3
runs_fine,spectra_aasist3_asv19_attack_fine,asvspoof2019_la,pgd,55.0,-55.0,56.41939400321463,0.693125,0.27133125,1.0,4.800376975402212,0.68625,0.6543783636353324,0.7118832766332529,99.81818181818198,0.533731127544947,0.72,618,545,0.7249842668344871,spectra_aasist3
runs_fine,spectra_aasist3_asv19_attack_fine,asvspoof2019_la,pgd,50.0,-50.0,51.89812045226369,0.731875,0.2362703125,1.0,5.149771113247408,0.7250000000000001,0.6999526494718727,0.755651033438771,105.45454545454564,0.5892367747208793,0.81375,752,561,0.8193832599118943,spectra_aasist3
runs_fine,spectra_aasist3_asv19_attack_fine,asvspoof2019_la,pgd,45.0,-45.0,47.32716704510088,0.719375,0.2634640625,1.0,5.023525202341335,0.7125,0.6700291881628734,0.7306434092732558,103.6363636363638,0.6102105905595421,0.818125,795,525,0.8237885462555066,spectra_aasist3
runs_fine,ssl_aasist_asv19_attack_fine,asvspoof2019_la,fgsm,70.0,-70.0,70.00590166340834,0.0024999999999999,0.9997953125,0.0124999999999999,0.0334455771954134,0.0012499999999999,-0.0006444554157183,0.0043750197021792,1.0,0.0024527860355528,0.003125,5,2,0.0031289111389236,ssl_aasist
runs_fine,ssl_aasist_asv19_attack_fine,asvspoof2019_la,fgsm,65.0,-65.0,65.01048606014314,0.0056249999999999,0.9996578125,0.02375,0.0461835667322979,0.004375,-3.477997843686549e-05,0.0062871447356693,3.500000000000038,0.0043053640104955,0.003125,5,2,0.0031289111389236,ssl_aasist
runs_fine,ssl_aasist_asv19_attack_fine,asvspoof2019_la,fgsm,60.0,-60.0,60.01242306264963,0.0056249999999999,0.9993875,0.03625,0.0614996810358888,0.004375,0.0012249734231041,0.0087565538824937,3.500000000000038,0.0072403887868155,0.005,6,4,0.0050062578222778,ssl_aasist
runs_fine,ssl_aasist_asv19_attack_fine,asvspoof2019_la,fgsm,55.0,-55.0,55.013152789302495,0.0106249999999999,0.99855,0.0649999999999999,0.0940100564083285,0.009375,0.0031209537117345,0.0131347074039602,7.5000000000000835,0.0137212905452782,0.009375,10,7,0.0093867334167709,ssl_aasist
runs_fine,ssl_aasist_asv19_attack_fine,asvspoof2019_la,fgsm,50.0,-50.0,50.01340249277375,0.0199999999999999,0.996253125,0.10375,0.1889732247655464,0.01875,0.0100030259208279,0.0243750545128317,15.000000000000169,0.0266503151585018,0.020625,24,11,0.0206508135168961,ssl_aasist
runs_fine,ssl_aasist_asv19_attack_fine,asvspoof2019_la,fgsm,45.0,-45.0,45.013484551958854,0.0381249999999999,0.9905015625,0.17125,0.3702230350192343,0.0368749999999999,0.0281326226539219,0.0487503142110821,29.500000000000306,0.043174853098988,0.036875,43,18,0.0369211514392991,ssl_aasist
runs_fine,ssl_aasist_asv19_attack_fine,asvspoof2019_la,pgd,70.0,-70.0,71.08007123772262,0.004375,0.9996578125,0.0224999999999999,0.0429740613566084,0.003125,0.0,0.0062871447356693,2.5000000000000497,0.0039131251840792,0.003125,5,2,0.0031289111389236,ssl_aasist
runs_fine,ssl_aasist_asv19_attack_fine,asvspoof2019_la,pgd,65.0,-65.0,66.17604814821807,0.0068749999999999,0.99919375,0.04625,0.0664324975210643,0.0056249999999999,0.0013079442112335,0.0100083299928507,4.500000000000039,0.0076853335160651,0.005625,6,5,0.0056320400500625,ssl_aasist
runs_fine,ssl_aasist_asv19_attack_fine,asvspoof2019_la,pgd,60.0,-60.0,61.32505394555363,0.0231249999999999,0.9960953125,0.0975,0.1440511639402326,0.0218749999999999,0.0124730252688272,0.0275099036417433,17.50000000000018,0.0230582146282449,0.02125,12,24,0.0212765957446808,ssl_aasist
runs_fine,ssl_aasist_asv19_attack_fine,asvspoof2019_la,pgd,55.0,-55.0,56.53848508312993,0.090625,0.9670328125,0.475,0.5849569667766392,0.089375,0.0737611559885083,0.1031595345084052,71.50000000000078,0.0954097732772431,0.11125,34,146,0.1113892365456821,ssl_aasist
runs_fine,ssl_aasist_asv19_attack_fine,asvspoof2019_la,pgd,50.0,-50.0,51.863665245465526,0.2875,0.7472765625,1.0,2.884121922603219,0.28625,0.262503499382087,0.3062516777014024,229.0000000000024,0.3391614197041602,0.36625,93,495,0.3667083854818523,ssl_aasist
runs_fine,ssl_aasist_asv19_attack_fine,asvspoof2019_la,pgd,45.0,-45.0,47.21825282328538,0.675,0.224371875,1.0,8.891555313823472,0.6737500000000001,0.6443769630404296,0.6950014299424593,539.0000000000058,0.6388288846120366,0.615,222,764,0.6157697121401752,ssl_aasist
runs_fine,ssl_aasist_asv21_attack,asvspoof2021_la,fgsm,40.0,-40.0,37.390935190152355,0.1868749999999999,0.8478171874999999,1.0,2.21428016867162,0.1124999999999999,0.0962527623492638,0.1331274518277519,1.512605042016807,0.1422995524037127,0.193125,306,120,0.2079675894665766,ssl_aasist
runs_fine,ssl_aasist_asv21_attack,asvspoof2021_la,fgsm,30.0,-30.0,28.427511155259175,0.1875,0.8297140625,1.0,2.4058638714391267,0.113125,0.0949826238160785,0.1300011785380286,1.521008403361345,0.1466146923631049,0.245625,400,106,0.263335584064821,ssl_aasist
runs_fine,ssl_aasist_asv21_attack,asvspoof2021_la,fgsm,20.0,-20.0,19.259002324779395,0.17125,0.8341234374999998,0.99625,2.1736006564753154,0.096875,0.0806284143188452,0.1143718726406163,1.3025210084033616,0.1407465676866811,0.284375,484,82,0.3045239702903443,ssl_aasist
runs_fine,ssl_aasist_asv21_attack,asvspoof2021_la,fgsm,10.0,-10.0,9.770713631767988,0.171875,0.8508328125,0.9875,1.6919579490970689,0.0975,0.0787157957024452,0.1118541373048547,1.3109243697478992,0.1418905376146347,0.3675,617,42,0.3808237677245105,ssl_aasist
runs_fine,ssl_aasist_asv21_attack,asvspoof2021_la,pgd,40.0,-40.0,39.790564438600505,0.96375,0.0136499999999999,1.0,13.29679073658378,0.8893750000000001,0.8662613302839334,0.9012444971367644,11.957983193277313,0.703816201233368,0.85375,709,776,0.9223497636731938,ssl_aasist
runs_fine,ssl_aasist_asv21_attack,asvspoof2021_la,pgd,30.0,-30.0,31.29984123099588,0.99,0.0026921874999999,1.0,16.842733830910564,0.915625,0.8993832426636293,0.9299996191500308,12.3109243697479,0.8701431158591558,0.9175,794,793,0.9912221471978392,ssl_aasist
runs_fine,ssl_aasist_asv21_attack,asvspoof2021_la,pgd,20.0,-20.0,22.50003335710781,0.9975,0.0001906249999999,1.0,19.214999392471743,0.923125,0.9056199894452276,0.9343841821046388,12.411764705882357,0.9333974600129978,0.9225,798,797,0.9966239027683996,ssl_aasist
runs_fine,ssl_aasist_asv21_attack,asvspoof2021_la,pgd,10.0,-10.0,13.297289252363434,0.9975,9.37499999999994e-06,1.0,19.85292812842971,0.923125,0.9075030447305228,0.9350088416310446,12.411764705882357,0.9394491967439276,0.923125,799,797,0.9972991222147198,ssl_aasist
runs_fine,ssl_aasist_asv21_attack,asvspoof2021_la,pgd_l2,40.0,-40.0,38.664403754255126,0.8325,0.1196890625,1.0,10.641470225426902,0.758125,0.7343661280321515,0.7794092175672664,10.19327731092437,0.5407610729589437,0.715,541,720,0.7717758271438218,ssl_aasist
runs_fine,ssl_aasist_asv21_attack,asvspoof2021_la,pgd_l2,30.0,-30.0,30.013814032664868,0.92125,0.045328125,1.0,12.768986492085649,0.846875,0.8231319743369163,0.8649760503945122,11.38655462184874,0.692790968438731,0.8075,667,744,0.8723835246455098,ssl_aasist
runs_fine,ssl_aasist_asv21_attack,asvspoof2021_la,pgd_l2,20.0,-20.0,20.990177396824652,0.96,0.0052781249999999,1.0,16.708707477214475,0.885625,0.867479709249459,0.9018642597974096,11.907563025210084,0.8655497721595924,0.88,755,772,0.950708980418636,ssl_aasist
runs_fine,ssl_aasist_asv21_attack,asvspoof2021_la,pgd_l2,10.0,-10.0,11.624422509507422,0.995,3.906250000000014e-05,1.0,19.38322444040417,0.920625,0.9055996289989756,0.933135793839405,12.378151260504202,0.9318094604472882,0.9225,795,800,0.9966239027683996,ssl_aasist
runs_fine,ssl_aasist_itw_attack,in_the_wild,fgsm,40.0,-40.0,40.0128996742195,0.635625,0.3095390625,1.0,7.556756011325116,0.519375,0.4943551599345551,0.550006112006313,4.467741935483872,0.3247332551486407,0.53625,488,550,0.6046676096181046,ssl_aasist
runs_fine,ssl_aasist_itw_attack,in_the_wild,fgsm,30.0,-30.0,30.01340985398372,0.829375,0.1007578125,1.0,9.533643466757876,0.713125,0.6905920508705722,0.7381246148818543,6.134408602150538,0.4106635756430639,0.725625,647,694,0.8189533239038189,ssl_aasist
runs_fine,ssl_aasist_itw_attack,in_the_wild,fgsm,20.0,-20.0,20.01346148215519,0.8512500000000001,0.079753125,1.0,9.099049950896203,0.7350000000000001,0.7137397470714579,0.7612460745851135,6.322580645161292,0.4177214615927564,0.734375,697,650,0.826025459688826,ssl_aasist
runs_fine,ssl_aasist_itw_attack,in_the_wild,fgsm,10.0,-10.0,10.013467271928585,0.805625,0.1286953125,1.0,6.849144978198898,0.6893750000000001,0.6649946617573979,0.7143735445713681,5.930107526881722,0.3841643249522573,0.628125,734,437,0.7036775106082037,ssl_aasist
runs_fine,ssl_aasist_itw_attack,in_the_wild,pgd,40.0,-40.0,42.07333085522116,0.959375,0.0110890624999999,1.0,15.60635182023116,0.843125,0.8231029779312325,0.8618746852903068,7.252688172043011,0.6355291292051881,0.84,748,782,0.9504950495049505,ssl_aasist
runs_fine,ssl_aasist_itw_attack,in_the_wild,pgd,30.0,-30.0,32.83339742231001,0.99125,0.0005999999999999,1.0,19.33447575427936,0.875,0.859938620937726,0.8943498405217862,7.526881720430108,0.7144348084648493,0.876875,798,791,0.9922206506364922,ssl_aasist
runs_fine,ssl_aasist_itw_attack,in_the_wild,pgd,20.0,-20.0,23.36405484708168,0.99875,2.0312499999999708e-05,1.0,19.829125346019545,0.8825000000000001,0.8662301175596787,0.9000739215097779,7.591397849462367,0.7222148373769399,0.880625,799,796,0.9964639321074964,ssl_aasist
runs_fine,ssl_aasist_itw_attack,in_the_wild,pgd,10.0,-10.0,13.639207042221692,1.0,0.0,1.0,19.907981939666136,0.88375,0.867534074359144,0.9018730818436222,7.60215053763441,0.7239457353923229,0.8825,800,798,0.9985855728429984,ssl_aasist
runs_fine,ssl_aasist_itw_attack,in_the_wild,pgd_l2,40.0,-40.0,40.862157451038776,0.8812500000000001,0.0486421875,1.0,15.307597667846029,0.7650000000000001,0.7437535841587551,0.7918239495163601,6.580645161290324,0.6000540367745496,0.7975,676,786,0.9024045261669024,ssl_aasist
runs_fine,ssl_aasist_itw_attack,in_the_wild,pgd_l2,30.0,-30.0,31.4252613091759,0.975,0.0026656249999999,1.0,18.501008097234433,0.85875,0.8418847545343843,0.8787518256618716,7.387096774193549,0.6926964880007046,0.864375,777,792,0.978076379066478,ssl_aasist
runs_fine,ssl_aasist_itw_attack,in_the_wild,pgd_l2,20.0,-20.0,21.775453524233303,0.99875,4.218749999999938e-05,1.0,19.70987839712506,0.8825000000000001,0.8656467096614621,0.8999944801597423,7.591397849462367,0.7216910417579641,0.881875,799,798,0.997878359264498,ssl_aasist
runs_fine,ssl_aasist_itw_attack,in_the_wild,pgd_l2,10.0,-10.0,11.92483093837627,1.0,0.0,1.0,19.881894308851216,0.88375,0.867534074359144,0.9018730818436222,7.60215053763441,0.724483517027138,0.883125,800,799,0.9992927864214992,ssl_aasist
runs_fine,wavlm_linear_asv19_attack_fine,asvspoof2019_la,fgsm,70.0,-70.0,70.00590240617878,0.1312499999999999,0.945234375,0.5325,0.4288182514461987,0.10375,0.0856165802952321,0.1168553664329589,3.7727272727272743,0.1114356149122952,0.114375,75,152,0.1176092544987146,wavlm_linear
runs_fine,wavlm_linear_asv19_attack_fine,asvspoof2019_la,fgsm,65.0,-65.0,65.01048585105745,0.20125,0.8881296875,0.7000000000000001,0.6364658645735822,0.17375,0.1519023442133425,0.1912673728142467,6.318181818181825,0.1759267917860345,0.1875,109,235,0.1928020565552699,wavlm_linear
runs_fine,wavlm_linear_asv19_attack_fine,asvspoof2019_la,fgsm,60.0,-60.0,60.012422457211294,0.26875,0.8004546874999999,0.7825000000000001,0.9067928025723672,0.24125,0.2168749396099583,0.2624196527503316,8.77272727272728,0.2505696218186335,0.285,148,352,0.2930591259640103,wavlm_linear
runs_fine,wavlm_linear_asv19_attack_fine,asvspoof2019_la,fgsm,55.0,-55.0,55.01315198162325,0.34375,0.7080046874999999,0.83,1.1659024475331337,0.31625,0.2961959691452979,0.3418386431526624,11.500000000000009,0.3149713808555777,0.353125,193,416,0.3631105398457583,wavlm_linear
runs_fine,wavlm_linear_asv19_attack_fine,asvspoof2019_la,fgsm,50.0,-50.0,50.01340145861192,0.395,0.649353125,0.86375,1.3196871287362093,0.3675,0.3431301841816789,0.3912635960815219,13.363636363636374,0.349382647057521,0.386875,222,441,0.3978149100257069,wavlm_linear
runs_fine,wavlm_linear_asv19_attack_fine,asvspoof2019_la,fgsm,45.0,-45.0,45.01348344081641,0.423125,0.6166031249999999,0.8925,1.4072638950238,0.395625,0.3687134172395711,0.4174793298549748,14.386363636363646,0.3674024725442932,0.40875,247,451,0.4203084832904884,wavlm_linear
runs_fine,wavlm_linear_asv19_attack_fine,asvspoof2019_la,pgd,70.0,-70.0,70.59695413094309,0.20875,0.8673656249999999,0.7900000000000001,0.7424676139926418,0.18125,0.1606243179232537,0.2000248916153207,6.590909090909096,0.1906159304062997,0.19875,101,261,0.2043701799485861,wavlm_linear
runs_fine,wavlm_linear_asv19_attack_fine,asvspoof2019_la,pgd,65.0,-65.0,65.83135175453437,0.393125,0.6450109374999999,0.95875,1.5576056636513522,0.3656250000000001,0.3406356866204102,0.3913018625597851,13.295454545454556,0.353673382623182,0.3925,175,497,0.403598971722365,wavlm_linear
runs_fine,wavlm_linear_asv19_attack_fine,asvspoof2019_la,pgd,60.0,-60.0,61.1464976518823,0.65625,0.2928015625,1.0,3.304478320466686,0.62875,0.605002437673777,0.6543717883493331,22.863636363636378,0.5711361751735251,0.62875,334,716,0.6465295629820051,wavlm_linear
runs_fine,wavlm_linear_asv19_attack_fine,asvspoof2019_la,pgd,55.0,-55.0,56.530833531715395,0.84875,0.0798374999999999,1.0,6.0427323568290685,0.82125,0.79873138735119,0.8406239155312991,29.863636363636385,0.7411228188830395,0.790625,515,794,0.8129820051413882,wavlm_linear
runs_fine,wavlm_linear_asv19_attack_fine,asvspoof2019_la,pgd,50.0,-50.0,51.94171125654823,0.941875,0.010665625,1.0,9.321893738806002,0.914375,0.8975317924549587,0.9281358040900026,33.25000000000002,0.8366850304407333,0.884375,659,800,0.9093830334190232,wavlm_linear
runs_fine,wavlm_linear_asv19_attack_fine,asvspoof2019_la,pgd,45.0,-45.0,47.33507046649802,0.994375,0.0001703124999999,1.0,12.55616622906557,0.966875,0.9550229137969836,0.973765911000507,35.159090909090935,0.8817452340947906,0.924375,723,800,0.9505141388174808,wavlm_linear
runs_fine,wavlm_linear_asv21_attack,asvspoof2021_la,fgsm,40.0,-40.0,37.39093262763943,0.50625,0.4772515625,1.0,3.3026098618276465,0.33875,0.3124952426924864,0.361900587296998,2.022388059701493,0.2889169074205997,0.3375,436,372,0.4054054054054054,wavlm_linear
runs_fine,wavlm_linear_asv21_attack,asvspoof2021_la,fgsm,30.0,-30.0,28.427509216701,0.55125,0.4039921875,1.0,4.209835633434878,0.38375,0.3612503187552827,0.4081371114598999,2.2910447761194033,0.3159550924221656,0.410625,353,562,0.4894894894894895,wavlm_linear
runs_fine,wavlm_linear_asv21_attack,asvspoof2021_la,fgsm,20.0,-20.0,19.259001926249685,0.47,0.5156109375,1.0,4.652354802558755,0.3025,0.2793751783621714,0.3287643217858088,1.8059701492537312,0.3007982024160117,0.3875,169,629,0.4316816816816817,wavlm_linear
runs_fine,wavlm_linear_asv21_attack,asvspoof2021_la,fgsm,10.0,-10.0,9.770715481786567,0.291875,0.7320265625,1.0,5.254762435555674,0.124375,0.1031428897045569,0.1506423062762154,0.742537313432836,0.3007370555171803,0.4275,42,656,0.4181681681681681,wavlm_linear
runs_fine,wavlm_linear_asv21_attack,asvspoof2021_la,pgd,40.0,-40.0,39.959197027085416,0.998125,0.0001531249999999,1.0,14.449158841166843,0.8306250000000001,0.8099994718115068,0.846253240868551,4.958955223880598,0.735543866541771,0.825625,791,798,0.9917417417417418,wavlm_linear
runs_fine,wavlm_linear_asv21_attack,asvspoof2021_la,pgd,30.0,-30.0,31.46659656458639,0.99875,1.5624999999999668e-06,1.0,16.727711203433806,0.83125,0.8125075926541614,0.8481332288139748,4.96268656716418,0.7674761342549948,0.831875,800,799,0.9992492492492492,wavlm_linear
runs_fine,wavlm_linear_asv21_attack,asvspoof2021_la,pgd,20.0,-20.0,22.594805248974,1.0,0.0,1.0,17.7628999274091,0.8325,0.8125075926541614,0.84874790255858,4.970149253731344,0.7745651755493342,0.831875,799,800,0.9992492492492492,wavlm_linear
runs_fine,wavlm_linear_asv21_attack,asvspoof2021_la,pgd,10.0,-10.0,13.328702367203318,1.0,0.0,1.0,18.602645657376225,0.8325,0.8125075926541614,0.84874790255858,4.970149253731344,0.7758668342059625,0.8325,800,800,1.0,wavlm_linear
runs_fine,wavlm_linear_asv21_attack,asvspoof2021_la,pgd_l2,40.0,-40.0,38.83131373729797,0.916875,0.0356203125,1.0,11.464384629037838,0.749375,0.7243297768353073,0.7681276655176934,4.473880597014926,0.6254320888669543,0.736875,711,736,0.8851351351351351,wavlm_linear
runs_fine,wavlm_linear_asv21_attack,asvspoof2021_la,pgd_l2,30.0,-30.0,30.064060168942696,0.943125,0.0091875,1.0,13.897797497722207,0.775625,0.7543719822502271,0.7968890830486753,4.630597014925374,0.7005487729779344,0.775625,752,757,0.9316816816816816,wavlm_linear
runs_fine,wavlm_linear_asv21_attack,asvspoof2021_la,pgd_l2,20.0,-20.0,21.04184414724731,0.9725,0.0015828124999999,1.0,15.777608544233878,0.805,0.7850090976695485,0.8231181635108878,4.805970149253732,0.7445602182928787,0.805,776,780,0.9669669669669668,wavlm_linear
runs_fine,wavlm_linear_asv21_attack,asvspoof2021_la,pgd_l2,10.0,-10.0,11.667105226716506,0.998125,3.1249999999999337e-06,1.0,17.003736202502935,0.8306250000000001,0.8118586113223726,0.8481461782690647,4.958955223880598,0.7651456471492425,0.830625,797,800,0.9977477477477478,wavlm_linear
runs_fine,wavlm_linear_itw_attack,in_the_wild,fgsm,40.0,-40.0,40.012899680174606,0.801875,0.1298265625,1.0,6.92172682779827,0.6,0.5743456082844295,0.6256307622135888,2.9721362229102164,0.101485958216349,0.6,624,659,0.7517619420516837,wavlm_linear
runs_fine,wavlm_linear_itw_attack,in_the_wild,fgsm,30.0,-30.0,30.01340977183702,0.88375,0.0539953124999999,1.0,8.017773308044443,0.681875,0.6580449214208081,0.7074958428463078,3.377708978328173,0.0972303632155459,0.678125,654,752,0.8488645262333594,wavlm_linear
runs_fine,wavlm_linear_itw_attack,in_the_wild,fgsm,20.0,-20.0,20.01346139765537,0.831875,0.09545625,1.0,8.678294372646906,0.63,0.6093969958729655,0.6587683991195901,3.120743034055727,0.0620223643687761,0.52375,352,783,0.6460454189506656,wavlm_linear
runs_fine,wavlm_linear_itw_attack,in_the_wild,fgsm,10.0,-10.0,10.013466939420487,0.61,0.332009375,1.0,9.234318577376657,0.4081249999999999,0.3837491487246408,0.4406214266232291,2.0216718266253864,0.0524808084971847,0.470625,79,787,0.5074393108848865,wavlm_linear
runs_fine,wavlm_linear_itw_attack,in_the_wild,pgd,40.0,-40.0,41.96642901759569,0.9875,0.0027140624999999,1.0,11.766725082069826,0.785625,0.7668620334006605,0.809979750935177,3.8916408668730647,0.3945725561866007,0.784375,787,791,0.9827721221613156,wavlm_linear
runs_fine,wavlm_linear_itw_attack,in_the_wild,pgd,30.0,-30.0,32.89097524959883,0.99875,3.5937499999999234e-05,1.0,15.633041818329293,0.796875,0.7768879410396281,0.8193942660474559,3.947368421052631,0.5340909117718095,0.795,800,795,0.9960845732184808,wavlm_linear
runs_fine,wavlm_linear_itw_attack,in_the_wild,pgd,20.0,-20.0,23.45732555709521,1.0,0.0,1.0,17.7973136256337,0.798125,0.7793766425526222,0.8212434335317199,3.9535603715170273,0.5451336903344821,0.796875,800,798,0.9984338292873924,wavlm_linear
runs_fine,wavlm_linear_itw_attack,in_the_wild,pgd,10.0,-10.0,13.673622730035891,1.0,0.0,1.0,18.701000889410633,0.798125,0.7793766425526222,0.8212434335317199,3.9535603715170273,0.5469273760062134,0.798125,800,800,1.0,wavlm_linear
runs_fine,wavlm_linear_itw_attack,in_the_wild,pgd_l2,40.0,-40.0,40.64175811477789,0.991875,0.0016546874999999,1.0,11.70875734362576,0.79,0.7687541110322801,0.8118874010815201,3.913312693498451,0.3982457258185414,0.78625,789,792,0.985121378230227,wavlm_linear
runs_fine,wavlm_linear_itw_attack,in_the_wild,pgd_l2,30.0,-30.0,31.330093316895244,0.996875,2.34374999999995e-05,1.0,14.38775835530134,0.7949999999999999,0.7780884620305245,0.8193792823262032,3.938080495356037,0.5194344084814155,0.796875,800,798,0.9984338292873924,wavlm_linear
runs_fine,wavlm_linear_itw_attack,in_the_wild,pgd_l2,20.0,-20.0,21.747284223455864,1.0,0.0,1.0,16.38064713186506,0.798125,0.7793766425526222,0.8212434335317199,3.9535603715170273,0.5414488093608099,0.798125,800,800,1.0,wavlm_linear
runs_fine,wavlm_linear_itw_attack,in_the_wild,pgd_l2,10.0,-10.0,11.91745194640072,1.0,0.0,1.0,17.412169439243822,0.798125,0.7793766425526222,0.8212434335317199,3.9535603715170273,0.5443579319443032,0.798125,800,800,1.0,wavlm_linear
runs_fine,xlsr_linear_asv19_attack_fine,asvspoof2019_la,fgsm,70.0,-70.0,70.00590140402169,0.104375,0.9558703125,0.5687500000000001,0.4714312645686788,0.0643749999999999,0.0499883525955217,0.0775013078584819,1.6093749999999984,0.0821302695673244,0.081875,68,119,0.0826822916666666,xlsr_linear
runs_fine,xlsr_linear_asv19_attack_fine,asvspoof2019_la,fgsm,65.0,-65.0,65.01048552785744,0.1362499999999999,0.9303718749999998,0.6837499999999999,0.5379946621214641,0.0962499999999999,0.0818035747258882,0.1125127069505753,2.406249999999998,0.1077000840669616,0.10375,83,141,0.1061197916666666,xlsr_linear
runs_fine,xlsr_linear_asv19_attack_fine,asvspoof2019_la,fgsm,60.0,-60.0,60.01242241167971,0.18125,0.8942984375,0.82875,0.621897623356685,0.14125,0.120626541157425,0.1581106458828729,3.531249999999998,0.1378295261944548,0.15375,112,194,0.1588541666666666,xlsr_linear
runs_fine,xlsr_linear_asv19_attack_fine,asvspoof2019_la,fgsm,55.0,-55.0,55.01315205940467,0.211875,0.8590640624999999,0.94625,0.6964264913934994,0.171875,0.1531083230753535,0.1937481093595208,4.296874999999997,0.1645338655883111,0.1775,137,207,0.18359375,xlsr_linear
runs_fine,xlsr_linear_asv19_attack_fine,asvspoof2019_la,fgsm,50.0,-50.0,50.01340170232418,0.24,0.8209124999999999,0.99375,0.7697088448471952,0.1999999999999999,0.1806221796515077,0.220018351392372,4.9999999999999964,0.1918819500800551,0.206875,167,222,0.2135416666666666,xlsr_linear
runs_fine,xlsr_linear_asv19_attack_fine,asvspoof2019_la,fgsm,45.0,-45.0,45.01348372856209,0.260625,0.8047796875,1.0,0.8118735406427303,0.2206249999999999,0.1968857485209176,0.2418737884543974,5.5156249999999964,0.2081298308940747,0.224375,220,193,0.23046875,xlsr_linear
runs_fine,xlsr_linear_asv19_attack_fine,asvspoof2019_la,pgd,70.0,-70.0,71.28271832983583,0.2212499999999999,0.837046875,0.96875,0.7292167376209682,0.1812499999999999,0.1606292807136911,0.20000507227091,4.5312499999999964,0.1786332409206697,0.228125,111,316,0.2369791666666666,xlsr_linear
runs_fine,xlsr_linear_asv19_attack_fine,asvspoof2019_la,pgd,65.0,-65.0,66.46409988052264,0.39375,0.631565625,0.99375,1.0713618033618295,0.35375,0.328127031896097,0.376903811227313,8.843749999999995,0.2817168674651655,0.4075,168,548,0.4244791666666667,xlsr_linear
runs_fine,xlsr_linear_asv19_attack_fine,asvspoof2019_la,pgd,60.0,-60.0,61.7262760562201,0.6299999999999999,0.3113765625,1.0,1.7078223656961042,0.5899999999999999,0.5643737940759675,0.6112540358731028,14.74999999999999,0.4171610039051787,0.5725,258,722,0.5963541666666666,xlsr_linear
runs_fine,xlsr_linear_asv19_attack_fine,asvspoof2019_la,pgd,55.0,-55.0,57.01062791929563,0.85375,0.0699015624999999,1.0,2.765244452486102,0.81375,0.7968699780734173,0.8343506764974999,20.34374999999999,0.5589949423351687,0.715,419,789,0.7447916666666666,xlsr_linear
runs_fine,xlsr_linear_asv19_attack_fine,asvspoof2019_la,pgd,50.0,-50.0,52.34335711760112,0.964375,0.0059906249999999,1.0,4.192772364350565,0.924375,0.9118725306005224,0.9381488175117136,23.109374999999982,0.6745837960776384,0.836875,604,799,0.8717447916666666,xlsr_linear
runs_fine,xlsr_linear_asv19_attack_fine,asvspoof2019_la,pgd,45.0,-45.0,47.644229213538054,0.996875,0.0005531249999999,1.0,5.771991498736547,0.956875,0.9444178368540388,0.966847017277848,23.921874999999982,0.746225553187426,0.92,736,800,0.9583333333333334,xlsr_linear
runs_fine,xlsr_linear_asv21_attack,asvspoof2021_la,fgsm,40.0,-40.0,37.39093225810027,0.363125,0.672853125,1.0,1.0153777565653836,0.20875,0.187497851274313,0.2313109792279486,1.352226720647773,0.2148806132728426,0.360625,615,95,0.3843311160384331,xlsr_linear
runs_fine,xlsr_linear_asv21_attack,asvspoof2021_la,fgsm,30.0,-30.0,28.427508475917353,0.41,0.60908125,1.0,1.060149473753258,0.255625,0.2306214842017694,0.2799878115309369,1.655870445344129,0.289331321919276,0.433125,717,45,0.4464153732446415,xlsr_linear
runs_fine,xlsr_linear_asv21_attack,asvspoof2021_la,fgsm,20.0,-20.0,19.259000314513205,0.4237499999999999,0.56339375,1.0,1.115253386843134,0.2693749999999999,0.2449897520320056,0.2987590294643324,1.7449392712550598,0.3149727729303611,0.445,718,51,0.4560236511456023,xlsr_linear
runs_fine,xlsr_linear_asv21_attack,asvspoof2021_la,fgsm,10.0,-10.0,9.770709652924555,0.43625,0.5625578124999999,0.9975,1.1198473972776752,0.281875,0.2550007491784111,0.3099883144627189,1.8259109311740884,0.2649799152081788,0.401875,612,116,0.4153732446415373,xlsr_linear
runs_fine,xlsr_linear_asv21_attack,asvspoof2021_la,pgd,40.0,-40.0,40.10652013165003,1.0,0.0,1.0,7.40739568420647,0.845625,0.8281098646850449,0.862479837776932,5.477732793522265,0.6756115539861298,0.845625,800,800,1.0,xlsr_linear
runs_fine,xlsr_linear_asv21_attack,asvspoof2021_la,pgd,30.0,-30.0,31.445063202358288,1.0,0.0,1.0,9.351473876132133,0.845625,0.8281098646850449,0.862479837776932,5.477732793522265,0.7163262686425683,0.845625,800,800,1.0,xlsr_linear
runs_fine,xlsr_linear_asv21_attack,asvspoof2021_la,pgd,20.0,-20.0,22.553393982038997,1.0,0.0,1.0,12.948098113929342,0.845625,0.8281098646850449,0.862479837776932,5.477732793522265,0.7227061210900341,0.845625,800,800,1.0,xlsr_linear
runs_fine,xlsr_linear_asv21_attack,asvspoof2021_la,pgd,10.0,-10.0,13.308262670495854,1.0,0.0,1.0,15.334464846161286,0.845625,0.8281098646850449,0.862479837776932,5.477732793522265,0.7233325660127364,0.845625,800,800,1.0,xlsr_linear
runs_fine,xlsr_linear_asv21_attack,asvspoof2021_la,pgd_l2,40.0,-40.0,38.98874895221692,0.880625,0.0570875,1.0,4.273148671430291,0.72625,0.7068798976539278,0.7512506006015414,4.704453441295545,0.5288774913180372,0.7325,704,711,0.8647450110864745,xlsr_linear
runs_fine,xlsr_linear_asv21_attack,asvspoof2021_la,pgd_l2,30.0,-30.0,30.136744474967585,0.9325,0.01380625,1.0,6.096664535845532,0.778125,0.757449372554545,0.7975760906182414,5.040485829959513,0.6205016031553368,0.779375,738,750,0.9194382852919438,xlsr_linear
runs_fine,xlsr_linear_asv21_attack,asvspoof2021_la,pgd_l2,20.0,-20.0,21.06684355079527,0.96875,0.00205625,1.0,8.67176083573656,0.814375,0.7956198982380069,0.8318741792493977,5.275303643724695,0.6769763162936789,0.815,781,770,0.9637841832963784,xlsr_linear
runs_fine,xlsr_linear_asv21_attack,asvspoof2021_la,pgd_l2,10.0,-10.0,11.687710707564056,0.999375,4.6874999999999e-06,1.0,10.997237679312551,0.845,0.8262561197086228,0.8618790798437344,5.473684210526314,0.708900074760181,0.843125,797,799,0.9970436067997044,xlsr_linear
runs_fine,xlsr_linear_itw_attack,in_the_wild,fgsm,40.0,-40.0,40.012899629921634,0.7675,0.144103125,1.0,2.397889960111981,0.495,0.47468219116279,0.5115611457402417,1.81651376146789,0.1832054759375753,0.488125,1428,962,0.6615120274914089,xlsr_linear
runs_fine,xlsr_linear_itw_attack,in_the_wild,fgsm,30.0,-30.0,30.013409731716557,0.771875,0.135565625,1.0,2.2349369106209966,0.499375,0.48281185261233,0.5181264661840923,1.83256880733945,0.2407936591796114,0.473125,1538,668,0.6116838487972509,xlsr_linear
runs_fine,xlsr_linear_itw_attack,in_the_wild,fgsm,20.0,-20.0,20.013461442261153,0.711875,0.199653125,1.0,1.8413352369458835,0.439375,0.4231249582880069,0.4606257107754173,1.6123853211009178,0.26498044298279,0.466875,1558,340,0.5412371134020618,xlsr_linear
runs_fine,xlsr_linear_itw_attack,in_the_wild,fgsm,10.0,-10.0,10.013467088740825,0.615,0.329959375,1.0,1.5444610198210462,0.3425,0.3240518068681872,0.3634689392212653,1.2568807339449544,0.248022664026098,0.476875,1524,210,0.5128865979381443,xlsr_linear
runs_fine,xlsr_linear_itw_attack,in_the_wild,pgd,40.0,-40.0,42.61690189631872,1.0,0.0,1.0,6.855045294665215,0.7275,0.7069352504368409,0.7440011756511348,2.6697247706422025,0.3931165164197355,0.7236734693877551,850,1596,0.9977490151941476,xlsr_linear
runs_fine,xlsr_linear_itw_attack,in_the_wild,pgd,30.0,-30.0,33.18680725289139,1.0,0.0,1.0,9.960765148614806,0.7275,0.7069352504368409,0.7440011756511348,2.6697247706422025,0.445552601512801,0.7253061224489796,850,1600,1.0,xlsr_linear
runs_fine,xlsr_linear_itw_attack,in_the_wild,pgd,20.0,-20.0,23.522626470931947,1.0,0.0,1.0,12.678867443020955,0.7275,0.7069352504368409,0.7440011756511348,2.6697247706422025,0.4521404555510787,0.7253061224489796,850,1600,1.0,xlsr_linear
runs_fine,xlsr_linear_itw_attack,in_the_wild,pgd,10.0,-10.0,13.71081587129505,1.0,0.0,1.0,15.111146021356202,0.7275,0.7069352504368409,0.7440011756511348,2.6697247706422025,0.4528036698747661,0.7253061224489796,850,1600,1.0,xlsr_linear
runs_fine,xlsr_linear_itw_attack,in_the_wild,pgd_l2,40.0,-40.0,41.5421871035617,0.991875,0.0004015624999999,1.0,5.173449899612995,0.7193750000000001,0.6974695382040084,0.7412481177323064,2.6399082568807346,0.4110916973771559,0.7125,796,780,0.979381443298969,xlsr_linear
runs_fine,xlsr_linear_itw_attack,in_the_wild,pgd_l2,30.0,-30.0,31.77261470796515,1.0,0.0,1.0,7.128193871932572,0.7275,0.7068751918868851,0.75,2.6697247706422025,0.5179244973033957,0.72625,800,798,0.9982817869415808,xlsr_linear
runs_fine,xlsr_linear_itw_attack,in_the_wild,pgd_l2,20.0,-20.0,21.893790527508983,1.0,0.0,1.0,9.734877601431126,0.7275,0.7068751918868851,0.75,2.6697247706422025,0.5547609513230078,0.7275,800,800,1.0,xlsr_linear
runs_fine,xlsr_linear_itw_attack,in_the_wild,pgd_l2,10.0,-10.0,11.954496832109044,1.0,0.0,1.0,12.215679198183116,0.7275,0.7068751918868851,0.75,2.6697247706422025,0.5608155391398102,0.7275,800,800,1.0,xlsr_linear
runs_fine,xlsr_mamba_asv19_attack_fine,asvspoof2019_la,fgsm,70.0,-70.0,70.00590257504693,0.00875,0.999675,0.0212499999999999,0.0756922122437428,0.006875,0.0019077562201932,0.0112595568101686,3.666666666666742,0.0091463633767625,0.00875,15,2,0.0087664370695053,xlsr_mamba
runs_fine,xlsr_mamba_asv19_attack_fine,asvspoof2019_la,fgsm,65.0,-65.0,65.01048707434414,0.015,0.998915625,0.045,0.1212847977339342,0.013125,0.0062516215196893,0.0180863100679972,7.000000000000116,0.0193657630004812,0.013125,18,6,0.0131496556042579,xlsr_mamba
runs_fine,xlsr_mamba_asv19_attack_fine,asvspoof2019_la,fgsm,60.0,-60.0,60.0124240577393,0.02,0.996740625,0.0899999999999999,0.2137011441369618,0.018125,0.0112534463679501,0.0249847585065876,9.666666666666822,0.0355878053100851,0.025625,38,6,0.0256731371321227,xlsr_mamba
runs_fine,xlsr_mamba_asv19_attack_fine,asvspoof2019_la,fgsm,55.0,-55.0,55.01315381905884,0.035,0.9910609375,0.1399999999999999,0.3599028534414824,0.033125,0.0243366663242812,0.0425571068489727,17.66666666666694,0.0553145655666211,0.044375,63,11,0.0444583594239198,xlsr_mamba
runs_fine,xlsr_mamba_asv19_attack_fine,asvspoof2019_la,fgsm,50.0,-50.0,50.01340345860637,0.060625,0.9801671875,0.16875,0.5296678736038034,0.05875,0.0468649966242211,0.0700035996880843,31.333333333333805,0.0736219808799921,0.061875,91,11,0.0619912335629304,xlsr_mamba
runs_fine,xlsr_mamba_asv19_attack_fine,asvspoof2019_la,fgsm,45.0,-45.0,45.01348539329376,0.083125,0.966496875,0.2225,0.6785034573166427,0.08125,0.0669210598411021,0.0956605184276862,43.33333333333396,0.0910538379256454,0.073125,109,11,0.0732623669380087,xlsr_mamba
runs_fine,xlsr_mamba_asv19_attack_fine,asvspoof2019_la,pgd,70.0,-70.0,70.41227311383814,0.010625,0.99928125,0.0537499999999999,0.0927363573508261,0.00875,0.0043749429435335,0.0156212284287154,4.666666666666749,0.0138483637050158,0.01,15,4,0.0100187852222917,xlsr_mamba
runs_fine,xlsr_mamba_asv19_attack_fine,asvspoof2019_la,pgd,65.0,-65.0,65.61029402071297,0.025,0.9940109375,0.1925,0.2216284856776076,0.023125,0.0162512289997501,0.0312662586852967,12.333333333333528,0.0383031863864811,0.02875,36,13,0.0288040075140889,xlsr_mamba
runs_fine,xlsr_mamba_asv19_attack_fine,asvspoof2019_la,pgd,60.0,-60.0,60.92475504438975,0.088125,0.950740625,0.6087499999999999,0.6046840265469767,0.08625,0.0731237218407194,0.1024893501834181,46.00000000000067,0.0932285213439061,0.085,88,51,0.0851596743894802,xlsr_mamba
runs_fine,xlsr_mamba_asv19_attack_fine,asvspoof2019_la,pgd,55.0,-55.0,56.35401939758065,0.2075,0.7909875,0.99625,1.5153585272780477,0.205625,0.1843867896544746,0.2262342967900769,109.66666666666823,0.2131222285386788,0.21,154,185,0.2103944896681277,xlsr_mamba
runs_fine,xlsr_mamba_asv19_attack_fine,asvspoof2019_la,pgd,50.0,-50.0,51.86161002976705,0.4125,0.4984062499999999,1.0,3.2924520332045697,0.410625,0.3887577193461315,0.4362480343699979,219.0000000000031,0.4236102468092896,0.404375,241,409,0.4051346274264245,xlsr_mamba
runs_fine,xlsr_mamba_asv19_attack_fine,asvspoof2019_la,pgd,45.0,-45.0,47.36775763506357,0.70625,0.1951281249999999,1.0,5.820071047630341,0.7043750000000001,0.6774617206407041,0.7313126066499765,375.666666666672,0.6518518985597928,0.59,330,617,0.5911083281152161,xlsr_mamba
runs_fine,xlsr_mamba_asv21_attack,asvspoof2021_la,fgsm,40.0,-40.0,37.390932237195905,0.1925,0.8165140624999999,0.99875,1.352586442247284,0.1375,0.1268803235758159,0.1712586839033471,2.5,0.1469960721491838,0.29875,441,125,0.3161375661375661,xlsr_mamba
runs_fine,xlsr_mamba_asv21_attack,asvspoof2021_la,fgsm,30.0,-30.0,28.427508869002448,0.1887499999999999,0.82305,0.99875,1.113661067357352,0.1337499999999999,0.1174284772180439,0.1556154204227789,2.431818181818181,0.1541916633544244,0.383125,613,86,0.4047619047619047,xlsr_mamba
runs_fine,xlsr_mamba_asv21_attack,asvspoof2021_la,fgsm,20.0,-20.0,19.259000728737984,0.2093749999999999,0.8243062499999998,0.995,0.9089109597132594,0.1543749999999999,0.13812484191277,0.1799808128246277,2.806818181818181,0.1895779020267284,0.405625,668,47,0.421957671957672,xlsr_mamba
runs_fine,xlsr_mamba_asv21_attack,asvspoof2021_la,fgsm,10.0,-10.0,9.770713494090709,0.21,0.8253453125000001,0.985,0.849523887357495,0.1549999999999999,0.1387470927473576,0.1812846914163312,2.8181818181818175,0.2293118191753827,0.426875,693,26,0.4345238095238095,xlsr_mamba
runs_fine,xlsr_mamba_asv21_attack,asvspoof2021_la,pgd,40.0,-40.0,39.97668950302771,0.98375,0.0080249999999999,1.0,8.752862106498805,0.92875,0.9118475328714694,0.9406330593864068,16.886363636363633,0.8020534564282923,0.930625,796,781,0.9847883597883598,xlsr_mamba
runs_fine,xlsr_mamba_asv21_attack,asvspoof2021_la,pgd,30.0,-30.0,31.545682328468345,1.0,0.0,1.0,9.769088808014711,0.945,0.9350164685607076,0.9581271528533968,17.18181818181818,0.8941885057483941,0.94375,800,798,0.9986772486772488,xlsr_mamba
runs_fine,xlsr_mamba_asv21_attack,asvspoof2021_la,pgd,20.0,-20.0,22.69969548384667,1.0,0.0,1.0,10.134168475135311,0.945,0.9350164685607076,0.9581271528533968,17.18181818181818,0.9273464075404856,0.945,800,800,1.0,xlsr_mamba
runs_fine,xlsr_mamba_asv21_attack,asvspoof2021_la,pgd,10.0,-10.0,13.439166516438704,1.0,0.0,1.0,10.41221466379784,0.945,0.9350164685607076,0.9581271528533968,17.18181818181818,0.9383490895008522,0.945,800,800,1.0,xlsr_mamba
runs_fine,xlsr_mamba_asv21_attack,asvspoof2021_la,pgd_l2,40.0,-40.0,38.72469999421744,0.86625,0.1102484374999999,1.0,7.215666915530031,0.8112499999999999,0.7930968827438611,0.8349740196616925,14.749999999999996,0.6731171247787024,0.815,706,686,0.8624338624338624,xlsr_mamba
runs_fine,xlsr_mamba_asv21_attack,asvspoof2021_la,pgd_l2,30.0,-30.0,30.14890340940168,0.931875,0.0411671875,1.0,8.515181954507096,0.876875,0.8650106321939143,0.8993935270735937,15.943181818181817,0.8129599953297935,0.8775,743,749,0.9285714285714286,xlsr_mamba
runs_fine,xlsr_mamba_asv21_attack,asvspoof2021_la,pgd_l2,20.0,-20.0,21.141530784410502,0.980625,0.0063531249999999,1.0,9.403096484667936,0.925625,0.9149974297624732,0.9418035150971592,16.82954545454545,0.8928819805037537,0.928125,790,783,0.9821428571428572,xlsr_mamba
runs_fine,xlsr_mamba_asv21_attack,asvspoof2021_la,pgd_l2,10.0,-10.0,11.759451950801148,0.99875,0.0001328124999999,1.0,9.779807204975269,0.94375,0.9324611282195312,0.9562550367679564,17.159090909090907,0.927299985594986,0.94375,800,798,0.9986772486772488,xlsr_mamba
runs_fine,xlsr_mamba_itw_attack,in_the_wild,fgsm,40.0,-40.0,40.012899680909,0.5449999999999999,0.4005359375,1.0,4.411810414638622,0.4768749999999999,0.4512187888144693,0.5012502838537074,6.999999999999998,0.2598618792684611,0.47125,528,335,0.505700871898055,xlsr_mamba
runs_fine,xlsr_mamba_itw_attack,in_the_wild,fgsm,30.0,-30.0,30.013409858325073,0.675625,0.253275,1.0,4.330648497310335,0.6075,0.5812518603943185,0.6281087826463733,8.917431192660551,0.2973610328986954,0.540625,693,279,0.579476861167002,xlsr_mamba
runs_fine,xlsr_mamba_itw_attack,in_the_wild,fgsm,20.0,-20.0,20.013461555018768,0.7112499999999999,0.2224578125,1.0,3.366958922675299,0.643125,0.6168744727118824,0.6668810397444473,9.440366972477063,0.2809071147309901,0.499375,756,142,0.5325285043594903,xlsr_mamba
runs_fine,xlsr_mamba_itw_attack,in_the_wild,fgsm,10.0,-10.0,10.013467317289637,0.6625,0.2933,1.0,2.653891167608049,0.594375,0.5674811921860705,0.6174880870499013,8.724770642201834,0.2486822498484059,0.489375,785,55,0.5077129443326627,xlsr_mamba
runs_fine,xlsr_mamba_itw_attack,in_the_wild,pgd,40.0,-40.0,42.28736672095572,0.97625,0.0020562499999999,1.0,10.090078268645492,0.908125,0.8931299545197148,0.9224779693767876,13.330275229357795,0.6077346333062045,0.909375,779,785,0.9758551307847082,xlsr_mamba
runs_fine,xlsr_mamba_itw_attack,in_the_wild,pgd,30.0,-30.0,33.26644646965899,0.998125,3.281249999999944e-05,1.0,11.726919814353131,0.93,0.9162524308925448,0.940624165037758,13.65137614678899,0.6765817867728278,0.93,800,797,0.9979879275653925,xlsr_mamba
runs_fine,xlsr_mamba_itw_attack,in_the_wild,pgd,20.0,-20.0,23.67416849726602,1.0,0.0,1.0,11.80504237516962,0.931875,0.9193761005893044,0.9431543196701518,13.678899082568806,0.6801926246354949,0.93125,800,799,0.999329309188464,xlsr_mamba
runs_fine,xlsr_mamba_itw_attack,in_the_wild,pgd,10.0,-10.0,13.830125396671145,1.0,0.0,1.0,11.589831604180135,0.931875,0.9193761005893044,0.9431543196701518,13.678899082568806,0.6805188566003395,0.93125,800,799,0.999329309188464,xlsr_mamba
runs_fine,xlsr_mamba_itw_attack,in_the_wild,pgd_l2,40.0,-40.0,40.846873893694806,0.98625,0.0013593749999999,1.0,10.314442043500216,0.918125,0.9037503812810608,0.9300046692328676,13.477064220183484,0.6247958768127054,0.915625,790,784,0.9825620389000672,xlsr_mamba
runs_fine,xlsr_mamba_itw_attack,in_the_wild,pgd_l2,30.0,-30.0,31.79196018376943,0.99875,6.250000000000006e-06,1.0,11.512546532766711,0.930625,0.9175045436425292,0.9419016425830208,13.660550458715596,0.6771383125609174,0.929375,799,797,0.9973172367538564,xlsr_mamba
runs_fine,xlsr_mamba_itw_attack,in_the_wild,pgd_l2,20.0,-20.0,22.129100742448216,1.0,0.0,1.0,11.536666912648151,0.931875,0.9193761005893044,0.9431543196701518,13.678899082568806,0.6800018412701712,0.93125,800,799,0.999329309188464,xlsr_mamba
runs_fine,xlsr_mamba_itw_attack,in_the_wild,pgd_l2,10.0,-10.0,12.142509403651845,1.0,0.0,1.0,11.301105882710084,0.931875,0.9193761005893044,0.9431543196701518,13.678899082568806,0.6802050097032154,0.93125,800,799,0.999329309188464,xlsr_mamba
runs_probes,hubert_linear_itw_attack,in_the_wild,pgd,20.0,-20.0,23.451713071623153,1.0,0.0,1.0,18.65815953144408,0.764375,0.7431272693999542,0.7862817456633752,3.244031830238727,0.5468634194297377,0.763125,800,798,0.9983646770237122,hubert_linear
runs_probes,hubert_mlp_itw_attack,in_the_wild,pgd,20.0,-20.0,23.474385491663867,1.0,0.0,1.0,19.91388460964824,0.790625,0.770553447850631,0.8099883456994328,3.776119402985075,0.55888635732006,0.7875,800,795,0.9960474308300395,hubert_mlp
runs_probes,w2v2lv60_linear_itw_attack,in_the_wild,pgd,20.0,-20.0,23.77575507221928,0.99875,1.5624999999999668e-06,1.0,2.7957020135762627,0.5725,0.548728243337022,0.5974954175338159,1.343108504398827,0.3684365783005935,0.57125,794,800,0.994553376906318,w2v2lv60_linear
runs_probes,w2v2lv60_mlp_itw_attack,in_the_wild,pgd,20.0,-20.0,23.779345836338944,0.999375,3.1249999999999337e-06,1.0,2.3574543581642917,0.571875,0.548703152822194,0.5950162533870995,1.337719298245614,0.3207529146949091,0.57,792,800,0.9934497816593888,w2v2lv60_mlp
runs_probes,wavlmbase_linear_itw_attack,in_the_wild,pgd,20.0,-20.0,23.56871245188269,0.998125,2.8124999999999545e-05,1.0,13.998743617963392,0.7256250000000001,0.7012256893620734,0.746893691400942,2.662844036697248,0.5420687728167455,0.725625,799,796,0.9965635738831616,wavlmbase_linear
runs_probes,wavlmbase_mlp_itw_attack,in_the_wild,pgd,20.0,-20.0,23.579758771146302,0.99875,1.2499999999999736e-05,1.0,19.82591050544996,0.7375,0.7162476300959545,0.7581349320515907,2.822966507177034,0.5677845803973662,0.73875,800,798,0.9991539763113368,wavlmbase_mlp
runs_seeds,nes2net_to_probes,asvspoof2019_la,pgd,20.0,-20.0,23.585691557933732,1.0,0.0,1.0,8.696563031143924,0.855,0.7948872785829307,0.905,5.896551724137931,0.5881080882381425,0.855,100,100,1.0,nes2net
runs_seeds,ssl_aasist_to_probes,asvspoof2019_la,pgd,20.0,-20.0,23.45737725293875,1.0,0.0,1.0,19.083898520932554,1.0,1.0,1.0,,0.9931178655080452,0.995,99,100,0.995,ssl_aasist
runs_seeds,wavlm_linear_s2_threshold,asvspoof2019_la,pgd_restarts,65.0,-65.0,65.60379453743852,0.4649999999999999,0.5568,0.93,2.007430183251111,0.4449999999999999,0.3543734436725836,0.4993414370952919,22.249999999999982,0.4018717648017987,0.47,25,73,0.4795918367346938,wavlm_linear_s2
runs_seeds,wavlm_linear_s2_threshold,asvspoof2019_la,pgd_restarts,60.0,-60.0,60.86042064004826,0.74,0.1962,1.0,4.61571955374197,0.72,0.6555958132045089,0.7857095410628019,35.99999999999998,0.6349661996813653,0.705,51,94,0.7193877551020408,wavlm_linear_s2
runs_seeds,wavlm_linear_s2_transfer,asvspoof2019_la,pgd,20.0,-20.0,23.549655266374273,1.0,0.0,1.0,18.466923398409953,0.98,0.9460360817512938,0.9956521739130436,48.99999999999997,0.925420618973244,0.98,100,100,1.0,wavlm_linear_s2
runs_seeds,wavlm_linear_s3_threshold,asvspoof2019_la,pgd_restarts,65.0,-65.0,65.59804736048605,0.4549999999999999,0.5465,0.93,2.1038899722911606,0.4349999999999999,0.3599311911983515,0.499445840031862,21.749999999999982,0.4078425505756575,0.475,27,72,0.4846938775510204,wavlm_linear_s3
runs_seeds,wavlm_linear_s3_threshold,asvspoof2019_la,pgd_restarts,60.0,-60.0,60.86424826139326,0.74,0.193,1.0,4.685446744759819,0.72,0.6610064810828908,0.7899750388572693,35.99999999999998,0.6352476341259148,0.695,52,91,0.7091836734693877,wavlm_linear_s3
runs_seeds,wavlm_linear_s3_transfer,asvspoof2019_la,pgd,20.0,-20.0,23.55227660136497,1.0,0.0,1.0,18.399600488362942,0.98,0.9450799865937756,0.9956531109445278,48.99999999999997,0.9244028228837522,0.98,100,100,1.0,wavlm_linear_s3
runs_seeds,wavlm_linear_s4_threshold,asvspoof2019_la,pgd_restarts,65.0,-65.0,65.59676395561237,0.4499999999999999,0.5623,0.93,1.9989435930451016,0.4299999999999999,0.3400963285567643,0.4849656968050378,21.499999999999982,0.3993162608429041,0.47,25,73,0.4795918367346938,wavlm_linear_s4
runs_seeds,wavlm_linear_s4_threshold,asvspoof2019_la,pgd_restarts,60.0,-60.0,60.87119721414169,0.74,0.1921,1.0,4.669007865372142,0.72,0.6599324272988014,0.7899777058926386,35.99999999999998,0.6367217427503856,0.7,52,92,0.7142857142857143,wavlm_linear_s4
runs_seeds,wavlm_linear_s4_transfer,asvspoof2019_la,pgd,20.0,-20.0,23.539263410458343,1.0,0.0,1.0,18.47387691307171,0.98,0.9456894821356884,0.9956531109445278,48.99999999999997,0.9255646228286724,0.98,100,100,1.0,wavlm_linear_s4
runs_seeds,wavlm_linear_transfer,asvspoof2019_la,pgd,20.0,-20.0,23.544492896118935,1.0,0.0,1.0,18.50520624382114,0.98,0.9448811380693404,0.9956531109445278,48.99999999999997,0.923835195996754,0.98,100,100,1.0,wavlm_linear
runs_seeds,xlsr_linear_s2_threshold,asvspoof2019_la,pgd_restarts,70.0,-70.0,70.8628545569343,0.35,0.6896999999999999,0.93,0.9619875954372584,0.3149999999999999,0.2600253525352535,0.3952064953696422,8.999999999999995,0.2495222100617806,0.35,22,55,0.3626943005181347,xlsr_linear_s2
runs_seeds,xlsr_linear_s2_threshold,asvspoof2019_la,pgd_restarts,65.0,-65.0,66.06965952348264,0.5650000000000001,0.3828,1.0,1.5464316835573344,0.53,0.4551122911204163,0.6050798761897372,15.142857142857135,0.3845456787140098,0.565,33,87,0.5854922279792746,xlsr_linear_s2
runs_seeds,xlsr_linear_s2_transfer,asvspoof2019_la,pgd,20.0,-20.0,23.533420297872155,1.0,0.0,1.0,12.661840779541002,0.965,0.9399998499849984,0.9946250857927248,27.57142857142856,0.8295272494626065,0.965,100,100,1.0,xlsr_linear_s2
runs_seeds,xlsr_linear_s3_threshold,asvspoof2019_la,pgd_restarts,70.0,-70.0,70.86963758337787,0.35,0.6946000000000001,0.93,0.9596195548605908,0.3149999999999999,0.2550496940500955,0.390039304951414,8.999999999999995,0.2510697817068513,0.345,22,54,0.3575129533678756,xlsr_linear_s3
runs_seeds,xlsr_linear_s3_threshold,asvspoof2019_la,pgd_restarts,65.0,-65.0,66.04437253369743,0.555,0.3885,1.0,1.55171598281571,0.52,0.4450760804321728,0.5950421517462866,14.85714285714285,0.3839592968125785,0.57,33,88,0.5906735751295337,xlsr_linear_s3
runs_seeds,xlsr_linear_s3_transfer,asvspoof2019_la,pgd,20.0,-20.0,23.52885738074924,1.0,0.0,1.0,12.919380285228373,0.965,0.94,0.9945666783543712,27.57142857142856,0.8317039901939295,0.965,100,100,1.0,xlsr_linear_s3
runs_seeds,xlsr_linear_s4_threshold,asvspoof2019_la,pgd_restarts,70.0,-70.0,70.88481230191792,0.3349999999999999,0.7030000000000001,0.93,0.9592752424812012,0.2999999999999999,0.2446896905683774,0.3748906672760847,8.571428571428566,0.250155890811344,0.345,22,54,0.3575129533678756,xlsr_linear_s4
runs_seeds,xlsr_linear_s4_threshold,asvspoof2019_la,pgd_restarts,65.0,-65.0,66.04151119866198,0.565,0.3981,1.0,1.5537124906396391,0.5299999999999999,0.4501004640153703,0.5957472019462371,15.142857142857132,0.3813989321430421,0.56,33,86,0.5803108808290155,xlsr_linear_s4
runs_seeds,xlsr_linear_s4_transfer,asvspoof2019_la,pgd,20.0,-20.0,23.534873284374054,1.0,0.0,1.0,12.80630489721278,0.965,0.94,0.9946250857927248,27.57142857142856,0.8322156843613527,0.965,100,100,1.0,xlsr_linear_s4
runs_seeds,xlsr_linear_transfer,asvspoof2019_la,pgd,20.0,-20.0,23.537749252434345,1.0,0.0,1.0,12.74135016047513,0.965,0.94,0.9945666783543712,27.57142857142856,0.8309393059073231,0.965,100,100,1.0,xlsr_linear
runs_spectrafix,spectra_asv19_attack_fine,asvspoof2019_la,fgsm,70.0,-70.0,70.00590136351244,0.17625,0.8282953125,1.0,1.3067212057391582,0.169375,0.1475084031185128,0.1918794411643889,24.63636363636368,0.1470763150825284,0.153125,106,148,0.1535556954059156,spectra_aasist3
runs_spectrafix,spectra_asv19_attack_fine,asvspoof2019_la,fgsm,65.0,-65.0,65.0104847085251,0.20125,0.7982687499999999,1.0,1.490353517206429,0.194375,0.1681388248081277,0.2218758759918567,28.272727272727327,0.1586383083022473,0.16375,104,167,0.1642542479546885,spectra_aasist3
runs_spectrafix,spectra_asv19_attack_fine,asvspoof2019_la,fgsm,60.0,-60.0,60.01242126389221,0.195625,0.807109375,1.0,1.4937592158242616,0.18875,0.1593079350744368,0.2068993155554106,27.4545454545455,0.1555625986623208,0.155,100,157,0.1554436752674638,spectra_aasist3
runs_spectrafix,spectra_asv19_attack_fine,asvspoof2019_la,fgsm,55.0,-55.0,55.01315071185259,0.151875,0.8504609375000001,1.0,1.210621880622791,0.145,0.1231084688297548,0.1693952391517175,21.09090909090913,0.1366476618829893,0.12125,72,129,0.1208307111390811,spectra_aasist3
runs_spectrafix,spectra_asv19_attack_fine,asvspoof2019_la,fgsm,50.0,-50.0,50.01340017004219,0.13,0.87328125,1.0,1.1022908137840006,0.123125,0.0993907683749136,0.1424945612762871,17.90909090909094,0.1303652188088798,0.103125,55,115,0.1019509125235997,spectra_aasist3
runs_spectrafix,spectra_asv19_attack_fine,asvspoof2019_la,fgsm,45.0,-45.0,45.01348215508448,0.19125,0.8121484375,1.0,1.4766609863837568,0.184375,0.1556117029369565,0.2062489416237423,26.818181818181863,0.1702201922266063,0.1325,46,169,0.1308999370673379,spectra_aasist3
runs_spectrafix,spectra_asv19_attack_fine,asvspoof2019_la,pgd,70.0,-70.0,71.96806739648792,0.69875,0.272065625,1.0,4.971483294748857,0.691875,0.6612544942038248,0.7193752996544208,100.6363636363638,0.491218956183177,0.621875,439,567,0.6261799874134676,spectra_aasist3
runs_spectrafix,spectra_asv19_attack_fine,asvspoof2019_la,pgd,65.0,-65.0,67.33129220071395,0.6756249999999999,0.2961890625,1.0,4.874011287224519,0.66875,0.634949297571161,0.6968669289133554,97.27272727272742,0.5085960977009716,0.69875,592,535,0.7029578351164254,spectra_aasist3
runs_spectrafix,spectra_asv19_attack_fine,asvspoof2019_la,pgd,60.0,-60.0,62.64924680057528,0.638125,0.3264828124999999,1.0,4.750143242618426,0.6312500000000001,0.6007047770878978,0.6681238129171179,91.81818181818198,0.5241843645679941,0.76125,723,506,0.7665198237885462,spectra_aasist3
runs_spectrafix,spectra_asv19_attack_fine,asvspoof2019_la,pgd,55.0,-55.0,57.92708903597477,0.656875,0.3119640625,1.0,4.755459185051869,0.65,0.6149852758696056,0.6762729562966874,94.5454545454547,0.5584619360277759,0.788125,776,496,0.7935808684707363,spectra_aasist3
runs_spectrafix,spectra_asv19_attack_fine,asvspoof2019_la,pgd,50.0,-50.0,53.14566637153666,0.621875,0.3272296875,1.0,4.923086771087006,0.615,0.5974842208465024,0.6619314578552812,89.4545454545456,0.5754526943286169,0.794375,797,485,0.7998741346758967,spectra_aasist3
runs_spectrafix,spectra_asv19_attack_fine,asvspoof2019_la,pgd,45.0,-45.0,48.31879423206101,0.6675,0.3115953125,1.0,5.110814670679458,0.660625,0.6112522434179757,0.6800002578319497,96.09090909090924,0.6013269126157342,0.789375,799,471,0.7935808684707363,spectra_aasist3
runs_spectrafix,spectra_asv19_attack_matrix,asvspoof2019_la,fgsm,40.0,-40.0,40.01350912984693,0.266875,0.7384796875,1.0,1.925189303977089,0.26,0.2325054403379785,0.2868280346898844,37.81818181818189,0.2159187921288531,0.17875,43,246,0.1774701069855254,spectra_aasist3
runs_spectrafix,spectra_asv19_attack_matrix,asvspoof2019_la,fgsm,30.0,-30.0,30.013525236380104,0.235625,0.7843593750000002,1.0,1.8233229779814275,0.22875,0.1899684501228656,0.2450045315637075,33.27272727272733,0.227278339611704,0.163125,38,228,0.1623662680931403,spectra_aasist3
runs_spectrafix,spectra_asv19_attack_matrix,asvspoof2019_la,fgsm,20.0,-20.0,20.01354400121069,0.059375,0.938690625,0.9725,0.7235879360580552,0.0525,0.0399606787714716,0.0662530845445996,7.636363636363654,0.1309130713541068,0.069375,41,71,0.066708621774701,spectra_aasist3
runs_spectrafix,spectra_asv19_attack_matrix,asvspoof2019_la,fgsm,10.0,-10.0,10.013624894079124,0.0537499999999999,0.981234375,0.255,0.2889139539480058,0.0468749999999999,0.0337389420541045,0.0575413018185399,6.818181818181827,0.0786239732113897,0.095,145,6,0.0918816865953429,spectra_aasist3
runs_spectrafix,spectra_asv19_attack_matrix,asvspoof2019_la,pgd,40.0,-40.0,43.43313889149682,0.74125,0.2173703125,1.0,5.9530006791617485,0.734375,0.7118845022309682,0.7668889446571031,106.818181818182,0.6701292279997304,0.84,800,553,0.8451856513530522,spectra_aasist3
runs_spectrafix,spectra_asv19_attack_matrix,asvspoof2019_la,pgd,30.0,-30.0,33.61139739902043,0.86375,0.1044828125,1.0,6.610467478561111,0.856875,0.8337562137038084,0.8731378369704749,124.63636363636384,0.7482212528544797,0.85875,799,586,0.8646947765890497,spectra_aasist3
runs_spectrafix,spectra_asv19_attack_matrix,asvspoof2019_la,pgd,20.0,-20.0,23.73648473408413,0.94375,0.0447874999999999,1.0,7.399760738616317,0.936875,0.9144599684509632,0.9462359037186332,136.2727272727275,0.8025026298971263,0.903125,800,656,0.9093769666456892,spectra_aasist3
runs_spectrafix,spectra_asv19_attack_matrix,asvspoof2019_la,pgd,10.0,-10.0,13.82606377213937,0.915,0.0563718749999999,1.0,7.960074684112,0.908125,0.8869396011812268,0.924375,132.09090909090932,0.8071133886940342,0.87625,800,607,0.880427942101951,spectra_aasist3
runs_spectrafix,spectra_asv19_attack_matrix,asvspoof2019_la,pgd_l2,40.0,-40.0,41.966006937506336,0.76125,0.2019359375,1.0,5.478871384866051,0.754375,0.7275242517992144,0.7781176682068315,109.7272727272729,0.6543631465034736,0.83,799,538,0.8351164254247955,spectra_aasist3
runs_spectrafix,spectra_asv19_attack_matrix,asvspoof2019_la,pgd_l2,30.0,-30.0,31.9921484367903,0.8812500000000001,0.08476875,1.0,6.3066200180991405,0.8743750000000001,0.8561969707106493,0.8943670098302702,127.1818181818184,0.7452015342518038,0.861875,799,591,0.8678414096916299,spectra_aasist3
runs_spectrafix,spectra_asv19_attack_matrix,asvspoof2019_la,pgd_l2,20.0,-20.0,22.05201660566067,0.93875,0.0341046874999999,1.0,7.17149551579059,0.931875,0.9137649265307604,0.9437905149866298,135.54545454545476,0.7969716683666239,0.90125,799,646,0.9049716803020768,spectra_aasist3
runs_spectrafix,spectra_asv19_attack_matrix,asvspoof2019_la,pgd_l2,10.0,-10.0,12.085780666718788,0.935625,0.0411343749999999,1.0,7.357933033268321,0.92875,0.910644910284473,0.9443213959156992,135.09090909090932,0.7957896696632716,0.9,800,647,0.9049716803020768,spectra_aasist3
runs_strength,aasist_asv19_strength,asvspoof2019_la,pgd,50.0,-50.0,51.387187266247984,0.145,0.9438,0.5800000000000001,1.2015778242707762,0.14,0.0714506224668635,0.175000187668902,28.000000000000004,0.1571238894845419,0.135,23,5,0.135678391959799,aasist
runs_strength,aasist_asv19_strength,asvspoof2019_la,pgd,45.0,-45.0,46.735864589777,0.41,0.6674,0.98,2.62715096217317,0.405,0.3201121794871795,0.4696747550694919,81.0,0.311698652294658,0.39,42,37,0.3919597989949748,aasist
runs_strength,aasist_asv19_strength,asvspoof2019_la,pgd_restarts,50.0,-50.0,51.13686659398097,0.18,0.9149,0.7000000000000001,1.3606493411470302,0.175,0.1097988189370433,0.2199227404711624,35.0,0.173006863665813,0.16,26,7,0.1608040201005025,aasist
runs_strength,aasist_asv19_strength,asvspoof2019_la,pgd_restarts,45.0,-45.0,46.43855127219416,0.505,0.503,1.0,3.627977818818974,0.5,0.4202706755050505,0.5750100010001,100.0,0.4289954127766915,0.5,46,55,0.5025125628140703,aasist
runs_strength,nes2net_v2_asv19_strength,asvspoof2019_la,pgd,50.0,-50.0,52.362552580565215,0.28,0.7354,1.0,2.892782860712664,0.28,0.2147834548492443,0.3400367590845623,,0.2948025944939438,0.305,21,40,0.305,nes2net_v2
runs_strength,nes2net_v2_asv19_strength,asvspoof2019_la,pgd,45.0,-45.0,47.73718842112956,0.42,0.4696,1.0,5.201540917752874,0.42,0.3547312528153233,0.5053240148242948,,0.4385408063031522,0.45,30,60,0.45,nes2net_v2
runs_strength,nes2net_v2_asv19_strength,asvspoof2019_la,pgd_restarts,50.0,-50.0,52.31944657504979,0.35,0.4728999999999999,1.0,5.422633661959498,0.35,0.3249179339530578,0.5200099959200326,,0.3930491248660427,0.42,26,58,0.42,nes2net_v2
runs_strength,nes2net_v2_asv19_strength,asvspoof2019_la,pgd_restarts,45.0,-45.0,47.84301699614277,0.8600000000000001,0.1393999999999999,1.0,10.338439469211426,0.8600000000000001,0.7148929075810944,0.8750375045011257,,0.5715466229171955,0.58,31,85,0.58,nes2net_v2
runs_strength,nes2net_v2_asv19_threshold,asvspoof2019_la,pgd,60.0,-60.0,61.58971102327812,0.0799999999999999,0.9848,0.17,0.4311710410006272,0.0799999999999999,0.040003900390039,0.125,,0.0695601734630267,0.085,8,9,0.085,nes2net_v2
runs_strength,nes2net_v2_asv19_threshold,asvspoof2019_la,pgd,55.0,-55.0,56.9472616960927,0.145,0.9072,1.0,1.2555786634708623,0.145,0.1051640545064678,0.2101609150392926,,0.1561810291455878,0.17,11,23,0.17,nes2net_v2
runs_strength,nes2net_v2_asv19_threshold,asvspoof2019_la,pgd_restarts,60.0,-60.0,61.51587961584501,0.0749999999999999,0.9787,0.18,0.5636333561502888,0.0749999999999999,0.0449978450448634,0.1350178179824561,,0.0770616355091948,0.085,10,7,0.085,nes2net_v2
runs_strength,nes2net_v2_asv19_threshold,asvspoof2019_la,pgd_restarts,55.0,-55.0,56.86656129997556,0.2149999999999999,0.8164999999999999,1.0,2.123308843889445,0.2149999999999999,0.1349582564799097,0.2550020008003201,,0.2050664199854175,0.23,14,32,0.23,nes2net_v2
runs_strength,nes2net_v2_asv19_threshold,asvspoof2019_la,pgd_warm,60.0,-60.0,61.41385630019246,0.1149999999999999,0.9655,0.4199999999999999,0.6280106491991685,0.1149999999999999,0.06000600060006,0.154962072587811,,0.0926206527655793,0.11,11,11,0.11,nes2net_v2
runs_strength,nes2net_v2_asv19_threshold,asvspoof2019_la,pgd_warm,55.0,-55.0,56.6510441074598,0.27,0.7167,1.0,2.982733492139087,0.27,0.2149657994645618,0.3549869115062766,,0.3239459681261299,0.34,21,47,0.34,nes2net_v2
runs_strength,nes2net_v2_asv19_threshold,asvspoof2019_la,surrogate_transfer,60.0,-60.0,61.31995059089548,0.005,0.9998,0.02,0.0591886589591291,0.005,0.0,0.0299029902990299,,0.0073011383388777,0.01,2,0,0.01,nes2net_v2
runs_strength,nes2net_v2_asv19_threshold,asvspoof2019_la,surrogate_transfer,55.0,-55.0,56.49925915603613,0.01,0.9984,0.02,0.1111282008042605,0.01,0.0,0.05000500050005,,0.0173555492605038,0.03,2,4,0.03,nes2net_v2
runs_strength,rawnet2_asv19_strength,asvspoof2019_la,pgd,50.0,-50.0,51.40749536014795,0.13,0.9131,0.7299999999999999,1.254064653454463,0.105,0.0451180472188875,0.1455904488232073,4.199999999999998,0.0935931759007692,0.12,10,19,0.123076923076923,rawnet2
runs_strength,rawnet2_asv19_strength,asvspoof2019_la,pgd,45.0,-45.0,46.68439767440978,0.235,0.796,1.0,2.6094069632413888,0.2099999999999999,0.1394325743552829,0.2502311824738717,8.399999999999995,0.2231563521295384,0.26,17,40,0.2666666666666666,rawnet2
runs_strength,rawnet2_asv19_strength,asvspoof2019_la,pgd_restarts,50.0,-50.0,51.243867753730456,0.15,0.9013,0.8099999999999998,1.4117564423447642,0.125,0.0501233064645398,0.1694408340314855,4.999999999999998,0.1130358547562792,0.14,12,21,0.1435897435897435,rawnet2
runs_strength,rawnet2_asv19_strength,asvspoof2019_la,pgd_restarts,45.0,-45.0,46.50995740386698,0.29,0.7378,1.0,3.2662241016386613,0.265,0.1802858224047834,0.3155899679543594,10.599999999999998,0.2716395915384073,0.3,17,48,0.3076923076923077,rawnet2
runs_strength,spectra_asv19_strength,asvspoof2019_la,pgd,70.0,-70.0,71.94245848783922,0.625,0.3217,1.0,4.580646434480917,0.625,0.5551929862854234,0.7197994987468672,,0.4698884646758667,0.765,91,62,0.765,spectra_aasist3
runs_strength,spectra_asv19_strength,asvspoof2019_la,pgd,45.0,-45.0,48.299987646700345,0.675,0.2946,1.0,5.252036201423004,0.675,0.5802868049547381,0.7449205299871395,,0.6109249230906785,0.805,100,61,0.805,spectra_aasist3
runs_strength,spectra_asv19_strength,asvspoof2019_la,pgd_restarts,70.0,-70.0,71.9741592071006,1.0,0.0,1.0,8.750782514403719,1.0,1.0,1.0,,0.6708836749700486,0.995,99,100,0.995,spectra_aasist3
runs_strength,spectra_asv19_strength,asvspoof2019_la,pgd_restarts,45.0,-45.0,48.63436699014896,1.0,0.0,1.0,12.02669714403082,1.0,1.0,1.0,,0.9308201987030424,1.0,100,100,1.0,spectra_aasist3
runs_strength,ssl_aasist_asv19_strength,asvspoof2019_la,pgd,50.0,-50.0,51.820301007802136,0.29,0.7723000000000001,1.0,2.447140961255082,0.29,0.2249669917447154,0.3595768487437697,,0.3215998258276781,0.275,31,24,0.275,ssl_aasist
runs_strength,ssl_aasist_asv19_strength,asvspoof2019_la,pgd,45.0,-45.0,47.19807270538122,0.64,0.2538999999999999,1.0,8.393170469615011,0.64,0.5602137647453911,0.700000750675608,,0.6593933243571993,0.685,54,83,0.685,ssl_aasist
runs_strength,ssl_aasist_asv19_strength,asvspoof2019_la,pgd_restarts,50.0,-50.0,51.826007855089266,0.4599999999999999,0.5477,1.0,4.541125702445025,0.4599999999999999,0.3950309874737474,0.5551986804357688,,0.4856435398847917,0.495,40,59,0.495,ssl_aasist
runs_strength,ssl_aasist_asv19_strength,asvspoof2019_la,pgd_restarts,45.0,-45.0,47.19952141887179,0.84,0.091,1.0,11.72853477008146,0.84,0.759969973813921,0.8797982226107226,,0.7422032888661529,0.775,60,95,0.775,ssl_aasist
runs_strength,ssl_aasist_asv19_threshold,asvspoof2019_la,pgd,60.0,-60.0,61.35002450267524,0.02,0.9992,0.05,0.0738099120011007,0.02,0.0,0.0400641025641025,,0.0212983475028119,0.03,6,0,0.03,ssl_aasist
runs_strength,ssl_aasist_asv19_threshold,asvspoof2019_la,pgd,55.0,-55.0,56.55298009791132,0.0699999999999999,0.9808,0.3499999999999999,0.460368647225524,0.0699999999999999,0.035112153557075,0.1191841995474796,,0.0820640253299169,0.08,11,5,0.08,ssl_aasist
runs_strength,ssl_aasist_asv19_threshold,asvspoof2019_la,pgd_restarts,60.0,-60.0,61.29375773200698,0.02,0.9987,0.05,0.0962423939130023,0.02,0.0,0.0496339588466965,,0.0228062661830352,0.025,5,0,0.025,ssl_aasist
runs_strength,ssl_aasist_asv19_threshold,asvspoof2019_la,pgd_restarts,55.0,-55.0,56.507040316782174,0.12,0.9531,0.48,0.7874001890824319,0.12,0.0594777655147042,0.155050505050505,,0.1195532887553693,0.115,12,11,0.115,ssl_aasist
runs_strength,wavlm_linear_asv19_threshold,asvspoof2019_la,pgd,70.0,-70.0,70.5884318090458,0.2299999999999999,0.8524,0.7700000000000001,0.7930917624183039,0.2099999999999999,0.1405032764416545,0.265,10.499999999999991,0.1953026047862864,0.25,16,38,0.2551020408163265,wavlm_linear
runs_strength,wavlm_linear_asv19_threshold,asvspoof2019_la,pgd,65.0,-65.0,65.82818432989059,0.36,0.6567000000000001,0.91,1.4810297807794912,0.3399999999999999,0.2801276136016963,0.4200422072282416,16.99999999999999,0.3398321171894406,0.385,22,59,0.3928571428571428,wavlm_linear
runs_strength,wavlm_linear_asv19_threshold,asvspoof2019_la,pgd,60.0,-60.0,61.14169930401681,0.675,0.2925,0.95,3.21606506664879,0.655,0.5791896599296407,0.7241201385275328,32.749999999999986,0.5703428333132673,0.655,45,90,0.6683673469387755,wavlm_linear
runs_strength,wavlm_linear_asv19_threshold,asvspoof2019_la,pgd_restarts,70.0,-70.0,70.42170465664032,0.22,0.8286,0.83,0.8743115621990065,0.1999999999999999,0.1495994456169203,0.2802670788920077,9.999999999999991,0.2170116707340132,0.285,19,42,0.2908163265306122,wavlm_linear
runs_strength,wavlm_linear_asv19_threshold,asvspoof2019_la,pgd_restarts,65.0,-65.0,65.61068605242083,0.4499999999999999,0.5541999999999999,0.93,2.0410859661492036,0.4299999999999999,0.3547760544096856,0.4908310955961331,21.499999999999982,0.4014867071813423,0.47,25,73,0.4795918367346938,wavlm_linear
runs_strength,wavlm_linear_asv19_threshold,asvspoof2019_la,pgd_restarts,60.0,-60.0,60.8639766152831,0.74,0.1976,1.0,4.623528757420768,0.72,0.655443973303894,0.7850200657185951,35.99999999999998,0.6340117942275129,0.695,52,91,0.7091836734693877,wavlm_linear
runs_strength,xlsr_linear_asv19_strength,asvspoof2019_la,pgd,50.0,-50.0,52.321959661253366,0.96,0.0064,1.0,4.074406038773331,0.925,0.8850540216086434,0.9664022307704372,26.428571428571413,0.6602468031617633,0.83,73,100,0.8601036269430051,xlsr_linear
runs_strength,xlsr_linear_asv19_strength,asvspoof2019_la,pgd,45.0,-45.0,47.628698709224665,0.99,0.0001,1.0,5.6355002762823805,0.955,0.9347356657104364,0.9899959983993598,27.28571428571427,0.7324167969191158,0.905,88,100,0.9378238341968912,xlsr_linear
runs_strength,xlsr_linear_asv19_strength,asvspoof2019_la,pgd_restarts,50.0,-50.0,51.97443375676611,1.0,0.0,1.0,9.443111899021746,0.965,0.94,0.9945666783543712,27.57142857142856,0.7765088334835427,0.94,95,100,0.9740932642487048,xlsr_linear
runs_strength,xlsr_linear_asv19_strength,asvspoof2019_la,pgd_restarts,45.0,-45.0,47.49025056805829,1.0,0.0,1.0,13.041775851201107,0.965,0.94,0.9945666783543712,27.57142857142856,0.8177068813722107,0.965,100,100,1.0,xlsr_linear
runs_strength,xlsr_linear_asv19_threshold,asvspoof2019_la,pgd,70.0,-70.0,71.27822946700185,0.26,0.8168,0.87,0.7508506377435995,0.2249999999999999,0.1649976985988059,0.2851407867179454,6.428571428571424,0.1861629079098865,0.24,18,37,0.2487046632124352,xlsr_linear
runs_strength,xlsr_linear_asv19_threshold,asvspoof2019_la,pgd,65.0,-65.0,66.44626854494618,0.38,0.6411,0.95,1.0447949231326876,0.345,0.2886425720754303,0.4297914376440197,9.857142857142852,0.2709324977360674,0.375,24,58,0.38860103626943,xlsr_linear
runs_strength,xlsr_linear_asv19_threshold,asvspoof2019_la,pgd,60.0,-60.0,61.68162430221713,0.55,0.3485,1.0,1.6505915916198104,0.515,0.4551349236188171,0.6050002625262526,14.714285714285708,0.4034598735820187,0.595,37,89,0.616580310880829,xlsr_linear
runs_strength,xlsr_linear_asv19_threshold,asvspoof2019_la,pgd_restarts,70.0,-70.0,70.85147626956987,0.345,0.6969000000000001,0.93,0.9577453109707386,0.3099999999999999,0.2592998032072482,0.3908905573593073,8.85714285714285,0.2487370892044837,0.34,22,53,0.3523316062176165,xlsr_linear
runs_strength,xlsr_linear_asv19_threshold,asvspoof2019_la,pgd_restarts,65.0,-65.0,66.07324963273608,0.56,0.3867,1.0,1.5467961178321614,0.525,0.4550798694815459,0.6047943148833951,14.999999999999991,0.3841968151829305,0.57,35,86,0.5906735751295337,xlsr_linear
runs_strength,xlsr_linear_asv19_threshold,asvspoof2019_la,pgd_restarts,60.0,-60.0,61.25974853458456,0.845,0.0804,1.0,2.829714886463014,0.8099999999999999,0.7428992069660497,0.8701487437080095,23.142857142857128,0.5511892617395722,0.715,52,98,0.7409326424870466,xlsr_linear
runs_strength,xlsr_mamba_asv19_strength,asvspoof2019_la,pgd,50.0,-50.0,51.8536862928271,0.37,0.544,1.0,3.01981318904269,0.37,0.3044398697116088,0.4449529017540907,,0.3921639090717214,0.465,63,30,0.465,xlsr_mamba
runs_strength,xlsr_mamba_asv19_strength,asvspoof2019_la,pgd,45.0,-45.0,47.36441395883649,0.625,0.2258,1.0,5.44234664756438,0.625,0.5700555805580558,0.7349471597751907,,0.6373962540699866,0.74,87,61,0.74,xlsr_mamba
runs_strength,xlsr_mamba_asv19_strength,asvspoof2019_la,pgd_restarts,50.0,-50.0,51.54995082960198,0.675,0.1834,1.0,6.104650309366219,0.675,0.6049991987179487,0.7506119960614343,,0.6745538199797143,0.73,82,64,0.73,xlsr_mamba
runs_strength,xlsr_mamba_asv19_strength,asvspoof2019_la,pgd_restarts,45.0,-45.0,47.17435710419937,0.925,0.0117,1.0,9.598426748429414,0.925,0.8997535486517697,0.985178047219992,,0.9039793985169158,0.96,98,94,0.96,xlsr_mamba
runs_strength,xlsr_mamba_asv19_threshold,asvspoof2019_la,pgd,60.0,-60.0,60.936883370817434,0.0899999999999999,0.9553,0.59,0.5855608692483031,0.0899999999999999,0.044869653302386,0.1249634045641077,,0.1044711585877226,0.13,24,2,0.13,xlsr_mamba
runs_strength,xlsr_mamba_asv19_threshold,asvspoof2019_la,pgd,55.0,-55.0,56.35729592474538,0.1899999999999999,0.7921,1.0,1.5152203609071226,0.1899999999999999,0.1410843250940901,0.2697128851540616,,0.2063397855124905,0.255,39,12,0.255,xlsr_mamba
runs_strength,xlsr_mamba_asv19_threshold,asvspoof2019_la,pgd_restarts,60.0,-60.0,60.66775054151101,0.0949999999999999,0.9281,0.8699999999999999,0.7550742220638366,0.0949999999999999,0.0650554955857904,0.1599016534712936,,0.1311040006499577,0.195,34,5,0.195,xlsr_mamba
runs_strength,xlsr_mamba_asv19_threshold,asvspoof2019_la,pgd_restarts,55.0,-55.0,56.02609516331929,0.36,0.5920000000000001,1.0,2.7060430155098993,0.36,0.2750903251706142,0.4102769971898836,,0.3556389874041932,0.39,53,25,0.39,xlsr_mamba
runs_strength,xlsr_mamba_asv19_threshold,asvspoof2019_la,pgd_warm,60.0,-60.0,60.6754848561608,0.145,0.9055,0.95,0.902111043691322,0.145,0.0897797757706587,0.1897402190149378,,0.1516811496310744,0.195,30,9,0.195,xlsr_mamba
runs_strength,xlsr_mamba_asv19_threshold,asvspoof2019_la,pgd_warm,55.0,-55.0,55.9286249146795,0.525,0.4118,1.0,4.028849095707292,0.525,0.4199402392162293,0.6049419767907163,,0.4511718646108362,0.525,55,50,0.525,xlsr_mamba
runs_strength,xlsr_mamba_asv19_threshold,asvspoof2019_la,surrogate_transfer,60.0,-60.0,61.28572949197317,0.005,0.9998,0.02,0.0524960998468908,0.005,0.0,0.0259451780959821,,0.011032465576083,0.01,2,0,0.01,xlsr_mamba
runs_strength,xlsr_mamba_asv19_threshold,asvspoof2019_la,surrogate_transfer,55.0,-55.0,56.48646143344136,0.02,0.9981,0.05,0.1296890608149731,0.02,0.0,0.0452747102130325,,0.0268476679839722,0.03,6,0,0.03,xlsr_mamba
