run_group,run,dataset,distortion_type,level,severity,strength_value,eer,auc,min_dcf,cllr,delta_eer,delta_eer_ci_low,delta_eer_ci_high,relative_degradation,mean_abs_delta_score,flip_rate,false_negative,false_positive,model_name
runs,aasist3_asv19_sweep,asvspoof2019_la,bandpass,8000.0,-8000.0,7920.0,0.181875,0.909515625,0.8349999999999999,3.505352108202057,0.020625,0.0012512128970246,0.0356250711191641,0.127906976744186,0.0896014203969084,0.11375,131,161,aasist3_kan
runs,aasist3_asv19_sweep,asvspoof2019_la,bandpass,6000.0,-6000.0,6000.0,0.21625,0.8653062499999999,0.89375,8.336560684599739,0.055,0.0331218347003004,0.0768641903999083,0.3410852713178295,0.0945379676411768,0.366875,19,580,aasist3_kan
runs,aasist3_asv19_sweep,asvspoof2019_la,bandpass,4000.0,-4000.0,4000.0,0.285625,0.7961812500000001,0.98625,8.17389502049942,0.124375,0.0937351463322257,0.1469416299189292,0.7713178294573644,0.0959624220541337,0.355625,31,546,aasist3_kan
runs,aasist3_asv19_sweep,asvspoof2019_la,bandpass,3400.0,-3400.0,3400.0,0.3075,0.75348203125,0.9925,8.466522664912386,0.14625,0.1230907978486779,0.1737634707812633,0.9069767441860463,0.097384044575921,0.378125,30,577,aasist3_kan
runs,aasist3_asv19_sweep,asvspoof2019_la,bandpass,2000.0,-2000.0,2000.0,0.38,0.6724031250000001,0.98375,9.60638247804785,0.21875,0.1874999682616691,0.2432274906771316,1.3565891472868217,0.0983853424670766,0.475,7,749,aasist3_kan
runs,aasist3_asv19_sweep,asvspoof2019_la,chirp,25.0,-25.0,24.999999886696777,0.1725,0.89534375,0.6124999999999999,1.9214796213007237,0.0112499999999999,-0.005054366216772,0.0281251021280155,0.069767441860465,0.1267795215938379,0.19125,319,19,aasist3_kan
runs,aasist3_asv19_sweep,asvspoof2019_la,chirp,20.0,-20.0,19.999999964173345,0.180625,0.8873671874999999,0.6362499999999999,2.4815306008121056,0.019375,0.0024966996675131,0.0368723613184577,0.1201550387596899,0.0983897934361873,0.1825,299,33,aasist3_kan
runs,aasist3_asv19_sweep,asvspoof2019_la,chirp,15.0,-15.0,14.999999988673585,0.19625,0.87165,0.6937499999999999,3.4014602294432317,0.035,0.0181198299274537,0.0543589991433221,0.2170542635658916,0.0840435000172106,0.154375,248,77,aasist3_kan
runs,aasist3_asv19_sweep,asvspoof2019_la,chirp,10.0,-10.0,9.999999996421243,0.2312499999999999,0.8430296875000001,0.83375,5.055768153979651,0.0699999999999999,0.0505170765441079,0.090018820898437,0.4341085271317828,0.0851286218282861,0.1675,191,177,aasist3_kan
runs,aasist3_asv19_sweep,asvspoof2019_la,chirp,5.0,-5.0,4.999999998871267,0.266875,0.799703125,0.85,6.970400302936732,0.1056249999999999,0.0843739808097976,0.1274979081329611,0.6550387596899223,0.0912470574257132,0.25125,122,400,aasist3_kan
runs,aasist3_asv19_sweep,asvspoof2019_la,codec,128.0,-128.0,128.0,0.25,0.8343421875,0.9025,9.082068732509642,0.08875,0.0656566171993627,0.1093756205756539,0.5503875968992248,0.0956514043616942,0.42375,5,683,aasist3_kan
runs,aasist3_asv19_sweep,asvspoof2019_la,codec,64.0,-64.0,64.0,0.2568749999999999,0.8191609375000001,0.8975,9.031169876390774,0.0956249999999999,0.0743848791310153,0.120003255280934,0.5930232558139532,0.0955062413359946,0.42125,7,679,aasist3_kan
runs,aasist3_asv19_sweep,asvspoof2019_la,codec,32.0,-32.0,32.0,0.3043749999999999,0.7785375000000001,0.94,8.970533650799068,0.1431249999999999,0.1174966874171854,0.1669597730004621,0.8875968992248059,0.0955523094775248,0.415625,20,671,aasist3_kan
runs,aasist3_asv19_sweep,asvspoof2019_la,codec,24.0,-24.0,24.0,0.281875,0.8009171875000001,0.83125,8.019411384124215,0.1206249999999999,0.0949957029571467,0.1412424191479451,0.7480620155038759,0.0950767475515613,0.341875,56,543,aasist3_kan
runs,aasist3_asv19_sweep,asvspoof2019_la,codec,16.0,-16.0,16.0,0.29,0.7688171875,0.95875,7.028538162339122,0.12875,0.1049494560841675,0.1531419655293003,0.798449612403101,0.0952247955286711,0.289375,129,404,aasist3_kan
runs,aasist3_asv19_sweep,asvspoof2019_la,codec,8.0,-8.0,8.0,0.394375,0.6488843750000001,0.975,9.289068358874337,0.233125,0.2087503408913937,0.2649944100208221,1.4457364341085273,0.0984110362737614,0.455,37,701,aasist3_kan
runs,aasist3_asv19_sweep,asvspoof2019_la,gain,-3.0,3.0,-3.0,0.16125,0.9087765625,0.6800000000000002,3.673941401317777,0.0,0.0,0.0,0.0,1.2282363359092558e-07,0.0,129,129,aasist3_kan
runs,aasist3_asv19_sweep,asvspoof2019_la,gain,3.0,3.0,3.0,0.16625,0.911159375,0.6437499999999999,3.468862164364594,0.005,-0.0093702951757397,0.0150034232478596,0.0310077519379845,0.0322890173579634,0.045625,147,116,aasist3_kan
runs,aasist3_asv19_sweep,asvspoof2019_la,gain,-10.0,10.0,-10.0,0.16125,0.9087781249999998,0.6800000000000002,3.673941320290378,0.0,0.0,0.0,0.0,1.0975546208419297e-07,0.0,129,129,aasist3_kan
runs,aasist3_asv19_sweep,asvspoof2019_la,gain,10.0,10.0,10.0,0.174375,0.9027171875,0.605,3.6861744757477553,0.0131249999999999,-0.0043817106126222,0.0287797424290573,0.0813953488372092,0.0903138874879344,0.121875,161,102,aasist3_kan
runs,aasist3_asv19_sweep,asvspoof2019_la,gain,-20.0,20.0,-20.0,0.16125,0.9087765625,0.6800000000000002,3.673942533470187,0.0,0.0,0.0,0.0,1.355240214576245e-07,0.0,129,129,aasist3_kan
runs,aasist3_asv19_sweep,asvspoof2019_la,gain,20.0,20.0,20.0,0.290625,0.77381875,0.91375,6.55087764620145,0.129375,0.1062708746655906,0.1562802857799473,0.8023255813953489,0.0975364173505988,0.26,215,273,aasist3_kan
runs,aasist3_asv19_sweep,asvspoof2019_la,noise,30.0,-30.0,29.99999964169418,0.31375,0.7743890625000001,0.81375,2.4221519595391636,0.1524999999999999,0.1281053107369919,0.1750019682217438,0.9457364341085268,0.147156884219358,0.286875,474,25,aasist3_kan
runs,aasist3_asv19_sweep,asvspoof2019_la,noise,20.0,-20.0,19.99999996417316,0.39625,0.65728125,0.96,4.378726072195406,0.235,0.2031173042674718,0.2593952649415008,1.4573643410852712,0.1128941056552342,0.311875,473,90,aasist3_kan
runs,aasist3_asv19_sweep,asvspoof2019_la,noise,15.0,-15.0,14.99999998867341,0.394375,0.6387359375000001,0.97875,6.285506438806905,0.233125,0.2062488866498636,0.2587371997184668,1.4457364341085273,0.1044733260301378,0.343125,364,253,aasist3_kan
runs,aasist3_asv19_sweep,asvspoof2019_la,noise,10.0,-10.0,9.999999996421058,0.39625,0.650971875,0.9925,8.061445380760086,0.235,0.2056096439479388,0.2618582062195105,1.4573643410852712,0.0986178939607316,0.395,177,507,aasist3_kan
runs,aasist3_asv19_sweep,asvspoof2019_la,noise,5.0,-5.0,4.999999998871092,0.4,0.6430374999999999,0.99125,9.283161612054016,0.23875,0.2081205538759863,0.2668898402015277,1.4806201550387597,0.0984522238123593,0.46875,35,727,aasist3_kan
runs,aasist3_asv19_sweep,asvspoof2019_la,noise,0.0,-0.0,-3.541433498798661e-10,0.4225,0.5883484375,0.9925,9.777066127658118,0.26125,0.23311498673965,0.2900245529322915,1.6201550387596897,0.0984487500814628,0.496875,4,789,aasist3_kan
runs,aasist3_asv19_sweep,asvspoof2019_la,reverb,0.1,0.1,0.1,0.3618749999999999,0.6847265625,0.96375,7.833934541674996,0.2006249999999999,0.1774991585397519,0.2268713179489366,1.2441860465116277,0.0988154595973207,0.325625,148,527,aasist3_kan
runs,aasist3_asv19_sweep,asvspoof2019_la,reverb,0.3,0.3,0.2999999999999999,0.425625,0.6100656250000001,0.9925,8.253785617865313,0.264375,0.2399816416782907,0.2881441005470793,1.6395348837209305,0.0994662449466567,0.3825,170,566,aasist3_kan
runs,aasist3_asv19_sweep,asvspoof2019_la,reverb,0.5,0.5,0.5,0.4237499999999999,0.6013671875,0.97875,8.560121265875978,0.2624999999999999,0.2374995294935847,0.2875146133909552,1.6279069767441858,0.100778132394691,0.418125,179,602,aasist3_kan
runs,aasist3_asv19_sweep,asvspoof2019_la,reverb,0.7,0.7,0.7,0.428125,0.5977546875,0.99375,8.779877292527138,0.266875,0.240625607639781,0.2937839013794979,1.6550387596899223,0.1010803308509288,0.426875,154,641,aasist3_kan
runs,aasist3_asv19_sweep,asvspoof2019_la,reverb,0.9,0.9,0.9000000000000002,0.4456249999999999,0.5903632812499999,0.98125,8.868872412208491,0.2843749999999999,0.2568512722580239,0.3093653422181915,1.7635658914728678,0.0994286697918552,0.42,143,633,aasist3_kan
runs,aasist3_asv19_sweep,asvspoof2019_la,transcode_identity,320.0,-320.0,320.0,0.2456249999999999,0.834190625,0.8925000000000001,9.079376310601203,0.0843749999999999,0.0655983174862752,0.1100242975822671,0.5232558139534882,0.0956573215743241,0.424375,5,684,aasist3_kan
runs,aasist3_asv19_sweep,asvspoof2019_la,transcode_identity,256.0,-256.0,256.0,0.2456249999999999,0.834190625,0.8925000000000001,9.079376310601203,0.0843749999999999,0.0655983174862752,0.1100242975822671,0.5232558139534882,0.0956573215743241,0.424375,5,684,aasist3_kan
runs,aasist3_asv19_sweep,asvspoof2019_la,transcode_identity,192.0,-192.0,192.0,0.2456249999999999,0.834190625,0.8925000000000001,9.079376310601203,0.0843749999999999,0.0655983174862752,0.1100242975822671,0.5232558139534882,0.0956573215743241,0.424375,5,684,aasist3_kan
runs,aasist3_asv19_sweep,asvspoof2019_la,transmission,0.0,0.0,0.0,0.16125,0.9087781249999998,0.6800000000000002,3.67394096239473,0.0,0.0,0.0,0.0,0.0,0.0,129,129,aasist3_kan
runs,aasist3_asv19_sweep,asvspoof2019_la,transmission,0.01,0.01,0.010027788770389,0.16125,0.9082234375,0.67875,3.712676068870382,0.0,-0.0043893323420671,0.0056660262342416,0.0,0.006553180262636,0.005,132,130,aasist3_kan
runs,aasist3_asv19_sweep,asvspoof2019_la,transmission,0.05,0.05,0.050213066383787,0.169375,0.9027734375,0.685,3.9748690713254695,0.008125,-0.0006668434156527,0.0199920190867736,0.0503875968992249,0.0218070206028538,0.03625,124,150,aasist3_kan
runs,aasist3_asv19_sweep,asvspoof2019_la,transmission,0.1,0.1,0.1000086190221701,0.1775,0.9014765625,0.7150000000000001,4.236587894081035,0.0162499999999999,0.0043816443113784,0.0312380139763675,0.1007751937984495,0.0326917833555381,0.061875,123,166,aasist3_kan
runs,aasist3_asv19_sweep,asvspoof2019_la,transmission,0.2,0.2,0.1990158402005855,0.1912499999999999,0.8915664062499999,0.7837500000000001,4.733123466973017,0.0299999999999999,0.0124710837569492,0.0437569549752832,0.1860465116279067,0.0494450347861447,0.105,114,214,aasist3_kan
runs,aasist3_asv21_sweep,asvspoof2021_la,bandpass,8000.0,-8000.0,7920.0,0.371875,0.6796796875,0.99875,8.27482952333535,0.01625,-0.0075000140625549,0.0349900583633485,0.0456942003514941,0.0177501062366208,0.153125,272,316,aasist3_kan
runs,aasist3_asv21_sweep,asvspoof2021_la,bandpass,6000.0,-6000.0,6000.0,0.39,0.6698265625000001,0.9975,9.278420428442306,0.034375,0.0068458225114444,0.0550052739446193,0.0966608084358525,0.0184450134699152,0.233125,199,413,aasist3_kan
runs,aasist3_asv21_sweep,asvspoof2021_la,bandpass,4000.0,-4000.0,4000.0,0.400625,0.639925,0.99125,9.23690010779452,0.045,0.0212637596053065,0.0687916932407536,0.1265377855887523,0.0191689805393211,0.249375,226,408,aasist3_kan
runs,aasist3_asv21_sweep,asvspoof2021_la,bandpass,3400.0,-3400.0,3400.0,0.4175,0.6209359375,0.99375,9.336719001207896,0.061875,0.0356118366482343,0.0850013266355572,0.1739894551845343,0.0192671541670422,0.28,203,446,aasist3_kan
runs,aasist3_asv21_sweep,asvspoof2021_la,bandpass,2000.0,-2000.0,2000.0,0.43625,0.593634375,0.99875,9.825442146242628,0.080625,0.0531397288999524,0.1106317581487728,0.2267135325131812,0.0186073119872894,0.3675,102,591,aasist3_kan
runs,aasist3_asv21_sweep,asvspoof2021_la,chirp,25.0,-25.0,24.999999890185787,0.290625,0.766640625,0.9975,4.205653476068229,-0.0649999999999999,-0.0931644178836201,-0.0444132990291568,-0.1827768014059752,0.0569941421024988,0.4025,672,31,aasist3_kan
runs,aasist3_asv21_sweep,asvspoof2021_la,chirp,20.0,-20.0,19.999999965276665,0.300625,0.7486499999999998,0.99625,4.805437585738299,-0.0549999999999999,-0.0793747773312248,-0.0293749493332923,-0.1546572934973638,0.0433563820102834,0.39125,657,38,aasist3_kan
runs,aasist3_asv21_sweep,asvspoof2021_la,chirp,15.0,-15.0,14.999999989022488,0.32125,0.737165625,0.9975,5.86445255852197,-0.0343749999999999,-0.0631235663267911,-0.0125131840444577,-0.0966608084358521,0.0318665722596255,0.38125,638,45,aasist3_kan
runs,aasist3_asv21_sweep,asvspoof2021_la,chirp,10.0,-10.0,9.999999996531574,0.3506249999999999,0.6979296875000001,0.99125,7.224828518364851,-0.005,-0.0312424078415612,0.0193724745690052,-0.0140597539543058,0.0225335242258212,0.351875,591,63,aasist3_kan
runs,aasist3_asv21_sweep,asvspoof2021_la,chirp,5.0,-5.0,4.999999998906158,0.38,0.673490625,0.99375,8.404387088354863,0.024375,-0.0062110166020568,0.0475223166612686,0.0685413005272408,0.0176285463850852,0.31,520,125,aasist3_kan
runs,aasist3_asv21_sweep,asvspoof2021_la,codec,128.0,-128.0,128.0,0.37375,0.6862546875,0.995,9.49385862573026,0.018125,-0.0118669975633986,0.0375249432842366,0.0509666080843586,0.0177235118672222,0.165,191,414,aasist3_kan
runs,aasist3_asv21_sweep,asvspoof2021_la,codec,64.0,-64.0,64.0,0.3768749999999999,0.675903125,0.99875,9.48239915287054,0.0212499999999999,-0.0074762683568015,0.044372937344765,0.0597539543057996,0.0174735955764011,0.159375,199,403,aasist3_kan
runs,aasist3_asv21_sweep,asvspoof2021_la,codec,32.0,-32.0,32.0,0.39,0.6525546875,0.99875,9.399540089450255,0.034375,0.0056278705911382,0.0544356643466229,0.0966608084358525,0.0172755368203278,0.1875,256,383,aasist3_kan
runs,aasist3_asv21_sweep,asvspoof2021_la,codec,24.0,-24.0,24.0,0.38125,0.6673671875,0.99625,8.996830226950436,0.025625,0.0024844885766832,0.0487545262813357,0.0720562390158172,0.0171371744782021,0.2,320,295,aasist3_kan
runs,aasist3_asv21_sweep,asvspoof2021_la,codec,16.0,-16.0,16.0,0.393125,0.6548671875000001,0.9975,8.626951396541736,0.0375,0.0143530018078118,0.0637683499582408,0.1054481546572937,0.0185006046740126,0.2225,403,246,aasist3_kan
runs,aasist3_asv21_sweep,asvspoof2021_la,codec,8.0,-8.0,8.0,0.415,0.6070054687499999,0.99875,9.481903553748817,0.059375,0.029934785986784,0.0869058414474173,0.1669595782073815,0.0186492050707245,0.313125,308,368,aasist3_kan
runs,aasist3_asv21_sweep,asvspoof2021_la,gain,-3.0,3.0,-3.0,0.351875,0.7123703125,0.99,8.320970447354,-0.0037499999999999,-0.0125652041152343,0.0050006670902934,-0.0105448154657291,0.0022474690713045,0.01625,277,288,aasist3_kan
runs,aasist3_asv21_sweep,asvspoof2021_la,gain,3.0,3.0,3.0,0.3399999999999999,0.7184781250000001,0.98875,8.362515834582899,-0.015625,-0.031856937385571,-0.0006400025252075,-0.0439367311072056,0.0105367947123008,0.0975,248,297,aasist3_kan
runs,aasist3_asv21_sweep,asvspoof2021_la,gain,-10.0,10.0,-10.0,0.3568749999999999,0.7083515624999999,0.99,8.315966743333606,0.0012499999999999,-0.0044573425911656,0.0056397827157166,0.0035149384885763,0.0002453428362896,0.0075,285,286,aasist3_kan
runs,aasist3_asv21_sweep,asvspoof2021_la,gain,10.0,10.0,10.0,0.339375,0.7211906250000001,0.98,8.710421444300964,-0.0162499999999999,-0.0419161963678869,0.003757201940834,-0.0456942003514938,0.022542417778258,0.208125,291,235,aasist3_kan
runs,aasist3_asv21_sweep,asvspoof2021_la,gain,-20.0,20.0,-20.0,0.355,0.707471875,0.99,8.306693229219192,-0.0006249999999999,-0.0037523512295191,0.0006459948320413,-0.0017574692442881,2.983687929176328e-06,0.000625,284,284,aasist3_kan
runs,aasist3_asv21_sweep,asvspoof2021_la,gain,20.0,20.0,20.0,0.380625,0.6647156249999999,0.9925,8.847721460512703,0.025,-0.0056184801659571,0.0537507558700044,0.070298769771529,0.0188903194289121,0.3875,587,92,aasist3_kan
runs,aasist3_asv21_sweep,asvspoof2021_la,noise,30.0,-30.0,29.9999996527274,0.32625,0.7315734375,0.94875,5.590391138056643,-0.0293749999999999,-0.0600017711939904,-0.0025000967811023,-0.0826010544815463,0.0479773195250842,0.393125,626,26,aasist3_kan
runs,aasist3_asv21_sweep,asvspoof2021_la,noise,20.0,-20.0,19.99999996527648,0.3525,0.6905109375,0.995,6.214527714784681,-0.0031249999999999,-0.0331850457552003,0.0262514798173755,-0.0087873462214409,0.0312242824767997,0.46125,732,17,aasist3_kan
runs,aasist3_asv21_sweep,asvspoof2021_la,noise,15.0,-15.0,14.9999999890223,0.3881249999999999,0.6499437499999998,0.99125,7.430179537322957,0.0324999999999999,-1.4970059880239063e-05,0.05811107070962,0.0913884007029876,0.0211466189379938,0.4725,724,25,aasist3_kan
runs,aasist3_asv21_sweep,asvspoof2021_la,noise,10.0,-10.0,9.9999999965314,0.39375,0.6441046875,0.99875,8.68594749524906,0.038125,0.0018576303485581,0.0687560390472358,0.1072056239015819,0.0189850319611795,0.466875,714,36,aasist3_kan
runs,aasist3_asv21_sweep,asvspoof2021_la,noise,5.0,-5.0,4.99999999890598,0.42625,0.608459375,0.9975,9.458310033717584,0.070625,0.0337530134786337,0.0993893154703089,0.1985940246045695,0.018611801946953,0.468125,698,44,aasist3_kan
runs,aasist3_asv21_sweep,asvspoof2021_la,noise,0.0,-0.0,-3.431197944373468e-10,0.4525,0.5638703125,0.99625,9.807756336253336,0.096875,0.063732164174821,0.1331190311633107,0.272407732864675,0.0186035051669472,0.49125,742,33,aasist3_kan
runs,aasist3_asv21_sweep,asvspoof2021_la,reverb,0.1,0.1,0.1,0.44625,0.5761953124999999,1.0,9.430732871720672,0.090625,0.0618580102946191,0.1174751493981513,0.2548330404217928,0.0187709425032849,0.305,278,431,aasist3_kan
runs,aasist3_asv21_sweep,asvspoof2021_la,reverb,0.3,0.3,0.2999999999999999,0.4549999999999999,0.563684375,1.0,9.649325895479269,0.0993749999999999,0.0687443632922878,0.1225094466724283,0.2794376098418277,0.0199084927071398,0.328125,259,465,aasist3_kan
runs,aasist3_asv21_sweep,asvspoof2021_la,reverb,0.5,0.5,0.5,0.46125,0.5564578125,0.9925,9.666696575736596,0.105625,0.0743537649991198,0.1312727427838383,0.2970123022847102,0.0201721570235355,0.350625,247,493,aasist3_kan
runs,aasist3_asv21_sweep,asvspoof2021_la,reverb,0.7,0.7,0.7,0.44625,0.5731999999999999,0.99875,9.72588711743419,0.090625,0.0575031559391175,0.1162689017601713,0.2548330404217928,0.01914451125379,0.351875,234,496,aasist3_kan
runs,aasist3_asv21_sweep,asvspoof2021_la,reverb,0.9,0.9,0.9000000000000002,0.4337499999999999,0.5956984375000001,0.995,9.756007981023886,0.078125,0.0492907463767643,0.1094501747492637,0.2196836555360281,0.0192305161446076,0.35875,194,505,aasist3_kan
runs,aasist3_asv21_sweep,asvspoof2021_la,transcode_identity,320.0,-320.0,320.0,0.37,0.6861546875,0.995,9.49344630943903,0.014375,-0.0137676132824946,0.0356404290153449,0.0404217926186292,0.0177357000092783,0.166875,191,413,aasist3_kan
runs,aasist3_asv21_sweep,asvspoof2021_la,transcode_identity,256.0,-256.0,256.0,0.37,0.6861546875,0.995,9.49344630943903,0.014375,-0.0137676132824946,0.0356404290153449,0.0404217926186292,0.0177357000092783,0.166875,191,413,aasist3_kan
runs,aasist3_asv21_sweep,asvspoof2021_la,transcode_identity,192.0,-192.0,192.0,0.37,0.6861546875,0.995,9.49344630943903,0.014375,-0.0137676132824946,0.0356404290153449,0.0404217926186292,0.0177357000092783,0.166875,191,413,aasist3_kan
runs,aasist3_asv21_sweep,asvspoof2021_la,transmission,0.0,0.0,0.0,0.3556249999999999,0.7068328125000001,0.99,8.310285430130216,0.0,0.0,0.0,0.0,0.0,0.0,285,284,aasist3_kan
runs,aasist3_asv21_sweep,asvspoof2021_la,transmission,0.01,0.01,0.0097006507993345,0.3612499999999999,0.705859375,0.995,8.33496695565768,0.0056249999999999,-0.0056142662355886,0.0118672401712562,0.015817223198594,0.0010306597627121,0.015625,286,300,aasist3_kan
runs,aasist3_asv21_sweep,asvspoof2021_la,transmission,0.05,0.05,0.0497335622430416,0.358125,0.7055625,0.98875,8.448806040131402,0.0025,-0.015003222694853,0.0143691806328273,0.007029876977153,0.0052843427301358,0.064375,265,311,aasist3_kan
runs,aasist3_asv21_sweep,asvspoof2021_la,transmission,0.1,0.1,0.1007261153878,0.364375,0.7072328125,0.9875,8.619635920020025,0.00875,-0.0100351797066478,0.0218947181354483,0.0246045694200352,0.0067658362015254,0.11875,222,351,aasist3_kan
runs,aasist3_asv21_sweep,asvspoof2021_la,transmission,0.2,0.2,0.2011269319384755,0.355,0.7065359375,0.98,8.74824653825442,-0.0006249999999999,-0.0219489510203474,0.0137233260344339,-0.0017574692442881,0.0116113183614742,0.17375,193,388,aasist3_kan
runs,aasist3_itw_sweep,in_the_wild,bandpass,8000.0,-8000.0,7920.0,0.2925,0.7699734375,0.95,8.597865004393517,-0.0262499999999999,-0.0431263953129766,-0.0137568338630442,-0.0823529411764705,0.0055937761588679,0.113125,206,293,aasist3_kan
runs,aasist3_itw_sweep,in_the_wild,bandpass,6000.0,-6000.0,6000.0,0.25625,0.8100484375,0.9775,9.090971486619331,-0.0625,-0.0850302546526449,-0.041889348675205,-0.196078431372549,0.0068237817178891,0.2375,115,377,aasist3_kan
runs,aasist3_itw_sweep,in_the_wild,bandpass,4000.0,-4000.0,4000.0,0.294375,0.7860906249999999,0.97625,9.100712588025155,-0.0243749999999999,-0.052471133286986,0.0012503126086651,-0.0764705882352938,0.0074907228749306,0.315,131,389,aasist3_kan
runs,aasist3_itw_sweep,in_the_wild,bandpass,3400.0,-3400.0,3400.0,0.313125,0.745390625,0.975,9.479639121226478,-0.0056249999999999,-0.0337408077070089,0.025632638275545,-0.0176470588235293,0.0068695592474314,0.35875,108,486,aasist3_kan
runs,aasist3_itw_sweep,in_the_wild,bandpass,2000.0,-2000.0,2000.0,0.300625,0.7432828125,0.98,9.959453365804883,-0.0181249999999999,-0.0450162816545177,0.0118080505325705,-0.056862745098039,0.0068333228981161,0.473125,20,755,aasist3_kan
runs,aasist3_itw_sweep,in_the_wild,chirp,25.0,-25.0,24.999993921179307,0.3818749999999999,0.6649250000000001,0.99375,5.226243175236508,0.0631249999999999,0.0405512504541061,0.0856281860844768,0.1980392156862744,0.0315050367317471,0.42125,703,27,aasist3_kan
runs,aasist3_itw_sweep,in_the_wild,chirp,20.0,-20.0,19.999998077429662,0.3612499999999999,0.6796296875,0.995,5.16352542941093,0.0424999999999999,0.0200032771154058,0.0668737296375495,0.1333333333333332,0.0317323036555052,0.435625,723,24,aasist3_kan
runs,aasist3_itw_sweep,in_the_wild,chirp,15.0,-15.0,14.99999939200469,0.368125,0.6838421874999999,0.9825,5.3648960297579125,0.049375,0.0255935569409957,0.0699955139820287,0.1549019607843139,0.0263866601782128,0.418125,699,34,aasist3_kan
runs,aasist3_itw_sweep,in_the_wild,chirp,10.0,-10.0,9.999999807735156,0.338125,0.7091296874999999,0.98875,5.6902569989192,0.019375,-0.0037508234120745,0.0394299049486166,0.0607843137254903,0.0180497190196114,0.385,650,34,aasist3_kan
runs,aasist3_itw_sweep,in_the_wild,chirp,5.0,-5.0,4.999999939203206,0.33875,0.72371875,0.99375,6.214792992729217,0.02,-0.0050263255073026,0.0418551452143821,0.0627450980392157,0.0145458531056596,0.353125,596,47,aasist3_kan
runs,aasist3_itw_sweep,in_the_wild,codec,128.0,-128.0,128.0,0.305625,0.750696875,0.98375,8.434887299549777,-0.0131249999999999,-0.0306067305680476,0.0018794380699663,-0.0411764705882351,0.00426342517653,0.0875,218,276,aasist3_kan
runs,aasist3_itw_sweep,in_the_wild,codec,64.0,-64.0,64.0,0.303125,0.7545406250000001,0.98625,8.278045557699013,-0.015625,-0.0318861557316206,0.0025001202285671,-0.0490196078431372,0.0050937461033378,0.09,225,265,aasist3_kan
runs,aasist3_itw_sweep,in_the_wild,codec,32.0,-32.0,32.0,0.3,0.7556703124999999,0.99125,7.896698326831584,-0.0187499999999999,-0.0375058604740624,-0.0037274461464893,-0.0588235294117645,0.0094282841848971,0.116875,259,214,aasist3_kan
runs,aasist3_itw_sweep,in_the_wild,codec,24.0,-24.0,24.0,0.349375,0.6993765624999999,0.99875,8.516514662530424,0.030625,0.0075393572201445,0.0537520996913942,0.096078431372549,0.0074044007653197,0.215625,272,289,aasist3_kan
runs,aasist3_itw_sweep,in_the_wild,codec,16.0,-16.0,16.0,0.396875,0.6393171875,1.0,8.438307435291653,0.078125,0.0487711979315677,0.1031608609065023,0.2450980392156863,0.0086798389676463,0.2825,373,273,aasist3_kan
runs,aasist3_itw_sweep,in_the_wild,codec,8.0,-8.0,8.0,0.5343749999999999,0.4385578125,0.9975,9.677415630422008,0.2156249999999999,0.1818560531462362,0.2481170382329943,0.676470588235294,0.0068878658224033,0.450625,296,561,aasist3_kan
runs,aasist3_itw_sweep,in_the_wild,gain,-3.0,3.0,-3.0,0.31875,0.7262296875,0.98625,8.382163299494852,0.0,0.0,0.0,0.0,7.21620146667927e-09,0.000625,257,254,aasist3_kan
runs,aasist3_itw_sweep,in_the_wild,gain,3.0,3.0,3.0,0.32125,0.7259265625,0.9875,8.387591678229187,0.0025,-0.0012659434159522,0.0043734838529195,0.0078431372549021,9.429130051852687e-05,0.001875,256,257,aasist3_kan
runs,aasist3_itw_sweep,in_the_wild,gain,-10.0,10.0,-10.0,0.31875,0.7262296875,0.98625,8.38216316866999,0.0,0.0,0.0,0.0,8.787388412452925e-09,0.000625,257,254,aasist3_kan
runs,aasist3_itw_sweep,in_the_wild,gain,10.0,10.0,10.0,0.328125,0.7225921875000001,0.95,8.562607986111122,0.009375,0.0012514203629181,0.0187502753949555,0.0294117647058824,0.0024246466643749,0.0325,263,267,aasist3_kan
runs,aasist3_itw_sweep,in_the_wild,gain,-20.0,20.0,-20.0,0.31875,0.7262296875,0.98625,8.382163182895242,0.0,0.0,0.0,0.0,1.1632610867973528e-08,0.000625,257,254,aasist3_kan
runs,aasist3_itw_sweep,in_the_wild,gain,20.0,20.0,20.0,0.3506249999999999,0.7139906249999999,0.95,8.812313856136592,0.0318749999999999,0.0087657718626549,0.0543734429470715,0.0999999999999999,0.006200831716784,0.205625,362,201,aasist3_kan
runs,aasist3_itw_sweep,in_the_wild,noise,30.0,-30.0,29.99998078595794,0.29,0.7649296875,0.995,6.3745783784723,-0.0287499999999999,-0.0549932346475682,0.0006563469452729,-0.0901960784313725,0.0305495705934647,0.331875,488,105,aasist3_kan
runs,aasist3_itw_sweep,in_the_wild,noise,20.0,-20.0,19.999998077429485,0.345,0.7123484375,1.0,6.581463405034232,0.0262499999999999,-0.0037505891063014,0.0556470489616924,0.0823529411764705,0.0250139466384638,0.434375,653,50,aasist3_kan
runs,aasist3_itw_sweep,in_the_wild,noise,15.0,-15.0,14.999999392004517,0.3881249999999999,0.670740625,1.0,7.469197426324091,0.0693749999999999,0.0344141618423122,0.0999946066182273,0.2176470588235293,0.0147629704626313,0.453125,663,56,aasist3_kan
runs,aasist3_itw_sweep,in_the_wild,noise,10.0,-10.0,9.999999807734977,0.4087499999999999,0.6256734375,0.99875,8.657060014658951,0.0899999999999999,0.0568638173127203,0.1243680355875615,0.2823529411764705,0.0086087940991695,0.445625,667,64,aasist3_kan
runs,aasist3_itw_sweep,in_the_wild,noise,5.0,-5.0,4.999999939203029,0.4425,0.58883125,0.99875,9.482631638303843,0.12375,0.0899963220850777,0.1550060006234954,0.3882352941176472,0.0068118879370132,0.473125,668,71,aasist3_kan
runs,aasist3_itw_sweep,in_the_wild,noise,0.0,-0.0,-1.9222870206218113e-08,0.4962499999999999,0.509653125,0.98625,9.851121506688765,0.1775,0.1431287550590104,0.2112490993973161,0.5568627450980392,0.0068318508334045,0.48875,704,72,aasist3_kan
runs,aasist3_itw_sweep,in_the_wild,reverb,0.1,0.1,0.1,0.3924999999999999,0.6508484375000001,0.99375,7.6965625530436625,0.0737499999999999,0.0518745282627963,0.0950251880097989,0.2313725490196078,0.018830860840559,0.25875,414,158,aasist3_kan
runs,aasist3_itw_sweep,in_the_wild,reverb,0.3,0.3,0.2999999999999999,0.43625,0.59754375,0.99375,7.972905601126849,0.1175,0.0912049462382764,0.1381449145876711,0.3686274509803923,0.0134493138279476,0.290625,472,173,aasist3_kan
runs,aasist3_itw_sweep,in_the_wild,reverb,0.5,0.5,0.5,0.458125,0.5651531249999999,0.995,8.236160866112689,0.139375,0.1131043476661044,0.1630987370640148,0.4372549019607844,0.0150900762380597,0.313125,501,206,aasist3_kan
runs,aasist3_itw_sweep,in_the_wild,reverb,0.7,0.7,0.7,0.46375,0.5381890625000001,1.0,8.550691577339494,0.145,0.1175001445314757,0.1712436275908881,0.4549019607843138,0.0124227314108783,0.334375,496,225,aasist3_kan
runs,aasist3_itw_sweep,in_the_wild,reverb,0.9,0.9,0.9000000000000002,0.4762499999999999,0.518371875,0.9975,8.748846515368742,0.1574999999999999,0.1281293167525254,0.181884158400098,0.4941176470588235,0.0127776648258818,0.334375,469,286,aasist3_kan
runs,aasist3_itw_sweep,in_the_wild,transcode_identity,320.0,-320.0,320.0,0.3075,0.75055,0.98375,8.43671423163397,-0.0112499999999999,-0.0300105885260542,0.0043946301270816,-0.0352941176470587,0.0045486190099865,0.0875,219,275,aasist3_kan
runs,aasist3_itw_sweep,in_the_wild,transcode_identity,256.0,-256.0,256.0,0.3075,0.75055,0.98375,8.43671423163397,-0.0112499999999999,-0.0300105885260542,0.0043946301270816,-0.0352941176470587,0.0045486190099865,0.0875,219,275,aasist3_kan
runs,aasist3_itw_sweep,in_the_wild,transcode_identity,192.0,-192.0,192.0,0.3075,0.75055,0.98375,8.43671423163397,-0.0112499999999999,-0.0300105885260542,0.0043946301270816,-0.0352941176470587,0.0045486190099865,0.0875,219,275,aasist3_kan
runs,aasist3_itw_sweep,in_the_wild,transmission,0.0,0.0,0.0,0.31875,0.72623125,0.98625,8.382163257098387,0.0,0.0,0.0,0.0,0.0,0.0,256,254,aasist3_kan
runs,aasist3_itw_sweep,in_the_wild,transmission,0.01,0.01,0.0098224418608785,0.318125,0.7240796875,0.985,8.441748709136565,-0.0006249999999999,-0.0069154205603274,0.0075056761676017,-0.0019607843137254,0.0012846971263754,0.019375,252,263,aasist3_kan
runs,aasist3_itw_sweep,in_the_wild,transmission,0.05,0.05,0.0504099734556357,0.3299999999999999,0.7117031250000001,0.99125,8.668492216010218,0.0112499999999999,-0.0075157180918858,0.0281143489584037,0.0352941176470587,0.0038396897542569,0.081875,232,307,aasist3_kan
runs,aasist3_itw_sweep,in_the_wild,transmission,0.1,0.1,0.098551582663714,0.33125,0.7161,0.9874999999999998,8.894098831948037,0.0125,-0.001889254439256,0.0280956212003314,0.03921568627451,0.0047885104103542,0.1,230,330,aasist3_kan
runs,aasist3_itw_sweep,in_the_wild,transmission,0.2,0.2,0.2000974472388898,0.34125,0.70868125,0.9975,9.173588412609604,0.0225,0.0018969951369101,0.0431068434977503,0.0705882352941178,0.0052904012982386,0.178125,177,408,aasist3_kan
runs,aasist_asv19_sweep,asvspoof2019_la,bandpass,8000.0,-8000.0,7920.0,0.0356249999999999,0.9935359375,0.3412499999999999,0.169444682619111,0.0293749999999999,0.020012186088676,0.0424758848489166,4.700000000000006,0.0347561278286082,0.03,4,50,aasist
runs,aasist_asv19_sweep,asvspoof2019_la,bandpass,6000.0,-6000.0,6000.0,0.0381249999999999,0.993140625,0.3575,0.1746029886075425,0.0318749999999999,0.021274146169609,0.0406302692970672,5.100000000000007,0.0373665832016884,0.033125,4,55,aasist
runs,aasist_asv19_sweep,asvspoof2019_la,bandpass,4000.0,-4000.0,4000.0,0.0381249999999999,0.9925171875,0.39,0.1968884655139221,0.031875,0.023159215337756,0.0431264073990851,5.100000000000009,0.0496480271428456,0.045,1,73,aasist
runs,aasist_asv19_sweep,asvspoof2019_la,bandpass,3400.0,-3400.0,3400.0,0.04125,0.9917484375,0.4474999999999999,0.2357547686867227,0.035,0.0256216004765315,0.0462421026016189,5.600000000000013,0.058991343191655,0.05875,1,95,aasist
runs,aasist_asv19_sweep,asvspoof2019_la,bandpass,2000.0,-2000.0,2000.0,0.059375,0.9814984375,0.57,0.7174516545192542,0.053125,0.0399849679271758,0.0693443548654389,8.500000000000016,0.1275469781965069,0.17375,1,279,aasist
runs,aasist_asv19_sweep,asvspoof2019_la,chirp,25.0,-25.0,24.999999886696777,0.0862499999999999,0.9759140625,0.3474999999999999,0.4669961885551977,0.0799999999999999,0.0662355764337248,0.0956351767817858,12.80000000000002,0.0917746243551957,0.09125,45,103,aasist
runs,aasist_asv19_sweep,asvspoof2019_la,chirp,20.0,-20.0,19.999999964173345,0.0975,0.97221875,0.3775,0.5474839981202864,0.09125,0.0749847986042719,0.1037681690544201,14.60000000000003,0.1012491409779736,0.095,62,92,aasist
runs,aasist_asv19_sweep,asvspoof2019_la,chirp,15.0,-15.0,14.999999988673585,0.10375,0.9681578125,0.3824999999999999,0.5717816266572988,0.0975,0.0825020238784802,0.1131311816837459,15.60000000000003,0.1166977874167349,0.104375,59,106,aasist
runs,aasist_asv19_sweep,asvspoof2019_la,chirp,10.0,-10.0,9.999999996421243,0.1049999999999999,0.964609375,0.37375,0.5117213462654862,0.0987499999999999,0.0856249859613656,0.1162423149584626,15.800000000000026,0.1085671880389056,0.13,54,152,aasist
runs,aasist_asv19_sweep,asvspoof2019_la,chirp,5.0,-5.0,4.999999998871267,0.129375,0.951125,0.49,0.5745291316490753,0.123125,0.1043738973736308,0.138738861388921,19.70000000000004,0.116770803642248,0.183125,33,260,aasist
runs,aasist_asv19_sweep,asvspoof2019_la,codec,128.0,-128.0,128.0,0.0062499999999999,0.9997515625,0.0337499999999999,0.1030160556339768,0.0,-0.0018758438752474,0.0031297534630602,0.0,0.0024053209483612,0.003125,9,4,aasist
runs,aasist_asv19_sweep,asvspoof2019_la,codec,64.0,-64.0,64.0,0.0062499999999999,0.9997109375,0.0424999999999999,0.106374590138822,0.0,-0.0012532906573738,0.0037509033922481,0.0,0.0040426160411238,0.000625,6,5,aasist
runs,aasist_asv19_sweep,asvspoof2019_la,codec,32.0,-32.0,32.0,0.0112499999999999,0.99944375,0.08875,0.0883656496540367,0.0049999999999999,-7.812805187700703e-06,0.0075023194365381,0.7999999999999997,0.0136516105646008,0.00375,6,8,aasist
runs,aasist_asv19_sweep,asvspoof2019_la,codec,24.0,-24.0,24.0,0.01,0.9993359375,0.10625,0.0721385671608561,0.00375,-0.0006313131313131,0.0081201683578117,0.6000000000000036,0.0189265683709124,0.008125,6,13,aasist
runs,aasist_asv19_sweep,asvspoof2019_la,codec,16.0,-16.0,16.0,0.014375,0.9985609375,0.15125,0.0771793400197242,0.008125,0.0031130505213326,0.0137293545873223,1.3000000000000052,0.0276181482258897,0.016875,5,26,aasist
runs,aasist_asv19_sweep,asvspoof2019_la,codec,8.0,-8.0,8.0,0.060625,0.9840734375,0.49,2.292278139461278,0.054375,0.0425010509050155,0.0650675523702574,8.700000000000019,0.3658356795893393,0.439375,1,704,aasist
runs,aasist_asv19_sweep,asvspoof2019_la,gain,-3.0,3.0,-3.0,0.0074999999999999,0.9998140625,0.01875,0.1155745513467624,0.0012499999999999,-0.0043767173115648,0.0043854590562813,0.1999999999999981,0.0151027086594061,0.006875,11,2,aasist
runs,aasist_asv19_sweep,asvspoof2019_la,gain,3.0,3.0,3.0,0.006875,0.9992765625,0.10625,0.1247648323407656,0.000625,-0.0024638786118981,0.0075016008068306,0.1000000000000023,0.0135682325375655,0.004375,8,7,aasist
runs,aasist_asv19_sweep,asvspoof2019_la,gain,-10.0,10.0,-10.0,0.0374999999999999,0.991984375,0.1625,0.3529708563684963,0.03125,0.0200061057705706,0.0418652895217179,5.000000000000009,0.0717640044603863,0.035,39,17,aasist
runs,aasist_asv19_sweep,asvspoof2019_la,gain,10.0,10.0,10.0,0.03,0.996071875,0.24125,0.1653466034491204,0.02375,0.0149968569210559,0.0337399387263667,3.8000000000000105,0.0377362899357716,0.028125,11,36,aasist
runs,aasist_asv19_sweep,asvspoof2019_la,gain,-20.0,20.0,-20.0,0.176875,0.9113765625,0.5275,1.2866398326933788,0.170625,0.1469007349294964,0.1862480953493899,27.30000000000005,0.2817441046426444,0.165,152,112,aasist
runs,aasist_asv19_sweep,asvspoof2019_la,gain,20.0,20.0,20.0,0.098125,0.9729796875,0.4924999999999999,0.3565865172531802,0.091875,0.0756143418758522,0.105618175185,14.700000000000028,0.1140632481139908,0.159375,6,251,aasist
runs,aasist_asv19_sweep,asvspoof2019_la,noise,30.0,-30.0,29.99999964169418,0.00875,0.9995125,0.0724999999999999,0.1105203935173805,0.0025,-0.0006452449688297,0.0062551702891921,0.4000000000000053,0.0151910767948089,0.0025,6,8,aasist
runs,aasist_asv19_sweep,asvspoof2019_la,noise,20.0,-20.0,19.99999996417316,0.0174999999999999,0.9981578125,0.1674999999999999,0.0926191140501604,0.0112499999999999,0.0049873290007794,0.018128941188659,1.800000000000002,0.0354305194728464,0.0275,3,43,aasist
runs,aasist_asv19_sweep,asvspoof2019_la,noise,15.0,-15.0,14.99999998867341,0.04625,0.992428125,0.2937499999999999,0.3129153759694321,0.04,0.029986909152897,0.0500013770036196,6.400000000000014,0.1264672392382112,0.264375,0,423,aasist
runs,aasist_asv19_sweep,asvspoof2019_la,noise,10.0,-10.0,9.999999996421058,0.144375,0.931021875,0.7937500000000001,1.7999397930435574,0.138125,0.1243726895322824,0.1575038790130997,22.100000000000044,0.4102761010389082,0.4925,0,788,aasist
runs,aasist_asv19_sweep,asvspoof2019_la,noise,5.0,-5.0,4.999999998871092,0.431875,0.62269375,0.97125,3.5246602658327424,0.425625,0.3981200517839746,0.4475064456947595,68.10000000000012,0.5218391425302304,0.5,0,800,aasist
runs,aasist_asv19_sweep,asvspoof2019_la,noise,0.0,-0.0,-3.541433498798661e-10,0.67125,0.28794375,0.99,4.011448529859158,0.665,0.6424416682437597,0.6887959459591613,106.4000000000002,0.5310111291765941,0.5,0,800,aasist
runs,aasist_asv19_sweep,asvspoof2019_la,reverb,0.1,0.1,0.1,0.171875,0.90385,0.965,2.605485070464683,0.165625,0.1481293096309166,0.1900398108262044,26.50000000000005,0.3032848942386157,0.36875,1,591,aasist
runs,aasist_asv19_sweep,asvspoof2019_la,reverb,0.3,0.3,0.2999999999999999,0.6125,0.4175921875,0.99875,7.842709171659881,0.6062500000000001,0.5812292979012208,0.6330943023538879,97.00000000000018,0.5180630615894385,0.498125,1,798,aasist
runs,aasist_asv19_sweep,asvspoof2019_la,reverb,0.5,0.5,0.5,0.75875,0.2247359374999999,0.99875,9.03101089804817,0.7525000000000001,0.7287510868027439,0.7731082882493957,120.40000000000022,0.5285330646495875,0.49875,1,799,aasist
runs,aasist_asv19_sweep,asvspoof2019_la,reverb,0.7,0.7,0.7,0.79375,0.1704625,1.0,9.387471728838266,0.7875,0.7606251907139858,0.8105646453833361,126.0000000000002,0.5296650913219668,0.49875,1,799,aasist
runs,aasist_asv19_sweep,asvspoof2019_la,reverb,0.9,0.9,0.9000000000000002,0.800625,0.15110625,1.0,9.541197221462031,0.794375,0.7687516735947247,0.8200025330850129,127.10000000000024,0.5296406170276119,0.49875,1,799,aasist
runs,aasist_asv19_sweep,asvspoof2019_la,transcode_identity,320.0,-320.0,320.0,0.0062499999999999,0.9997546875,0.0337499999999999,0.1029731135169171,0.0,-0.0018758438752474,0.0031205062185774,0.0,0.0023974436054396,0.0025,9,5,aasist
runs,aasist_asv19_sweep,asvspoof2019_la,transcode_identity,256.0,-256.0,256.0,0.0062499999999999,0.9997546875,0.0337499999999999,0.1029731135169171,0.0,-0.0018758438752474,0.0031205062185774,0.0,0.0023974436054396,0.0025,9,5,aasist
runs,aasist_asv19_sweep,asvspoof2019_la,transcode_identity,192.0,-192.0,192.0,0.0062499999999999,0.9997546875,0.0337499999999999,0.1029731135169171,0.0,-0.0018758438752474,0.0031205062185774,0.0,0.0023974436054396,0.0025,9,5,aasist
runs,aasist_asv19_sweep,asvspoof2019_la,transmission,0.0,0.0,0.0,0.0062499999999999,0.999746875,0.03625,0.1034874377228266,0.0,0.0,0.0,0.0,0.0,0.0,5,5,aasist
runs,aasist_asv19_sweep,asvspoof2019_la,transmission,0.01,0.01,0.010027788770389,0.010625,0.999040625,0.1149999999999999,0.0990610950298443,0.004375,0.0006366260356794,0.0118667880869202,0.7000000000000058,0.0153643644742461,0.004375,6,11,aasist
runs,aasist_asv19_sweep,asvspoof2019_la,transmission,0.05,0.05,0.050213066383787,0.034375,0.995490625,0.1749999999999999,0.1468017436916576,0.028125,0.0175000561773252,0.0362918357867325,4.500000000000012,0.0457728289322356,0.0475,10,72,aasist
runs,aasist_asv19_sweep,asvspoof2019_la,transmission,0.1,0.1,0.1000086190221701,0.04,0.9884625,0.37,0.319702936250821,0.03375,0.0243865852743697,0.0449982392163975,5.400000000000015,0.0836959022820822,0.12,8,192,aasist
runs,aasist_asv19_sweep,asvspoof2019_la,transmission,0.2,0.2,0.1990158402005855,0.0687499999999999,0.9707078125,0.71375,0.9251083002634324,0.0625,0.0518653596297373,0.0781163553779302,10.000000000000018,0.1872531186114287,0.25625,1,411,aasist
runs,aasist_asv21_sweep,asvspoof2021_la,bandpass,8000.0,-8000.0,7920.0,0.1674999999999999,0.89549453125,1.0,1.992658336991192,0.0181249999999999,0.002501716021787,0.0293951123181662,0.1213389121338908,0.0558995396937173,0.065625,93,155,aasist
runs,aasist_asv21_sweep,asvspoof2021_la,bandpass,6000.0,-6000.0,6000.0,0.168125,0.8950640625,1.0,1.9765602603562915,0.0187499999999999,0.0062349971354041,0.0337861949867392,0.1255230125523009,0.0543135066521622,0.064375,100,158,aasist
runs,aasist_asv21_sweep,asvspoof2021_la,bandpass,4000.0,-4000.0,4000.0,0.165,0.894465625,1.0,2.028611523350559,0.015625,0.00125012304715,0.028796844374295,0.104602510460251,0.0590896979889824,0.075625,85,159,aasist
runs,aasist_asv21_sweep,asvspoof2021_la,bandpass,3400.0,-3400.0,3400.0,0.17125,0.8921046874999999,1.0,2.1166425965917366,0.0218749999999999,0.0049995263728529,0.0331221065923796,0.1464435146443513,0.0640323927904635,0.08625,70,167,aasist
runs,aasist_asv21_sweep,asvspoof2021_la,bandpass,2000.0,-2000.0,2000.0,0.19625,0.8736484375,1.0,3.0031106060669073,0.0468749999999999,0.0294081169332219,0.0656648458844868,0.3138075313807529,0.1396924729059906,0.138125,21,241,aasist
runs,aasist_asv21_sweep,asvspoof2021_la,chirp,25.0,-25.0,24.999999890185787,0.18,0.8842828125000001,1.0,1.6381672252348856,0.0306249999999999,0.0143691064105367,0.045000627783239,0.2050209205020919,0.1019407906968083,0.113125,219,107,aasist
runs,aasist_asv21_sweep,asvspoof2021_la,chirp,20.0,-20.0,19.999999965276665,0.185625,0.87571875,1.0,1.7519663041715967,0.03625,0.0206207482993197,0.0537505404537787,0.2426778242677824,0.1153986725615333,0.113125,215,115,aasist
runs,aasist_asv21_sweep,asvspoof2021_la,chirp,15.0,-15.0,14.999999989022488,0.20375,0.87198125,1.0,1.802201043965969,0.0543749999999999,0.0343738835086591,0.0674943260684323,0.3640167364016732,0.1192658953182305,0.11625,219,120,aasist
runs,aasist_asv21_sweep,asvspoof2021_la,chirp,10.0,-10.0,9.999999996531574,0.1975,0.8701,1.0,1.9120772571678717,0.0481249999999999,0.030663093115367,0.0637444085115545,0.3221757322175729,0.1300265288114766,0.105,201,132,aasist
runs,aasist_asv21_sweep,asvspoof2021_la,chirp,5.0,-5.0,4.999999998906158,0.213125,0.865715625,1.0,2.394280741591848,0.0637499999999999,0.0418102922022826,0.077503863036052,0.426778242677824,0.1376879080561161,0.118125,162,174,aasist
runs,aasist_asv21_sweep,asvspoof2021_la,codec,128.0,-128.0,128.0,0.1274999999999999,0.946996875,0.8024999999999999,1.2205377018668988,-0.021875,-0.036258316778488,-0.014367670650361,-0.1464435146443518,0.0179547388308688,0.02375,118,93,aasist
runs,aasist_asv21_sweep,asvspoof2021_la,codec,64.0,-64.0,64.0,0.1262499999999999,0.9472125,0.8025000000000001,1.211758176294214,-0.023125,-0.0375141235496878,-0.0143137823061046,-0.1548117154811719,0.0181460553060671,0.02625,122,93,aasist
runs,aasist_asv21_sweep,asvspoof2021_la,codec,32.0,-32.0,32.0,0.12875,0.943478125,0.8362500000000002,1.295954206047684,-0.020625,-0.0349562418970586,-0.0093783373630306,-0.1380753138075313,0.0209514205364225,0.043125,110,102,aasist
runs,aasist_asv21_sweep,asvspoof2021_la,codec,24.0,-24.0,24.0,0.14125,0.94010625,0.79375,1.362421762655328,-0.008125,-0.0256272594303,0.0018810069957198,-0.0543933054393308,0.0281725853328042,0.0525,121,110,aasist
runs,aasist_asv21_sweep,asvspoof2021_la,codec,16.0,-16.0,16.0,0.150625,0.93225,0.8662500000000001,1.6831582623854753,0.0012499999999999,-0.0156229678564113,0.0143812967553556,0.0083682008368199,0.0475132114087998,0.080625,62,134,aasist
runs,aasist_asv21_sweep,asvspoof2021_la,codec,8.0,-8.0,8.0,0.1899999999999999,0.8966406249999999,0.9325,4.530150036334325,0.0406249999999999,0.0162384774446154,0.0594032381590446,0.2719665271966522,0.2760460784838453,0.246875,7,379,aasist
runs,aasist_asv21_sweep,asvspoof2021_la,gain,-3.0,3.0,-3.0,0.118125,0.942153125,0.85875,1.1187646105692433,-0.03125,-0.0487538298494157,-0.0193921901684474,-0.2092050209205021,0.0334520467315554,0.06375,151,78,aasist
runs,aasist_asv21_sweep,asvspoof2021_la,gain,3.0,3.0,3.0,0.13375,0.94433125,0.86375,1.2563924022257082,-0.015625,-0.0343729046720004,-0.0037535793206549,-0.104602510460251,0.0425080488222031,0.06625,121,96,aasist
runs,aasist_asv21_sweep,asvspoof2021_la,gain,-10.0,10.0,-10.0,0.15,0.911003125,1.0,0.9904694388714984,0.0006249999999999,-0.0193799640272377,0.0156243025542774,0.0041841004184099,0.1259378126854713,0.24625,408,49,aasist
runs,aasist_asv21_sweep,asvspoof2021_la,gain,10.0,10.0,10.0,0.1425,0.9219421875,0.8962500000000001,1.3703344154995,-0.006875,-0.0262544521574552,0.0137808657987681,-0.0460251046025105,0.0893912323661169,0.14,175,100,aasist
runs,aasist_asv21_sweep,asvspoof2021_la,gain,-20.0,20.0,-20.0,0.25875,0.8118812500000001,0.99375,1.6894178731573173,0.109375,0.0812657764684676,0.1337553449335883,0.7322175732217572,0.451293048856183,0.48875,783,2,aasist
runs,aasist_asv21_sweep,asvspoof2021_la,gain,20.0,20.0,20.0,0.1737499999999999,0.8904249999999999,0.99,1.4162467978141855,0.0243749999999999,-1.5822784810125767e-05,0.0418741748602043,0.163179916317991,0.1429523881060437,0.21875,305,84,aasist
runs,aasist_asv21_sweep,asvspoof2021_la,noise,30.0,-30.0,29.9999996527274,0.17,0.8942742187499999,1.0,1.6953855254746812,0.020625,0.0106312104076369,0.0293743789712384,0.1380753138075313,0.0159527608136096,0.039375,148,130,aasist
runs,aasist_asv21_sweep,asvspoof2021_la,noise,20.0,-20.0,19.99999996527648,0.1999999999999999,0.8642796875000001,1.0,1.7917821600172892,0.0506249999999999,0.0356219647910098,0.0631410163701811,0.3389121338912129,0.0554069136554816,0.126875,269,125,aasist
runs,aasist_asv21_sweep,asvspoof2021_la,noise,15.0,-15.0,14.9999999890223,0.22875,0.8370734375000001,1.0,2.224570588477188,0.0793749999999999,0.0587543826051803,0.0931221028235295,0.531380753138075,0.1512832741407284,0.1925,341,136,aasist
runs,aasist_asv21_sweep,asvspoof2021_la,noise,10.0,-10.0,9.9999999965314,0.30625,0.7570703125000001,1.0,3.2469894138213324,0.156875,0.1362350371516205,0.1799568863614724,1.0502092050209202,0.3107881546344886,0.32375,517,136,aasist
runs,aasist_asv21_sweep,asvspoof2021_la,noise,5.0,-5.0,4.99999999890598,0.500625,0.5372031250000001,0.9975,4.11590668313309,0.3512499999999999,0.3187611388914684,0.3762524643060396,2.3514644351464424,0.3585099347803576,0.41875,633,152,aasist
runs,aasist_asv21_sweep,asvspoof2021_la,noise,0.0,-0.0,-3.431197944373468e-10,0.65625,0.309534375,0.99875,4.184303983539296,0.506875,0.476890614892297,0.5368824809162298,3.393305439330543,0.3651888552663748,0.469375,716,122,aasist
runs,aasist_asv21_sweep,asvspoof2021_la,reverb,0.1,0.1,0.1,0.3149999999999999,0.764478125,1.0,5.317177141902398,0.1656249999999999,0.1406153549956526,0.1924988499188143,1.1087866108786602,0.279406310708437,0.29125,26,465,aasist
runs,aasist_asv21_sweep,asvspoof2021_la,reverb,0.3,0.3,0.2999999999999999,0.6487499999999999,0.35095078125,1.0,8.489162528819405,0.4993749999999999,0.4680673484819377,0.5287508548374569,3.343096234309622,0.3565847414131231,0.49,73,732,aasist
runs,aasist_asv21_sweep,asvspoof2021_la,reverb,0.5,0.5,0.5,0.756875,0.2394890625,1.0,8.958374779316046,0.6074999999999999,0.5730996150098011,0.6356088851708379,4.066945606694559,0.3597217407286435,0.543125,134,740,aasist
runs,aasist_asv21_sweep,asvspoof2021_la,reverb,0.7,0.7,0.7,0.78625,0.2081132812499999,1.0,9.071820190735473,0.636875,0.6000144662668556,0.663759619025778,4.263598326359832,0.3608637160768824,0.57375,204,727,aasist
runs,aasist_asv21_sweep,asvspoof2021_la,reverb,0.9,0.9,0.9000000000000002,0.79875,0.1938890625,0.99875,9.108989504656028,0.6493749999999999,0.6149479267979656,0.6788021172880327,4.3472803347280315,0.3618448277567876,0.60125,256,721,aasist
runs,aasist_asv21_sweep,asvspoof2021_la,transcode_identity,320.0,-320.0,320.0,0.1275,0.9470609375,0.80375,1.2204228900352374,-0.021875,-0.0368749999999999,-0.0150121195716462,-0.1464435146443516,0.0182111736876916,0.025,117,94,aasist
runs,aasist_asv21_sweep,asvspoof2021_la,transcode_identity,256.0,-256.0,256.0,0.1275,0.9470609375,0.80375,1.2204228900352374,-0.021875,-0.0368749999999999,-0.0150121195716462,-0.1464435146443516,0.0182111736876916,0.025,117,94,aasist
runs,aasist_asv21_sweep,asvspoof2021_la,transcode_identity,192.0,-192.0,192.0,0.1275,0.9470609375,0.80375,1.2204228900352374,-0.021875,-0.0368749999999999,-0.0150121195716462,-0.1464435146443516,0.0182111736876916,0.025,117,94,aasist
runs,aasist_asv21_sweep,asvspoof2021_la,transmission,0.0,0.0,0.0,0.149375,0.9127296875,1.0,1.5858454181122503,0.0,0.0,0.0,0.0,0.0,0.0,119,120,aasist
runs,aasist_asv21_sweep,asvspoof2021_la,transmission,0.01,0.01,0.0097006507993345,0.155625,0.9105140625,1.0,1.5629559830383788,0.0062499999999999,-0.0062440584452111,0.0106525019676023,0.0418410041841002,0.0106025495395845,0.03,126,121,aasist
runs,aasist_asv21_sweep,asvspoof2021_la,transmission,0.05,0.05,0.0497335622430416,0.16875,0.896828125,1.0,1.7953891923405334,0.0193749999999999,0.0024850149176957,0.029345787209466,0.1297071129707111,0.0447012351558619,0.075,109,146,aasist
runs,aasist_asv21_sweep,asvspoof2021_la,transmission,0.1,0.1,0.1007261153878,0.1737499999999999,0.8934007812499999,1.0,1.9596232642080404,0.0243749999999999,0.0074988864625763,0.0387515303829828,0.163179916317991,0.0776282191993971,0.0925,95,154,aasist
runs,aasist_asv21_sweep,asvspoof2021_la,transmission,0.2,0.2,0.2011269319384755,0.1925,0.8770140625,1.0,2.557479745200962,0.0431249999999999,0.020646988467255,0.0593608478025527,0.2887029288702926,0.1515345552110299,0.13625,67,198,aasist
runs,aasist_itw_sweep,in_the_wild,bandpass,8000.0,-8000.0,7920.0,0.44125,0.5843421875,0.99875,2.453312902885615,-0.0112499999999999,-0.0231300540493842,0.0012500558634143,-0.0248618784530386,0.0611963853968963,0.070625,306,381,aasist
runs,aasist_itw_sweep,in_the_wild,bandpass,6000.0,-6000.0,6000.0,0.4525,0.575065625,0.99875,2.5251925820309635,0.0,-0.0162560015825554,0.0112250118154385,0.0,0.0686595183155394,0.08,299,393,aasist
runs,aasist_itw_sweep,in_the_wild,bandpass,4000.0,-4000.0,4000.0,0.469375,0.5440843750000001,0.9975,2.905175616142845,0.0168749999999999,-0.0012500089371322,0.0312500439477845,0.0372928176795579,0.1316851281877728,0.153125,240,477,aasist
runs,aasist_itw_sweep,in_the_wild,bandpass,3400.0,-3400.0,3400.0,0.4706249999999999,0.5328515625,0.9975,3.1390725979414653,0.0181249999999999,0.0012500935130052,0.036258065909708,0.0400552486187844,0.1656693341627267,0.19,223,523,aasist
runs,aasist_itw_sweep,in_the_wild,bandpass,2000.0,-2000.0,2000.0,0.5275000000000001,0.4583890625,0.99875,4.347598653493815,0.075,0.0512501218471925,0.0968890896165571,0.1657458563535913,0.2620899594308158,0.31625,154,658,aasist
runs,aasist_itw_sweep,in_the_wild,chirp,25.0,-25.0,24.999993921179307,0.5275000000000001,0.4851999999999999,0.9975,2.873060786657036,0.075,0.0493840905532576,0.1006252197351458,0.1657458563535913,0.2028376159109675,0.23625,444,410,aasist
runs,aasist_itw_sweep,in_the_wild,chirp,20.0,-20.0,19.999998077429662,0.55625,0.4423859375,1.0,3.2356523240799406,0.10375,0.0775042778761999,0.1293682455752883,0.2292817679558011,0.2800329666968172,0.310625,497,396,aasist
runs,aasist_itw_sweep,in_the_wild,chirp,15.0,-15.0,14.99999939200469,0.57125,0.440959375,0.9975,3.4777807267913223,0.11875,0.0831108494929631,0.141891721729236,0.2624309392265194,0.3209948114653825,0.336875,513,382,aasist
runs,aasist_itw_sweep,in_the_wild,chirp,10.0,-10.0,9.999999807735156,0.5762499999999999,0.4153234375,0.99875,4.009185448634257,0.1237499999999999,0.0912499312514561,0.1481206503421799,0.2734806629834252,0.3443728283611701,0.3675,515,409,aasist
runs,aasist_itw_sweep,in_the_wild,chirp,5.0,-5.0,4.999999939203206,0.585625,0.3978156249999999,0.99875,4.547120785595624,0.1331249999999999,0.1056224143101774,0.1644194294484883,0.2941988950276241,0.3369672426728436,0.36125,482,462,aasist
runs,aasist_itw_sweep,in_the_wild,codec,128.0,-128.0,128.0,0.4525,0.5600562499999999,0.99875,2.427429239744333,0.0,-0.0056194348213595,0.0081179674297854,0.0,0.0181734490560836,0.02625,391,351,aasist
runs,aasist_itw_sweep,in_the_wild,codec,64.0,-64.0,64.0,0.45625,0.5596625,0.99875,2.430135945263608,0.0037499999999999,-0.0062568411586595,0.0087549657104506,0.0082872928176795,0.021464101197136,0.025625,389,356,aasist
runs,aasist_itw_sweep,in_the_wild,codec,32.0,-32.0,32.0,0.46875,0.5468484375,0.99875,2.4931346936700387,0.0162499999999999,0.0025003147857677,0.0256216264469911,0.0359116022099447,0.0479655322370331,0.048125,386,365,aasist
runs,aasist_itw_sweep,in_the_wild,codec,24.0,-24.0,24.0,0.4762499999999999,0.5357125,0.99875,2.563192871321319,0.0237499999999999,0.009371319805745,0.0374919211499865,0.0524861878453037,0.0664321666707514,0.0725,366,386,aasist
runs,aasist_itw_sweep,in_the_wild,codec,16.0,-16.0,16.0,0.5037499999999999,0.50021875,0.99875,2.7914402555068634,0.0512499999999999,0.0330994997793181,0.067495691374091,0.113259668508287,0.1002804187708331,0.104375,361,432,aasist
runs,aasist_itw_sweep,in_the_wild,codec,8.0,-8.0,8.0,0.5525,0.429828125,0.99875,4.818952145213187,0.0999999999999999,0.0737710478484925,0.1231482799086389,0.2209944751381214,0.2829469716847941,0.344375,135,674,aasist
runs,aasist_itw_sweep,in_the_wild,gain,-3.0,3.0,-3.0,0.45625,0.560025,0.99875,2.1184325727241404,0.00375,-0.0131189822952487,0.0181285889193503,0.0082872928176796,0.1160692033823128,0.139375,490,293,aasist
runs,aasist_itw_sweep,in_the_wild,gain,3.0,3.0,3.0,0.45375,0.5793609375,0.99625,2.813187854546414,0.0012499999999999,-0.0187506944675599,0.0137381395650094,0.0027624309392264,0.1062812201780666,0.125,257,431,aasist
runs,aasist_itw_sweep,in_the_wild,gain,-10.0,10.0,-10.0,0.505625,0.5051687499999999,0.9975,2.086442909256719,0.0531249999999999,0.0287445403285406,0.0768973905959219,0.117403314917127,0.38449369050956,0.40375,713,93,aasist
runs,aasist_itw_sweep,in_the_wild,gain,10.0,10.0,10.0,0.3924999999999999,0.6746796875,0.9925,3.3049647443359635,-0.06,-0.091272238633318,-0.0338245444765765,-0.132596685082873,0.2785474395382892,0.344375,96,549,aasist
runs,aasist_itw_sweep,in_the_wild,gain,-20.0,20.0,-20.0,0.594375,0.4034515625,1.0,2.879423254820847,0.1418749999999999,0.1131375562711907,0.1668981706685318,0.3135359116022099,0.5698027651765646,0.49625,799,5,aasist
runs,aasist_itw_sweep,in_the_wild,gain,20.0,20.0,20.0,0.310625,0.7665171875000001,0.99,3.6870808792066985,-0.1418749999999999,-0.1749953107181217,-0.1074914124601368,-0.3135359116022099,0.3620365609475566,0.458125,15,702,aasist
runs,aasist_itw_sweep,in_the_wild,noise,30.0,-30.0,29.99998078595794,0.47,0.5385140625,1.0,2.519196573633344,0.0174999999999999,0.0087505965012135,0.0306236992286468,0.0386740331491711,0.0403443554464229,0.049375,422,355,aasist
runs,aasist_itw_sweep,in_the_wild,noise,20.0,-20.0,19.999998077429485,0.515,0.48225625,0.99875,2.590925783640389,0.0625,0.0456227749710581,0.0781287217008294,0.1381215469613259,0.1089341790453893,0.119375,463,380,aasist
runs,aasist_itw_sweep,in_the_wild,noise,15.0,-15.0,14.999999392004517,0.55,0.436725,1.0,2.6230460532986895,0.0975,0.0781473325766628,0.1225229902599238,0.2154696132596685,0.1581516761013492,0.1975,482,426,aasist
runs,aasist_itw_sweep,in_the_wild,noise,10.0,-10.0,9.999999807734977,0.5756249999999999,0.3920015625,1.0,2.7017619173558036,0.1231249999999999,0.0974617759090085,0.1487460349952312,0.272099447513812,0.2147025701262479,0.26,438,482,aasist
runs,aasist_itw_sweep,in_the_wild,noise,5.0,-5.0,4.999999939203029,0.5974999999999999,0.367271875,1.0,2.929755809400901,0.1449999999999999,0.1182047733164395,0.1712408908160297,0.320441988950276,0.2642531061200419,0.32,316,584,aasist
runs,aasist_itw_sweep,in_the_wild,noise,0.0,-0.0,-1.9222870206218113e-08,0.5956250000000001,0.382828125,1.0,3.177314404277875,0.143125,0.1137765352506705,0.1737636675913879,0.3162983425414366,0.3048639450138949,0.383125,151,688,aasist
runs,aasist_itw_sweep,in_the_wild,reverb,0.1,0.1,0.1,0.4599999999999999,0.5458296875,1.0,3.7277970865762,0.0074999999999999,-0.0156218029761038,0.0324920494286547,0.016574585635359,0.2748991049558031,0.324375,115,586,aasist
runs,aasist_itw_sweep,in_the_wild,reverb,0.3,0.3,0.2999999999999999,0.5225,0.4703078125,1.0,4.858804988751162,0.0699999999999999,0.0418891516823266,0.0975240267255137,0.1546961325966849,0.3078752756130859,0.373125,93,666,aasist
runs,aasist_itw_sweep,in_the_wild,reverb,0.5,0.5,0.5,0.5706249999999999,0.424665625,1.0,5.218636753471731,0.1181249999999999,0.0881272912188133,0.1462273466379491,0.2610497237569059,0.312457867111016,0.381875,102,679,aasist
runs,aasist_itw_sweep,in_the_wild,reverb,0.7,0.7,0.7,0.583125,0.4061640625,1.0,5.308698545201522,0.130625,0.0981323089580842,0.156240730268565,0.2886740331491712,0.3117294125938145,0.384375,114,691,aasist
runs,aasist_itw_sweep,in_the_wild,reverb,0.9,0.9,0.9000000000000002,0.5706249999999999,0.4135671875,1.0,5.303886588026601,0.1181249999999999,0.0899757758871482,0.1456193205742336,0.2610497237569059,0.314346970846606,0.3775,114,684,aasist
runs,aasist_itw_sweep,in_the_wild,transcode_identity,320.0,-320.0,320.0,0.451875,0.5601625,0.99875,2.426717020868344,-0.0006249999999999,-0.0056478058839674,0.0087258145046494,-0.0013812154696132,0.0182229648683109,0.02625,391,351,aasist
runs,aasist_itw_sweep,in_the_wild,transcode_identity,256.0,-256.0,256.0,0.451875,0.5601625,0.99875,2.426717020868344,-0.0006249999999999,-0.0056478058839674,0.0087258145046494,-0.0013812154696132,0.0182229648683109,0.02625,391,351,aasist
runs,aasist_itw_sweep,in_the_wild,transcode_identity,192.0,-192.0,192.0,0.451875,0.5601625,0.99875,2.426717020868344,-0.0006249999999999,-0.0056478058839674,0.0087258145046494,-0.0013812154696132,0.0182229648683109,0.02625,391,351,aasist
runs,aasist_itw_sweep,in_the_wild,transmission,0.0,0.0,0.0,0.4525,0.5616140625,0.99875,2.478701229365443,0.0,0.0,0.0,0.0,0.0,0.0,362,362,aasist
runs,aasist_itw_sweep,in_the_wild,transmission,0.01,0.01,0.0098224418608785,0.4875,0.522,0.99625,2.6064026165712155,0.035,0.0168741595611672,0.0531092271815583,0.0773480662983426,0.0853241083253215,0.091875,454,339,aasist
runs,aasist_itw_sweep,in_the_wild,transmission,0.05,0.05,0.0504099734556357,0.5349999999999999,0.4692203125,0.99875,2.899901786939786,0.0824999999999999,0.0618666780736684,0.1093964456083003,0.18232044198895,0.2197525442835186,0.220625,582,319,aasist
runs,aasist_itw_sweep,in_the_wild,transmission,0.1,0.1,0.098551582663714,0.5225,0.457325,1.0,3.0861444039347594,0.0699999999999999,0.0449958295908728,0.0937672133421691,0.1546961325966849,0.2624405739497758,0.26625,584,330,aasist
runs,aasist_itw_sweep,in_the_wild,transmission,0.2,0.2,0.2000974472388898,0.5475,0.4384671874999999,1.0,3.2507285404666932,0.0949999999999999,0.0693603924055713,0.1212659950076407,0.2099447513812154,0.2932511927775512,0.303125,551,370,aasist
runs,codec_all_asv19_sweep,asvspoof2019_la,neural_encodec,24.0,-24.0,24.0,0.213125,0.87065625,0.7425,3.990101188716708,-0.05,-0.0762515145552642,-0.028130067727525,-0.1900237529691212,0.6230347872393407,0.496875,0,794,reference_lfcc_logreg
runs,codec_all_asv19_sweep,asvspoof2019_la,neural_encodec,12.0,-12.0,12.0,0.2125,0.871596875,0.68875,4.093378280245565,-0.050625,-0.074413709992402,-0.0275107819324657,-0.1923990498812352,0.6239264213692041,0.496875,0,794,reference_lfcc_logreg
runs,codec_all_asv19_sweep,asvspoof2019_la,neural_encodec,6.0,-6.0,6.0,0.1943749999999999,0.8866906250000001,0.68625,3.767562686862082,-0.06875,-0.0943661992590569,-0.043699498242376,-0.2612826603325418,0.6107066101207025,0.49125,1,786,reference_lfcc_logreg
runs,codec_all_asv19_sweep,asvspoof2019_la,neural_encodec,3.0,-3.0,3.0,0.1875,0.8834000000000001,0.68875,4.4209661268030995,-0.075625,-0.1012526208158024,-0.0480610717945554,-0.2874109263657958,0.6230111602805037,0.495625,3,793,reference_lfcc_logreg
runs,codec_all_asv19_sweep,asvspoof2019_la,neural_encodec,1.5,-1.5,1.5,0.2312499999999999,0.8493703125000001,0.7687499999999999,5.275624868227495,-0.031875,-0.0606466025806315,-0.0061698517609634,-0.1211401425178149,0.6361240691884317,0.496875,0,794,reference_lfcc_logreg
runs,codec_all_asv19_sweep,asvspoof2019_la,telephony_g711a,64.0,-64.0,64.0,0.24,0.8468890625000001,0.69875,2.2787250509296553,-0.023125,-0.0418922997962489,-0.0024994719254587,-0.0878859857482187,0.2127552915963085,0.27125,442,17,reference_lfcc_logreg
runs,codec_all_asv19_sweep,asvspoof2019_la,telephony_g711u,64.0,-64.0,64.0,0.2674999999999999,0.8171859375,0.7799999999999999,2.146651691911666,0.0043749999999999,-0.0162506595497238,0.0225921930751229,0.0166270783847977,0.1993163448261911,0.2425,415,42,reference_lfcc_logreg
runs,codec_all_asv19_sweep,asvspoof2019_la,telephony_g722,64.0,-64.0,64.0,0.2518749999999999,0.8310624999999999,0.72875,1.7695842120509595,-0.01125,-0.031893934738455,0.0062533513025232,-0.0427553444180526,0.1547835487510994,0.173125,329,89,reference_lfcc_logreg
runs,codec_all_asv19_sweep,asvspoof2019_la,neural_encodec,24.0,-24.0,24.0,0.01875,0.99885,0.0924999999999999,0.131158115245998,0.0125,0.0050095620070042,0.0168829382938294,2.0000000000000093,0.0296524415327616,0.01375,15,15,aasist
runs,codec_all_asv19_sweep,asvspoof2019_la,neural_encodec,12.0,-12.0,12.0,0.0224999999999999,0.99703125,0.17,0.1258957073077904,0.01625,0.0112517180901548,0.0256236327062981,2.600000000000006,0.0380108065102364,0.025625,8,39,aasist
runs,codec_all_asv19_sweep,asvspoof2019_la,neural_encodec,6.0,-6.0,6.0,0.045625,0.9889921875,0.2925,0.2767049482862224,0.039375,0.0281357553816379,0.0518402143758741,6.300000000000013,0.0808482323408998,0.116875,8,183,aasist
runs,codec_all_asv19_sweep,asvspoof2019_la,neural_encodec,3.0,-3.0,3.0,0.0849999999999999,0.9585359375,0.7699999999999999,1.3038423384094515,0.07875,0.0675151538616295,0.0956248521250173,12.600000000000025,0.2483991233138368,0.34,4,542,aasist
runs,codec_all_asv19_sweep,asvspoof2019_la,neural_encodec,1.5,-1.5,1.5,0.3349999999999999,0.7513484375000001,0.99,4.836425120155542,0.32875,0.3049788026409908,0.3525270546801691,52.60000000000009,0.4748285543457396,0.486875,3,778,aasist
runs,codec_all_asv19_sweep,asvspoof2019_la,telephony_g711a,64.0,-64.0,64.0,0.0062499999999999,0.9997125,0.0437499999999999,0.0966861163748122,0.0,-0.0018653540289888,0.0025031501429085,0.0,0.0029337350419019,0.0,5,5,aasist
runs,codec_all_asv19_sweep,asvspoof2019_la,telephony_g711u,64.0,-64.0,64.0,0.0062499999999999,0.999725,0.0474999999999999,0.0968177574159088,0.0,-0.0025015703445821,0.0025032187701172,0.0,0.0027437986408637,0.000625,6,5,aasist
runs,codec_all_asv19_sweep,asvspoof2019_la,telephony_g722,64.0,-64.0,64.0,0.00625,0.99966875,0.045,0.0806428738365635,1.3010426069826053e-17,-0.0025014147652416,0.0050001267610501,2.081668171172172e-15,0.0133652148118079,0.00125,6,6,aasist
runs,codec_all_asv19_sweep,asvspoof2019_la,neural_encodec,24.0,-24.0,24.0,0.29,0.791284375,0.9712500000000002,9.85675351212287,0.12875,0.1031220291176197,0.151881703310309,0.798449612403101,0.0984495621288065,0.489375,0,783,aasist3_kan
runs,codec_all_asv19_sweep,asvspoof2019_la,neural_encodec,12.0,-12.0,12.0,0.296875,0.781403125,0.965,9.86101435686583,0.135625,0.1106468913785025,0.1580699910822541,0.8410852713178294,0.0984519046379862,0.49125,0,786,aasist3_kan
runs,codec_all_asv19_sweep,asvspoof2019_la,neural_encodec,6.0,-6.0,6.0,0.31375,0.757946875,0.9575,9.88329228455868,0.1524999999999999,0.1281356697874098,0.1743652499139626,0.9457364341085268,0.098437912470877,0.494375,0,791,aasist3_kan
runs,codec_all_asv19_sweep,asvspoof2019_la,neural_encodec,3.0,-3.0,3.0,0.3375,0.7185578125000001,0.98,9.93355634300007,0.17625,0.1493754699028017,0.201855482018163,1.0930232558139537,0.098449942402096,0.499375,1,798,aasist3_kan
runs,codec_all_asv19_sweep,asvspoof2019_la,neural_encodec,1.5,-1.5,1.5,0.389375,0.6515421875,0.98125,9.955018059009268,0.228125,0.1975038538060464,0.2506493398211405,1.4147286821705427,0.0984504549383007,0.499375,1,798,aasist3_kan
runs,codec_all_asv19_sweep,asvspoof2019_la,telephony_g711a,64.0,-64.0,64.0,0.1725,0.891440625,0.7300000000000001,3.4138444440760765,0.0112499999999999,-0.0018758039321047,0.0250040592889758,0.069767441860465,0.0523155630199635,0.06375,160,112,aasist3_kan
runs,codec_all_asv19_sweep,asvspoof2019_la,telephony_g711u,64.0,-64.0,64.0,0.181875,0.8929265625,0.7400000000000001,4.039318436283094,0.020625,0.00380752204612,0.0281243066539005,0.127906976744186,0.0262060053778059,0.0475,133,159,aasist3_kan
runs,codec_all_asv19_sweep,asvspoof2019_la,telephony_g722,64.0,-64.0,64.0,0.260625,0.81404453125,0.8162500000000001,5.134183250416658,0.0993749999999999,0.0781249883967753,0.1181281122485778,0.6162790697674417,0.0724803156602373,0.17,185,237,aasist3_kan
runs,codec_all_asv19_sweep,asvspoof2019_la,neural_encodec,24.0,-24.0,24.0,0.4475,0.5933562499999999,0.995,2.8213377287830284,0.440625,0.4106461547357997,0.4724977287409066,64.09090909090921,0.3319323320075009,0.298125,3,473,spectra_aasist3
runs,codec_all_asv19_sweep,asvspoof2019_la,neural_encodec,12.0,-12.0,12.0,0.55625,0.4447578125,0.99125,3.860709119877779,0.5493750000000001,0.521843262164203,0.573097444537716,79.90909090909105,0.466313822923539,0.450625,1,721,spectra_aasist3
runs,codec_all_asv19_sweep,asvspoof2019_la,neural_encodec,6.0,-6.0,6.0,0.2731249999999999,0.7935640625,0.985,2.48615965498372,0.26625,0.2418981137708275,0.2887523912109939,38.72727272727279,0.4805224625207932,0.4925,2,787,spectra_aasist3
runs,codec_all_asv19_sweep,asvspoof2019_la,neural_encodec,3.0,-3.0,3.0,0.1681249999999999,0.900003125,0.7825,2.2367497584895064,0.1612499999999999,0.1418517519860296,0.1812438255600717,23.45454545454549,0.476405909736951,0.49125,3,784,spectra_aasist3
runs,codec_all_asv19_sweep,asvspoof2019_la,neural_encodec,1.5,-1.5,1.5,0.2262499999999999,0.8529312500000001,0.7712500000000001,3.13221664608098,0.219375,0.1950444468882369,0.238143676803707,31.90909090909096,0.4961023173973629,0.50125,4,799,spectra_aasist3
runs,codec_all_asv19_sweep,asvspoof2019_la,telephony_g711a,64.0,-64.0,64.0,0.024375,0.9840265625,0.3899999999999999,0.2178987660536832,0.0175,0.0068980989592111,0.024989201452242,2.5454545454545547,0.029408018871145,0.023125,18,20,spectra_aasist3
runs,codec_all_asv19_sweep,asvspoof2019_la,telephony_g711u,64.0,-64.0,64.0,0.030625,0.9779984375,0.5475,0.2924166196870132,0.02375,0.014960504555959,0.0343734000306319,3.454545454545464,0.0364145629265392,0.028125,23,27,spectra_aasist3
runs,codec_all_asv19_sweep,asvspoof2019_la,telephony_g722,64.0,-64.0,64.0,0.0168749999999999,0.9926453125,0.2099999999999999,0.1651931015359851,0.0099999999999999,0.001892665443187,0.0174843497996468,1.4545454545454557,0.0204490493668952,0.016875,22,10,spectra_aasist3
runs,codec_all_asv19_sweep,asvspoof2019_la,neural_encodec,24.0,-24.0,24.0,0.0625,0.9859203125,0.1824999999999999,0.4856060526968681,0.0162499999999999,0.0062513958201933,0.0218822837965991,0.3513513513513511,0.0167420999999904,0.0225,46,56,rawnet2
runs,codec_all_asv19_sweep,asvspoof2019_la,neural_encodec,12.0,-12.0,12.0,0.06125,0.9825375,0.1725,0.5066063939825064,0.015,0.0068640103662315,0.024984803064882,0.3243243243243244,0.0240474626409133,0.038125,43,80,rawnet2
runs,codec_all_asv19_sweep,asvspoof2019_la,neural_encodec,6.0,-6.0,6.0,0.07125,0.979109375,0.1824999999999999,0.5823998137926951,0.025,0.0162573005479914,0.0362394138201132,0.5405405405405405,0.0461862083482286,0.073125,36,133,rawnet2
runs,codec_all_asv19_sweep,asvspoof2019_la,neural_encodec,3.0,-3.0,3.0,0.0881249999999999,0.9680453125,0.24625,0.984141201764813,0.0418749999999999,0.0299872241121062,0.0569068841296511,0.9054054054054048,0.1082729395303442,0.154375,27,256,rawnet2
runs,codec_all_asv19_sweep,asvspoof2019_la,neural_encodec,1.5,-1.5,1.5,0.1075,0.9554312500000002,0.3925,2.3059037353562126,0.06125,0.0431399560476296,0.0743740142379946,1.3243243243243243,0.2585569204526357,0.315625,10,509,rawnet2
runs,codec_all_asv19_sweep,asvspoof2019_la,telephony_g711a,64.0,-64.0,64.0,0.0481249999999999,0.9905765625,0.1825,0.4561377331217554,0.0018749999999999,-0.0031219906481457,0.0062885372681452,0.0405405405405399,0.0061976250377046,0.0075,44,32,rawnet2
runs,codec_all_asv19_sweep,asvspoof2019_la,telephony_g711u,64.0,-64.0,64.0,0.0481249999999999,0.9904203125,0.19625,0.4579086510834761,0.0018749999999999,-0.0025039034666722,0.0062566215106794,0.0405405405405399,0.0072373496000892,0.008125,44,33,rawnet2
runs,codec_all_asv19_sweep,asvspoof2019_la,telephony_g722,64.0,-64.0,64.0,0.05,0.99124375,0.1724999999999999,0.4043427032809528,0.00375,-0.0056169335765847,0.0075068009962311,0.0810810810810814,0.0126463084152129,0.0125,35,47,rawnet2
runs,codec_all_asv19_sweep,asvspoof2019_la,neural_encodec,24.0,-24.0,24.0,0.0012499999999999,0.9996859375,0.0024999999999999,0.0142931925620692,0.0,-0.0024865959597889,0.0012270315491174,0.0,0.0019694262530323,0.000625,1,2,ssl_aasist
runs,codec_all_asv19_sweep,asvspoof2019_la,neural_encodec,12.0,-12.0,12.0,0.0012499999999999,0.999559375,0.0024999999999999,0.0191758622664365,0.0,-0.0024865959597889,0.0012392343392828,0.0,0.0042199656802552,0.00625,1,11,ssl_aasist
runs,codec_all_asv19_sweep,asvspoof2019_la,neural_encodec,6.0,-6.0,6.0,0.00375,0.9987984375,0.02375,0.6577723441982708,0.0025,-0.001868298109803,0.0050217276675963,2.000000000000044,0.1395127008932925,0.208125,1,334,ssl_aasist
runs,codec_all_asv19_sweep,asvspoof2019_la,neural_encodec,3.0,-3.0,3.0,0.0856249999999999,0.971384375,0.6025,6.5149927849342255,0.0843749999999999,0.0687578430708225,0.0981570512820512,67.50000000000071,0.4800208533135894,0.491875,1,788,ssl_aasist
runs,codec_all_asv19_sweep,asvspoof2019_la,neural_encodec,1.5,-1.5,1.5,0.278125,0.8112617187500001,0.86375,9.436732848395636,0.2768750000000001,0.252509723763185,0.2981317746810062,221.5000000000024,0.5006118461573577,0.49875,1,799,ssl_aasist
runs,codec_all_asv19_sweep,asvspoof2019_la,telephony_g711a,64.0,-64.0,64.0,0.0012499999999999,0.999909375,0.00375,0.0165540206232322,0.0,-0.0006435006435006,0.000634558130223,0.0,0.000250570325272,0.0,1,1,ssl_aasist
runs,codec_all_asv19_sweep,asvspoof2019_la,telephony_g711u,64.0,-64.0,64.0,0.0012499999999999,0.99993125,0.00375,0.0163801638363572,0.0,-0.0006377551020408,0.000625,0.0,0.000256155513925,0.0,1,1,ssl_aasist
runs,codec_all_asv19_sweep,asvspoof2019_la,telephony_g722,64.0,-64.0,64.0,0.0012499999999999,0.9998640625,0.00375,0.0162793533550477,0.0,-0.0006435006435006,0.0006361525745125,0.0,0.0004654116694713,0.0,1,1,ssl_aasist
runs,codec_all_asv19_sweep,asvspoof2019_la,neural_encodec,24.0,-24.0,24.0,0.0,1.0,0.0,0.0029330325434757,-0.0018749999999999,-0.0050113373750652,0.0,-1.0,0.0066742047319958,0.0025,0,1,xlsr_mamba
runs,codec_all_asv19_sweep,asvspoof2019_la,neural_encodec,12.0,-12.0,12.0,0.0,1.0,0.0,0.003145838659022,-0.0018749999999999,-0.0050113373750652,0.0,-1.0,0.0078019455105375,0.0025,0,3,xlsr_mamba
runs,codec_all_asv19_sweep,asvspoof2019_la,neural_encodec,6.0,-6.0,6.0,0.03625,0.993709375,0.365,0.4950243715865559,0.034375,0.0237536938854852,0.0443728594108782,18.33333333333361,0.0942715082425618,0.12375,0,197,xlsr_mamba
runs,codec_all_asv19_sweep,asvspoof2019_la,neural_encodec,3.0,-3.0,3.0,0.469375,0.5876062500000001,0.995,5.252207379573315,0.4675,0.4437517090511348,0.4987500276856029,249.33333333333687,0.4868391755230788,0.49,0,783,xlsr_mamba
runs,codec_all_asv19_sweep,asvspoof2019_la,neural_encodec,1.5,-1.5,1.5,0.813125,0.1304640624999999,1.0,6.224827001502136,0.81125,0.788094978623749,0.8293930848067648,432.6666666666728,0.5063157103845684,0.5,0,799,xlsr_mamba
runs,codec_all_asv19_sweep,asvspoof2019_la,telephony_g711a,64.0,-64.0,64.0,0.0012499999999999,0.999990625,0.00375,0.0228890711118575,-0.0006249999999999,-0.0037281599732176,0.002495386166194,-0.3333333333333309,0.0012571706389426,0.00125,3,0,xlsr_mamba
runs,codec_all_asv19_sweep,asvspoof2019_la,telephony_g711u,64.0,-64.0,64.0,0.0012499999999999,0.9999921875,0.0024999999999999,0.0212372321681134,-0.0006249999999999,-0.0037484824195037,0.0012516635500912,-0.3333333333333309,0.0016568752165322,0.000625,2,0,xlsr_mamba
runs,codec_all_asv19_sweep,asvspoof2019_la,telephony_g722,64.0,-64.0,64.0,0.0024999999999999,0.9999890625,0.00375,0.0291067745591656,0.000625,-0.0031300379980259,0.0025079578016604,0.3333333333333381,0.0022537092508017,0.0025,3,0,xlsr_mamba
runs,codec_all_asv19_sweep,asvspoof2019_la,neural_encodec,24.0,-24.0,24.0,0.1737499999999999,0.89655625,0.5037499999999999,1.9538079510893975,0.0081249999999999,-0.0050011098315481,0.0224854174011684,0.0490566037735845,0.0418283166312788,0.10625,109,230,nes2net
runs,codec_all_asv19_sweep,asvspoof2019_la,neural_encodec,12.0,-12.0,12.0,0.165,0.898384375,0.5637499999999999,1.879583202155104,-0.0006249999999999,-0.0137941944620899,0.0174918193640206,-0.0037735849056602,0.0474437543996563,0.1425,91,272,nes2net
runs,codec_all_asv19_sweep,asvspoof2019_la,neural_encodec,6.0,-6.0,6.0,0.170625,0.9003734375000001,0.5925,1.6544111605177678,0.005,-0.0112552424684085,0.0224832755601443,0.030188679245283,0.061854316130576,0.240625,54,424,nes2net
runs,codec_all_asv19_sweep,asvspoof2019_la,neural_encodec,3.0,-3.0,3.0,0.1975,0.8887999999999999,0.8175,1.0063239008862424,0.0318749999999999,0.0100021333758445,0.0531250216064791,0.1924528301886791,0.1541102224469588,0.438125,8,708,nes2net
runs,codec_all_asv19_sweep,asvspoof2019_la,neural_encodec,1.5,-1.5,1.5,0.255625,0.818109375,0.8337500000000001,0.8637570612754024,0.0899999999999999,0.0650120069535655,0.1199914710670346,0.5433962264150941,0.5261538183375655,0.49875,0,799,nes2net
runs,codec_all_asv19_sweep,asvspoof2019_la,telephony_g711a,64.0,-64.0,64.0,0.14125,0.92388125,0.41375,1.6369961539673747,-0.0243749999999999,-0.0324913942221224,-0.0087559621106288,-0.1471698113207545,0.031245846876294,0.05875,98,177,nes2net
runs,codec_all_asv19_sweep,asvspoof2019_la,telephony_g711u,64.0,-64.0,64.0,0.14375,0.9264789062499998,0.39125,1.6562900199169015,-0.021875,-0.0337058512819401,-0.011254393210836,-0.1320754716981132,0.0285510890147528,0.046875,96,158,nes2net
runs,codec_all_asv19_sweep,asvspoof2019_la,telephony_g722,64.0,-64.0,64.0,0.155,0.9173921875,0.4237499999999999,1.8034236904564804,-0.0106249999999999,-0.0207551304698053,0.0012504427351858,-0.0641509433962263,0.0209346730216525,0.0375,124,125,nes2net
runs,codec_all_asv19_sweep,asvspoof2019_la,neural_encodec,24.0,-24.0,24.0,0.0543749999999999,0.9867921875,0.31375,0.3739875128010603,0.0143749999999999,0.0043653705609351,0.0225271199148727,0.3593749999999987,0.0946156200465675,0.09125,10,154,xlsr_linear
runs,codec_all_asv19_sweep,asvspoof2019_la,neural_encodec,12.0,-12.0,12.0,0.054375,0.9837234375,0.32875,0.4126348789907789,0.0143749999999999,0.0043755901344817,0.0243747258183725,0.3593749999999998,0.1183820944005097,0.130625,8,213,xlsr_linear
runs,codec_all_asv19_sweep,asvspoof2019_la,neural_encodec,6.0,-6.0,6.0,0.0599999999999999,0.9810921875,0.34125,0.4941033869630754,0.0199999999999999,0.0106017572295494,0.0325124455543434,0.4999999999999988,0.1686020007361325,0.23375,6,380,xlsr_linear
runs,codec_all_asv19_sweep,asvspoof2019_la,neural_encodec,3.0,-3.0,3.0,0.0837499999999999,0.972390625,0.4075,0.7053288195364263,0.0437499999999999,0.0318592076897621,0.0575153559344725,1.093749999999999,0.2585201976311232,0.40125,1,643,xlsr_linear
runs,codec_all_asv19_sweep,asvspoof2019_la,neural_encodec,1.5,-1.5,1.5,0.1062499999999999,0.9551125,0.50625,1.2359278032671068,0.0662499999999999,0.054373174570942,0.0837537074480841,1.6562499999999982,0.3855261146446142,0.494375,0,791,xlsr_linear
runs,codec_all_asv19_sweep,asvspoof2019_la,telephony_g711a,64.0,-64.0,64.0,0.04125,0.9898125,0.2912499999999999,0.3043792098132342,0.0012499999999999,-0.0056319339686973,0.0087107954374815,0.0312499999999996,0.0260775499975992,0.0175,34,30,xlsr_linear
runs,codec_all_asv19_sweep,asvspoof2019_la,telephony_g711u,64.0,-64.0,64.0,0.044375,0.99081875,0.32125,0.3036364043798283,0.0043749999999999,-0.0031459750741841,0.0093728433534611,0.1093749999999998,0.0230754659420475,0.01625,30,38,xlsr_linear
runs,codec_all_asv19_sweep,asvspoof2019_la,telephony_g722,64.0,-64.0,64.0,0.0431249999999999,0.9906,0.255,0.3050341972401198,0.0031249999999999,-0.0043654940914454,0.0118709296971069,0.0781249999999991,0.0347102784533755,0.0225,35,35,xlsr_linear
runs,codec_all_asv19_sweep,asvspoof2019_la,neural_encodec,24.0,-24.0,24.0,0.04,0.9929640625,0.2049999999999999,0.2473886490285195,0.0125,0.0030037482424598,0.0193872667989211,0.4545454545454562,0.0942467963379279,0.090625,6,147,wavlm_linear
runs,codec_all_asv19_sweep,asvspoof2019_la,neural_encodec,12.0,-12.0,12.0,0.0431249999999999,0.99165625,0.2224999999999999,0.3369483155970936,0.015625,0.0056885004070405,0.0243811073153973,0.5681818181818186,0.1324591564281231,0.13875,5,225,wavlm_linear
runs,codec_all_asv19_sweep,asvspoof2019_la,neural_encodec,6.0,-6.0,6.0,0.0468749999999999,0.988053125,0.28625,0.7190906545527398,0.019375,0.0100000222659454,0.029350613425059,0.7045454545454554,0.2451824890430135,0.27375,1,439,wavlm_linear
runs,codec_all_asv19_sweep,asvspoof2019_la,neural_encodec,3.0,-3.0,3.0,0.071875,0.9782984375,0.3374999999999999,1.9955278478194896,0.044375,0.0318863696969831,0.0575300372523695,1.613636363636366,0.4242653759388557,0.46875,1,749,wavlm_linear
runs,codec_all_asv19_sweep,asvspoof2019_la,neural_encodec,1.5,-1.5,1.5,0.125625,0.9425671875,0.3975000000000001,4.888835405027815,0.098125,0.0787515615512878,0.1125069064852793,3.568181818181821,0.5050214201180857,0.5,0,800,wavlm_linear
runs,codec_all_asv19_sweep,asvspoof2019_la,telephony_g711a,64.0,-64.0,64.0,0.025625,0.9963265625,0.09875,0.1316067035867731,-0.0018749999999999,-0.0087334125162301,0.0031457784054472,-0.0681818181818176,0.0151910730139853,0.01,18,26,wavlm_linear
runs,codec_all_asv19_sweep,asvspoof2019_la,telephony_g711u,64.0,-64.0,64.0,0.024375,0.996,0.0875,0.132738592388719,-0.0031249999999999,-0.0075003000122576,0.0037084323752555,-0.1136363636363621,0.015372267841313,0.01,15,31,wavlm_linear
runs,codec_all_asv19_sweep,asvspoof2019_la,telephony_g722,64.0,-64.0,64.0,0.029375,0.995775,0.1349999999999999,0.137670676249299,0.001875,-0.0056121238498307,0.0068838881075167,0.0681818181818193,0.0148336280488485,0.010625,20,25,wavlm_linear
runs,codec_all_asv19_sweep,asvspoof2019_la,neural_encodec,24.0,-24.0,24.0,0.0006249999999999,0.9999875,0.0012499999999999,0.0120061676689791,0.0006249999999999,0.0,0.0044024807403422,,0.0079899560698679,0.01,0,16,nes2net_v2
runs,codec_all_asv19_sweep,asvspoof2019_la,neural_encodec,12.0,-12.0,12.0,0.005,0.998384375,0.07625,0.1595276938774775,0.005,0.001250001953128,0.0087698132722511,,0.0358946170978348,0.063125,0,101,nes2net_v2
runs,codec_all_asv19_sweep,asvspoof2019_la,neural_encodec,6.0,-6.0,6.0,0.1518749999999999,0.92321875,0.99625,2.9447592610854127,0.1518749999999999,0.1318749643511115,0.169370464588633,,0.3689331439950303,0.423125,0,677,nes2net_v2
runs,codec_all_asv19_sweep,asvspoof2019_la,neural_encodec,3.0,-3.0,3.0,0.4925,0.513234375,0.9875,5.6817812970913435,0.4925,0.4718773602885251,0.5212669814308429,,0.5025940304733953,0.49875,1,797,nes2net_v2
runs,codec_all_asv19_sweep,asvspoof2019_la,neural_encodec,1.5,-1.5,1.5,0.591875,0.379953125,0.99625,5.787255381399018,0.591875,0.5675004218776367,0.6193774139790964,,0.5033920593386364,0.500625,1,800,nes2net_v2
runs,codec_all_asv19_sweep,asvspoof2019_la,telephony_g711a,64.0,-64.0,64.0,0.0,1.0,0.0,0.0174234549970897,0.0,0.0,0.0,,0.0014605986909024,0.0,0,0,nes2net_v2
runs,codec_all_asv19_sweep,asvspoof2019_la,telephony_g711u,64.0,-64.0,64.0,0.0,1.0,0.0,0.0157924529392971,0.0,0.0,0.0,,0.0014430568811601,0.000625,0,1,nes2net_v2
runs,codec_all_asv19_sweep,asvspoof2019_la,telephony_g722,64.0,-64.0,64.0,0.0012499999999999,0.9999921875,0.005,0.0171670971740042,0.0012499999999999,0.0,0.0043790987217966,,0.0017466554338846,0.00125,1,1,nes2net_v2
runs,codec_all_asv21_sweep,asvspoof2021_la,neural_encodec,24.0,-24.0,24.0,0.3662499999999999,0.6963937499999999,0.985,3.440297784570616,0.0112499999999999,-0.0137220414351765,0.0443729872489898,0.0316901408450703,0.3413584982156202,0.39,65,647,reference_lfcc_logreg
runs,codec_all_asv21_sweep,asvspoof2021_la,neural_encodec,12.0,-12.0,12.0,0.360625,0.703225,0.97625,3.7661041799954713,0.0056249999999999,-0.0212623274971626,0.0368725530818553,0.0158450704225351,0.35878804516909,0.415,43,683,reference_lfcc_logreg
runs,codec_all_asv21_sweep,asvspoof2021_la,neural_encodec,6.0,-6.0,6.0,0.3475,0.7200953125,0.985,3.575366727778917,-0.0074999999999999,-0.0344331489616946,0.0218736126645326,-0.0211267605633801,0.3524009289977733,0.408125,48,677,reference_lfcc_logreg
runs,codec_all_asv21_sweep,asvspoof2021_la,neural_encodec,3.0,-3.0,3.0,0.33125,0.7342109375,0.985,4.239937302653825,-0.0237499999999999,-0.0500152763952198,0.0018831490440365,-0.066901408450704,0.3819353270783111,0.445,16,722,reference_lfcc_logreg
runs,codec_all_asv21_sweep,asvspoof2021_la,neural_encodec,1.5,-1.5,1.5,0.355,0.7113703124999999,0.9825,4.936077818740696,0.0,-0.0287567653013748,0.0262369666228109,0.0,0.4002539448775788,0.46625,12,752,reference_lfcc_logreg
runs,codec_all_asv21_sweep,asvspoof2021_la,telephony_g711a,64.0,-64.0,64.0,0.383125,0.6668140624999999,0.98375,4.19023980008165,0.028125,0.0024995063817825,0.0562780812955565,0.0792253521126762,0.4641005083349432,0.42375,692,16,reference_lfcc_logreg
runs,codec_all_asv21_sweep,asvspoof2021_la,telephony_g711u,64.0,-64.0,64.0,0.3974999999999999,0.6428437499999999,0.98125,4.255936693930965,0.0424999999999999,0.0137347632946717,0.0687508382359896,0.1197183098591548,0.4431492268353957,0.4075,684,34,reference_lfcc_logreg
runs,codec_all_asv21_sweep,asvspoof2021_la,telephony_g722,64.0,-64.0,64.0,0.3249999999999999,0.7407671875,0.97375,2.329262967221511,-0.03,-0.0518732908110306,-0.0062516508265464,-0.0845070422535212,0.3872583062569426,0.375,621,27,reference_lfcc_logreg
runs,codec_all_asv21_sweep,asvspoof2021_la,neural_encodec,24.0,-24.0,24.0,0.155625,0.91170625,1.0,1.4745830275533631,0.0062499999999999,-0.0062620032347233,0.015043858488745,0.0418410041841002,0.0415264357276834,0.05125,123,124,aasist
runs,codec_all_asv21_sweep,asvspoof2021_la,neural_encodec,12.0,-12.0,12.0,0.16125,0.90491875,1.0,1.625102945601506,0.0118749999999999,-0.0019085858229309,0.0219403729628302,0.0794979079497905,0.0472441028221116,0.071875,113,133,aasist
runs,codec_all_asv21_sweep,asvspoof2021_la,neural_encodec,6.0,-6.0,6.0,0.1706249999999999,0.8972500000000001,1.0,2.0937365114584865,0.0212499999999999,0.0093520839182301,0.0381037382435407,0.1422594142259409,0.0994044284930942,0.1025,67,166,aasist
runs,codec_all_asv21_sweep,asvspoof2021_la,neural_encodec,3.0,-3.0,3.0,0.21375,0.8632515624999999,1.0,3.3242780468106763,0.0643749999999999,0.0400337016969567,0.0824954325615036,0.4309623430962339,0.2257907977363062,0.175625,54,260,aasist
runs,codec_all_asv21_sweep,asvspoof2021_la,neural_encodec,1.5,-1.5,1.5,0.38875,0.6642828125,1.0,6.13311434891344,0.239375,0.2081239141177275,0.2662808664196534,1.6025104602510456,0.3432260152159208,0.368125,50,558,aasist
runs,codec_all_asv21_sweep,asvspoof2021_la,telephony_g711a,64.0,-64.0,64.0,0.125,0.94585625,0.8199999999999998,1.1901765303248095,-0.024375,-0.0356035922041909,-0.0125158361129521,-0.1631799163179918,0.0199556323703164,0.0325,123,96,aasist
runs,codec_all_asv21_sweep,asvspoof2021_la,telephony_g711u,64.0,-64.0,64.0,0.128125,0.9469921875,0.8287499999999999,1.1790109757029674,-0.02125,-0.0369147707916953,-0.0131680548485927,-0.1422594142259415,0.0205625380297847,0.03125,125,92,aasist
runs,codec_all_asv21_sweep,asvspoof2021_la,telephony_g722,64.0,-64.0,64.0,0.12125,0.9478328125,0.8050000000000002,1.1370840034313132,-0.028125,-0.0431356324361408,-0.0162368166267094,-0.1882845188284521,0.035105392037288,0.059375,128,88,aasist
runs,codec_all_asv21_sweep,asvspoof2021_la,neural_encodec,24.0,-24.0,24.0,0.391875,0.653159375,0.9825,9.794938102018214,0.03625,0.0080994444275456,0.0599941895180746,0.101933216168717,0.0186008711754893,0.295,147,530,aasist3_kan
runs,codec_all_asv21_sweep,asvspoof2021_la,neural_encodec,12.0,-12.0,12.0,0.400625,0.64435,0.98125,9.811769250981005,0.045,0.0206385096305318,0.0725196046428661,0.1265377855887523,0.0186072280449128,0.30125,140,529,aasist3_kan
runs,codec_all_asv21_sweep,asvspoof2021_la,neural_encodec,6.0,-6.0,6.0,0.40125,0.6344867187500001,0.995,9.848208684366725,0.045625,0.0206283099140196,0.0712774930084538,0.1282952548330405,0.0186072425873187,0.329375,127,579,aasist3_kan
runs,codec_all_asv21_sweep,asvspoof2021_la,neural_encodec,3.0,-3.0,3.0,0.4325,0.6165687500000001,1.0,9.891100638327789,0.076875,0.0474614255287153,0.1018593011175599,0.2161687170474517,0.018604686899658,0.36375,111,614,aasist3_kan
runs,codec_all_asv21_sweep,asvspoof2021_la,neural_encodec,1.5,-1.5,1.5,0.436875,0.59050078125,0.9925,9.946095518102844,0.08125,0.0525121000697373,0.1131026589042569,0.2284710017574694,0.0186029698157006,0.423125,75,697,aasist3_kan
runs,codec_all_asv21_sweep,asvspoof2021_la,telephony_g711a,64.0,-64.0,64.0,0.32375,0.7523375,0.9875,7.282388555090438,-0.0318749999999999,-0.0525419105422667,-0.0155967788496282,-0.0896309314586994,0.0153134131723923,0.18,374,159,aasist3_kan
runs,codec_all_asv21_sweep,asvspoof2021_la,telephony_g711u,64.0,-64.0,64.0,0.339375,0.7223531249999999,0.985,8.360821848968316,-0.0162499999999999,-0.030548636808581,0.0005973894290956,-0.0456942003514938,0.0082585825070858,0.091875,259,297,aasist3_kan
runs,codec_all_asv21_sweep,asvspoof2021_la,telephony_g722,64.0,-64.0,64.0,0.3243749999999999,0.7326328124999999,0.98875,7.074623499200963,-0.03125,-0.0562360690967458,-0.0080944082499831,-0.0878734622144112,0.0256709492702815,0.26,454,125,aasist3_kan
runs,codec_all_asv21_sweep,asvspoof2021_la,neural_encodec,24.0,-24.0,24.0,0.39875,0.6671984375000001,0.9875,2.741281264064504,0.361875,0.3318763801563026,0.3937689394662636,9.8135593220339,0.3414961341115651,0.3575,8,571,spectra_aasist3
runs,codec_all_asv21_sweep,asvspoof2021_la,neural_encodec,12.0,-12.0,12.0,0.5225,0.5029671875,0.9975,3.92175045028474,0.485625,0.459340244057093,0.5137508078633143,13.169491525423732,0.4541781431953723,0.458125,4,732,spectra_aasist3
runs,codec_all_asv21_sweep,asvspoof2021_la,neural_encodec,6.0,-6.0,6.0,0.35375,0.6786859375000001,0.9975,3.249103159860307,0.316875,0.2888260656026654,0.3424815135527364,8.593220338983054,0.4879944412240731,0.495,1,792,spectra_aasist3
runs,codec_all_asv21_sweep,asvspoof2021_la,neural_encodec,3.0,-3.0,3.0,0.243125,0.8029921875,0.99625,2.851630042434969,0.20625,0.1843746850280578,0.2293182683570995,5.593220338983054,0.4855501109468923,0.49875,1,798,spectra_aasist3
runs,codec_all_asv21_sweep,asvspoof2021_la,neural_encodec,1.5,-1.5,1.5,0.294375,0.7690406249999999,0.99875,3.5503872728835497,0.2575,0.2312565988938996,0.280043987846956,6.983050847457631,0.4999492014530904,0.50125,1,800,spectra_aasist3
runs,codec_all_asv21_sweep,asvspoof2021_la,telephony_g711a,64.0,-64.0,64.0,0.0581249999999999,0.978740625,0.3874999999999999,0.4256045658487608,0.02125,0.0099997796751067,0.0331231877503091,0.5762711864406782,0.0499323326606115,0.053125,41,65,spectra_aasist3
runs,codec_all_asv21_sweep,asvspoof2021_la,telephony_g711u,64.0,-64.0,64.0,0.0756249999999999,0.9715984375,0.5037499999999999,0.5085357194726917,0.0387499999999999,0.0256282018103185,0.0487423970799645,1.0508474576271185,0.0611899632637935,0.07125,40,99,spectra_aasist3
runs,codec_all_asv21_sweep,asvspoof2021_la,telephony_g722,64.0,-64.0,64.0,0.0431249999999999,0.98989375,0.26,0.3571040912947087,0.0062499999999999,-0.0050398855961703,0.014987107360525,0.1694915254237288,0.0312151480133039,0.029375,36,30,spectra_aasist3
runs,codec_all_asv21_sweep,asvspoof2021_la,neural_encodec,24.0,-24.0,24.0,0.124375,0.92518203125,0.9725,1.640400342816623,-0.020625,-0.0312517737826309,-0.0105519705220633,-0.1422413793103448,0.0384156796621525,0.040625,89,106,rawnet2
runs,codec_all_asv21_sweep,asvspoof2021_la,neural_encodec,12.0,-12.0,12.0,0.1218749999999999,0.9248468749999998,0.98375,1.7377943544958712,-0.023125,-0.033099804022121,-0.0099474844356386,-0.1594827586206898,0.0377015265532027,0.04875,79,107,rawnet2
runs,codec_all_asv21_sweep,asvspoof2021_la,neural_encodec,6.0,-6.0,6.0,0.125,0.921184375,0.98625,1.9327281905294549,-0.02,-0.0312512891215091,-0.0050025192387999,-0.1379310344827587,0.0655700466611913,0.061875,82,121,rawnet2
runs,codec_all_asv21_sweep,asvspoof2021_la,neural_encodec,3.0,-3.0,3.0,0.144375,0.907059375,0.97875,2.6844250615567424,-0.0006249999999999,-0.0162405539639307,0.0131183145250692,-0.0043103448275861,0.1426273016003136,0.084375,70,157,rawnet2
runs,codec_all_asv21_sweep,asvspoof2021_la,neural_encodec,1.5,-1.5,1.5,0.17,0.8828429687499999,0.975,4.4467268126252195,0.025,0.0112703275355666,0.0437466898256723,0.1724137931034484,0.265254995039395,0.16625,53,293,rawnet2
runs,codec_all_asv21_sweep,asvspoof2021_la,telephony_g711a,64.0,-64.0,64.0,0.1262499999999999,0.92619140625,0.94125,1.463660961668338,-0.01875,-0.0287305802934073,-0.0074609161721567,-0.1293103448275865,0.0337776167217427,0.03,130,94,rawnet2
runs,codec_all_asv21_sweep,asvspoof2021_la,telephony_g711u,64.0,-64.0,64.0,0.1268749999999999,0.926271875,0.9425,1.4658694343629413,-0.018125,-0.0268777321523298,-0.0081845199222319,-0.1250000000000004,0.0338174501935363,0.030625,133,94,rawnet2
runs,codec_all_asv21_sweep,asvspoof2021_la,telephony_g722,64.0,-64.0,64.0,0.111875,0.9393,0.89875,1.5426588330011008,-0.0331249999999999,-0.0443756155390184,-0.0218767513787063,-0.2284482758620688,0.0437926526580245,0.05125,61,105,rawnet2
runs,codec_all_asv21_sweep,asvspoof2021_la,neural_encodec,24.0,-24.0,24.0,0.0725,0.9808828125,0.64625,0.931451994959544,-0.0018749999999999,-0.0150088932434049,0.0049633652343169,-0.0252100840336132,0.0124541319942718,0.0325,29,76,ssl_aasist
runs,codec_all_asv21_sweep,asvspoof2021_la,neural_encodec,12.0,-12.0,12.0,0.0643749999999999,0.98005625,0.68875,1.1128035226376125,-0.01,-0.0237338851619481,-0.0012516212578314,-0.1344537815126051,0.0415015205163534,0.044375,11,81,ssl_aasist
runs,codec_all_asv21_sweep,asvspoof2021_la,neural_encodec,6.0,-6.0,6.0,0.0943749999999999,0.96,0.8600000000000002,2.6413341970822297,0.0199999999999999,0.006843736519309,0.0331258798939456,0.2689075630252099,0.2124003028845725,0.0825,5,138,ssl_aasist
runs,codec_all_asv21_sweep,asvspoof2021_la,neural_encodec,3.0,-3.0,3.0,0.228125,0.8622500000000001,0.99,7.812222661673008,0.15375,0.1287493366039754,0.170617029760584,2.067226890756303,0.4340171824926889,0.355625,2,572,ssl_aasist
runs,codec_all_asv21_sweep,asvspoof2021_la,neural_encodec,1.5,-1.5,1.5,0.3575,0.6902359375,1.0,9.509972363731032,0.2831249999999999,0.2525080387501367,0.303199131214986,3.80672268907563,0.4433737511052738,0.493125,2,792,ssl_aasist
runs,codec_all_asv21_sweep,asvspoof2021_la,telephony_g711a,64.0,-64.0,64.0,0.0775,0.979771875,0.6437499999999998,0.8282776714840654,0.003125,-0.0056578508933111,0.0056301701999542,0.0420168067226893,0.0016391948179453,0.011875,67,57,ssl_aasist
runs,codec_all_asv21_sweep,asvspoof2021_la,telephony_g711u,64.0,-64.0,64.0,0.076875,0.979578125,0.6224999999999999,0.8362394017955082,0.0025,-0.0050236412388331,0.0062514126729791,0.0336134453781516,0.0017658744819176,0.01375,63,62,ssl_aasist
runs,codec_all_asv21_sweep,asvspoof2021_la,telephony_g722,64.0,-64.0,64.0,0.0787499999999999,0.9790953125,0.6537499999999999,0.8410129375121385,0.0043749999999999,-0.0068682007103458,0.0113095655136923,0.0588235294117645,0.0030151766808874,0.025,64,63,ssl_aasist
runs,codec_all_asv21_sweep,asvspoof2021_la,neural_encodec,24.0,-24.0,24.0,0.0549999999999999,0.98915625,0.36625,0.4320552159704846,-1.3877787807814457e-17,-0.0087441193842345,0.0062502929973673,-2.5232341468753555e-16,0.0084898165370308,0.036875,13,68,xlsr_mamba
runs,codec_all_asv21_sweep,asvspoof2021_la,neural_encodec,12.0,-12.0,12.0,0.053125,0.987065625,0.41,0.5327891791746834,-0.0018749999999999,-0.0062598003460689,0.0124691968432632,-0.0340909090909088,0.0231628167503128,0.05125,6,84,xlsr_mamba
runs,codec_all_asv21_sweep,asvspoof2021_la,neural_encodec,6.0,-6.0,6.0,0.1187499999999999,0.9457484375,0.9725,1.7289624611964272,0.0637499999999999,0.0531077572554513,0.0856244796681935,1.1590909090909085,0.1768326604065585,0.1475,1,235,xlsr_mamba
runs,codec_all_asv21_sweep,asvspoof2021_la,neural_encodec,3.0,-3.0,3.0,0.53,0.4997984374999999,0.9975,5.599577945994112,0.475,0.4462403724698149,0.5056288196634061,8.636363636363637,0.4365952451114479,0.475625,1,760,xlsr_mamba
runs,codec_all_asv21_sweep,asvspoof2021_la,neural_encodec,1.5,-1.5,1.5,0.7825,0.19135625,1.0,6.170566013975565,0.7274999999999999,0.7012451233783343,0.7519175860386996,13.227272727272725,0.4497086733154223,0.499375,0,797,xlsr_mamba
runs,codec_all_asv21_sweep,asvspoof2021_la,telephony_g711a,64.0,-64.0,64.0,0.06,0.988203125,0.43125,0.3532011336789744,0.005,0.0,0.0112521374669364,0.0909090909090912,0.0038504392160167,0.01125,53,43,xlsr_mamba
runs,codec_all_asv21_sweep,asvspoof2021_la,telephony_g711u,64.0,-64.0,64.0,0.055,0.9883234375,0.43625,0.3514811522283926,1.3877787807814457e-17,-0.0012011430339006,0.0094378617798435,2.5232341468753555e-16,0.0032101923159062,0.0075,50,42,xlsr_mamba
runs,codec_all_asv21_sweep,asvspoof2021_la,telephony_g722,64.0,-64.0,64.0,0.05875,0.9888453125,0.4262499999999999,0.3564650965347768,0.00375,-0.0025059273854748,0.009375,0.0681818181818184,0.0042050830824821,0.011875,45,46,xlsr_mamba
runs,codec_all_asv21_sweep,asvspoof2021_la,neural_encodec,24.0,-24.0,24.0,0.1787499999999999,0.8974531250000001,0.7599999999999999,1.8855270326443463,0.0112499999999999,-0.0037270819935849,0.0262018650414328,0.0671641791044775,0.0380008493700411,0.080625,131,158,nes2net
runs,codec_all_asv21_sweep,asvspoof2021_la,neural_encodec,12.0,-12.0,12.0,0.18,0.89595625,0.77625,1.826880780441712,0.0125,-0.0050000353519436,0.0281711818044186,0.074626865671642,0.0428979627136982,0.104375,121,190,nes2net
runs,codec_all_asv21_sweep,asvspoof2021_la,neural_encodec,6.0,-6.0,6.0,0.1775,0.8902078125,0.7737499999999999,1.6537292131963706,0.01,-0.0030599972132868,0.0306226995518637,0.0597014925373136,0.0616356125422982,0.16,88,294,nes2net
runs,codec_all_asv21_sweep,asvspoof2021_la,neural_encodec,3.0,-3.0,3.0,0.21375,0.864434375,0.8375,1.118709082002556,0.04625,0.0225124373604362,0.0681436633772907,0.2761194029850747,0.1429876189710537,0.381875,13,620,nes2net
runs,codec_all_asv21_sweep,asvspoof2021_la,neural_encodec,1.5,-1.5,1.5,0.3462499999999999,0.7160203125,0.96,0.9926649982374388,0.1787499999999999,0.1512259489100814,0.2087269972058137,1.0671641791044777,0.4854676638917631,0.49875,0,798,nes2net
runs,codec_all_asv21_sweep,asvspoof2021_la,telephony_g711a,64.0,-64.0,64.0,0.16,0.913471875,0.6387500000000002,1.6384578062177024,-0.0074999999999999,-0.0187794117655771,0.0062506338538213,-0.0447761194029847,0.031816489694075,0.046875,113,156,nes2net
runs,codec_all_asv21_sweep,asvspoof2021_la,telephony_g711u,64.0,-64.0,64.0,0.1581249999999999,0.9138515625,0.6562499999999999,1.6597046002676732,-0.009375,-0.0187521214598007,0.0031069839192849,-0.0559701492537314,0.0304353308610728,0.04375,113,151,nes2net
runs,codec_all_asv21_sweep,asvspoof2021_la,telephony_g722,64.0,-64.0,64.0,0.164375,0.9052109375,0.6737500000000002,1.7971336212608502,-0.0031249999999999,-0.0112577960289423,0.006880357470204,-0.0186567164179102,0.0249498631641631,0.035625,145,120,nes2net
runs,codec_all_asv21_sweep,asvspoof2021_la,neural_encodec,24.0,-24.0,24.0,0.134375,0.925759375,0.9675,0.73580673888471,-0.02,-0.0337065841820077,-0.0068931832303456,-0.1295546558704454,0.0675629941584598,0.068125,94,122,xlsr_linear
runs,codec_all_asv21_sweep,asvspoof2021_la,neural_encodec,12.0,-12.0,12.0,0.1268749999999999,0.922575,0.9625,0.796827168186694,-0.0275,-0.0387538134172107,-0.0117917562446851,-0.1781376518218628,0.0818252103834137,0.086875,76,140,xlsr_linear
runs,codec_all_asv21_sweep,asvspoof2021_la,neural_encodec,6.0,-6.0,6.0,0.15125,0.9116578125,0.94,0.9451948092210164,-0.003125,-0.0181678461770903,0.0118681564076801,-0.0202429149797573,0.1177216071284092,0.12625,50,207,xlsr_linear
runs,codec_all_asv21_sweep,asvspoof2021_la,neural_encodec,3.0,-3.0,3.0,0.1624999999999999,0.8976421874999999,0.9662500000000002,1.2201594204768214,0.0081249999999999,-0.0093646718117907,0.0243735352165053,0.052631578947368,0.1754591760719731,0.215,32,353,xlsr_linear
runs,codec_all_asv21_sweep,asvspoof2021_la,neural_encodec,1.5,-1.5,1.5,0.20375,0.8663375,0.98125,1.8179788536622428,0.0493749999999999,0.0281235702996823,0.0656924848815258,0.3198380566801615,0.2567847648375091,0.401875,10,644,xlsr_linear
runs,codec_all_asv21_sweep,asvspoof2021_la,telephony_g711a,64.0,-64.0,64.0,0.120625,0.93558125,0.9475,0.5398615828716168,-0.03375,-0.0493929633087698,-0.0200070337227931,-0.2186234817813765,0.0774580479947135,0.09125,169,60,xlsr_linear
runs,codec_all_asv21_sweep,asvspoof2021_la,telephony_g711u,64.0,-64.0,64.0,0.1312499999999999,0.9283359375,0.97375,0.5887134944724057,-0.023125,-0.0368925617573302,-0.0093733416149224,-0.1497975708502028,0.056699421814849,0.069375,161,77,xlsr_linear
runs,codec_all_asv21_sweep,asvspoof2021_la,telephony_g722,64.0,-64.0,64.0,0.14,0.9257375,0.95375,0.6165809601029126,-0.014375,-0.0268804138246766,-0.0037724794907212,-0.0931174089068827,0.0505433415104221,0.065,144,87,xlsr_linear
runs,codec_all_asv21_sweep,asvspoof2021_la,neural_encodec,24.0,-24.0,24.0,0.178125,0.910196875,0.9175,1.6815701422658065,0.010625,-0.0025000270531109,0.0187504753539382,0.0634328358208958,0.0922088914302183,0.086875,76,211,wavlm_linear
runs,codec_all_asv21_sweep,asvspoof2021_la,neural_encodec,12.0,-12.0,12.0,0.18,0.90596875,0.9375,1.9586714213018783,0.0125,0.0012477140955706,0.0230889690153406,0.074626865671642,0.1257405731410909,0.11375,54,236,wavlm_linear
runs,codec_all_asv21_sweep,asvspoof2021_la,neural_encodec,6.0,-6.0,6.0,0.185625,0.8945234375,0.94875,2.7016018599922487,0.018125,0.0049997726434611,0.0287824203176437,0.1082089552238809,0.2013447544225756,0.19,27,331,wavlm_linear
runs,codec_all_asv21_sweep,asvspoof2021_la,neural_encodec,3.0,-3.0,3.0,0.20125,0.8855125,0.95625,4.197388698570155,0.03375,0.0168722311822159,0.0456499890564253,0.2014925373134332,0.2847197248942272,0.33375,5,539,wavlm_linear
runs,codec_all_asv21_sweep,asvspoof2021_la,neural_encodec,1.5,-1.5,1.5,0.20375,0.869353125,0.9775,6.5732476569310165,0.03625,0.0150102345479289,0.0512740153850987,0.2164179104477612,0.3117670950741709,0.48125,2,772,wavlm_linear
runs,codec_all_asv21_sweep,asvspoof2021_la,telephony_g711a,64.0,-64.0,64.0,0.166875,0.9185140625,0.9375,1.1911348259336876,-0.0006249999999999,-0.0088251517188777,0.0068634608854807,-0.003731343283582,0.0176511902808379,0.0225,126,140,wavlm_linear
runs,codec_all_asv21_sweep,asvspoof2021_la,telephony_g711u,64.0,-64.0,64.0,0.16125,0.92196875,0.93375,1.167939903095238,-0.0062499999999999,-0.0143948206249491,0.0006329314466316,-0.0373134328358207,0.0167708580484454,0.02375,124,132,wavlm_linear
runs,codec_all_asv21_sweep,asvspoof2021_la,telephony_g722,64.0,-64.0,64.0,0.1674999999999999,0.9180125,0.94125,1.1253631386626095,0.0,-0.0075237724844596,0.0087530772537219,0.0,0.0152361094398563,0.0225,144,124,wavlm_linear
runs,codec_all_asv21_sweep,asvspoof2021_la,neural_encodec,24.0,-24.0,24.0,0.093125,0.949084375,0.9975,0.8670820119565563,0.029375,0.016250060596262,0.0406551761640303,0.4607843137254907,0.0380228527443962,0.045625,26,87,nes2net_v2
runs,codec_all_asv21_sweep,asvspoof2021_la,neural_encodec,12.0,-12.0,12.0,0.11375,0.93881875,0.99875,1.3132250516291548,0.05,0.0362520009420934,0.0656288536386962,0.7843137254901967,0.1055500579517779,0.070625,18,119,nes2net_v2
runs,codec_all_asv21_sweep,asvspoof2021_la,neural_encodec,6.0,-6.0,6.0,0.274375,0.8124500000000001,1.0,3.9955687261613537,0.210625,0.1887237590383674,0.2368999390349609,3.303921568627453,0.3651276842835335,0.26875,10,432,nes2net_v2
runs,codec_all_asv21_sweep,asvspoof2021_la,neural_encodec,3.0,-3.0,3.0,0.4912499999999999,0.5145593749999999,0.99,5.6497092475851804,0.4275,0.398120885056719,0.4562650750165335,6.7058823529411775,0.4319830821752077,0.4875,2,782,nes2net_v2
runs,codec_all_asv21_sweep,asvspoof2021_la,neural_encodec,1.5,-1.5,1.5,0.545625,0.4460875,0.995,5.697504290972709,0.481875,0.4556120248125261,0.5118752969378524,7.558823529411767,0.4322405901410786,0.495625,2,793,nes2net_v2
runs,codec_all_asv21_sweep,asvspoof2021_la,telephony_g711a,64.0,-64.0,64.0,0.06125,0.9686046875,0.9499999999999998,0.5211082464840613,-0.0024999999999999,-0.0087155520089184,0.0025028797912736,-0.0392156862745094,0.0081507745259919,0.011875,52,47,nes2net_v2
runs,codec_all_asv21_sweep,asvspoof2021_la,telephony_g711u,64.0,-64.0,64.0,0.0618749999999999,0.96861875,0.94875,0.5203774619415791,-0.001875,-0.0100007656836226,0.0025004800734763,-0.0294117647058823,0.0083700230882911,0.013125,53,46,nes2net_v2
runs,codec_all_asv21_sweep,asvspoof2021_la,telephony_g722,64.0,-64.0,64.0,0.06625,0.967759375,0.96875,0.5595305397325756,0.0025,-0.0062167920725641,0.0075001101579821,0.03921568627451,0.009883336270061,0.015,57,47,nes2net_v2
runs,codec_all_itw_sweep,in_the_wild,neural_encodec,24.0,-24.0,24.0,0.55625,0.3876671875,1.0,7.88709047134124,-0.1006249999999999,-0.1174966579541847,-0.0784365650241162,-0.1531874405328258,0.2498755867315857,0.3925,324,1458,reference_lfcc_logreg
runs,codec_all_itw_sweep,in_the_wild,neural_encodec,12.0,-12.0,12.0,0.531875,0.4241265625,1.0,7.748454224300375,-0.125,-0.141870494352699,-0.1037525308508735,-0.1902949571836346,0.2532060527163904,0.399375,290,1458,reference_lfcc_logreg
runs,codec_all_itw_sweep,in_the_wild,neural_encodec,6.0,-6.0,6.0,0.51125,0.4428484374999999,1.0,7.373435781680488,-0.145625,-0.1634510556166634,-0.1243619897148466,-0.2216936251189343,0.2502699814074628,0.39625,314,1424,reference_lfcc_logreg
runs,codec_all_itw_sweep,in_the_wild,neural_encodec,3.0,-3.0,3.0,0.44375,0.55201875,0.99875,7.269588522183216,-0.213125,-0.2287571505375797,-0.1915672762408737,-0.324452901998097,0.2714781249852362,0.42,210,1416,reference_lfcc_logreg
runs,codec_all_itw_sweep,in_the_wild,neural_encodec,1.5,-1.5,1.5,0.385,0.6416687499999999,0.99875,6.550481254340838,-0.271875,-0.2887591651766704,-0.2499978901725411,-0.4138915318744053,0.2923317760723978,0.435,124,1338,reference_lfcc_logreg
runs,codec_all_itw_sweep,in_the_wild,telephony_g711a,64.0,-64.0,64.0,0.6275,0.3171828125,1.0,4.697803192849923,-0.029375,-0.0440579610195277,-0.0084420076922539,-0.0447193149381542,0.4736362668017999,0.445,1544,118,reference_lfcc_logreg
runs,codec_all_itw_sweep,in_the_wild,telephony_g711u,64.0,-64.0,64.0,0.6599999999999999,0.2909343749999999,1.0,4.849829721347939,0.0031249999999999,-0.0103152211435033,0.0209444606111914,0.0047573739295907,0.4549046272945575,0.43375,1524,134,reference_lfcc_logreg
runs,codec_all_itw_sweep,in_the_wild,telephony_g722,64.0,-64.0,64.0,0.640625,0.3113125,1.0,5.052048652600059,-0.0162499999999999,-0.0271931079427614,0.0024946100501446,-0.0247383444338724,0.4474819180182973,0.414375,1496,168,reference_lfcc_logreg
runs,codec_all_itw_sweep,in_the_wild,neural_encodec,24.0,-24.0,24.0,0.47375,0.5448437500000001,1.0,2.386893275550221,0.0212499999999999,0.0078297079647875,0.0328123751648492,0.0469613259668508,0.0983723572737128,0.105,838,694,aasist
runs,codec_all_itw_sweep,in_the_wild,neural_encodec,12.0,-12.0,12.0,0.48125,0.525309375,1.0,2.53712268814299,0.0287499999999999,0.0174705270713153,0.0421996832036349,0.0635359116022099,0.1140985117700415,0.121875,762,780,aasist
runs,codec_all_itw_sweep,in_the_wild,neural_encodec,6.0,-6.0,6.0,0.5231250000000001,0.487478125,1.0,2.8687431320373027,0.070625,0.0509332829637048,0.0846902662112634,0.1560773480662984,0.1595349662121099,0.1725,726,882,aasist
runs,codec_all_itw_sweep,in_the_wild,neural_encodec,3.0,-3.0,3.0,0.53375,0.4552,1.0,3.2868443199221424,0.0812499999999999,0.0627909523978371,0.0975264198237829,0.1795580110497236,0.2046501163569958,0.225,656,996,aasist
runs,codec_all_itw_sweep,in_the_wild,neural_encodec,1.5,-1.5,1.5,0.55125,0.425115625,0.99875,4.168131184422707,0.09875,0.0790471801923586,0.120313515746539,0.218232044198895,0.2586530761671063,0.303125,452,1226,aasist
runs,codec_all_itw_sweep,in_the_wild,telephony_g711a,64.0,-64.0,64.0,0.461875,0.557925,0.99875,2.4674612120920205,0.009375,0.0012499976564605,0.0121726771868473,0.0207182320441989,0.0116894099531976,0.01875,752,724,aasist
runs,codec_all_itw_sweep,in_the_wild,telephony_g711u,64.0,-64.0,64.0,0.4625,0.5579125,0.99875,2.4701687874702634,0.01,0.0033992240641954,0.0146733700974254,0.0220994475138121,0.0117450689980945,0.018125,756,734,aasist
runs,codec_all_itw_sweep,in_the_wild,telephony_g722,64.0,-64.0,64.0,0.4768749999999999,0.536296875,0.99875,2.5669662332915,0.0243749999999999,0.0143765846574132,0.0331014626364437,0.0538674033149169,0.0628850485586356,0.0675,772,760,aasist
runs,codec_all_itw_sweep,in_the_wild,neural_encodec,24.0,-24.0,24.0,0.3974999999999999,0.6363609375,0.9975,9.797225861246377,0.0787499999999999,0.0584301201260523,0.0956402522279336,0.2470588235294117,0.0070610492903064,0.3725,148,1292,aasist3_kan
runs,codec_all_itw_sweep,in_the_wild,neural_encodec,12.0,-12.0,12.0,0.405,0.6305640625,0.99875,9.809814772682422,0.08625,0.0668767095450819,0.1021882794614635,0.2705882352941178,0.0068818972125904,0.365,170,1270,aasist3_kan
runs,codec_all_itw_sweep,in_the_wild,neural_encodec,6.0,-6.0,6.0,0.438125,0.587278125,0.9975,9.804716976908912,0.119375,0.1015565947591303,0.1371754547794138,0.3745098039215687,0.0070689096250373,0.38125,190,1322,aasist3_kan
runs,codec_all_itw_sweep,in_the_wild,neural_encodec,3.0,-3.0,3.0,0.456875,0.5705,0.9975,9.821397874770112,0.138125,0.116548404666055,0.154061285234262,0.4333333333333335,0.007235268971546,0.373125,228,1290,aasist3_kan
runs,codec_all_itw_sweep,in_the_wild,neural_encodec,1.5,-1.5,1.5,0.42625,0.5948421875000001,1.0,9.76941514354835,0.1075,0.0862324201933735,0.1275244134329199,0.3372549019607844,0.0068839489965766,0.386875,180,1298,aasist3_kan
runs,codec_all_itw_sweep,in_the_wild,telephony_g711a,64.0,-64.0,64.0,0.2731249999999999,0.7955046875,0.98625,7.338458169500777,-0.045625,-0.0646872463047633,-0.0300010630553593,-0.1431372549019609,0.0147975844893518,0.193125,572,354,aasist3_kan
runs,codec_all_itw_sweep,in_the_wild,telephony_g711u,64.0,-64.0,64.0,0.26125,0.8046093750000001,0.99625,7.3639221411127505,-0.0574999999999999,-0.0734426839249071,-0.0443562566469686,-0.1803921568627451,0.0134846726303688,0.14875,512,348,aasist3_kan
runs,codec_all_itw_sweep,in_the_wild,telephony_g722,64.0,-64.0,64.0,0.32875,0.7435171875,0.9925,7.76523128375228,0.01,-0.0084478127100906,0.0290632481224402,0.0313725490196078,0.0211387673177315,0.250625,496,550,aasist3_kan
runs,codec_all_itw_sweep,in_the_wild,neural_encodec,24.0,-24.0,24.0,0.2156249999999999,0.8010531249999999,0.99875,1.3383316153810982,0.1999999999999999,0.182178558290399,0.2209505404586866,12.799999999999994,0.1603827895301413,0.141875,10,462,spectra_aasist3
runs,codec_all_itw_sweep,in_the_wild,neural_encodec,12.0,-12.0,12.0,0.385,0.6386046875,0.99875,2.3248237166387686,0.369375,0.3471795632568221,0.3918679045479354,23.63999999999999,0.2563151213396865,0.23375,12,754,spectra_aasist3
runs,codec_all_itw_sweep,in_the_wild,neural_encodec,6.0,-6.0,6.0,0.74875,0.24158125,1.0,4.387047906875234,0.733125,0.7156379997825987,0.7481151000348648,46.91999999999998,0.453911542072902,0.4425,12,1422,spectra_aasist3
runs,codec_all_itw_sweep,in_the_wild,neural_encodec,3.0,-3.0,3.0,0.6737500000000001,0.277896875,1.0,4.437338086807439,0.6581250000000001,0.6425005617419492,0.6771957011844211,42.11999999999998,0.4914871864115872,0.49,14,1572,spectra_aasist3
runs,codec_all_itw_sweep,in_the_wild,neural_encodec,1.5,-1.5,1.5,0.5900000000000001,0.3916625,1.0,5.126853882487994,0.5743750000000001,0.5562490768692305,0.5915882038383053,36.75999999999999,0.4976823209828031,0.4925,12,1582,spectra_aasist3
runs,codec_all_itw_sweep,in_the_wild,telephony_g711a,64.0,-64.0,64.0,0.0225,0.9858468750000002,0.3362499999999999,0.1855269477304504,0.0068749999999999,-0.0034170308910326,0.0102953659741431,0.4399999999999993,0.0275778290369882,0.01625,14,48,spectra_aasist3
runs,codec_all_itw_sweep,in_the_wild,telephony_g711u,64.0,-64.0,64.0,0.0193749999999999,0.9847171875,0.3449999999999999,0.1862485964423768,0.0037499999999999,-0.002829032168492,0.0096863297416267,0.2399999999999992,0.0239479837465444,0.015625,16,48,spectra_aasist3
runs,codec_all_itw_sweep,in_the_wild,telephony_g722,64.0,-64.0,64.0,0.025,0.984578125,0.4187499999999999,0.2033236786095431,0.009375,0.0025197555471752,0.0159507975090661,0.6000000000000001,0.0324520222513962,0.023125,14,70,spectra_aasist3
runs,codec_all_itw_sweep,in_the_wild,neural_encodec,24.0,-24.0,24.0,0.5525,0.4367265624999999,1.0,4.612163634142849,0.024375,0.0121862236670784,0.0334369922185424,0.0461538461538462,0.0829997746858658,0.09375,884,882,rawnet2
runs,codec_all_itw_sweep,in_the_wild,neural_encodec,12.0,-12.0,12.0,0.5475,0.4284390625000001,1.0,4.820556350624705,0.019375,0.0050007693859677,0.0300091847447328,0.0366863905325444,0.0979764200940317,0.111875,800,940,rawnet2
runs,codec_all_itw_sweep,in_the_wild,neural_encodec,6.0,-6.0,6.0,0.5525,0.4293125,1.0,4.872054693948179,0.024375,0.0084352946162527,0.0346970726247064,0.0461538461538462,0.1271257045496485,0.14625,752,982,rawnet2
runs,codec_all_itw_sweep,in_the_wild,neural_encodec,3.0,-3.0,3.0,0.5625,0.4242671875,1.0,5.096623636259426,0.034375,0.017178375768484,0.0465632017030523,0.0650887573964498,0.1620541104756193,0.190625,662,1034,rawnet2
runs,codec_all_itw_sweep,in_the_wild,neural_encodec,1.5,-1.5,1.5,0.58875,0.386275,1.0,5.903265980180914,0.060625,0.0443663752207169,0.0765740292899238,0.1147928994082841,0.2150814484006054,0.2725,504,1202,rawnet2
runs,codec_all_itw_sweep,in_the_wild,telephony_g711a,64.0,-64.0,64.0,0.5387500000000001,0.45095625,1.0,4.338302266894361,0.0106250000000001,0.0028104193591836,0.0181255805851109,0.0201183431952664,0.045393246558463,0.046875,950,806,rawnet2
runs,codec_all_itw_sweep,in_the_wild,telephony_g711u,64.0,-64.0,64.0,0.54,0.4498078125,1.0,4.345006791804334,0.011875,0.004685408861705,0.0184442656706788,0.0224852071005918,0.048052127191067,0.050625,956,804,rawnet2
runs,codec_all_itw_sweep,in_the_wild,telephony_g722,64.0,-64.0,64.0,0.5475,0.4504953125,1.0,4.441476367554115,0.019375,0.0075027760309561,0.026871846349367,0.0366863905325444,0.0581372221978302,0.06375,912,842,rawnet2
runs,codec_all_itw_sweep,in_the_wild,neural_encodec,24.0,-24.0,24.0,0.1206249999999999,0.9394296875,0.7575,3.0542544840832053,0.0043749999999999,-0.0034417063382922,0.0131360385344519,0.0376344086021504,0.1002148739288315,0.071875,120,326,ssl_aasist
runs,codec_all_itw_sweep,in_the_wild,neural_encodec,12.0,-12.0,12.0,0.113125,0.939834375,0.8462499999999998,3.934734497411202,-0.0031249999999999,-0.0109644725571751,0.0112500198853075,-0.0268817204301071,0.1413673939404366,0.131875,68,486,ssl_aasist
runs,codec_all_itw_sweep,in_the_wild,neural_encodec,6.0,-6.0,6.0,0.165,0.91135,0.885,6.328972675671416,0.04875,0.0359239360841342,0.0640648117224124,0.4193548387096778,0.2086690218571328,0.315,28,1036,ssl_aasist
runs,codec_all_itw_sweep,in_the_wild,neural_encodec,3.0,-3.0,3.0,0.26625,0.8165140625,0.9925,8.867705626022675,0.15,0.1331267363254756,0.166579239860422,1.2903225806451613,0.2355092195889684,0.469375,12,1514,ssl_aasist
runs,codec_all_itw_sweep,in_the_wild,neural_encodec,1.5,-1.5,1.5,0.31625,0.75214375,0.99625,9.369362595524406,0.2,0.1821821892684653,0.2181278773685099,1.7204301075268822,0.2364924518746427,0.49,6,1574,ssl_aasist
runs,codec_all_itw_sweep,in_the_wild,telephony_g711a,64.0,-64.0,64.0,0.1212499999999999,0.949640625,0.59,1.8493921730208576,0.0049999999999999,0.00125003861206,0.0118768707238593,0.0430107526881719,0.0129123385959868,0.015625,214,176,ssl_aasist
runs,codec_all_itw_sweep,in_the_wild,telephony_g711u,64.0,-64.0,64.0,0.1212499999999999,0.949815625,0.56125,1.8412612059197424,0.0049999999999999,0.0012505959751195,0.0131177327854189,0.0430107526881719,0.0128828750184358,0.016875,214,176,ssl_aasist
runs,codec_all_itw_sweep,in_the_wild,telephony_g722,64.0,-64.0,64.0,0.128125,0.948928125,0.5375,1.8001498311908617,0.0118749999999999,0.0043750816482913,0.0171864656730872,0.1021505376344085,0.0237853330438645,0.029375,234,164,ssl_aasist
runs,codec_all_itw_sweep,in_the_wild,neural_encodec,24.0,-24.0,24.0,0.0961432926829268,0.959596036585366,0.5714939024390244,2.6751389438372923,0.0280182926829268,0.0191671585846416,0.0384399915053544,0.4112776907585584,0.1088330654109117,0.0913825757575757,32,259,xlsr_mamba
runs,codec_all_itw_sweep,in_the_wild,neural_encodec,12.0,-12.0,12.0,0.1077286585365853,0.9525714557926828,0.6837804878048781,3.1828268430715747,0.0396036585365853,0.0249967614406482,0.0484341896006567,0.5813381069590511,0.1512777475093637,0.1434659090909091,24,363,xlsr_mamba
runs,codec_all_itw_sweep,in_the_wild,neural_encodec,6.0,-6.0,6.0,0.1500762195121951,0.9230478277439024,0.8592073170731707,4.438611909125454,0.0819512195121951,0.0666667764696384,0.0971958589683368,1.202953680912956,0.2077347718307805,0.3238636363636363,11,731,xlsr_mamba
runs,codec_all_itw_sweep,in_the_wild,neural_encodec,3.0,-3.0,3.0,0.236890243902439,0.8300552591463414,0.9975,5.572209354352651,0.168765243902439,0.1452574850161244,0.1847829965848265,2.477287983889013,0.2265360728247778,0.5459280303030303,6,1195,xlsr_mamba
runs,codec_all_itw_sweep,in_the_wild,neural_encodec,1.5,-1.5,1.5,0.3461432926829267,0.7022603849085365,0.99875,5.903192026137261,0.2780182926829267,0.2562010427441462,0.3007585670191396,4.08100246140076,0.2282753386942189,0.5885416666666666,5,1284,xlsr_mamba
runs,codec_all_itw_sweep,in_the_wild,telephony_g711a,64.0,-64.0,64.0,0.0672865853658536,0.9762652439024392,0.4824390243902438,1.4614748563309758,-0.0008384146341463,-0.008082320464585,0.0051595613941643,-0.012307003803983,0.0338761362641288,0.0194128787878787,68,71,xlsr_mamba
runs,codec_all_itw_sweep,in_the_wild,telephony_g711u,64.0,-64.0,64.0,0.0666615853658536,0.9766091844512196,0.4774390243902438,1.489768826046611,-0.0014634146341463,-0.0073488277985057,0.0055838024571529,-0.0214813157305883,0.0296582483334226,0.0160984848484848,68,74,xlsr_mamba
runs,codec_all_itw_sweep,in_the_wild,telephony_g722,64.0,-64.0,64.0,0.0724542682926829,0.9775123856707316,0.4179573170731707,1.387526814274277,0.0043292682926829,-0.006137133830639,0.0100251871114111,0.0635488923696575,0.0445136086113186,0.0284090909090909,74,60,xlsr_mamba
runs,codec_all_itw_sweep,in_the_wild,neural_encodec,24.0,-24.0,24.0,0.165,0.9180171875,0.7362500000000001,1.4672574009865624,-0.03625,-0.0549817832026334,-0.0218201534846983,-0.1801242236024846,0.0788618276696694,0.109375,82,219,nes2net
runs,codec_all_itw_sweep,in_the_wild,neural_encodec,12.0,-12.0,12.0,0.186875,0.9029265625,0.7912500000000001,1.5140710319437156,-0.014375,-0.0350334351381156,0.0012670302760113,-0.0714285714285715,0.0803370715767051,0.12375,85,235,nes2net
runs,codec_all_itw_sweep,in_the_wild,neural_encodec,6.0,-6.0,6.0,0.224375,0.8639828125000001,0.8599999999999999,1.4390893227616026,0.0231249999999999,0.0025032589447519,0.0449674568875425,0.1149068322981363,0.1097389772423507,0.1975,70,344,nes2net
runs,codec_all_itw_sweep,in_the_wild,neural_encodec,3.0,-3.0,3.0,0.280625,0.8057218749999999,0.91875,1.1142865828289663,0.0793749999999999,0.0481247069854664,0.1031275738219959,0.3944099378881985,0.2263062022136549,0.36625,26,596,nes2net
runs,codec_all_itw_sweep,in_the_wild,neural_encodec,1.5,-1.5,1.5,0.3462499999999999,0.7143625,0.985,1.140755271123482,0.1449999999999999,0.1130956317390771,0.1756917625718923,0.7204968944099372,0.5527028422002386,0.49875,1,799,nes2net
runs,codec_all_itw_sweep,in_the_wild,telephony_g711a,64.0,-64.0,64.0,0.1468749999999999,0.9276359375,0.6712499999999999,1.3677596423220553,-0.054375,-0.0668744386862753,-0.0412469733492458,-0.2701863354037269,0.0787291985034639,0.08375,70,200,nes2net
runs,codec_all_itw_sweep,in_the_wild,telephony_g711u,64.0,-64.0,64.0,0.1518749999999999,0.9227640625,0.685,1.4289058530551342,-0.049375,-0.0624544418948368,-0.0362626692768477,-0.2453416149068325,0.0713942588027145,0.071875,80,189,nes2net
runs,codec_all_itw_sweep,in_the_wild,telephony_g722,64.0,-64.0,64.0,0.18125,0.9008640625,0.7787499999999998,1.6758423750194933,-0.02,-0.0324949176914225,-0.0081248640489048,-0.0993788819875777,0.0386135816981683,0.06375,117,189,nes2net
runs,codec_all_itw_sweep,in_the_wild,neural_encodec,24.0,-24.0,24.0,0.30125,0.775115625,0.965,1.725432805019304,0.02875,0.0125192810968226,0.0499936090151164,0.1055045871559635,0.0442883326689226,0.1575,161,341,xlsr_linear
runs,codec_all_itw_sweep,in_the_wild,neural_encodec,12.0,-12.0,12.0,0.3125,0.7692578125,0.99,1.7963553789906663,0.04,0.020572747789478,0.0575396119517014,0.1467889908256882,0.0504798982311555,0.18375,137,371,xlsr_linear
runs,codec_all_itw_sweep,in_the_wild,neural_encodec,6.0,-6.0,6.0,0.31875,0.7368203125,0.99875,1.994134450532909,0.04625,0.027526420288794,0.0681237456734038,0.1697247706422019,0.0653167887447692,0.235625,116,451,xlsr_linear
runs,codec_all_itw_sweep,in_the_wild,neural_encodec,3.0,-3.0,3.0,0.365625,0.6962359375,0.965,2.3679079493217636,0.093125,0.0712602897155839,0.1150715421627992,0.3417431192660551,0.0883224031013142,0.3475,55,593,xlsr_linear
runs,codec_all_itw_sweep,in_the_wild,neural_encodec,1.5,-1.5,1.5,0.379375,0.6647125,0.99125,2.959454113031593,0.106875,0.0837127347148393,0.1337578840098132,0.3922018348623856,0.1106636107005141,0.465,13,745,xlsr_linear
runs,codec_all_itw_sweep,in_the_wild,telephony_g711a,64.0,-64.0,64.0,0.281875,0.784215625,0.98375,1.3696802943794513,0.009375,-0.0043564306680535,0.0293727031173661,0.0344036697247707,0.0367036662682442,0.115625,302,171,xlsr_linear
runs,codec_all_itw_sweep,in_the_wild,telephony_g711u,64.0,-64.0,64.0,0.2837499999999999,0.78123125,0.985,1.399407755716034,0.0112499999999999,-0.0044195157252386,0.0275000461914985,0.0412844036697247,0.0321513668731942,0.1025,301,177,xlsr_linear
runs,codec_all_itw_sweep,in_the_wild,telephony_g722,64.0,-64.0,64.0,0.2725,0.8036999999999999,0.9825,1.370601988068141,5.551115123125783e-17,-0.0181295804995309,0.014984894085714,2.0371064672021222e-16,0.0385063428269713,0.115625,275,170,xlsr_linear
runs,codec_all_itw_sweep,in_the_wild,neural_encodec,24.0,-24.0,24.0,0.2149999999999999,0.8532281249999999,0.9675,4.518188161219021,0.0131249999999999,0.005004821866707,0.0293842268627025,0.0650154798761607,0.0348963275766104,0.141875,80,306,wavlm_linear
runs,codec_all_itw_sweep,in_the_wild,neural_encodec,12.0,-12.0,12.0,0.2199999999999999,0.8496015625,0.9612500000000002,4.960423455861746,0.0181249999999999,0.009376476566528,0.0350008946829979,0.0897832817337458,0.04079590138808,0.196875,59,375,wavlm_linear
runs,codec_all_itw_sweep,in_the_wild,neural_encodec,6.0,-6.0,6.0,0.23375,0.8351765624999999,0.94625,6.055548728089731,0.0318749999999999,0.0168718800353079,0.0474941773473057,0.1578947368421051,0.0475269113513892,0.341875,25,573,wavlm_linear
runs,codec_all_itw_sweep,in_the_wild,neural_encodec,3.0,-3.0,3.0,0.26125,0.8102,0.965,7.748974953983461,0.0593749999999999,0.0449906696779727,0.0843824261957913,0.2941176470588232,0.0497234770300602,0.45875,7,742,wavlm_linear
runs,codec_all_itw_sweep,in_the_wild,neural_encodec,1.5,-1.5,1.5,0.2937499999999999,0.7651343749999999,0.98875,9.327400027172285,0.0918749999999999,0.0693291109629998,0.120000112556982,0.4551083591331265,0.0502819894524716,0.485625,3,779,wavlm_linear
runs,codec_all_itw_sweep,in_the_wild,telephony_g711a,64.0,-64.0,64.0,0.206875,0.86469375,0.985,3.3809158408913484,0.0049999999999999,-0.0044304490430102,0.0143682494318699,0.024767801857585,0.0081662778898796,0.029375,154,170,wavlm_linear
runs,codec_all_itw_sweep,in_the_wild,telephony_g711u,64.0,-64.0,64.0,0.20625,0.8654609375,0.9875,3.434930108472883,0.0043749999999999,-0.0012517632751004,0.0168731263330245,0.0216718266253869,0.0081893110744608,0.026875,144,180,wavlm_linear
runs,codec_all_itw_sweep,in_the_wild,telephony_g722,64.0,-64.0,64.0,0.196875,0.8698937499999999,0.9662500000000002,3.2726591967636325,-0.005,-0.0131186832825078,0.0081275252118354,-0.0247678018575851,0.0083087077168401,0.03125,158,155,wavlm_linear
runs,codec_all_itw_sweep,in_the_wild,neural_encodec,24.0,-24.0,24.0,0.1525,0.9048484375,0.99875,2.194941285527949,0.073125,0.0518826058965817,0.0856112833002547,0.9212598425196852,0.1392942407355221,0.10125,43,180,nes2net_v2
runs,codec_all_itw_sweep,in_the_wild,neural_encodec,12.0,-12.0,12.0,0.198125,0.8574984375,1.0,2.889940016279564,0.11875,0.0975163493483559,0.1406411635394638,1.4960629921259845,0.2029391187309437,0.158125,28,272,nes2net_v2
runs,codec_all_itw_sweep,in_the_wild,neural_encodec,6.0,-6.0,6.0,0.326875,0.7278968750000001,1.0,4.250279112154698,0.2475,0.2243816172059926,0.2768884944008549,3.1181102362204727,0.2906925265287754,0.32625,13,528,nes2net_v2
runs,codec_all_itw_sweep,in_the_wild,neural_encodec,3.0,-3.0,3.0,0.5037499999999999,0.5154015625,1.0,5.135678904942567,0.4243749999999999,0.396233046007836,0.4525090099219822,5.346456692913385,0.319339565839465,0.449375,9,725,nes2net_v2
runs,codec_all_itw_sweep,in_the_wild,neural_encodec,1.5,-1.5,1.5,0.573125,0.425534375,1.0,5.250955015307341,0.49375,0.463093126723114,0.5206137171791825,6.220472440944882,0.3209450481361359,0.479375,8,766,nes2net_v2
runs,codec_all_itw_sweep,in_the_wild,telephony_g711a,64.0,-64.0,64.0,0.0825,0.9643421875,0.79375,0.9477320017769888,0.003125,-0.0037546346400241,0.0106158066318301,0.0393700787401576,0.0239310878319679,0.02,76,59,nes2net_v2
runs,codec_all_itw_sweep,in_the_wild,telephony_g711u,64.0,-64.0,64.0,0.0825,0.963346875,0.815,0.9637136344454872,0.003125,-0.0062641717188316,0.0087332461955241,0.0393700787401576,0.0222104759365339,0.02375,86,55,nes2net_v2
runs,codec_all_itw_sweep,in_the_wild,telephony_g722,64.0,-64.0,64.0,0.076875,0.9653484375,0.84875,0.941014126839363,-0.0024999999999999,-0.0137329463746495,0.0043712824974468,-0.0314960629921256,0.032629059558594,0.021875,75,51,nes2net_v2
runs,encodec_asv19_sweep,asvspoof2019_la,neural_encodec,24.0,-24.0,24.0,0.01875,0.99885,0.0924999999999999,0.1311581152459982,0.0125,0.0050095620070042,0.0168829382938294,2.0000000000000093,0.0296524415327616,0.01375,15,15,aasist
runs,encodec_asv19_sweep,asvspoof2019_la,neural_encodec,12.0,-12.0,12.0,0.0224999999999999,0.99703125,0.17,0.1258957073077905,0.01625,0.0112517180901548,0.0256236327062981,2.600000000000006,0.0380108065102364,0.025625,8,39,aasist
runs,encodec_asv19_sweep,asvspoof2019_la,neural_encodec,6.0,-6.0,6.0,0.045625,0.9889921875,0.2925,0.2767049482862205,0.039375,0.0281357553816379,0.0518402143758741,6.300000000000013,0.0808482323408998,0.116875,8,183,aasist
runs,encodec_asv19_sweep,asvspoof2019_la,neural_encodec,3.0,-3.0,3.0,0.0849999999999999,0.9585359375,0.7699999999999999,1.3038423384094604,0.07875,0.0675151538616295,0.0956248521250173,12.600000000000025,0.2483991233138368,0.34,4,542,aasist
runs,encodec_asv19_sweep,asvspoof2019_la,neural_encodec,1.5,-1.5,1.5,0.3349999999999999,0.7513484375000001,0.99,4.836425120155496,0.32875,0.3049788026409908,0.3525270546801691,52.60000000000009,0.4748285543457395,0.486875,3,778,aasist
runs,encodec_asv19_sweep,asvspoof2019_la,neural_encodec,24.0,-24.0,24.0,0.29,0.791284375,0.9712500000000002,9.85675351212287,0.12875,0.1031220291176197,0.151881703310309,0.798449612403101,0.0984495621288065,0.489375,0,783,aasist3_kan
runs,encodec_asv19_sweep,asvspoof2019_la,neural_encodec,12.0,-12.0,12.0,0.296875,0.781403125,0.965,9.86101435686583,0.135625,0.1106468913785025,0.1580699910822541,0.8410852713178294,0.0984519046379862,0.49125,0,786,aasist3_kan
runs,encodec_asv19_sweep,asvspoof2019_la,neural_encodec,6.0,-6.0,6.0,0.31375,0.757946875,0.9575,9.88329228455868,0.1524999999999999,0.1281356697874098,0.1743652499139626,0.9457364341085268,0.098437912470877,0.494375,0,791,aasist3_kan
runs,encodec_asv19_sweep,asvspoof2019_la,neural_encodec,3.0,-3.0,3.0,0.3375,0.7185578125000001,0.98,9.93355634300007,0.17625,0.1493754699028017,0.201855482018163,1.0930232558139537,0.098449942402096,0.499375,1,798,aasist3_kan
runs,encodec_asv19_sweep,asvspoof2019_la,neural_encodec,1.5,-1.5,1.5,0.389375,0.6515421875,0.98125,9.955018059009268,0.228125,0.1975038538060464,0.2506493398211405,1.4147286821705427,0.0984504549383007,0.499375,1,798,aasist3_kan
runs,encodec_asv19_sweep,asvspoof2019_la,neural_encodec,24.0,-24.0,24.0,0.4475,0.5933562499999999,0.995,2.8213377287830284,0.440625,0.4106461547357997,0.4724977287409066,64.09090909090921,0.3319323320075009,0.298125,3,473,spectra_aasist3
runs,encodec_asv19_sweep,asvspoof2019_la,neural_encodec,12.0,-12.0,12.0,0.55625,0.4447578125,0.99125,3.860709119877779,0.5493750000000001,0.521843262164203,0.573097444537716,79.90909090909105,0.466313822923539,0.450625,1,721,spectra_aasist3
runs,encodec_asv19_sweep,asvspoof2019_la,neural_encodec,6.0,-6.0,6.0,0.2731249999999999,0.7935640625,0.985,2.48615965498372,0.26625,0.2418981137708275,0.2887523912109939,38.72727272727279,0.4805224625207932,0.4925,2,787,spectra_aasist3
runs,encodec_asv19_sweep,asvspoof2019_la,neural_encodec,3.0,-3.0,3.0,0.1681249999999999,0.900003125,0.7825,2.2367497584895064,0.1612499999999999,0.1418517519860296,0.1812438255600717,23.45454545454549,0.476405909736951,0.49125,3,784,spectra_aasist3
runs,encodec_asv19_sweep,asvspoof2019_la,neural_encodec,1.5,-1.5,1.5,0.2262499999999999,0.8529312500000001,0.7712500000000001,3.13221664608098,0.219375,0.1950444468882369,0.238143676803707,31.90909090909096,0.4961023173973629,0.50125,4,799,spectra_aasist3
runs,extra_conditions_asv19_sweep,asvspoof2019_la,neural_encodec,24.0,-24.0,24.0,0.0012499999999999,0.9996859375,0.0024999999999999,0.0142931925620692,0.0,-0.0024865959597889,0.0012270315491174,0.0,0.0019694262530323,0.000625,1,2,ssl_aasist
runs,extra_conditions_asv19_sweep,asvspoof2019_la,neural_encodec,12.0,-12.0,12.0,0.0012499999999999,0.999559375,0.0024999999999999,0.0191758622664365,0.0,-0.0024865959597889,0.0012392343392828,0.0,0.0042199656802552,0.00625,1,11,ssl_aasist
runs,extra_conditions_asv19_sweep,asvspoof2019_la,neural_encodec,6.0,-6.0,6.0,0.00375,0.9987984375,0.02375,0.6577723441982708,0.0025,-0.001868298109803,0.0050217276675963,2.000000000000044,0.1395127008932925,0.208125,1,334,ssl_aasist
runs,extra_conditions_asv19_sweep,asvspoof2019_la,neural_encodec,3.0,-3.0,3.0,0.0856249999999999,0.971384375,0.6025,6.5149927849342255,0.0843749999999999,0.0687578430708225,0.0981570512820512,67.50000000000071,0.4800208533135894,0.491875,1,788,ssl_aasist
runs,extra_conditions_asv19_sweep,asvspoof2019_la,neural_encodec,1.5,-1.5,1.5,0.278125,0.8112617187500001,0.86375,9.436732848395636,0.2768750000000001,0.252509723763185,0.2981317746810062,221.5000000000024,0.5006118461573577,0.49875,1,799,ssl_aasist
runs,extra_conditions_asv19_sweep,asvspoof2019_la,telephony_g711a,64.0,-64.0,64.0,0.0012499999999999,0.999909375,0.00375,0.0165540206232322,0.0,-0.0006435006435006,0.000634558130223,0.0,0.000250570325272,0.0,1,1,ssl_aasist
runs,extra_conditions_asv19_sweep,asvspoof2019_la,telephony_g722,64.0,-64.0,64.0,0.0012499999999999,0.9998640625,0.00375,0.0162793533550477,0.0,-0.0006435006435006,0.0006361525745125,0.0,0.0004654116694713,0.0,1,1,ssl_aasist
runs,extra_conditions_asv19_sweep,asvspoof2019_la,neural_encodec,24.0,-24.0,24.0,0.0625,0.9859203125,0.1824999999999999,0.4856060526968681,0.0162499999999999,0.0062513958201933,0.0218822837965991,0.3513513513513511,0.0167420999999904,0.0225,46,56,rawnet2
runs,extra_conditions_asv19_sweep,asvspoof2019_la,neural_encodec,12.0,-12.0,12.0,0.06125,0.9825375,0.1725,0.5066063939825064,0.015,0.0068640103662315,0.024984803064882,0.3243243243243244,0.0240474626409133,0.038125,43,80,rawnet2
runs,extra_conditions_asv19_sweep,asvspoof2019_la,neural_encodec,6.0,-6.0,6.0,0.07125,0.979109375,0.1824999999999999,0.5823998137926951,0.025,0.0162573005479914,0.0362394138201132,0.5405405405405405,0.0461862083482286,0.073125,36,133,rawnet2
runs,extra_conditions_asv19_sweep,asvspoof2019_la,neural_encodec,3.0,-3.0,3.0,0.0881249999999999,0.9680453125,0.24625,0.984141201764813,0.0418749999999999,0.0299872241121062,0.0569068841296511,0.9054054054054048,0.1082729395303442,0.154375,27,256,rawnet2
runs,extra_conditions_asv19_sweep,asvspoof2019_la,neural_encodec,1.5,-1.5,1.5,0.1075,0.9554312500000002,0.3925,2.3059037353562126,0.06125,0.0431399560476296,0.0743740142379946,1.3243243243243243,0.2585569204526357,0.315625,10,509,rawnet2
runs,extra_conditions_asv19_sweep,asvspoof2019_la,telephony_g711a,64.0,-64.0,64.0,0.0481249999999999,0.9905765625,0.1825,0.4561377331217554,0.0018749999999999,-0.0031219906481457,0.0062885372681452,0.0405405405405399,0.0061976250377046,0.0075,44,32,rawnet2
runs,extra_conditions_asv19_sweep,asvspoof2019_la,telephony_g722,64.0,-64.0,64.0,0.05,0.99124375,0.1724999999999999,0.4043427032809528,0.00375,-0.0056169335765847,0.0075068009962311,0.0810810810810814,0.0126463084152129,0.0125,35,47,rawnet2
runs,extra_conditions_asv19_sweep,asvspoof2019_la,neural_encodec,24.0,-24.0,24.0,0.1737499999999999,0.89655625,0.5037499999999999,1.9538079510893975,0.0081249999999999,-0.0050011098315481,0.0224854174011684,0.0490566037735845,0.0418283166312788,0.10625,109,230,nes2net
runs,extra_conditions_asv19_sweep,asvspoof2019_la,neural_encodec,12.0,-12.0,12.0,0.165,0.898384375,0.5637499999999999,1.879583202155104,-0.0006249999999999,-0.0137941944620899,0.0174918193640206,-0.0037735849056602,0.0474437543996563,0.1425,91,272,nes2net
runs,extra_conditions_asv19_sweep,asvspoof2019_la,neural_encodec,6.0,-6.0,6.0,0.170625,0.9003734375000001,0.5925,1.6544111605177678,0.005,-0.0112552424684085,0.0224832755601443,0.030188679245283,0.061854316130576,0.240625,54,424,nes2net
runs,extra_conditions_asv19_sweep,asvspoof2019_la,neural_encodec,3.0,-3.0,3.0,0.1975,0.8887999999999999,0.8175,1.0063239008862424,0.0318749999999999,0.0100021333758445,0.0531250216064791,0.1924528301886791,0.1541102224469588,0.438125,8,708,nes2net
runs,extra_conditions_asv19_sweep,asvspoof2019_la,neural_encodec,1.5,-1.5,1.5,0.255625,0.818109375,0.8337500000000001,0.8637570612754024,0.0899999999999999,0.0650120069535655,0.1199914710670346,0.5433962264150941,0.5261538183375655,0.49875,0,799,nes2net
runs,extra_conditions_asv19_sweep,asvspoof2019_la,telephony_g711a,64.0,-64.0,64.0,0.14125,0.92388125,0.41375,1.6369961539673747,-0.0243749999999999,-0.0324913942221224,-0.0087559621106288,-0.1471698113207545,0.031245846876294,0.05875,98,177,nes2net
runs,extra_conditions_asv19_sweep,asvspoof2019_la,telephony_g722,64.0,-64.0,64.0,0.155,0.9173921875,0.4237499999999999,1.8034236904564804,-0.0106249999999999,-0.0207551304698053,0.0012504427351858,-0.0641509433962263,0.0209346730216525,0.0375,124,125,nes2net
runs,laundering_asv19_sweep,asvspoof2019_la,laundering,30.0,-30.0,30.0,0.259375,0.8183578125,0.8512500000000001,5.605668279776838,-0.00375,-0.0343725213867714,0.0243710205297175,-0.0142517814726842,0.6513087666548156,0.500625,0,800,reference_lfcc_logreg
runs,laundering_asv19_sweep,asvspoof2019_la,laundering,20.0,-20.0,20.0,0.276875,0.8056328125000001,0.83125,5.465280444310867,0.0137499999999999,-0.0193760695345161,0.0412657334476488,0.052256532066508,0.6549258611132338,0.500625,0,800,reference_lfcc_logreg
runs,laundering_asv19_sweep,asvspoof2019_la,laundering,15.0,-15.0,15.0,0.26625,0.8051375,0.825,5.1141601633629366,0.0031249999999999,-0.0262573100983209,0.0343757204180871,0.0118764845605698,0.6531245801687828,0.500625,0,800,reference_lfcc_logreg
runs,laundering_asv19_sweep,asvspoof2019_la,laundering,10.0,-10.0,10.0,0.27625,0.7981703125,0.92875,5.181278695005146,0.0131249999999999,-0.0193887308615693,0.0425260604970095,0.049881235154394,0.6529815814775496,0.500625,0,800,reference_lfcc_logreg
runs,laundering_asv19_sweep,asvspoof2019_la,laundering,5.0,-5.0,5.0,0.313125,0.7613468749999999,0.93,7.222171054282106,0.0499999999999999,0.0193408623785724,0.0837647772161111,0.1900237529691208,0.6571481976488676,0.500625,0,800,reference_lfcc_logreg
runs,laundering_asv19_sweep,asvspoof2019_la,laundering,30.0,-30.0,30.0,0.681875,0.33334375,0.99875,8.752507248318222,0.675625,0.6500098652312511,0.6975144695850862,108.1000000000002,0.5278372979632538,0.49875,1,799,aasist
runs,laundering_asv19_sweep,asvspoof2019_la,laundering,20.0,-20.0,20.0,0.7012499999999999,0.3028671875,1.0,8.184551653103997,0.695,0.6718605047648732,0.7175623754688233,111.2000000000002,0.5289619164946604,0.5,0,800,aasist
runs,laundering_asv19_sweep,asvspoof2019_la,laundering,15.0,-15.0,15.0,0.70875,0.277109375,1.0,7.303433731291912,0.7025,0.6799993374817365,0.7243906436881802,112.4000000000002,0.5296235313807026,0.5,0,800,aasist
runs,laundering_asv19_sweep,asvspoof2019_la,laundering,10.0,-10.0,10.0,0.75625,0.2241578125,1.0,6.49735841992883,0.75,0.7275053531829696,0.77062497019162,120.0000000000002,0.5303323558819577,0.5,0,800,aasist
runs,laundering_asv19_sweep,asvspoof2019_la,laundering,5.0,-5.0,5.0,0.769375,0.1836359375,1.0,5.695443646669269,0.763125,0.7381249257807861,0.7837878859258668,122.10000000000022,0.5316776926862381,0.5,0,800,aasist
runs,laundering_asv19_sweep,asvspoof2019_la,laundering,30.0,-30.0,30.0,0.395,0.64529296875,0.99,8.193078751098687,0.23375,0.2030769043238663,0.2606242695501065,1.449612403100775,0.0982460428640732,0.41875,147,537,aasist3_kan
runs,laundering_asv19_sweep,asvspoof2019_la,laundering,20.0,-20.0,20.0,0.3612499999999999,0.6848796875000001,0.99625,7.522852748880656,0.1999999999999999,0.1762549710514013,0.2280810519338162,1.2403100775193796,0.0981791514778469,0.369375,180,425,aasist3_kan
runs,laundering_asv19_sweep,asvspoof2019_la,laundering,15.0,-15.0,15.0,0.41125,0.6292015625,0.99625,8.171710132061124,0.25,0.2168897675756045,0.2768571586920999,1.550387596899225,0.0982285082757016,0.41875,157,525,aasist3_kan
runs,laundering_asv19_sweep,asvspoof2019_la,laundering,10.0,-10.0,10.0,0.456875,0.5837507812499999,0.9975,8.603072694117719,0.2956249999999999,0.2618782860877833,0.3199910360107512,1.833333333333333,0.0984350226496462,0.448125,134,591,aasist3_kan
runs,laundering_asv19_sweep,asvspoof2019_la,laundering,5.0,-5.0,5.0,0.4343749999999999,0.583009375,0.9925,9.001823217073813,0.2731249999999999,0.2443730177098603,0.3031032924890947,1.6937984496124028,0.0984026526345666,0.4575,73,673,aasist3_kan
runs,laundering_asv19_sweep,asvspoof2019_la,laundering,30.0,-30.0,30.0,0.25625,0.818465625,0.92375,2.1343424321771964,0.2493749999999999,0.2256364275668073,0.2706071088323779,36.27272727272733,0.2773041816719426,0.305625,416,78,spectra_aasist3
runs,laundering_asv19_sweep,asvspoof2019_la,laundering,20.0,-20.0,20.0,0.308125,0.7423265625,1.0,2.528441369598502,0.30125,0.2812366043643599,0.327553422241966,43.81818181818189,0.3397535657855651,0.371875,471,131,spectra_aasist3
runs,laundering_asv19_sweep,asvspoof2019_la,laundering,15.0,-15.0,15.0,0.330625,0.713003125,0.99875,2.610486476843913,0.3237500000000001,0.3006090283397114,0.3456305241628646,47.09090909090918,0.3478014749346333,0.3675,463,130,spectra_aasist3
runs,laundering_asv19_sweep,asvspoof2019_la,laundering,10.0,-10.0,10.0,0.363125,0.6791578125,0.99875,2.5874007039457414,0.35625,0.3306542828927489,0.3781192449696054,51.81818181818191,0.3706702263154187,0.383125,428,188,spectra_aasist3
runs,laundering_asv19_sweep,asvspoof2019_la,laundering,5.0,-5.0,5.0,0.3768749999999999,0.6473125,0.9975,3.3107100110800967,0.37,0.3449850637725545,0.3937704451012056,53.818181818181905,0.3944938505904073,0.3825,260,353,spectra_aasist3
runs,laundering_asv19_sweep,asvspoof2019_la,laundering,30.0,-30.0,30.0,0.265,0.8110531249999999,1.0,7.046144748813217,0.21875,0.1931248361714307,0.2411990199596964,4.729729729729729,0.4963391032100601,0.49,1,785,rawnet2
runs,laundering_asv19_sweep,asvspoof2019_la,laundering,20.0,-20.0,20.0,0.25625,0.8159484375,0.99875,6.798355259784402,0.2099999999999999,0.1830958020682202,0.2287542236067542,4.5405405405405395,0.4891156158846058,0.48375,1,775,rawnet2
runs,laundering_asv19_sweep,asvspoof2019_la,laundering,15.0,-15.0,15.0,0.265,0.80670625,0.99875,6.672981413749647,0.21875,0.1937720127362794,0.2419002254588417,4.729729729729729,0.4901670257149423,0.48625,1,779,rawnet2
runs,laundering_asv19_sweep,asvspoof2019_la,laundering,10.0,-10.0,10.0,0.310625,0.7510609374999999,0.9975,6.453126771557951,0.264375,0.2387499591794324,0.2874864145494624,5.716216216216216,0.4857224583929256,0.485,2,776,rawnet2
runs,laundering_asv19_sweep,asvspoof2019_la,laundering,5.0,-5.0,5.0,0.405625,0.6252609375,1.0,5.664697375971974,0.359375,0.3337506664612673,0.3874705390255776,7.770270270270269,0.4833243990034616,0.484375,23,758,rawnet2
runs,laundering_asv19_sweep,asvspoof2019_la,laundering,30.0,-30.0,30.0,0.2099999999999999,0.8812578125,0.915,7.080257944110969,0.20875,0.1893588720246547,0.2331017649002838,167.00000000000176,0.4797923943003505,0.49,1,785,ssl_aasist
runs,laundering_asv19_sweep,asvspoof2019_la,laundering,20.0,-20.0,20.0,0.239375,0.86309375,0.88875,7.227508889193825,0.238125,0.2137398976670255,0.2587720943640614,190.50000000000205,0.4818394580248382,0.49125,1,787,ssl_aasist
runs,laundering_asv19_sweep,asvspoof2019_la,laundering,15.0,-15.0,15.0,0.2412499999999999,0.8611828125,0.8562500000000001,7.278103790693263,0.24,0.2187546412898525,0.2600008629743777,192.000000000002,0.4812776238315615,0.490625,1,786,ssl_aasist
runs,laundering_asv19_sweep,asvspoof2019_la,laundering,10.0,-10.0,10.0,0.245625,0.8503953125,0.8975000000000001,7.1411993622649765,0.244375,0.2231295368941153,0.2699900402921634,195.5000000000021,0.4817328008645586,0.4925,1,789,ssl_aasist
runs,laundering_asv19_sweep,asvspoof2019_la,laundering,5.0,-5.0,5.0,0.21625,0.84685625,0.9512500000000002,6.6187072926521715,0.215,0.1974987892138089,0.2375132743955684,172.00000000000185,0.4798114535772949,0.49125,1,787,ssl_aasist
runs,laundering_asv19_sweep,asvspoof2019_la,laundering,30.0,-30.0,30.0,0.4075,0.6567015625,0.9925,3.6965970649382687,0.405625,0.3800348766882803,0.4281318347016672,216.3333333333364,0.4686459244007501,0.496875,1,793,xlsr_mamba
runs,laundering_asv19_sweep,asvspoof2019_la,laundering,20.0,-20.0,20.0,0.3662499999999999,0.711565625,0.99625,2.949793499278166,0.364375,0.3349898421628379,0.3875059439970644,194.33333333333607,0.3985887996960855,0.444375,1,709,xlsr_mamba
runs,laundering_asv19_sweep,asvspoof2019_la,laundering,15.0,-15.0,15.0,0.289375,0.784803125,0.995,2.464171294768202,0.2875,0.2612523917276541,0.3081154462035921,153.33333333333553,0.3968661750150175,0.451875,1,721,xlsr_mamba
runs,laundering_asv19_sweep,asvspoof2019_la,laundering,10.0,-10.0,10.0,0.226875,0.8614015625,0.99625,2.0804279449729637,0.225,0.2006155283361137,0.2437303527549767,120.00000000000172,0.4132504106068871,0.47875,1,764,xlsr_mamba
runs,laundering_asv19_sweep,asvspoof2019_la,laundering,5.0,-5.0,5.0,0.193125,0.8875859374999999,0.915,1.8518309065545016,0.19125,0.1681247753290824,0.2081447432028594,102.00000000000146,0.4052721090805584,0.485,1,774,xlsr_mamba
runs,laundering_asv19_sweep,asvspoof2019_la,laundering,30.0,-30.0,30.0,0.38375,0.666221875,0.98,2.2225976233399964,0.2181249999999999,0.18937838469817,0.2412295138228986,1.3169811320754712,0.092064285818792,0.43375,80,705,nes2net
runs,laundering_asv19_sweep,asvspoof2019_la,laundering,20.0,-20.0,20.0,0.36375,0.6780421875,0.9512500000000002,1.8769554087034777,0.198125,0.1756327137014088,0.2262457619715479,1.1962264150943394,0.1033375201155486,0.48375,19,782,nes2net
runs,laundering_asv19_sweep,asvspoof2019_la,laundering,15.0,-15.0,15.0,0.3562499999999999,0.6814890625,0.94375,1.5871429736656852,0.1906249999999999,0.1644033040452384,0.2150123343727432,1.1509433962264146,0.1362502855947695,0.498125,5,799,nes2net
runs,laundering_asv19_sweep,asvspoof2019_la,laundering,10.0,-10.0,10.0,0.3675,0.66937421875,0.95,1.2780376653970005,0.201875,0.1743547497857646,0.2293546552969819,1.2188679245283018,0.2197827011360362,0.499375,0,800,nes2net
runs,laundering_asv19_sweep,asvspoof2019_la,laundering,5.0,-5.0,5.0,0.3868749999999999,0.66245,0.9675,1.0720342128749734,0.2212499999999999,0.1924713194827908,0.2525077838254058,1.335849056603773,0.3622696914733171,0.499375,0,800,nes2net
runs,laundering_asv19_sweep,asvspoof2019_la,laundering,30.0,-30.0,30.0,0.22875,0.8486625000000001,0.995,1.3188923548555316,0.1887499999999999,0.1662472210301819,0.2106172712673459,4.7187499999999964,0.3741946916298458,0.49125,1,785,xlsr_linear
runs,laundering_asv19_sweep,asvspoof2019_la,laundering,20.0,-20.0,20.0,0.154375,0.9209078125,0.7575,0.6182580428200295,0.114375,0.0950067789478024,0.1313135730611827,2.859374999999999,0.1947009956354868,0.27125,33,403,xlsr_linear
runs,laundering_asv19_sweep,asvspoof2019_la,laundering,15.0,-15.0,15.0,0.1374999999999999,0.93073125,0.6287499999999999,0.5893148529115934,0.0974999999999999,0.08184678547593,0.116869962666126,2.437499999999998,0.1812718979246721,0.23,40,324,xlsr_linear
runs,laundering_asv19_sweep,asvspoof2019_la,laundering,10.0,-10.0,10.0,0.161875,0.91265,0.6925,0.6358107512999669,0.1218749999999999,0.102498555460699,0.1437525163837395,3.046874999999998,0.1942106020138997,0.225625,43,314,xlsr_linear
runs,laundering_asv19_sweep,asvspoof2019_la,laundering,5.0,-5.0,5.0,0.180625,0.88765,0.845,0.6880279624279326,0.140625,0.1212507294958678,0.1605983272744342,3.5156249999999982,0.2117490151052603,0.259375,57,364,xlsr_linear
runs,laundering_asv19_sweep,asvspoof2019_la,laundering,30.0,-30.0,30.0,0.101875,0.9586171875,0.4549999999999999,5.845748148593423,0.074375,0.0599593762190779,0.0924737610211272,2.7045454545454577,0.509910244256291,0.5,1,799,wavlm_linear
runs,laundering_asv19_sweep,asvspoof2019_la,laundering,20.0,-20.0,20.0,0.108125,0.95698125,0.44625,5.7415357590927085,0.080625,0.0643743003890823,0.0956174706253882,2.931818181818185,0.5098188745324053,0.50125,1,797,wavlm_linear
runs,laundering_asv19_sweep,asvspoof2019_la,laundering,15.0,-15.0,15.0,0.119375,0.9513734375,0.38,5.6178443751214475,0.091875,0.072500453127832,0.1099692063758188,3.340909090909094,0.509754715527422,0.50125,1,797,wavlm_linear
runs,laundering_asv19_sweep,asvspoof2019_la,laundering,10.0,-10.0,10.0,0.13,0.9432421875,0.31125,5.415696104942347,0.1025,0.0843623031613065,0.121902150787023,3.72727272727273,0.5089739576831237,0.50125,1,797,wavlm_linear
runs,laundering_asv19_sweep,asvspoof2019_la,laundering,5.0,-5.0,5.0,0.134375,0.931675,0.3112499999999999,5.0986815122039015,0.106875,0.088133204771489,0.1268753770868206,3.88636363636364,0.5074925791983833,0.50125,1,797,wavlm_linear
runs,laundering_asv19_sweep,asvspoof2019_la,laundering,30.0,-30.0,30.0,0.3924999999999999,0.6686453125,1.0,4.503568200597131,0.3924999999999999,0.3687348127916531,0.4193617167765114,,0.4740944245189141,0.4925,1,787,nes2net_v2
runs,laundering_asv19_sweep,asvspoof2019_la,laundering,20.0,-20.0,20.0,0.2937499999999999,0.7849140625000001,0.99375,4.0075856170250015,0.2937499999999999,0.2706239133278753,0.3174988878836742,,0.4442055637981727,0.47125,1,753,nes2net_v2
runs,laundering_asv19_sweep,asvspoof2019_la,laundering,15.0,-15.0,15.0,0.29625,0.7881531249999999,0.9875,3.6398398470489446,0.29625,0.2699777287173976,0.3156163601595269,,0.4157302016620389,0.449375,1,718,nes2net_v2
runs,laundering_asv19_sweep,asvspoof2019_la,laundering,10.0,-10.0,10.0,0.25125,0.8223031249999999,0.9875,3.4555850379693096,0.25125,0.2281075010657906,0.2706169094360031,,0.4246845516597124,0.45375,1,725,nes2net_v2
runs,laundering_asv19_sweep,asvspoof2019_la,laundering,5.0,-5.0,5.0,0.2206249999999999,0.8499015625,0.97125,3.2521689769595583,0.2206249999999999,0.2006232652346777,0.242500009472671,,0.4458214955619342,0.47,1,751,nes2net_v2
runs,laundering_itw_sweep,in_the_wild,laundering,30.0,-30.0,30.0,0.60625,0.377984375,0.99875,5.753346313021967,-0.050625,-0.0812451971486949,-0.0206210249752342,-0.077069457659372,0.2799582843038485,0.384375,209,659,reference_lfcc_logreg
runs,laundering_itw_sweep,in_the_wild,laundering,20.0,-20.0,20.0,0.564375,0.4196531249999999,1.0,5.509863130013798,-0.0925,-0.1193687654691367,-0.0593768774524078,-0.1408182683158896,0.2957627047793071,0.423125,145,683,reference_lfcc_logreg
runs,laundering_itw_sweep,in_the_wild,laundering,15.0,-15.0,15.0,0.5449999999999999,0.435078125,1.0,5.252901611675435,-0.111875,-0.1395271047534813,-0.0768573166169013,-0.1703139866793531,0.2982487371757757,0.439375,109,677,reference_lfcc_logreg
runs,laundering_itw_sweep,in_the_wild,laundering,10.0,-10.0,10.0,0.5549999999999999,0.434071875,1.0,4.969367763172603,-0.101875,-0.1287777081153966,-0.0681136374460818,-0.1550903901046623,0.3001495495088265,0.454375,106,678,reference_lfcc_logreg
runs,laundering_itw_sweep,in_the_wild,laundering,5.0,-5.0,5.0,0.5856250000000001,0.3903468750000001,1.0,5.1117887944784615,-0.0712499999999999,-0.096932695281578,-0.0337237670467758,-0.1084681255946716,0.3013491061966664,0.449375,126,656,reference_lfcc_logreg
runs,laundering_itw_sweep,in_the_wild,laundering,30.0,-30.0,30.0,0.551875,0.4330031249999999,1.0,5.200796464900662,0.0993749999999999,0.0681330081882551,0.1237422928758359,0.2196132596685082,0.3129234016456154,0.3825,116,690,aasist
runs,laundering_itw_sweep,in_the_wild,laundering,20.0,-20.0,20.0,0.568125,0.4122828125000001,1.0,4.719727426741667,0.1156249999999999,0.0856020066790714,0.1418603588750996,0.2555248618784529,0.3009720783660117,0.3575,149,671,aasist
runs,laundering_itw_sweep,in_the_wild,laundering,15.0,-15.0,15.0,0.5775,0.40199375,1.0,4.240089238833486,0.125,0.0937308273160723,0.1518626189911132,0.2762430939226519,0.2947187898394199,0.35375,157,659,aasist
runs,laundering_itw_sweep,in_the_wild,laundering,10.0,-10.0,10.0,0.58375,0.3867046875,0.99875,3.760762924796553,0.1312499999999999,0.0999678617563045,0.1575005874067496,0.2900552486187844,0.2960137242265092,0.356875,178,659,aasist
runs,laundering_itw_sweep,in_the_wild,laundering,5.0,-5.0,5.0,0.593125,0.3740671875,1.0,3.4961725297671933,0.140625,0.1106073092571051,0.1681552769028591,0.3107734806629834,0.3067087149750441,0.364375,174,675,aasist
runs,laundering_itw_sweep,in_the_wild,laundering,30.0,-30.0,30.0,0.51125,0.5013890625,1.0,8.74780586082636,0.1925,0.1587626446866023,0.2262650460792769,0.603921568627451,0.0097755202120346,0.48875,530,278,aasist3_kan
runs,laundering_itw_sweep,in_the_wild,laundering,20.0,-20.0,20.0,0.46125,0.5547328125,1.0,8.627805763079733,0.1425,0.110626507237924,0.1774992742960572,0.447058823529412,0.0080883971209635,0.48875,559,199,aasist3_kan
runs,laundering_itw_sweep,in_the_wild,laundering,15.0,-15.0,15.0,0.454375,0.56288125,1.0,8.896411017256984,0.135625,0.1050065824550023,0.172514358619235,0.4254901960784314,0.0072089085695683,0.49875,546,192,aasist3_kan
runs,laundering_itw_sweep,in_the_wild,laundering,10.0,-10.0,10.0,0.4712499999999999,0.5438953124999999,1.0,9.044887868223697,0.1524999999999999,0.1181169197609953,0.1875259209556848,0.4784313725490195,0.0070602052393897,0.501875,597,170,aasist3_kan
runs,laundering_itw_sweep,in_the_wild,laundering,5.0,-5.0,5.0,0.47375,0.541828125,1.0,9.488135813253596,0.155,0.1206049742048754,0.1856217021159314,0.4862745098039217,0.0069323019937893,0.49375,547,207,aasist3_kan
runs,laundering_itw_sweep,in_the_wild,laundering,30.0,-30.0,30.0,0.285625,0.7883906249999999,0.9425,2.4508000257252736,0.27,0.2481902970978347,0.2968664931636792,17.279999999999994,0.2934032953773615,0.29625,367,106,spectra_aasist3
runs,laundering_itw_sweep,in_the_wild,laundering,20.0,-20.0,20.0,0.339375,0.7234875000000001,1.0,3.2422224251319234,0.32375,0.298758868930977,0.34750520780486,20.71999999999999,0.3552599115571911,0.361875,500,82,spectra_aasist3
runs,laundering_itw_sweep,in_the_wild,laundering,15.0,-15.0,15.0,0.3556249999999999,0.6890234375000001,0.9975,3.6131402682203655,0.3399999999999999,0.3169065455500852,0.365622189953783,21.759999999999987,0.381743859964594,0.400625,556,88,spectra_aasist3
runs,laundering_itw_sweep,in_the_wild,laundering,10.0,-10.0,10.0,0.365,0.674128125,0.9975,3.223377424458978,0.349375,0.3268749391348863,0.3756281084671213,22.35999999999999,0.3909434424190234,0.409375,551,105,spectra_aasist3
runs,laundering_itw_sweep,in_the_wild,laundering,5.0,-5.0,5.0,0.40625,0.62344375,1.0,2.7446648573085044,0.390625,0.3668816788628906,0.4162477578905836,24.99999999999999,0.4096286643371621,0.42875,507,182,spectra_aasist3
runs,laundering_itw_sweep,in_the_wild,laundering,30.0,-30.0,30.0,0.60375,0.3474125,1.0,6.1937722384039,0.075625,0.049506391118577,0.1000551214596537,0.1431952662721894,0.2290204471068949,0.275625,293,617,rawnet2
runs,laundering_itw_sweep,in_the_wild,laundering,20.0,-20.0,20.0,0.6125,0.3552437499999999,1.0,6.161465619578736,0.084375,0.0524983055602676,0.1031392823940206,0.1597633136094676,0.22910377934007,0.2825,286,619,rawnet2
runs,laundering_itw_sweep,in_the_wild,laundering,15.0,-15.0,15.0,0.599375,0.3617765625,1.0,6.091786103369673,0.07125,0.0424490977294347,0.0949932795219112,0.1349112426035503,0.2307546007585208,0.280625,288,614,rawnet2
runs,laundering_itw_sweep,in_the_wild,laundering,10.0,-10.0,10.0,0.5906250000000001,0.3731796874999999,1.0,5.919587494986884,0.0625000000000001,0.032469343344744,0.0825175247673658,0.1183431952662724,0.2374827732031066,0.289375,279,615,rawnet2
runs,laundering_itw_sweep,in_the_wild,laundering,5.0,-5.0,5.0,0.56125,0.407521875,1.0,5.398054960438027,0.033125,0.0037518806338268,0.0581245733948396,0.0627218934911244,0.2495611484521805,0.31875,290,583,rawnet2
runs,laundering_itw_sweep,in_the_wild,laundering,30.0,-30.0,30.0,0.4,0.6436453125,1.0,8.90858937807253,0.28375,0.258042140896686,0.3162657380745006,2.440860215053764,0.2351151467663043,0.4825,6,774,ssl_aasist
runs,laundering_itw_sweep,in_the_wild,laundering,20.0,-20.0,20.0,0.4081249999999999,0.6471734374999999,0.995,8.879555402094288,0.291875,0.2650101376981963,0.3231208429384024,2.510752688172043,0.2347168368853779,0.481875,8,769,ssl_aasist
runs,laundering_itw_sweep,in_the_wild,laundering,15.0,-15.0,15.0,0.4137499999999999,0.6350625,1.0,8.838660725074542,0.2975,0.266263957478263,0.3237487897427182,2.5591397849462365,0.2348267047336134,0.4825,17,767,ssl_aasist
runs,laundering_itw_sweep,in_the_wild,laundering,10.0,-10.0,10.0,0.4275,0.6090578125,1.0,8.722165108799278,0.31125,0.2806253603971752,0.3400416140302733,2.67741935483871,0.2346958814954105,0.475625,21,760,ssl_aasist
runs,laundering_itw_sweep,in_the_wild,laundering,5.0,-5.0,5.0,0.433125,0.5856421875,0.99875,8.268522640971563,0.316875,0.2906101715775406,0.3468711524931394,2.7258064516129035,0.2357978537444377,0.480625,54,727,ssl_aasist
runs,laundering_itw_sweep,in_the_wild,laundering,30.0,-30.0,30.0,0.266875,0.7944046874999999,0.99875,5.248740810984131,0.1987499999999999,0.1724838707936962,0.2181104778267252,2.91743119266055,0.1846141712386749,0.418125,8,672,xlsr_mamba
runs,laundering_itw_sweep,in_the_wild,laundering,20.0,-20.0,20.0,0.27,0.7908953124999999,0.99875,5.118780219247857,0.201875,0.1805569688638535,0.2250017469382777,2.963302752293578,0.1845440320281544,0.404375,11,651,xlsr_mamba
runs,laundering_itw_sweep,in_the_wild,laundering,15.0,-15.0,15.0,0.280625,0.7919234375,0.9925,4.995397640430117,0.2125,0.1887488097267023,0.2349940505813185,3.1192660550458715,0.1836959272834051,0.3825,12,615,xlsr_mamba
runs,laundering_itw_sweep,in_the_wild,laundering,10.0,-10.0,10.0,0.305,0.770671875,0.99625,4.74788105586605,0.236875,0.213683707722646,0.2612415717204982,3.477064220183487,0.1829043707727942,0.339375,40,532,xlsr_mamba
runs,laundering_itw_sweep,in_the_wild,laundering,5.0,-5.0,5.0,0.3199999999999999,0.7452187499999999,0.97875,4.406148496959936,0.2518749999999999,0.2305777253943996,0.2762358676337695,3.6972477064220177,0.1835494354490498,0.3025,107,424,xlsr_mamba
runs,laundering_itw_sweep,in_the_wild,laundering,30.0,-30.0,30.0,0.4325,0.5822484375,1.0,2.415685751371405,0.2312499999999999,0.2100003906402594,0.2556170482433267,1.149068322981366,0.0907920427744567,0.3275,176,556,nes2net
runs,laundering_itw_sweep,in_the_wild,laundering,20.0,-20.0,20.0,0.4081249999999999,0.6375859374999999,0.985,1.9788881830926024,0.2068749999999999,0.1812543751093777,0.2287357598558311,1.0279503105590055,0.1106777187001785,0.408125,52,677,nes2net
runs,laundering_itw_sweep,in_the_wild,laundering,15.0,-15.0,15.0,0.3725,0.6821859374999999,0.99625,1.5721909541839811,0.17125,0.1450218701466299,0.197499837139972,0.8509316770186335,0.1594460048740111,0.46125,17,747,nes2net
runs,laundering_itw_sweep,in_the_wild,laundering,10.0,-10.0,10.0,0.3662499999999999,0.6981890625,0.97,1.1839754232228148,0.1649999999999999,0.1375006737964394,0.190630049759995,0.819875776397515,0.265791668059073,0.495,0,792,nes2net
runs,laundering_itw_sweep,in_the_wild,laundering,5.0,-5.0,5.0,0.3625,0.695840625,0.99375,1.0157625236672825,0.16125,0.1306427176411252,0.1893863126926769,0.8012422360248446,0.4138920133965815,0.5,0,800,nes2net
runs,laundering_itw_sweep,in_the_wild,laundering,30.0,-30.0,30.0,0.3562499999999999,0.7012281249999999,0.9875,2.6580368391627016,0.0837499999999999,0.0581268421972411,0.1093570536096624,0.3073394495412844,0.0995491231744991,0.395,46,642,xlsr_linear
runs,laundering_itw_sweep,in_the_wild,laundering,20.0,-20.0,20.0,0.3556249999999999,0.70511875,0.9875,2.1187314375685307,0.083125,0.0587115864438622,0.1106087597018364,0.3050458715596331,0.0873445759471478,0.3075,123,455,xlsr_linear
runs,laundering_itw_sweep,in_the_wild,laundering,15.0,-15.0,15.0,0.365,0.6870984375,0.98,1.70953374910176,0.0925,0.0643836882949407,0.1187467850747048,0.3394495412844038,0.0908849802367508,0.283125,279,302,xlsr_linear
runs,laundering_itw_sweep,in_the_wild,laundering,10.0,-10.0,10.0,0.3818749999999999,0.6576890625,0.995,1.402755277749793,0.109375,0.0837484906183842,0.1387503213908957,0.4013761467889908,0.1282679244545752,0.32375,490,156,xlsr_linear
runs,laundering_itw_sweep,in_the_wild,laundering,5.0,-5.0,5.0,0.391875,0.6362328125,1.0,1.2375104413977611,0.119375,0.0949485834555575,0.1487186867171679,0.4380733944954129,0.1687757920922376,0.395,630,88,xlsr_linear
runs,laundering_itw_sweep,in_the_wild,laundering,30.0,-30.0,30.0,0.33375,0.7243187500000001,0.96875,8.99842531240867,0.1318749999999999,0.1062581218318474,0.1624917789557613,0.6532507739938078,0.0495431509541348,0.488125,2,782,wavlm_linear
runs,laundering_itw_sweep,in_the_wild,laundering,20.0,-20.0,20.0,0.3025,0.758159375,0.98375,9.075426271783794,0.1006249999999999,0.0787645967119123,0.1350303401052502,0.4984520123839007,0.0494548277811758,0.48875,3,782,wavlm_linear
runs,laundering_itw_sweep,in_the_wild,laundering,15.0,-15.0,15.0,0.31625,0.7503031250000001,0.99125,9.01643186058338,0.114375,0.0887481738102066,0.1450233615356728,0.56656346749226,0.0495831204013908,0.4875,3,780,wavlm_linear
runs,laundering_itw_sweep,in_the_wild,laundering,10.0,-10.0,10.0,0.3275,0.7179078125,0.99875,8.83065695786287,0.125625,0.0993758978380735,0.1549686620109155,0.6222910216718265,0.0495373569770503,0.48875,3,780,wavlm_linear
runs,laundering_itw_sweep,in_the_wild,laundering,5.0,-5.0,5.0,0.37375,0.6468703125,1.0,8.340168420429082,0.171875,0.1462186965483372,0.2087550951672378,0.851393188854489,0.0498645276466192,0.4925,14,769,wavlm_linear
runs,laundering_itw_sweep,in_the_wild,laundering,30.0,-30.0,30.0,0.495,0.528475,0.99875,4.846417353656659,0.415625,0.3856019667119352,0.4443976485748045,5.236220472440945,0.3195552417602378,0.45375,36,687,nes2net_v2
runs,laundering_itw_sweep,in_the_wild,laundering,20.0,-20.0,20.0,0.540625,0.464690625,0.99375,4.85914869205999,0.46125,0.4324863301359428,0.4912476343491825,5.811023622047244,0.3185502984623524,0.46875,45,706,nes2net_v2
runs,laundering_itw_sweep,in_the_wild,laundering,15.0,-15.0,15.0,0.536875,0.467646875,0.9975,4.852319646186629,0.4575,0.4268225968396808,0.4875080019109065,5.7637795275590555,0.3184679253738055,0.46375,38,709,nes2net_v2
runs,laundering_itw_sweep,in_the_wild,laundering,10.0,-10.0,10.0,0.5037499999999999,0.515109375,1.0,4.7618527744271,0.4243749999999999,0.3968813965652067,0.4543750860859786,5.346456692913385,0.3186056433474322,0.451875,35,701,nes2net_v2
runs,laundering_itw_sweep,in_the_wild,laundering,5.0,-5.0,5.0,0.4599999999999999,0.574475,1.0,4.519815618862871,0.380625,0.3518668424105127,0.4087517575303482,4.795275590551181,0.3197714283546926,0.418125,92,586,nes2net_v2
runs,nes2net_asv19_sweep,asvspoof2019_la,bandpass,8000.0,-8000.0,7920.0,0.16125,0.91276875,0.4025000000000001,1.7546823598793726,-0.004375,-0.0137503545016543,0.0043602352287893,-0.0264150943396227,0.0185813850283421,0.03,116,163,nes2net
runs,nes2net_asv19_sweep,asvspoof2019_la,bandpass,6000.0,-6000.0,6000.0,0.1674999999999999,0.9000328125000001,0.415,1.827201393330896,0.0018749999999999,-0.0025003906860446,0.0187588756336237,0.0113207547169808,0.0282069746912248,0.08,109,232,nes2net
runs,nes2net_asv19_sweep,asvspoof2019_la,bandpass,4000.0,-4000.0,4000.0,0.180625,0.8926874999999999,0.46875,1.8949136683809211,0.0149999999999999,0.0049690217298494,0.0306063316099667,0.0905660377358489,0.0348790128559208,0.084375,116,232,nes2net
runs,nes2net_asv19_sweep,asvspoof2019_la,bandpass,3400.0,-3400.0,3400.0,0.18125,0.8952375000000001,0.455,1.879691007248783,0.015625,0.0018838871395227,0.0281215850350125,0.0943396226415094,0.0378640459952157,0.085,115,228,nes2net
runs,nes2net_asv19_sweep,asvspoof2019_la,bandpass,2000.0,-2000.0,2000.0,0.175,0.903709375,0.4274999999999999,1.8251947272836573,0.0093749999999999,-0.0043612795746286,0.0237341235760184,0.0566037735849056,0.0517287990080885,0.129375,94,282,nes2net
runs,nes2net_asv19_sweep,asvspoof2019_la,chirp,25.0,-25.0,24.999999886696777,0.1731249999999999,0.903621875,0.6024999999999999,1.9431708933302183,0.0074999999999999,-0.0062510314388618,0.0200015430880646,0.0452830188679242,0.0311141348929415,0.06875,128,163,nes2net
runs,nes2net_asv19_sweep,asvspoof2019_la,chirp,20.0,-20.0,19.999999964173345,0.1687499999999999,0.9055,0.6537499999999999,1.8302326761489855,0.0031249999999999,-0.0113549958927759,0.0174985039039122,0.0188679245283016,0.034192393608195,0.095625,109,201,nes2net
runs,nes2net_asv19_sweep,asvspoof2019_la,chirp,15.0,-15.0,14.999999988673585,0.1737499999999999,0.902840625,0.64,1.7443905686341783,0.0081249999999999,-0.0050227937581773,0.025011500166013,0.0490566037735845,0.0386325900956607,0.124375,89,263,nes2net
runs,nes2net_asv19_sweep,asvspoof2019_la,chirp,10.0,-10.0,9.999999996421243,0.170625,0.9021703125,0.6575,1.632058188049007,0.005,-0.0100351393402689,0.0231233471408112,0.030188679245283,0.0474038583080091,0.193125,65,357,nes2net
runs,nes2net_asv19_sweep,asvspoof2019_la,chirp,5.0,-5.0,4.999999998871267,0.175625,0.902559375,0.6950000000000001,1.456195057167567,0.01,-0.0075062325228123,0.0263057574289616,0.060377358490566,0.0633793348097689,0.276875,33,471,nes2net
runs,nes2net_asv19_sweep,asvspoof2019_la,codec,128.0,-128.0,128.0,0.175625,0.8903156249999999,0.44625,1.9277166650727648,0.0099999999999999,0.0050246522428673,0.0212517059589062,0.0603773584905659,0.0178383498874332,0.04875,125,192,nes2net
runs,nes2net_asv19_sweep,asvspoof2019_la,codec,64.0,-64.0,64.0,0.180625,0.8899203124999999,0.4649999999999999,1.9244425487783108,0.0149999999999999,0.0056482780434474,0.0249901257441944,0.0905660377358489,0.0204454535608924,0.0425,131,184,nes2net
runs,nes2net_asv19_sweep,asvspoof2019_la,codec,32.0,-32.0,32.0,0.1831249999999999,0.8868328125,0.5299999999999999,2.040204975251225,0.0174999999999999,0.0050013157760356,0.0306020487681913,0.1056603773584903,0.0389154134020018,0.0675,123,208,nes2net
runs,nes2net_asv19_sweep,asvspoof2019_la,codec,24.0,-24.0,24.0,0.19125,0.8897609375,0.5375,2.1617857413562196,0.025625,0.0093950460305761,0.0399283929730996,0.1547169811320755,0.0505068755190594,0.0725,136,175,nes2net
runs,nes2net_asv19_sweep,asvspoof2019_la,codec,16.0,-16.0,16.0,0.21375,0.8622609375000001,0.6675,2.534359888036857,0.0481249999999999,0.0306694799526594,0.0643994839451249,0.2905660377358489,0.0789863378373798,0.103125,191,133,nes2net
runs,nes2net_asv19_sweep,asvspoof2019_la,codec,8.0,-8.0,8.0,0.223125,0.86015,0.71625,2.4514977806303646,0.0574999999999999,0.0368661928699977,0.078738918143043,0.3471698113207546,0.0878764434038186,0.225,82,373,nes2net
runs,nes2net_asv19_sweep,asvspoof2019_la,gain,-3.0,3.0,-3.0,0.165625,0.90516875,0.4224999999999999,1.850871937416127,0.0,0.0,0.0,0.0,4.359570070383905e-05,0.0,132,133,nes2net
runs,nes2net_asv19_sweep,asvspoof2019_la,gain,3.0,3.0,3.0,0.16,0.9092328125,0.4212499999999999,1.8169949974550008,-0.0056249999999999,-0.0106251321363389,0.0006189276190711,-0.0339622641509433,0.0075062801833019,0.010625,128,128,nes2net
runs,nes2net_asv19_sweep,asvspoof2019_la,gain,-10.0,10.0,-10.0,0.165625,0.9051796875,0.4224999999999999,1.8496601473671648,0.0,-0.0025001945465405,0.0012658628932633,0.0,0.0003562812917164,0.0,132,133,nes2net
runs,nes2net_asv19_sweep,asvspoof2019_la,gain,10.0,10.0,10.0,0.138125,0.9330875,0.3549999999999999,1.5702900164059823,-0.0274999999999999,-0.0418572550696781,-0.0162515870725317,-0.1660377358490565,0.0509661650014418,0.059375,92,156,nes2net
runs,nes2net_asv19_sweep,asvspoof2019_la,gain,-20.0,20.0,-20.0,0.165625,0.9049484375,0.4049999999999999,1.8370583009545889,0.0,-0.0037556885729614,0.0037755965045677,0.0,0.0024202028466247,0.005625,129,139,nes2net
runs,nes2net_asv19_sweep,asvspoof2019_la,gain,20.0,20.0,20.0,0.1087499999999999,0.949496875,0.51625,1.1722816090273795,-0.056875,-0.0738112463451001,-0.0374755580370347,-0.3433962264150945,0.1264291964277008,0.17125,31,294,nes2net
runs,nes2net_asv19_sweep,asvspoof2019_la,noise,30.0,-30.0,29.99999964169418,0.2,0.8652718750000001,0.6437500000000002,1.6625055679532592,0.0343749999999999,0.0181203603917475,0.0525151374983483,0.2075471698113206,0.0543614776191947,0.219375,89,433,nes2net
runs,nes2net_asv19_sweep,asvspoof2019_la,noise,20.0,-20.0,19.99999996417316,0.23875,0.8257937500000001,0.81875,1.5140658743989213,0.073125,0.0512477114144448,0.0912462756399814,0.441509433962264,0.0854180214494419,0.369375,54,646,nes2net
runs,nes2net_asv19_sweep,asvspoof2019_la,noise,15.0,-15.0,14.99999998867341,0.2887499999999999,0.7750390625000001,0.8462500000000001,1.432658457213022,0.1231249999999999,0.1012500052683995,0.1500003222683258,0.7433962264150938,0.116754643249062,0.440625,30,736,nes2net
runs,nes2net_asv19_sweep,asvspoof2019_la,noise,10.0,-10.0,9.999999996421058,0.296875,0.756146875,0.8749999999999999,1.3030124196880406,0.1312499999999999,0.1087577927845941,0.1600358100384208,0.792452830188679,0.1489660247930319,0.488125,9,789,nes2net
runs,nes2net_asv19_sweep,asvspoof2019_la,noise,5.0,-5.0,4.999999998871092,0.254375,0.7980875000000001,0.885,1.1141716071993295,0.08875,0.0662531245127785,0.1186695365487563,0.5358490566037735,0.1880588252209318,0.499375,0,800,nes2net
runs,nes2net_asv19_sweep,asvspoof2019_la,noise,0.0,-0.0,-3.541433498798661e-10,0.2375,0.8236265625,0.85875,0.9655779709383416,0.071875,0.0462522515626855,0.1031037962145427,0.4339622641509433,0.2311082177298068,0.499375,0,800,nes2net
runs,nes2net_asv19_sweep,asvspoof2019_la,reverb,0.1,0.1,0.1,0.234375,0.8430218749999999,0.72375,2.4164443421986546,0.0687499999999999,0.049916295313461,0.0881311863492688,0.4150943396226413,0.0720237746539275,0.13375,186,189,nes2net
runs,nes2net_asv19_sweep,asvspoof2019_la,reverb,0.3,0.3,0.2999999999999999,0.32375,0.7421609374999999,0.93,2.402546905993015,0.1581249999999999,0.1362553019567137,0.1818745406564051,0.9547169811320751,0.0824521788621723,0.283125,148,460,nes2net
runs,nes2net_asv19_sweep,asvspoof2019_la,reverb,0.5,0.5,0.5,0.37625,0.6752953125,0.97625,2.2434476473969345,0.2106249999999999,0.1855886271855575,0.2374670755507667,1.2716981132075469,0.0906083272058733,0.448125,46,716,nes2net
runs,nes2net_asv19_sweep,asvspoof2019_la,reverb,0.7,0.7,0.7,0.42375,0.6228140625,0.9925,2.015539786174107,0.258125,0.2337395305994348,0.2868747764912798,1.5584905660377355,0.106721256206656,0.493125,2,792,nes2net
runs,nes2net_asv19_sweep,asvspoof2019_la,reverb,0.9,0.9,0.9000000000000002,0.441875,0.5947828124999999,0.98625,1.7620221000522212,0.27625,0.2493378525993493,0.3050527398683786,1.6679245283018866,0.1351330056422514,0.499375,0,800,nes2net
runs,nes2net_asv19_sweep,asvspoof2019_la,transcode_identity,320.0,-320.0,320.0,0.176875,0.8904749999999999,0.4475,1.9278014609108651,0.0112499999999999,0.004392219798841,0.0206251674923011,0.0679245283018866,0.0178690182362819,0.04875,127,192,nes2net
runs,nes2net_asv19_sweep,asvspoof2019_la,transcode_identity,256.0,-256.0,256.0,0.176875,0.8904749999999999,0.4475,1.9278014609108651,0.0112499999999999,0.004392219798841,0.0206251674923011,0.0679245283018866,0.0178690182362819,0.04875,127,192,nes2net
runs,nes2net_asv19_sweep,asvspoof2019_la,transcode_identity,192.0,-192.0,192.0,0.176875,0.8904749999999999,0.4475,1.9278014609108651,0.0112499999999999,0.004392219798841,0.0206251674923011,0.0679245283018866,0.0178690182362819,0.04875,127,192,nes2net
runs,nes2net_asv19_sweep,asvspoof2019_la,transmission,0.0,0.0,0.0,0.165625,0.9051515625,0.4224999999999999,1.851042023265592,0.0,0.0,0.0,0.0,0.0,0.0,132,133,nes2net
runs,nes2net_asv19_sweep,asvspoof2019_la,transmission,0.01,0.01,0.010027788770389,0.16625,0.9101984375,0.4074999999999999,1.7518472394805145,0.0006249999999999,-0.0050050015320275,0.011251582340602,0.0037735849056602,0.0155176306406273,0.025,129,150,nes2net
runs,nes2net_asv19_sweep,asvspoof2019_la,transmission,0.05,0.05,0.050213066383787,0.1206249999999999,0.9371125,0.3974999999999999,1.3967309917149209,-0.045,-0.0581106773488165,-0.0263082468571808,-0.2716981132075474,0.0612347644625581,0.119375,55,243,nes2net
runs,nes2net_asv19_sweep,asvspoof2019_la,transmission,0.1,0.1,0.1000086190221701,0.11875,0.9511109375,0.47125,1.066584456229936,-0.046875,-0.064337902549928,-0.03067659329329,-0.2830188679245283,0.1121278244294971,0.218125,23,363,nes2net
runs,nes2net_asv19_sweep,asvspoof2019_la,transmission,0.2,0.2,0.1990158402005855,0.118125,0.9526328125,0.4374999999999999,0.6424820455444584,-0.0475,-0.0712838084944193,-0.0306215984371845,-0.2867924528301888,0.209069595867799,0.41,5,662,nes2net
runs,nes2net_asv21_sweep,asvspoof2021_la,bandpass,8000.0,-8000.0,7920.0,0.159375,0.9097265625,0.70625,1.741436576641679,-0.0081249999999999,-0.0168769209398969,0.0043735229154805,-0.0485074626865669,0.0210362123218781,0.029375,119,148,nes2net
runs,nes2net_asv21_sweep,asvspoof2021_la,bandpass,6000.0,-6000.0,6000.0,0.16625,0.9060015625,0.6875,1.74799694042146,-0.0012499999999999,-0.0156188519092057,0.009372126271535,-0.007462686567164,0.025236690446688,0.0475,114,174,nes2net
runs,nes2net_asv21_sweep,asvspoof2021_la,bandpass,4000.0,-4000.0,4000.0,0.160625,0.9033296875,0.69125,1.7660667575482538,-0.0068749999999999,-0.016293536525556,0.0075000002929692,-0.0410447761194027,0.0282052731840587,0.04625,113,165,nes2net
runs,nes2net_asv21_sweep,asvspoof2021_la,bandpass,3400.0,-3400.0,3400.0,0.15875,0.9027765625,0.68,1.7579656742197374,-0.0087499999999999,-0.0193730048822258,0.0050167809882454,-0.0522388059701491,0.0306765010181993,0.0475,113,163,nes2net
runs,nes2net_asv21_sweep,asvspoof2021_la,bandpass,2000.0,-2000.0,2000.0,0.1674999999999999,0.904153125,0.6625,1.7096026934510045,0.0,-0.0118673385662914,0.0162668233832154,0.0,0.039363608814296,0.078125,104,203,nes2net
runs,nes2net_asv21_sweep,asvspoof2021_la,chirp,25.0,-25.0,24.999999890185787,0.17625,0.8981234375,0.80625,1.775986277317811,0.00875,-0.0025024586281634,0.02561639002816,0.0522388059701494,0.0320997266622106,0.090625,105,208,nes2net
runs,nes2net_asv21_sweep,asvspoof2021_la,chirp,20.0,-20.0,19.999999965276665,0.1781249999999999,0.89025,0.8199999999999998,1.718506524467423,0.0106249999999999,-0.0037520528810843,0.0268721573129904,0.0634328358208955,0.0402975829487947,0.115625,92,255,nes2net
runs,nes2net_asv21_sweep,asvspoof2021_la,chirp,15.0,-15.0,14.999999989022488,0.1925,0.8874249999999999,0.7412500000000001,1.5799904907322568,0.025,0.0099998499962499,0.0412436653633375,0.1492537313432837,0.0479458908653402,0.165625,75,322,nes2net
runs,nes2net_asv21_sweep,asvspoof2021_la,chirp,10.0,-10.0,9.999999996531574,0.1875,0.8857609375000001,0.81125,1.4646995393753073,0.02,0.00184090290659,0.0374901763615292,0.1194029850746269,0.0613643332201566,0.215,53,391,nes2net
runs,nes2net_asv21_sweep,asvspoof2021_la,chirp,5.0,-5.0,4.999999998906158,0.1987499999999999,0.872484375,0.8862499999999999,1.3525306021592922,0.03125,0.0137109414088697,0.0500050629922363,0.1865671641791045,0.0792343341323889,0.301875,41,520,nes2net
runs,nes2net_asv21_sweep,asvspoof2021_la,codec,128.0,-128.0,128.0,0.171875,0.9009046875,0.7025,1.850415107526282,0.004375,-0.0018599254392491,0.014368271909386,0.0261194029850747,0.0109125599123073,0.0225,137,143,nes2net
runs,nes2net_asv21_sweep,asvspoof2021_la,codec,64.0,-64.0,64.0,0.1674999999999999,0.9019234375,0.7025,1.8296980932079725,0.0,-0.0050013822474995,0.0125000234375915,0.0,0.0121347273023124,0.025625,131,144,nes2net
runs,nes2net_asv21_sweep,asvspoof2021_la,codec,32.0,-32.0,32.0,0.1624999999999999,0.902953125,0.7324999999999999,1.8310900672175792,-0.005,-0.0156193830099232,0.0081465185652564,-0.0298507462686567,0.0240912489738684,0.040625,122,149,nes2net
runs,nes2net_asv21_sweep,asvspoof2021_la,codec,24.0,-24.0,24.0,0.1737499999999999,0.8965484375,0.74625,1.8918640375184224,0.0062499999999999,-0.0043818279922174,0.0181206207823864,0.0373134328358207,0.0340069634621304,0.050625,134,141,nes2net
runs,nes2net_asv21_sweep,asvspoof2021_la,codec,16.0,-16.0,16.0,0.206875,0.8676140625,0.8724999999999999,2.2116727762113495,0.039375,0.0255264856099318,0.0543736187222484,0.2350746268656719,0.0520363424402561,0.08375,198,132,nes2net
runs,nes2net_asv21_sweep,asvspoof2021_la,codec,8.0,-8.0,8.0,0.239375,0.8402390624999999,0.93875,2.4414686093232714,0.071875,0.0519056845337702,0.0937747547708166,0.4291044776119405,0.0780810650998713,0.166875,193,190,nes2net
runs,nes2net_asv21_sweep,asvspoof2021_la,gain,-3.0,3.0,-3.0,0.1625,0.904203125,0.72875,1.8319107182734835,-0.0049999999999999,-0.0068632393782044,0.0043637469138565,-0.0298507462686565,0.0013880970846926,0.00375,136,130,nes2net
runs,nes2net_asv21_sweep,asvspoof2021_la,gain,3.0,3.0,3.0,0.16625,0.90495,0.7062499999999999,1.8128816821856568,-0.0012499999999999,-0.0106161486086861,0.0050020369725164,-0.007462686567164,0.0100571147421191,0.011875,132,133,nes2net
runs,nes2net_asv21_sweep,asvspoof2021_la,gain,-10.0,10.0,-10.0,0.16625,0.9041328125,0.7299999999999999,1.8284516865243856,-0.0012499999999999,-0.0038336217490783,0.0031351029919078,-0.007462686567164,0.0009621552006194,0.00125,135,133,nes2net
runs,nes2net_asv21_sweep,asvspoof2021_la,gain,10.0,10.0,10.0,0.1624999999999999,0.9115609375,0.6525,1.6052010620936992,-0.005,-0.016228244402901,0.0068640832394438,-0.0298507462686567,0.0516224351740907,0.060625,109,182,nes2net
runs,nes2net_asv21_sweep,asvspoof2021_la,gain,-20.0,20.0,-20.0,0.1681249999999999,0.9047578125,0.69375,1.8106058785215584,0.0006249999999999,-0.0056408284365908,0.0031131400447388,0.003731343283582,0.0025671356041791,0.003125,129,134,nes2net
runs,nes2net_asv21_sweep,asvspoof2021_la,gain,20.0,20.0,20.0,0.165,0.911525,0.8250000000000002,1.2639107347880625,-0.0024999999999999,-0.0199278174576478,0.0162524553904114,-0.014925373134328,0.1127479290931926,0.205625,39,352,nes2net
runs,nes2net_asv21_sweep,asvspoof2021_la,noise,30.0,-30.0,29.9999996527274,0.1937499999999999,0.8723453125,0.8125,1.5888532376739737,0.0262499999999999,0.0093907778226043,0.0412666294752023,0.1567164179104477,0.0611776619981506,0.163125,103,312,nes2net
runs,nes2net_asv21_sweep,asvspoof2021_la,noise,20.0,-20.0,19.99999996527648,0.24,0.8296703125,0.87375,1.3983499054663104,0.0725,0.0518776318558587,0.0968680622949096,0.4328358208955224,0.1049301596332356,0.344375,52,589,nes2net
runs,nes2net_asv21_sweep,asvspoof2021_la,noise,15.0,-15.0,14.9999999890223,0.279375,0.7918250000000001,0.8725,1.305855949243445,0.111875,0.0887717350069801,0.1374895338321383,0.6679104477611945,0.1362167517480973,0.43625,26,724,nes2net
runs,nes2net_asv21_sweep,asvspoof2021_la,noise,10.0,-10.0,9.9999999965314,0.25875,0.7910734374999999,0.9075,1.1983841069712189,0.09125,0.0655999128748761,0.1206306816016188,0.5447761194029854,0.1631735568524913,0.47875,10,776,nes2net
runs,nes2net_asv21_sweep,asvspoof2021_la,noise,5.0,-5.0,4.99999999890598,0.24,0.8073828125,0.93125,1.0915442746741166,0.0725,0.047514370832519,0.101897109140839,0.4328358208955224,0.1907015652620213,0.495625,4,797,nes2net
runs,nes2net_asv21_sweep,asvspoof2021_la,noise,0.0,-0.0,-3.431197944373468e-10,0.2425,0.8173203125,0.935,1.0122752243822684,0.075,0.049317081753955,0.1018685111952924,0.447761194029851,0.2136732505872738,0.499375,1,800,nes2net
runs,nes2net_asv21_sweep,asvspoof2021_la,reverb,0.1,0.1,0.1,0.2624999999999999,0.8209757812500001,0.9575,2.2700414748036906,0.0949999999999999,0.0750386512234484,0.1118953796898702,0.5671641791044775,0.0651139398113845,0.14,231,183,nes2net
runs,nes2net_asv21_sweep,asvspoof2021_la,reverb,0.3,0.3,0.2999999999999999,0.331875,0.7270515625,0.9975,2.2008854171739003,0.164375,0.1431042542016807,0.1881206438202543,0.98134328358209,0.0773467673789396,0.28125,160,440,nes2net
runs,nes2net_asv21_sweep,asvspoof2021_la,reverb,0.5,0.5,0.5,0.3874999999999999,0.6634437500000001,0.99875,1.989975550569933,0.2199999999999999,0.1955791301379086,0.244998444866595,1.3134328358208955,0.095614308764572,0.439375,42,699,nes2net
runs,nes2net_asv21_sweep,asvspoof2021_la,reverb,0.7,0.7,0.7,0.385625,0.642278125,0.99375,1.7347726265263568,0.218125,0.1912282833379795,0.2424880512807877,1.3022388059701495,0.1168590405550395,0.489375,8,785,nes2net
runs,nes2net_asv21_sweep,asvspoof2021_la,reverb,0.9,0.9,0.9000000000000002,0.43125,0.5943640625,0.99625,1.533647104937057,0.26375,0.2350099012732588,0.2912487392987079,1.5746268656716422,0.1600963484867916,0.500625,1,800,nes2net
runs,nes2net_asv21_sweep,asvspoof2021_la,transcode_identity,320.0,-320.0,320.0,0.17125,0.90076875,0.7050000000000001,1.8511381389125263,0.00375,-0.0024500027377519,0.0136511707754156,0.0223880597014927,0.0108487016222263,0.0225,136,142,nes2net
runs,nes2net_asv21_sweep,asvspoof2021_la,transcode_identity,256.0,-256.0,256.0,0.17125,0.90076875,0.7050000000000001,1.8511381389125263,0.00375,-0.0024500027377519,0.0136511707754156,0.0223880597014927,0.0108487016222263,0.0225,136,142,nes2net
runs,nes2net_asv21_sweep,asvspoof2021_la,transcode_identity,192.0,-192.0,192.0,0.17125,0.90076875,0.7050000000000001,1.8511381389125263,0.00375,-0.0024500027377519,0.0136511707754156,0.0223880597014927,0.0108487016222263,0.0225,136,142,nes2net
runs,nes2net_asv21_sweep,asvspoof2021_la,transmission,0.0,0.0,0.0,0.1674999999999999,0.9038875,0.7299999999999999,1.8270743719799951,0.0,0.0,0.0,0.0,0.0,0.0,134,134,nes2net
runs,nes2net_asv21_sweep,asvspoof2021_la,transmission,0.01,0.01,0.0097006507993345,0.16125,0.9126125,0.7050000000000001,1.7019039585154214,-0.0062499999999999,-0.0175002736085053,0.0043616117181466,-0.0373134328358207,0.0161036639009608,0.035625,113,152,nes2net
runs,nes2net_asv21_sweep,asvspoof2021_la,transmission,0.05,0.05,0.0497335622430416,0.14125,0.9230468750000002,0.6325,1.3271627796349177,-0.0262499999999999,-0.0381023006719081,-0.0062498107836243,-0.1567164179104474,0.0719969759698634,0.09875,73,217,nes2net
runs,nes2net_asv21_sweep,asvspoof2021_la,transmission,0.1,0.1,0.1007261153878,0.1481249999999999,0.9255375,0.7399999999999999,1.0481368921375926,-0.019375,-0.0368729081719314,-0.0031243046874877,-0.1156716417910448,0.1250567547574917,0.20125,35,355,nes2net
runs,nes2net_asv21_sweep,asvspoof2021_la,transmission,0.2,0.2,0.2011269319384755,0.17,0.9128296875,0.75125,0.7057544133125522,0.0025,-0.0187373278626397,0.0218974733879288,0.0149253731343287,0.2325238099218622,0.40125,7,649,nes2net
runs,nes2net_itw_sweep,in_the_wild,bandpass,8000.0,-8000.0,7920.0,0.19875,0.88041875,0.8425,1.95565756281065,-0.0025,-0.0106250188177438,0.010616518617288,-0.0124223602484473,0.0152571606937499,0.035625,153,168,nes2net
runs,nes2net_itw_sweep,in_the_wild,bandpass,6000.0,-6000.0,6000.0,0.21375,0.8727546875,0.875,1.9994753900971944,0.0124999999999999,0.0006041624622947,0.0243727383562529,0.0621118012422357,0.0195856572280666,0.05,166,178,nes2net
runs,nes2net_itw_sweep,in_the_wild,bandpass,4000.0,-4000.0,4000.0,0.23375,0.8522375,0.94375,2.0931933696048306,0.0324999999999999,0.0199216475339935,0.046913504569354,0.1614906832298135,0.0302301603102079,0.0775,187,189,nes2net
runs,nes2net_itw_sweep,in_the_wild,bandpass,3400.0,-3400.0,3400.0,0.2375,0.844603125,0.9475,2.103275664790789,0.0362499999999999,0.0231249035837537,0.0519560287863224,0.1801242236024843,0.0333313127829143,0.0775,189,191,nes2net
runs,nes2net_itw_sweep,in_the_wild,bandpass,2000.0,-2000.0,2000.0,0.219375,0.862328125,0.87875,1.8351605293035984,0.0181249999999999,0.0025003824814326,0.0343809987295727,0.0900621118012419,0.0479960201270575,0.103125,130,227,nes2net
runs,nes2net_itw_sweep,in_the_wild,chirp,25.0,-25.0,24.999993921179307,0.20625,0.88079375,0.9075,1.9171125979842267,0.0049999999999999,-0.0087501322777699,0.016254309297471,0.0248447204968942,0.0316215018103931,0.070625,137,194,nes2net
runs,nes2net_itw_sweep,in_the_wild,chirp,20.0,-20.0,19.999998077429662,0.196875,0.8897234375,0.83875,1.8018884401223627,-0.004375,-0.0200058084745909,0.0087513909950566,-0.0217391304347826,0.0388406530338054,0.095,96,214,nes2net
runs,nes2net_itw_sweep,in_the_wild,chirp,15.0,-15.0,14.99999939200469,0.185625,0.8912656250000001,0.8199999999999998,1.6951567017401552,-0.015625,-0.0300070334530665,0.0025000774472889,-0.077639751552795,0.0462731823130633,0.1325,77,271,nes2net
runs,nes2net_itw_sweep,in_the_wild,chirp,10.0,-10.0,9.999999807735156,0.18625,0.8951734375,0.78125,1.5087394382421788,-0.015,-0.0337659043536314,0.0025000041992271,-0.0745341614906832,0.0664615520684683,0.19,45,339,nes2net
runs,nes2net_itw_sweep,in_the_wild,chirp,5.0,-5.0,4.999999939203206,0.193125,0.8881906250000001,0.8437500000000001,1.3729389891422397,-0.008125,-0.0293815119930107,0.00876327333691,-0.0403726708074536,0.0836438639941955,0.25,32,426,nes2net
runs,nes2net_itw_sweep,in_the_wild,codec,128.0,-128.0,128.0,0.21875,0.8742109375000001,0.8674999999999999,2.0042899080672476,0.0174999999999999,0.0055930158157978,0.0249844110807144,0.0869565217391302,0.0109933443994829,0.02375,182,160,nes2net
runs,nes2net_itw_sweep,in_the_wild,codec,64.0,-64.0,64.0,0.21375,0.8734171875000001,0.8562499999999998,1.9941890537150124,0.0124999999999999,0.0049458797770106,0.0231263113345008,0.0621118012422357,0.0120630139717338,0.025625,175,168,nes2net
runs,nes2net_itw_sweep,in_the_wild,codec,32.0,-32.0,32.0,0.22875,0.8614671875000001,0.8925,1.9726385174474044,0.0274999999999999,0.0131216063127465,0.0381250152872802,0.136645962732919,0.0191537463414944,0.05125,167,195,nes2net
runs,nes2net_itw_sweep,in_the_wild,codec,24.0,-24.0,24.0,0.2375,0.849825,0.91875,2.051821029061891,0.0362499999999999,0.0224686739016077,0.049359845762733,0.1801242236024843,0.0267447159406028,0.070625,177,202,nes2net
runs,nes2net_itw_sweep,in_the_wild,codec,16.0,-16.0,16.0,0.238125,0.8458765625,0.9475,2.270192899878692,0.0368749999999999,0.0218584764830745,0.0537594356537424,0.183229813664596,0.0463032628745353,0.095625,212,161,nes2net
runs,nes2net_itw_sweep,in_the_wild,codec,8.0,-8.0,8.0,0.26625,0.8181359374999999,0.98,2.2747734003283595,0.0649999999999999,0.045001099253492,0.0862461333445468,0.322981366459627,0.0685825478399772,0.17875,148,288,nes2net
runs,nes2net_itw_sweep,in_the_wild,gain,-3.0,3.0,-3.0,0.1999999999999999,0.8816796875,0.8674999999999999,1.944666382224776,-0.00125,-0.0043826087085416,0.0024745549162043,-0.0062111801242238,0.0003393474976158,0.000625,161,160,nes2net
runs,nes2net_itw_sweep,in_the_wild,gain,3.0,3.0,3.0,0.20125,0.8811640625000001,0.8574999999999999,1.948154861902048,0.0,-0.001879876075796,0.0031316287350852,0.0,0.0002504066434146,0.0,161,161,nes2net
runs,nes2net_itw_sweep,in_the_wild,gain,-10.0,10.0,-10.0,0.1975,0.8831000000000001,0.85,1.9275290828072775,-0.00375,-0.0099873359134375,0.0012500957104528,-0.0186335403726709,0.0021918666014839,0.006875,154,163,nes2net
runs,nes2net_itw_sweep,in_the_wild,gain,10.0,10.0,10.0,0.20625,0.8777203124999999,0.8875000000000001,1.9472386359735336,0.0049999999999999,-6.252501000391852e-07,0.0137507804643576,0.0248447204968941,0.0039622617449527,0.013125,161,172,nes2net
runs,nes2net_itw_sweep,in_the_wild,gain,-20.0,20.0,-20.0,0.185,0.888603125,0.845,1.8276906431492113,-0.01625,-0.0256584370624233,-0.0050034248092706,-0.0807453416149068,0.0128601775405376,0.0425,124,188,nes2net
runs,nes2net_itw_sweep,in_the_wild,gain,20.0,20.0,20.0,0.264375,0.8340562499999999,0.8875000000000001,1.7604795737531704,0.0631249999999999,0.0463173692612456,0.0818759044004557,0.3136645962732918,0.0455020188172985,0.1175,130,290,nes2net
runs,nes2net_itw_sweep,in_the_wild,noise,30.0,-30.0,29.99998078595794,0.15375,0.9209859375,0.67875,1.3011282708295862,-0.0475,-0.0625597284013375,-0.033749821714543,-0.2360248447204969,0.0890318918273513,0.115625,69,238,nes2net
runs,nes2net_itw_sweep,in_the_wild,noise,20.0,-20.0,19.999998077429485,0.13375,0.9389765625,0.6024999999999999,0.945570234689714,-0.0675,-0.0862491713223966,-0.0493840160465417,-0.3354037267080745,0.1510277261143986,0.225625,21,380,nes2net
runs,nes2net_itw_sweep,in_the_wild,noise,15.0,-15.0,14.999999392004517,0.1274999999999999,0.9460890625,0.65125,0.7671528454073567,-0.07375,-0.0949773864447673,-0.0537433271785926,-0.3664596273291928,0.2007027326704971,0.293125,6,475,nes2net
runs,nes2net_itw_sweep,in_the_wild,noise,10.0,-10.0,9.999999807734977,0.1837499999999999,0.9220609375,0.6450000000000001,0.7012372289078503,-0.0175,-0.0444142196172254,0.0031254891394428,-0.0869565217391307,0.2529183820169128,0.39375,2,632,nes2net
runs,nes2net_itw_sweep,in_the_wild,noise,5.0,-5.0,4.999999939203029,0.245625,0.8570390625,0.7850000000000001,0.7494784285739658,0.044375,0.0205763140613207,0.0743958271944418,0.2204968944099378,0.3173587716905187,0.47375,0,758,nes2net
runs,nes2net_itw_sweep,in_the_wild,noise,0.0,-0.0,-1.9222870206218113e-08,0.345,0.7426296875,0.95375,0.9396587604382594,0.1437499999999999,0.1100101399342469,0.1700082811287663,0.7142857142857139,0.4139770431245056,0.498125,0,797,nes2net
runs,nes2net_itw_sweep,in_the_wild,reverb,0.1,0.1,0.1,0.366875,0.6847203124999999,1.0,2.6577710894843536,0.165625,0.1456433239643748,0.1862821198429408,0.8229813664596273,0.0756410667468716,0.190625,333,258,nes2net
runs,nes2net_itw_sweep,in_the_wild,reverb,0.3,0.3,0.2999999999999999,0.42625,0.5765984375,0.99875,2.509077053002587,0.2249999999999999,0.2037479867531879,0.2487492466288932,1.118012422360248,0.0903671692418613,0.294375,186,507,nes2net
runs,nes2net_itw_sweep,in_the_wild,reverb,0.5,0.5,0.5,0.4443749999999999,0.5571468749999999,0.99875,2.304205066582442,0.2431249999999999,0.2200586825652283,0.268730652684115,1.20807453416149,0.1033337022380125,0.414375,60,693,nes2net
runs,nes2net_itw_sweep,in_the_wild,reverb,0.7,0.7,0.7,0.44625,0.55375,1.0,2.0624865451832526,0.245,0.2162503197092773,0.2687600028851976,1.2173913043478255,0.1198682615950917,0.480625,8,775,nes2net
runs,nes2net_itw_sweep,in_the_wild,reverb,0.9,0.9,0.9000000000000002,0.464375,0.547390625,1.0,1.8582161085832545,0.2631249999999999,0.231801116909106,0.2856399284997951,1.3074534161490678,0.1494322631344577,0.49875,0,798,nes2net
runs,nes2net_itw_sweep,in_the_wild,transcode_identity,320.0,-320.0,320.0,0.219375,0.8741406250000001,0.87,2.004783983837392,0.0181249999999999,0.0044005993175497,0.0243920959986241,0.0900621118012419,0.0111910735887381,0.024375,181,160,nes2net
runs,nes2net_itw_sweep,in_the_wild,transcode_identity,256.0,-256.0,256.0,0.219375,0.8741406250000001,0.87,2.004783983837392,0.0181249999999999,0.0044005993175497,0.0243920959986241,0.0900621118012419,0.0111910735887381,0.024375,181,160,nes2net
runs,nes2net_itw_sweep,in_the_wild,transcode_identity,192.0,-192.0,192.0,0.219375,0.8741406250000001,0.87,2.004783983837392,0.0181249999999999,0.0044005993175497,0.0243920959986241,0.0900621118012419,0.0111910735887381,0.024375,181,160,nes2net
runs,nes2net_itw_sweep,in_the_wild,transmission,0.0,0.0,0.0,0.20125,0.8813937500000001,0.85375,1.9470082994469975,0.0,0.0,0.0,0.0,0.0,0.0,161,161,nes2net
runs,nes2net_itw_sweep,in_the_wild,transmission,0.01,0.01,0.0098224418608785,0.1987499999999999,0.8923671875000001,0.80375,1.792797761921069,-0.0025,-0.0131235765779237,0.0081540554132853,-0.0124223602484474,0.0184522505258925,0.03625,136,182,nes2net
runs,nes2net_itw_sweep,in_the_wild,transmission,0.05,0.05,0.0504099734556357,0.166875,0.9161703125,0.74625,1.3517287652238317,-0.034375,-0.0524821960745444,-0.0200011164687156,-0.1708074534161492,0.0795216250006809,0.124375,62,257,nes2net
runs,nes2net_itw_sweep,in_the_wild,transmission,0.1,0.1,0.098551582663714,0.150625,0.9247953125,0.67875,0.9940258801709064,-0.050625,-0.0681248135073837,-0.0306074961359957,-0.251552795031056,0.1463899301730624,0.2125,28,366,nes2net
runs,nes2net_itw_sweep,in_the_wild,transmission,0.2,0.2,0.2000974472388898,0.1631249999999999,0.9203703125,0.62,0.6315763599582739,-0.038125,-0.0624798465590219,-0.0168751854509405,-0.1894409937888202,0.2685480418941967,0.401875,1,644,nes2net
runs,nes2net_v2_asv19_sweep,asvspoof2019_la,bandpass,8000.0,-8000.0,7920.0,0.000625,0.9999953125,0.00375,0.0167331101665246,0.000625,0.0,0.0037513282055575,,0.0014344315139707,0.000625,0,1,nes2net_v2
runs,nes2net_v2_asv19_sweep,asvspoof2019_la,bandpass,6000.0,-6000.0,6000.0,0.0006249999999999,0.9999953125,0.0012499999999999,0.0070454325069798,0.0006249999999999,0.0,0.0037515054383435,,0.0032076549900619,0.001875,0,3,nes2net_v2
runs,nes2net_v2_asv19_sweep,asvspoof2019_la,bandpass,4000.0,-4000.0,4000.0,0.0012499999999999,0.9999921875,0.0024999999999999,0.005460398172402,0.0012499999999999,0.0,0.0043648452778003,,0.004356850464109,0.003125,0,5,nes2net_v2
runs,nes2net_v2_asv19_sweep,asvspoof2019_la,bandpass,3400.0,-3400.0,3400.0,0.00375,0.9999828125,0.00375,0.0076546787711056,0.00375,0.0,0.0062501611371156,,0.0044535526404199,0.003125,0,5,nes2net_v2
runs,nes2net_v2_asv19_sweep,asvspoof2019_la,bandpass,2000.0,-2000.0,2000.0,0.00375,0.99996875,0.0074999999999999,0.0149960840811871,0.00375,0.0006082540287891,0.0062566937298449,,0.0045771278651946,0.00375,1,5,nes2net_v2
runs,nes2net_v2_asv19_sweep,asvspoof2019_la,chirp,25.0,-25.0,24.999999886696777,0.004375,0.999965625,0.0074999999999999,0.0399353901949107,0.004375,0.000616522811344,0.0068859773987601,,0.0042268224362533,0.004375,5,2,nes2net_v2
runs,nes2net_v2_asv19_sweep,asvspoof2019_la,chirp,20.0,-20.0,19.999999964173345,0.0024999999999999,0.9999796875,0.00875,0.0356641604914973,0.0024999999999999,0.0,0.0050034836856066,,0.0045230029384987,0.0025,3,1,nes2net_v2
runs,nes2net_v2_asv19_sweep,asvspoof2019_la,chirp,15.0,-15.0,14.999999988673585,0.0018749999999999,0.9999609375,0.0074999999999999,0.0335631758777574,0.0018749999999999,0.0,0.006864093715434,,0.0045513903466538,0.0025,3,1,nes2net_v2
runs,nes2net_v2_asv19_sweep,asvspoof2019_la,chirp,10.0,-10.0,9.999999996421243,0.004375,0.9998375,0.01,0.0464454308195996,0.004375,0.0018319830201877,0.0087912831995231,,0.0061393390510657,0.005,5,3,nes2net_v2
runs,nes2net_v2_asv19_sweep,asvspoof2019_la,chirp,5.0,-5.0,4.999999998871267,0.0062499999999999,0.9997625,0.0587499999999999,0.0432041192858736,0.0062499999999999,0.0025000976600648,0.0112861736819958,,0.0078912622130338,0.00875,4,10,nes2net_v2
runs,nes2net_v2_asv19_sweep,asvspoof2019_la,codec,128.0,-128.0,128.0,0.0012499999999999,0.9999984375,0.0012499999999999,0.0063976824948758,0.0012499999999999,0.0,0.0031085318271066,,0.0030321781855204,0.00125,0,2,nes2net_v2
runs,nes2net_v2_asv19_sweep,asvspoof2019_la,codec,64.0,-64.0,64.0,0.0,1.0,0.0,0.0041752673343395,0.0,0.0,0.0,,0.0033542289327715,0.00125,0,2,nes2net_v2
runs,nes2net_v2_asv19_sweep,asvspoof2019_la,codec,32.0,-32.0,32.0,0.0012499999999999,0.99998125,0.0024999999999999,0.0139864840415776,0.0012499999999999,0.0,0.0043827278104594,,0.008160383468259,0.00875,0,14,nes2net_v2
runs,nes2net_v2_asv19_sweep,asvspoof2019_la,codec,24.0,-24.0,24.0,0.0031249999999999,0.9999515625,0.0112499999999999,0.0392838520725574,0.0031249999999999,0.0006142506142506,0.0075038096495966,,0.0140501747775791,0.020625,0,33,nes2net_v2
runs,nes2net_v2_asv19_sweep,asvspoof2019_la,codec,16.0,-16.0,16.0,0.0081249999999999,0.99846875,0.0799999999999999,0.17590062118308,0.0081249999999999,0.0037580386796131,0.0137505887046216,,0.0453003848067134,0.085,0,136,nes2net_v2
runs,nes2net_v2_asv19_sweep,asvspoof2019_la,codec,8.0,-8.0,8.0,0.1025,0.957259375,0.9562500000000002,2.1640201923367446,0.1025,0.0850084001429754,0.1168434548976271,,0.3264598533172057,0.41,0,656,nes2net_v2
runs,nes2net_v2_asv19_sweep,asvspoof2019_la,gain,-3.0,3.0,-3.0,0.0012499999999999,0.99999375,0.00375,0.0151891226101524,0.0012499999999999,0.0,0.0043577760044591,,0.001927922422297,0.001875,2,1,nes2net_v2
runs,nes2net_v2_asv19_sweep,asvspoof2019_la,gain,3.0,3.0,3.0,0.0,1.0,0.0,0.0243528438594811,0.0,0.0,0.0,,0.0028896118719776,0.0,0,0,nes2net_v2
runs,nes2net_v2_asv19_sweep,asvspoof2019_la,gain,-10.0,10.0,-10.0,0.0012499999999999,0.9999921875,0.0024999999999999,0.0087824743538347,0.0012499999999999,0.0,0.0043863145111756,,0.0041428402350454,0.001875,1,2,nes2net_v2
runs,nes2net_v2_asv19_sweep,asvspoof2019_la,gain,10.0,10.0,10.0,0.0018749999999999,0.9999703125,0.00875,0.067362602954266,0.0018749999999999,0.0,0.006255276003928,,0.0148355075417955,0.005,6,2,nes2net_v2
runs,nes2net_v2_asv19_sweep,asvspoof2019_la,gain,-20.0,20.0,-20.0,0.0012499999999999,0.999815625,0.0074999999999999,0.0174341625564341,0.0012499999999999,0.0,0.005,,0.0074337592060004,0.010625,1,16,nes2net_v2
runs,nes2net_v2_asv19_sweep,asvspoof2019_la,gain,20.0,20.0,20.0,0.0206249999999999,0.99829375,0.08625,0.3722116578998458,0.0206249999999999,0.0143694264623674,0.028750010107564,,0.0581971318493776,0.031875,45,6,nes2net_v2
runs,nes2net_v2_asv19_sweep,asvspoof2019_la,noise,30.0,-30.0,29.99999964169418,0.0006249999999999,0.9999953125,0.0012499999999999,0.0227090742279737,0.0006249999999999,0.0,0.0043633492968281,,0.0022056797548763,0.000625,1,0,nes2net_v2
runs,nes2net_v2_asv19_sweep,asvspoof2019_la,noise,20.0,-20.0,19.99999996417316,0.0012499999999999,0.9999921875,0.00375,0.0314682681456362,0.0012499999999999,0.0,0.004360635587853,,0.0023650721357817,0.001875,3,0,nes2net_v2
runs,nes2net_v2_asv19_sweep,asvspoof2019_la,noise,15.0,-15.0,14.99999998867341,0.0024999999999999,0.9999875,0.005,0.0425443038283717,0.0024999999999999,0.0,0.005000389093081,,0.0042770792005986,0.0025,4,0,nes2net_v2
runs,nes2net_v2_asv19_sweep,asvspoof2019_la,noise,10.0,-10.0,9.999999996421058,0.00375,0.999953125,0.015,0.0721730785359444,0.00375,0.000643418249052,0.0075169828047866,,0.0079311069259701,0.00625,8,2,nes2net_v2
runs,nes2net_v2_asv19_sweep,asvspoof2019_la,noise,5.0,-5.0,4.999999998871092,0.00875,0.9996171875,0.08125,0.1106003243928947,0.00875,0.0037528380838008,0.0131315296123527,,0.0151605292923578,0.01,12,4,nes2net_v2
runs,nes2net_v2_asv19_sweep,asvspoof2019_la,noise,0.0,-0.0,-3.541433498798661e-10,0.02375,0.9967578125,0.1225,0.2373326865327246,0.02375,0.0162437496349892,0.0330987502259895,,0.0349137026952434,0.021875,22,13,nes2net_v2
runs,nes2net_v2_asv19_sweep,asvspoof2019_la,reverb,0.1,0.1,0.1,0.015625,0.9968375,0.1837499999999999,0.3227356793034108,0.015625,0.0106187972733261,0.0250173761754987,,0.0607576423552821,0.101875,1,162,nes2net_v2
runs,nes2net_v2_asv19_sweep,asvspoof2019_la,reverb,0.3,0.3,0.2999999999999999,0.093125,0.9520578125,0.88375,1.4194762402064691,0.093125,0.0800181944829595,0.1099986249610543,,0.2179567633156119,0.304375,2,485,nes2net_v2
runs,nes2net_v2_asv19_sweep,asvspoof2019_la,reverb,0.5,0.5,0.5,0.1899999999999999,0.8764625000000001,0.9975,2.328496106527059,0.1899999999999999,0.1675018408635735,0.212485267989827,,0.3380399555176208,0.428125,2,683,nes2net_v2
runs,nes2net_v2_asv19_sweep,asvspoof2019_la,reverb,0.7,0.7,0.7,0.2325,0.8225546874999999,0.9975,2.7602379733801388,0.2325,0.2093644336940131,0.2543694551213724,,0.4066734891981863,0.470625,2,751,nes2net_v2
runs,nes2net_v2_asv19_sweep,asvspoof2019_la,reverb,0.9,0.9,0.9000000000000002,0.25875,0.7987140625,0.99875,2.8577347854495163,0.25875,0.2362333581840561,0.280640777442359,,0.4332975763850706,0.488125,2,779,nes2net_v2
runs,nes2net_v2_asv19_sweep,asvspoof2019_la,transcode_identity,320.0,-320.0,320.0,0.0012499999999999,0.9999984375,0.0012499999999999,0.0064414903617425,0.0012499999999999,0.0,0.0031085318271066,,0.003035046889487,0.00125,0,2,nes2net_v2
runs,nes2net_v2_asv19_sweep,asvspoof2019_la,transcode_identity,256.0,-256.0,256.0,0.0012499999999999,0.9999984375,0.0012499999999999,0.0064414903617425,0.0012499999999999,0.0,0.0031085318271066,,0.003035046889487,0.00125,0,2,nes2net_v2
runs,nes2net_v2_asv19_sweep,asvspoof2019_la,transcode_identity,192.0,-192.0,192.0,0.0012499999999999,0.9999984375,0.0012499999999999,0.0064414903617425,0.0012499999999999,0.0,0.0031085318271066,,0.003035046889487,0.00125,0,2,nes2net_v2
runs,nes2net_v2_asv19_sweep,asvspoof2019_la,transmission,0.0,0.0,0.0,0.0,1.0,0.0,0.016453849183858,0.0,0.0,0.0,,0.0,0.0,0,0,nes2net_v2
runs,nes2net_v2_asv19_sweep,asvspoof2019_la,transmission,0.01,0.01,0.010027788770389,0.0062499999999999,0.999825,0.0525,0.0290274153518149,0.0062499999999999,0.0018660095771917,0.0106208662362851,,0.0048321710823778,0.00375,0,6,nes2net_v2
runs,nes2net_v2_asv19_sweep,asvspoof2019_la,transmission,0.05,0.05,0.050213066383787,0.01,0.9979109375,0.1274999999999999,0.1920610026176458,0.01,0.0056147217377968,0.0168725349345218,,0.0442887933460038,0.0725,0,116,nes2net_v2
runs,nes2net_v2_asv19_sweep,asvspoof2019_la,transmission,0.1,0.1,0.1000086190221701,0.045,0.983878125,0.6275,1.155455159275387,0.045,0.0324926686217008,0.0550164951363754,,0.1832891001750616,0.26,1,415,nes2net_v2
runs,nes2net_v2_asv19_sweep,asvspoof2019_la,transmission,0.2,0.2,0.1990158402005855,0.208125,0.8756796875,0.99625,4.000352347068207,0.208125,0.1874705695236617,0.2300050217478767,,0.4435236160529079,0.473125,1,756,nes2net_v2
runs,nes2net_v2_asv21_sweep,asvspoof2021_la,bandpass,8000.0,-8000.0,7920.0,0.055625,0.9672484375,0.99,0.5145045101115393,-0.0081249999999999,-0.0100012904032299,0.0050225044859123,-0.1274509803921563,0.008547399264768,0.015625,56,49,nes2net_v2
runs,nes2net_v2_asv21_sweep,asvspoof2021_la,bandpass,6000.0,-6000.0,6000.0,0.0581249999999999,0.968403125,0.98625,0.5260302787244335,-0.0056249999999999,-0.0112722687250027,0.0062511874816313,-0.0882352941176469,0.0091077395182225,0.020625,50,47,nes2net_v2
runs,nes2net_v2_asv21_sweep,asvspoof2021_la,bandpass,4000.0,-4000.0,4000.0,0.061875,0.9691546875,0.94375,0.522056821432099,-0.0018749999999999,-0.0118721861986043,0.0056267248752157,-0.0294117647058821,0.0106047255165484,0.021875,51,48,nes2net_v2
runs,nes2net_v2_asv21_sweep,asvspoof2021_la,bandpass,3400.0,-3400.0,3400.0,0.0624999999999999,0.97094375,0.92,0.5189587581887235,-0.00125,-0.011867528068561,0.0056193448494223,-0.0196078431372549,0.0111280777858382,0.02125,58,48,nes2net_v2
runs,nes2net_v2_asv21_sweep,asvspoof2021_la,bandpass,2000.0,-2000.0,2000.0,0.065625,0.9690328125,0.93875,0.5431031353127588,0.001875,-0.008121444979713,0.0112582588248775,0.0294117647058828,0.0146039591034967,0.04125,74,48,nes2net_v2
runs,nes2net_v2_asv21_sweep,asvspoof2021_la,chirp,25.0,-25.0,24.999999890185787,0.06375,0.959415625,0.98375,0.5033257031958704,1.3877787807814457e-17,-0.0074575233581363,0.0112582522754794,2.176907891421876e-16,0.0166015225191651,0.040625,88,49,nes2net_v2
runs,nes2net_v2_asv21_sweep,asvspoof2021_la,chirp,20.0,-20.0,19.999999965276665,0.065625,0.964621875,0.995,0.4882772237482361,0.001875,-0.0068608031061286,0.0106636180462445,0.0294117647058828,0.0191963934434493,0.043125,95,46,nes2net_v2
runs,nes2net_v2_asv21_sweep,asvspoof2021_la,chirp,15.0,-15.0,14.999999989022488,0.0625,0.9596390625,0.99875,0.4999026401471517,-0.0012499999999999,-0.0099679627601314,0.0093669419176065,-0.0196078431372547,0.0197074353562207,0.046875,94,45,nes2net_v2
runs,nes2net_v2_asv21_sweep,asvspoof2021_la,chirp,10.0,-10.0,9.999999996531574,0.06125,0.964625,0.9925,0.5131121745937115,-0.0024999999999999,-0.0068678870585298,0.01247658894846,-0.0392156862745096,0.0218254017753615,0.046875,88,45,nes2net_v2
runs,nes2net_v2_asv21_sweep,asvspoof2021_la,chirp,5.0,-5.0,4.999999998906158,0.073125,0.9548,1.0,0.5817073457027531,0.009375,-0.0006421605097718,0.0199830417805542,0.1470588235294119,0.0243559747073524,0.06125,111,51,nes2net_v2
runs,nes2net_v2_asv21_sweep,asvspoof2021_la,codec,128.0,-128.0,128.0,0.0643749999999999,0.9648609375,0.99,0.5802710805033321,0.0006249999999999,-0.0031342086592484,0.0075057480811822,0.0098039215686272,0.0041347775124417,0.00875,46,56,nes2net_v2
runs,nes2net_v2_asv21_sweep,asvspoof2021_la,codec,64.0,-64.0,64.0,0.0643749999999999,0.9641171875,0.995,0.586408155083017,0.000625,-0.0025017280493808,0.0088414693591058,0.0098039215686274,0.0050126040699081,0.010625,48,57,nes2net_v2
runs,nes2net_v2_asv21_sweep,asvspoof2021_la,codec,32.0,-32.0,32.0,0.0706249999999999,0.959590625,1.0,0.6536684282099134,0.0068749999999999,-0.0012501963687671,0.0187376201359587,0.1078431372549016,0.0131543710166111,0.024375,43,62,nes2net_v2
runs,nes2net_v2_asv21_sweep,asvspoof2021_la,codec,24.0,-24.0,24.0,0.075625,0.9568859375,1.0,0.7420345594406375,0.011875,0.0019565411562761,0.0268781390926888,0.1862745098039217,0.0293039993060014,0.034375,37,70,nes2net_v2
runs,nes2net_v2_asv21_sweep,asvspoof2021_la,codec,16.0,-16.0,16.0,0.086875,0.9548078125,1.0,1.0710951490532528,0.023125,0.0124992539892451,0.0368796078014494,0.3627450980392163,0.0842825840762717,0.051875,44,79,nes2net_v2
runs,nes2net_v2_asv21_sweep,asvspoof2021_la,codec,8.0,-8.0,8.0,0.200625,0.874559375,0.99875,2.911637914953533,0.136875,0.1099730632045379,0.1556401999674783,2.147058823529413,0.3102975771395716,0.15875,55,225,nes2net_v2
runs,nes2net_v2_asv21_sweep,asvspoof2021_la,gain,-3.0,3.0,-3.0,0.07125,0.9638015625,0.99375,0.6191503241974994,0.0075,0.0012503231319273,0.0156235899077103,0.1176470588235297,0.0093923175336392,0.015,40,62,nes2net_v2
runs,nes2net_v2_asv21_sweep,asvspoof2021_la,gain,3.0,3.0,3.0,0.06125,0.972853125,0.9025,0.4824394741847547,-0.0024999999999999,-0.0093513458458961,0.0025342930105798,-0.0392156862745094,0.0089173501298152,0.023125,77,40,nes2net_v2
runs,nes2net_v2_asv21_sweep,asvspoof2021_la,gain,-10.0,10.0,-10.0,0.089375,0.957353125,0.96625,0.7622203222822864,0.025625,0.0112515621134309,0.0356074040288685,0.4019607843137259,0.027785625767237,0.045,25,79,nes2net_v2
runs,nes2net_v2_asv21_sweep,asvspoof2021_la,gain,10.0,10.0,10.0,0.0649999999999999,0.9821546875,0.62,0.3740819195716641,0.0012499999999999,-0.0118224496858045,0.0093721624050952,0.0196078431372547,0.0326528403044078,0.088125,160,19,nes2net_v2
runs,nes2net_v2_asv21_sweep,asvspoof2021_la,gain,-20.0,20.0,-20.0,0.101875,0.9513953125,0.985,0.9892364809887676,0.038125,0.0200066939398535,0.0518993952713867,0.5980392156862749,0.0699760015317432,0.074375,31,96,nes2net_v2
runs,nes2net_v2_asv21_sweep,asvspoof2021_la,gain,20.0,20.0,20.0,0.091875,0.9615515625,0.78875,0.6107939099141715,0.028125,0.0168561330002723,0.0431255869263984,0.441176470588236,0.0620683411102351,0.1925,312,28,nes2net_v2
runs,nes2net_v2_asv21_sweep,asvspoof2021_la,noise,30.0,-30.0,29.9999996527274,0.063125,0.9649640625,0.9925,0.6089663148787969,-0.0006249999999999,-0.0049897132747395,0.0118669937557811,-0.0098039215686268,0.0121668875134318,0.024375,41,56,nes2net_v2
runs,nes2net_v2_asv21_sweep,asvspoof2021_la,noise,20.0,-20.0,19.99999996527648,0.06,0.9626484375,0.99875,0.5193920580184006,-0.0037499999999999,-0.0118638434851433,0.0075506310677602,-0.0588235294117641,0.0185389228657755,0.035,40,52,nes2net_v2
runs,nes2net_v2_asv21_sweep,asvspoof2021_la,noise,15.0,-15.0,14.9999999890223,0.0674999999999999,0.96381875,1.0,0.5282229138914757,0.00375,-0.0074590177029462,0.0144332483146611,0.0588235294117647,0.020460634049465,0.0475,55,53,nes2net_v2
runs,nes2net_v2_asv21_sweep,asvspoof2021_la,noise,10.0,-10.0,9.9999999965314,0.0737499999999999,0.96265,0.9925,0.5256582270003519,0.0099999999999999,-0.0012502387176266,0.0206402535764787,0.1568627450980391,0.0234257462506585,0.08125,123,51,nes2net_v2
runs,nes2net_v2_asv21_sweep,asvspoof2021_la,noise,5.0,-5.0,4.99999999890598,0.081875,0.958015625,0.96375,0.5470629273221487,0.018125,0.0081995757302695,0.032500031739521,0.2843137254901968,0.0318921910249861,0.21125,341,33,nes2net_v2
runs,nes2net_v2_asv21_sweep,asvspoof2021_la,noise,0.0,-0.0,-3.431197944373468e-10,0.1024999999999999,0.9417984375,0.995,0.5946666780370042,0.0387499999999999,0.0268735835408752,0.0562805395091574,0.607843137254902,0.0512551564463406,0.428125,686,13,nes2net_v2
runs,nes2net_v2_asv21_sweep,asvspoof2021_la,reverb,0.1,0.1,0.1,0.17125,0.9033296875,1.0,2.2768269964213483,0.1075,0.0868650369846869,0.1256153169165451,1.6862745098039222,0.1979138738850591,0.141875,20,227,nes2net_v2
runs,nes2net_v2_asv21_sweep,asvspoof2021_la,reverb,0.3,0.3,0.2999999999999999,0.31125,0.7653687499999999,1.0,3.494323524191348,0.2475,0.2212574083603776,0.2743690360031741,3.882352941176472,0.3265029366363041,0.2625,80,348,nes2net_v2
runs,nes2net_v2_asv21_sweep,asvspoof2021_la,reverb,0.5,0.5,0.5,0.39875,0.6512921875,0.99625,3.855831567285105,0.3350000000000001,0.3049776562333652,0.362500981238278,5.254901960784316,0.3765641389217665,0.39125,282,334,nes2net_v2
runs,nes2net_v2_asv21_sweep,asvspoof2021_la,reverb,0.7,0.7,0.7,0.44375,0.6051234375,0.99875,3.83885744080525,0.38,0.3512489531123849,0.4068329459700161,5.960784313725491,0.398212421503413,0.483125,514,269,nes2net_v2
runs,nes2net_v2_asv21_sweep,asvspoof2021_la,reverb,0.9,0.9,0.9000000000000002,0.4493749999999999,0.5880265625000001,0.9975,3.737990249991913,0.385625,0.3599992217467289,0.4168639441753707,6.049019607843138,0.4061582568221268,0.51125,622,186,nes2net_v2
runs,nes2net_v2_asv21_sweep,asvspoof2021_la,transcode_identity,320.0,-320.0,320.0,0.0649999999999999,0.9648171875,0.99375,0.5800673705493065,0.0012499999999999,-0.0031290493546036,0.0081257939465529,0.0196078431372547,0.0041538565192636,0.00875,46,56,nes2net_v2
runs,nes2net_v2_asv21_sweep,asvspoof2021_la,transcode_identity,256.0,-256.0,256.0,0.0649999999999999,0.9648171875,0.99375,0.5800673705493065,0.0012499999999999,-0.0031290493546036,0.0081257939465529,0.0196078431372547,0.0041538565192636,0.00875,46,56,nes2net_v2
runs,nes2net_v2_asv21_sweep,asvspoof2021_la,transcode_identity,192.0,-192.0,192.0,0.0649999999999999,0.9648171875,0.99375,0.5800673705493065,0.0012499999999999,-0.0031290493546036,0.0081257939465529,0.0196078431372547,0.0041538565192636,0.00875,46,56,nes2net_v2
runs,nes2net_v2_asv21_sweep,asvspoof2021_la,transmission,0.0,0.0,0.0,0.0637499999999999,0.966115625,0.99,0.5477599581248382,0.0,0.0,0.0,0.0,0.0,0.0,51,51,nes2net_v2
runs,nes2net_v2_asv21_sweep,asvspoof2021_la,transmission,0.01,0.01,0.0097006507993345,0.0793749999999999,0.95815625,0.9975,0.7553306429759271,0.0156249999999999,0.0050000306642532,0.0250100362556235,0.2450980392156861,0.025334928593201,0.02875,34,76,nes2net_v2
runs,nes2net_v2_asv21_sweep,asvspoof2021_la,transmission,0.05,0.05,0.0497335622430416,0.15,0.914578125,0.9975,1.784867554789195,0.08625,0.0681242851159809,0.1043793276926245,1.352941176470589,0.148327096445009,0.094375,17,168,nes2net_v2
runs,nes2net_v2_asv21_sweep,asvspoof2021_la,transmission,0.1,0.1,0.1007261153878,0.213125,0.864021875,1.0,3.206444145173467,0.149375,0.1293697797871043,0.1725189946398052,2.343137254901962,0.2969018602878396,0.19875,9,325,nes2net_v2
runs,nes2net_v2_asv21_sweep,asvspoof2021_la,transmission,0.2,0.2,0.2011269319384755,0.365,0.7058062500000001,0.995,4.8581123276493905,0.30125,0.2756161198059626,0.3275195249074383,4.725490196078432,0.4135959409839118,0.376875,9,600,nes2net_v2
runs,nes2net_v2_itw_sweep,in_the_wild,bandpass,8000.0,-8000.0,7920.0,0.08875,0.958840625,0.8525,1.1237461248228502,0.0093749999999999,-0.001251460482764,0.0143751642459735,0.1181102362204723,0.0248287976284467,0.015,66,71,nes2net_v2
runs,nes2net_v2_itw_sweep,in_the_wild,bandpass,6000.0,-6000.0,6000.0,0.08875,0.95485,0.9125,1.262909279052658,0.0093749999999999,0.0012513922082699,0.0187725781820339,0.1181102362204723,0.0416983158496487,0.02375,60,77,nes2net_v2
runs,nes2net_v2_itw_sweep,in_the_wild,bandpass,4000.0,-4000.0,4000.0,0.1025,0.948634375,0.955,1.449193175304988,0.023125,0.0100000609378808,0.0331402350111701,0.2913385826771654,0.0757894815143738,0.03875,58,91,nes2net_v2
runs,nes2net_v2_itw_sweep,in_the_wild,bandpass,3400.0,-3400.0,3400.0,0.1062499999999999,0.9464546875,0.91625,1.4737354809859975,0.0268749999999999,0.0131303315478439,0.036875056272509,0.3385826771653541,0.0854087779363398,0.04,61,94,nes2net_v2
runs,nes2net_v2_itw_sweep,in_the_wild,bandpass,2000.0,-2000.0,2000.0,0.1225,0.9373890625,0.99375,1.5921374731689524,0.043125,0.0280984490422215,0.0562113949858583,0.5433070866141735,0.099955161429538,0.07125,96,99,nes2net_v2
runs,nes2net_v2_itw_sweep,in_the_wild,chirp,25.0,-25.0,24.999993921179307,0.1018749999999999,0.951075,0.95,1.079773160479783,0.0224999999999999,0.0106172998685848,0.0337387341672327,0.2834645669291334,0.0522997585494503,0.06,129,52,nes2net_v2
runs,nes2net_v2_itw_sweep,in_the_wild,chirp,20.0,-20.0,19.999998077429662,0.109375,0.9471671875,0.8712499999999999,1.1884565316403313,0.03,0.0187523733472518,0.0437193995872361,0.3779527559055118,0.0694939422007406,0.0675,135,54,nes2net_v2
runs,nes2net_v2_itw_sweep,in_the_wild,chirp,15.0,-15.0,14.99999939200469,0.1162499999999999,0.9372484375,0.92,1.2338150540181143,0.0368749999999999,0.0218891903692614,0.0487576417502918,0.4645669291338581,0.0800147875674022,0.090625,161,63,nes2net_v2
runs,nes2net_v2_itw_sweep,in_the_wild,chirp,10.0,-10.0,9.999999807735156,0.135625,0.9308015625,0.95,1.382320998118857,0.0562499999999999,0.0387473405335832,0.0681737351061137,0.7086614173228346,0.0926476803228482,0.1025,160,73,nes2net_v2
runs,nes2net_v2_itw_sweep,in_the_wild,chirp,5.0,-5.0,4.999999939203206,0.153125,0.914040625,0.99875,1.6101783680193718,0.07375,0.0567866908962065,0.088120960094369,0.9291338582677168,0.1258449171395917,0.119375,183,81,nes2net_v2
runs,nes2net_v2_itw_sweep,in_the_wild,codec,128.0,-128.0,128.0,0.083125,0.9572015625,0.92375,1.2033232601874837,0.00375,-0.0018868509993147,0.0106215399075023,0.047244094488189,0.024373481355224,0.011875,57,75,nes2net_v2
runs,nes2net_v2_itw_sweep,in_the_wild,codec,64.0,-64.0,64.0,0.083125,0.956228125,0.95875,1.2354107549636788,0.00375,-0.0031612520361072,0.0112521273553281,0.047244094488189,0.0292366098488925,0.013125,56,76,nes2net_v2
runs,nes2net_v2_itw_sweep,in_the_wild,codec,32.0,-32.0,32.0,0.11875,0.9341578125,0.99875,1.70379849413673,0.039375,0.0193290703139053,0.0487568385287996,0.4960629921259845,0.0851909068412385,0.058125,37,127,nes2net_v2
runs,nes2net_v2_itw_sweep,in_the_wild,codec,24.0,-24.0,24.0,0.1262499999999999,0.92215625,1.0,1.9520496919894628,0.0468749999999999,0.030638529981901,0.0631114388577882,0.5905511811023618,0.1147149639530818,0.0775,36,153,nes2net_v2
runs,nes2net_v2_itw_sweep,in_the_wild,codec,16.0,-16.0,16.0,0.15125,0.9022375,1.0,2.339161773253512,0.071875,0.0531327758742801,0.0900115124078722,0.905511811023622,0.1621627591839653,0.1,33,186,nes2net_v2
runs,nes2net_v2_itw_sweep,in_the_wild,codec,8.0,-8.0,8.0,0.248125,0.8178968750000001,1.0,3.8046326735587055,0.16875,0.145624992602435,0.1912243936750921,2.1259842519685046,0.2901460620988065,0.241875,29,393,nes2net_v2
runs,nes2net_v2_itw_sweep,in_the_wild,gain,-3.0,3.0,-3.0,0.0999999999999999,0.9491703125,0.98875,1.4181446327769864,0.0206249999999999,0.0074998218626945,0.0300000292980194,0.2598425196850391,0.0525542661238259,0.02875,56,93,nes2net_v2
runs,nes2net_v2_itw_sweep,in_the_wild,gain,3.0,3.0,3.0,0.0749999999999999,0.9662203125,0.8325,0.7911238020431163,-0.004375,-0.0137519813091905,0.0012516270270471,-0.0551181102362206,0.0458254678418877,0.026875,82,48,nes2net_v2
runs,nes2net_v2_itw_sweep,in_the_wild,gain,-10.0,10.0,-10.0,0.180625,0.8742281249999999,0.99875,2.455154546295423,0.10125,0.0825045764276876,0.1219126049410468,1.2755905511811028,0.17164762909021,0.15,59,232,nes2net_v2
runs,nes2net_v2_itw_sweep,in_the_wild,gain,10.0,10.0,10.0,0.0737499999999999,0.972465625,0.66125,0.5049881562657184,-0.005625,-0.0187659623950748,0.0031693687020094,-0.0708661417322837,0.1146673885972381,0.07125,132,27,nes2net_v2
runs,nes2net_v2_itw_sweep,in_the_wild,gain,-20.0,20.0,-20.0,0.355,0.661184375,1.0,3.3076000164622603,0.275625,0.2487282433027774,0.3012504654060994,3.47244094488189,0.303704697293406,0.354375,285,283,nes2net_v2
runs,nes2net_v2_itw_sweep,in_the_wild,gain,20.0,20.0,20.0,0.111875,0.9561203125,0.6725,0.5578774959724089,0.0325,0.0174630315508958,0.0493407449955966,0.4094488188976382,0.1633619390999028,0.18125,297,14,nes2net_v2
runs,nes2net_v2_itw_sweep,in_the_wild,noise,30.0,-30.0,29.99998078595794,0.0799999999999999,0.964528125,0.82125,1.0765063007838618,0.0006249999999999,-0.0093649011877051,0.0081170662870995,0.0078740157480313,0.0317229755378857,0.021875,57,73,nes2net_v2
runs,nes2net_v2_itw_sweep,in_the_wild,noise,20.0,-20.0,19.999998077429485,0.0975,0.949653125,0.97375,1.425781299629976,0.018125,0.0031156502305079,0.027501269580843,0.2283464566929136,0.0758798960746482,0.054375,48,104,nes2net_v2
runs,nes2net_v2_itw_sweep,in_the_wild,noise,15.0,-15.0,14.999999392004517,0.1068749999999999,0.9328765625,0.99875,1.821330124697418,0.0274999999999999,0.0131369686467147,0.041872996317601,0.3464566929133854,0.1090070311409057,0.0825,48,145,nes2net_v2
runs,nes2net_v2_itw_sweep,in_the_wild,noise,10.0,-10.0,9.999999807734977,0.145625,0.897571875,0.99875,2.2953291169854437,0.06625,0.0487464398136071,0.0844076842236794,0.8346456692913387,0.1516290081646076,0.1275,44,211,nes2net_v2
runs,nes2net_v2_itw_sweep,in_the_wild,noise,5.0,-5.0,4.999999939203029,0.18375,0.88996875,0.97875,2.7547323697879875,0.104375,0.0824782112242605,0.1206368258911352,1.3149606299212602,0.198508468267671,0.159375,57,241,nes2net_v2
runs,nes2net_v2_itw_sweep,in_the_wild,noise,0.0,-0.0,-1.922287020471135e-08,0.2624999999999999,0.821503125,0.97875,3.1906271212143507,0.1831249999999999,0.1599600487213411,0.2037427143480267,2.307086614173228,0.2529643894220201,0.230625,169,243,nes2net_v2
runs,nes2net_v2_itw_sweep,in_the_wild,reverb,0.1,0.1,0.1,0.30625,0.7576656249999999,1.0,3.814324236730003,0.226875,0.2037475090350612,0.2512500805202949,2.8582677165354333,0.2624109547667247,0.2675,32,443,nes2net_v2
runs,nes2net_v2_itw_sweep,in_the_wild,reverb,0.3,0.3,0.2999999999999999,0.44875,0.5856859375,1.0,4.749449305986339,0.369375,0.3419050836831259,0.3975036115283925,4.653543307086614,0.3135434397086371,0.418125,24,650,nes2net_v2
runs,nes2net_v2_itw_sweep,in_the_wild,reverb,0.5,0.5,0.5,0.450625,0.5694390625,1.0,4.627327471180529,0.3712500000000001,0.3406632288361823,0.3962500113516953,4.677165354330709,0.3196060068025621,0.423125,73,621,nes2net_v2
runs,nes2net_v2_itw_sweep,in_the_wild,reverb,0.7,0.7,0.7,0.45125,0.5703359375,1.0,4.412089805354046,0.371875,0.3437564793359327,0.4012112430560309,4.685039370078741,0.3250310363478107,0.418125,176,496,nes2net_v2
runs,nes2net_v2_itw_sweep,in_the_wild,reverb,0.9,0.9,0.9000000000000002,0.4375,0.5761046875,1.0,4.194563838333802,0.358125,0.3293498939776678,0.3844131716822684,4.511811023622047,0.3296484516680281,0.441875,338,366,nes2net_v2
runs,nes2net_v2_itw_sweep,in_the_wild,transcode_identity,320.0,-320.0,320.0,0.083125,0.9572078125,0.92375,1.203130215518188,0.00375,-0.002466420468308,0.0105669538235938,0.047244094488189,0.0243220950035208,0.011875,57,75,nes2net_v2
runs,nes2net_v2_itw_sweep,in_the_wild,transcode_identity,256.0,-256.0,256.0,0.083125,0.9572078125,0.92375,1.203130215518188,0.00375,-0.002466420468308,0.0105669538235938,0.047244094488189,0.0243220950035208,0.011875,57,75,nes2net_v2
runs,nes2net_v2_itw_sweep,in_the_wild,transcode_identity,192.0,-192.0,192.0,0.083125,0.9572078125,0.92375,1.203130215518188,0.00375,-0.002466420468308,0.0105669538235938,0.047244094488189,0.0243220950035208,0.011875,57,75,nes2net_v2
runs,nes2net_v2_itw_sweep,in_the_wild,transmission,0.0,0.0,0.0,0.079375,0.9616390625,0.8449999999999999,1.0497545155106347,0.0,0.0,0.0,0.0,0.0,0.0,63,64,nes2net_v2
runs,nes2net_v2_itw_sweep,in_the_wild,transmission,0.01,0.01,0.0098224418608785,0.10375,0.9453984375,0.935,1.468902145541806,0.024375,0.0100082067463512,0.0343506170389434,0.3070866141732284,0.0569490567467053,0.031875,51,103,nes2net_v2
runs,nes2net_v2_itw_sweep,in_the_wild,transmission,0.05,0.05,0.0504099734556357,0.208125,0.8558265625,1.0,2.8883648646895463,0.12875,0.1075011537075956,0.1500461894728156,1.6220472440944882,0.1974560814117942,0.165625,21,283,nes2net_v2
runs,nes2net_v2_itw_sweep,in_the_wild,transmission,0.1,0.1,0.098551582663714,0.3275,0.742671875,1.0,3.944875750446763,0.248125,0.2231295368941153,0.2731296757194842,3.125984251968504,0.2727341071116234,0.288125,13,473,nes2net_v2
runs,nes2net_v2_itw_sweep,in_the_wild,transmission,0.2,0.2,0.2000974472388898,0.4131249999999999,0.6214968750000001,1.0,4.80908933290713,0.33375,0.3068837151975143,0.3625533033335285,4.2047244094488185,0.3121751157260911,0.41,7,660,nes2net_v2
runs,noise_fine_asv19_sweep,asvspoof2019_la,noise_fine,70.0,-70.0,69.9964188921055,0.2674999999999999,0.8175203125,0.7400000000000001,1.300202645561621,0.0043749999999999,-0.0031427664260941,0.0094011849421787,0.0166270783847977,0.0075226289190668,0.008125,217,207,reference_lfcc_logreg
runs,noise_fine_asv19_sweep,asvspoof2019_la,noise_fine,65.0,-65.0,64.99886712364201,0.26875,0.8175484375,0.7449999999999999,1.3167221239066706,0.0056249999999999,-0.0056121497607052,0.0106459967848225,0.0213776722090258,0.0140554250094319,0.011875,220,206,reference_lfcc_logreg
runs,noise_fine_asv19_sweep,asvspoof2019_la,noise_fine,60.0,-60.0,59.99964170994397,0.2574999999999999,0.8214640625,0.7324999999999999,1.3381766482884143,-0.0056250000000001,-0.0131192409544841,0.0062139678385699,-0.0213776722090265,0.0261702895910435,0.026875,223,187,reference_lfcc_logreg
runs,noise_fine_asv19_sweep,asvspoof2019_la,noise_fine,55.0,-55.0,54.99988669442773,0.25,0.8328437499999999,0.7262500000000001,1.3882968076863778,-0.013125,-0.0243739632151254,-0.0012504396076745,-0.0498812351543944,0.0499487948981368,0.05375,241,156,reference_lfcc_logreg
runs,noise_fine_asv19_sweep,asvspoof2019_la,noise_fine,50.0,-50.0,49.99996416920371,0.234375,0.8524953125,0.70875,1.490508092232833,-0.02875,-0.0418738724921595,-0.0143804706915487,-0.1092636579572448,0.0850865598339699,0.101875,266,106,reference_lfcc_logreg
runs,noise_fine_asv19_sweep,asvspoof2019_la,noise_fine,45.0,-45.0,44.99998866926706,0.21875,0.873990625,0.68,1.7147656468468957,-0.044375,-0.0643627844017428,-0.0318766741935866,-0.1686460807600951,0.1272440591288603,0.17125,321,48,reference_lfcc_logreg
runs,noise_fine_asv19_sweep,asvspoof2019_la,noise_fine_real,70.0,-70.0,69.99641890976683,0.270625,0.8181343749999999,0.7612500000000001,1.2961122583860747,0.0074999999999999,-0.0031324495573947,0.0106405252298693,0.0285035629453679,0.0113539149484567,0.01125,216,211,reference_lfcc_logreg
runs,noise_fine_asv19_sweep,asvspoof2019_la,noise_fine_real,65.0,-65.0,64.99886712950823,0.2674999999999999,0.822040625,0.7487499999999999,1.2882306562866488,0.0043749999999999,-0.0081648003097026,0.0106692856669875,0.0166270783847977,0.0172500661472077,0.0275,218,199,reference_lfcc_logreg
runs,noise_fine_asv19_sweep,asvspoof2019_la,noise_fine_real,60.0,-60.0,59.999641711949515,0.274375,0.8172546875000001,0.7750000000000001,1.3541244366756553,0.0112499999999999,-0.0056519795361413,0.0174777095629646,0.0427553444180521,0.0288559664303635,0.035625,226,200,reference_lfcc_logreg
runs,noise_fine_asv19_sweep,asvspoof2019_la,noise_fine_real,55.0,-55.0,54.999886698946895,0.26375,0.8178218749999999,0.7787499999999999,1.3927789486882385,0.0006249999999999,-0.012509440703901,0.0137357746541698,0.0023752969121139,0.0397177788813636,0.045625,225,191,reference_lfcc_logreg
runs,noise_fine_asv19_sweep,asvspoof2019_la,noise_fine_real,50.0,-50.0,49.99996417618133,0.27,0.814321875,0.7999999999999999,1.4491661967676075,0.0068749999999999,-0.0093844848877467,0.01998757542115,0.026128266033254,0.0617618601922439,0.070625,234,192,reference_lfcc_logreg
runs,noise_fine_asv19_sweep,asvspoof2019_la,noise_fine_real,45.0,-45.0,44.99998867473774,0.26625,0.82059375,0.8325,1.4459312175535508,0.0031249999999999,-0.021250780495457,0.0149741648296553,0.0118764845605698,0.0741714451089447,0.10375,227,186,reference_lfcc_logreg
runs,noise_fine_asv19_sweep,asvspoof2019_la,noise_fine,70.0,-70.0,69.9964188921055,0.0062499999999999,0.999746875,0.03625,0.1034476840842286,0.0,0.0,0.0,0.0,7.045709610289796e-05,0.0,5,5,aasist
runs,noise_fine_asv19_sweep,asvspoof2019_la,noise_fine,65.0,-65.0,64.99886712364201,0.0062499999999999,0.99974375,0.0387499999999999,0.1034084328272203,0.0,-0.0006377551020408,0.0006219099087377,0.0,0.0001639705087302,0.000625,6,5,aasist
runs,noise_fine_asv19_sweep,asvspoof2019_la,noise_fine,60.0,-60.0,59.99964170994397,0.0062499999999999,0.9997453125,0.03625,0.1036520801331238,0.0,0.0,0.0,0.0,0.0002845353812544,0.000625,6,5,aasist
runs,noise_fine_asv19_sweep,asvspoof2019_la,noise_fine,55.0,-55.0,54.99988669442773,0.0062499999999999,0.9997390625,0.0374999999999999,0.1031039192095762,0.0,-0.0006605019815059,0.000648571761511,0.0,0.0005079021693116,0.0,5,5,aasist
runs,noise_fine_asv19_sweep,asvspoof2019_la,noise_fine,50.0,-50.0,49.99996416920371,0.0062499999999999,0.999725,0.04125,0.1028842500553583,0.0,-0.0012285390052918,0.0025008822449694,0.0,0.0009382969293524,0.000625,6,5,aasist
runs,noise_fine_asv19_sweep,asvspoof2019_la,noise_fine,45.0,-45.0,44.99998866926706,0.0062499999999999,0.99970625,0.04,0.10231545957266,0.0,-0.0012501965408804,0.0025273868706974,0.0,0.0014906791521708,0.000625,6,5,aasist
runs,noise_fine_asv19_sweep,asvspoof2019_la,noise_fine_real,70.0,-70.0,69.99641890976683,0.0062499999999999,0.99975,0.03625,0.1034930589196912,0.0,-0.000651084162859,0.0006402253849437,0.0,6.612107674341895e-05,0.000625,6,5,aasist
runs,noise_fine_asv19_sweep,asvspoof2019_la,noise_fine_real,65.0,-65.0,64.99886712950823,0.0062499999999999,0.9997453125,0.03625,0.1034680808385256,0.0,0.0,0.0,0.0,0.0001378057753541,0.000625,6,5,aasist
runs,noise_fine_asv19_sweep,asvspoof2019_la,noise_fine_real,60.0,-60.0,59.999641711949515,0.0062499999999999,0.999746875,0.03625,0.1031509925387187,0.0,0.0,0.0018696929797972,0.0,0.0002698157667691,0.00125,7,5,aasist
runs,noise_fine_asv19_sweep,asvspoof2019_la,noise_fine_real,55.0,-55.0,54.999886698946895,0.0062499999999999,0.9997421875,0.0374999999999999,0.1035468537805515,0.0,-0.0018619169258008,0.0012167311420632,0.0,0.0005035408473904,0.000625,6,5,aasist
runs,noise_fine_asv19_sweep,asvspoof2019_la,noise_fine_real,50.0,-50.0,49.99996417618133,0.0056249999999999,0.9997390625,0.03625,0.1033612306858457,-0.0006249999999999,-0.0031227576588967,0.0018519717701822,-0.1000000000000001,0.0010510597440256,0.000625,5,4,aasist
runs,noise_fine_asv19_sweep,asvspoof2019_la,noise_fine_real,45.0,-45.0,44.99998867473774,0.0062499999999999,0.9996875,0.04,0.1057292817325586,0.0,-0.0012453300124533,0.002527650059274,0.0,0.0020756071701947,0.00125,7,5,aasist
runs,noise_fine_asv19_sweep,asvspoof2019_la,noise_fine,70.0,-70.0,69.9964188921055,0.161875,0.9086796875,0.68125,3.654643820749949,0.0006249999999999,-0.0037528904871619,0.0043558187905705,0.0038759689922479,0.001631788307045,0.001875,129,128,aasist3_kan
runs,noise_fine_asv19_sweep,asvspoof2019_la,noise_fine,65.0,-65.0,64.99886712364201,0.16375,0.90844375,0.6825,3.614230404087496,0.0025,-0.0031249999999999,0.0061353575500543,0.0155038759689922,0.0041985323622817,0.003125,131,126,aasist3_kan
runs,noise_fine_asv19_sweep,asvspoof2019_la,noise_fine,60.0,-60.0,59.99964170994397,0.161875,0.906896875,0.6775,3.50722888687185,0.0006249999999999,-0.0037503174680805,0.0100004281488157,0.0038759689922479,0.0095851969941021,0.01375,141,119,aasist3_kan
runs,noise_fine_asv19_sweep,asvspoof2019_la,noise_fine,55.0,-55.0,54.99988669442773,0.17875,0.9000375,0.67375,3.2208373680054363,0.0175,0.0043451431363229,0.0243710545936218,0.1085271317829458,0.0310195252482594,0.0425,173,105,aasist3_kan
runs,noise_fine_asv19_sweep,asvspoof2019_la,noise_fine,50.0,-50.0,49.99996416920371,0.1975,0.8798078125,0.7425,2.5479289089293156,0.03625,0.023106610920947,0.0506078977480409,0.2248062015503876,0.0904319487870531,0.114375,254,73,aasist3_kan
runs,noise_fine_asv19_sweep,asvspoof2019_la,noise_fine,45.0,-45.0,44.99998866926706,0.2325,0.8516390625,0.7587499999999999,2.0171668597540005,0.07125,0.0524924211530283,0.0887653804133804,0.4418604651162793,0.1657167346296818,0.199375,359,42,aasist3_kan
runs,noise_fine_asv19_sweep,asvspoof2019_la,noise_fine_real,70.0,-70.0,69.99641890976683,0.1624999999999999,0.9088375,0.6775,3.6448793653979767,0.0012499999999999,-0.0037537242873054,0.00323283908899,0.0077519379844959,0.0019741874085123,0.00375,132,126,aasist3_kan
runs,noise_fine_asv19_sweep,asvspoof2019_la,noise_fine_real,65.0,-65.0,64.99886712950823,0.1631249999999999,0.9082296875,0.68125,3.616703328989934,0.0018749999999999,-0.0025000976600648,0.0099873011426674,0.0116279069767439,0.0052507773813693,0.006875,137,126,aasist3_kan
runs,noise_fine_asv19_sweep,asvspoof2019_la,noise_fine_real,60.0,-60.0,59.999641711949515,0.165,0.9063828125,0.675,3.510355305855853,0.00375,-0.0055584025426085,0.0118996858556845,0.0232558139534885,0.0117497561296792,0.013125,136,121,aasist3_kan
runs,noise_fine_asv19_sweep,asvspoof2019_la,noise_fine_real,55.0,-55.0,54.999886698946895,0.170625,0.9029609375,0.67875,3.374655270322221,0.009375,-1.4934289127836576e-05,0.0200112876169214,0.058139534883721,0.0241805989954447,0.03,157,113,aasist3_kan
runs,noise_fine_asv19_sweep,asvspoof2019_la,noise_fine_real,50.0,-50.0,49.99996417618133,0.1637499999999999,0.90049375,0.69875,3.0802320806986896,0.0024999999999999,-0.0075001901415752,0.0175158689912061,0.015503875968992,0.0469846129794242,0.054375,179,96,aasist3_kan
runs,noise_fine_asv19_sweep,asvspoof2019_la,noise_fine_real,45.0,-45.0,44.99998867473774,0.18625,0.8872125000000001,0.7050000000000001,2.8671204533855073,0.025,0.0080980246610818,0.0375212836250554,0.1550387596899226,0.0804314724528691,0.084375,207,88,aasist3_kan
runs,noise_fine_asv19_sweep,asvspoof2019_la,noise_fine,70.0,-70.0,69.9964188921055,0.0068749999999999,0.995921875,0.1487499999999999,0.0789180139932015,0.0,-0.001240771946718,0.0025041227198153,0.0,0.000757405648628,0.0,5,6,spectra_aasist3
runs,noise_fine_asv19_sweep,asvspoof2019_la,noise_fine,65.0,-65.0,64.99886712364201,0.00625,0.9957703125,0.1475,0.075960094483813,-0.0006249999999999,-0.0031351029919078,0.001865846330147,-0.0909090909090891,0.0015920398656111,0.0,5,6,spectra_aasist3
runs,noise_fine_asv19_sweep,asvspoof2019_la,noise_fine,60.0,-60.0,59.99964170994397,0.0062499999999999,0.99720625,0.09,0.0670027620023524,-0.0006249999999999,-0.0062317996373261,0.0012255277878022,-0.090909090909091,0.0030838288158746,0.00125,5,4,spectra_aasist3
runs,noise_fine_asv19_sweep,asvspoof2019_la,noise_fine,55.0,-55.0,54.99988669442773,0.005,0.998790625,0.0312499999999999,0.0486060916786609,-0.0018749999999999,-0.00937843014744,0.0,-0.2727272727272711,0.0062894558975307,0.004375,7,1,spectra_aasist3
runs,noise_fine_asv19_sweep,asvspoof2019_la,noise_fine,50.0,-50.0,49.99996416920371,0.0012499999999999,0.99999375,0.00375,0.0341167255169413,-0.005625,-0.0131424210818765,-0.00175668248208,-0.8181818181818198,0.0103717599724105,0.00625,9,0,spectra_aasist3
runs,noise_fine_asv19_sweep,asvspoof2019_la,noise_fine,45.0,-45.0,44.99998866926706,0.0024999999999999,0.9999796875,0.005,0.0664104897053795,-0.004375,-0.0118996858556845,0.0,-0.6363636363636396,0.0149827909495727,0.01125,17,0,spectra_aasist3
runs,noise_fine_asv19_sweep,asvspoof2019_la,noise_fine_real,70.0,-70.0,69.99641890976683,0.0068749999999999,0.994665625,0.1487499999999999,0.0838331353363516,0.0,-0.0012578616352201,0.0018909860679226,0.0,0.0006449717107203,0.000625,6,6,spectra_aasist3
runs,noise_fine_asv19_sweep,asvspoof2019_la,noise_fine_real,65.0,-65.0,64.99886712950823,0.0074999999999999,0.9954828125,0.1562499999999999,0.0822442465094235,0.000625,-0.0012924983214307,0.0044116669882916,0.0909090909090911,0.0015916289477152,0.000625,5,7,spectra_aasist3
runs,noise_fine_asv19_sweep,asvspoof2019_la,noise_fine_real,60.0,-60.0,59.999641711949515,0.00625,0.99549375,0.1475,0.0760517775573653,-0.0006249999999999,-0.0037519048247983,0.0037175290820019,-0.0909090909090891,0.0027896203969988,0.0025,5,6,spectra_aasist3
runs,noise_fine_asv19_sweep,asvspoof2019_la,noise_fine_real,55.0,-55.0,54.999886698946895,0.005625,0.995409375,0.12375,0.0749686804876086,-0.0012499999999999,-0.0044083448190331,0.0018587811038962,-0.1818181818181801,0.0038292367311444,0.001875,5,5,spectra_aasist3
runs,noise_fine_asv19_sweep,asvspoof2019_la,noise_fine_real,50.0,-50.0,49.99996417618133,0.0081249999999999,0.9965546875,0.12625,0.0664739483545822,0.0012499999999999,-0.0031143921560127,0.0043392646289457,0.1818181818181802,0.0043221856027115,0.0025,8,7,spectra_aasist3
runs,noise_fine_asv19_sweep,asvspoof2019_la,noise_fine_real,45.0,-45.0,44.99998867473774,0.005,0.996821875,0.0774999999999999,0.0609880704339304,-0.0018749999999999,-0.0087501322777698,0.0018674792936396,-0.2727272727272711,0.0074758899173845,0.004375,4,4,spectra_aasist3
runs,noise_fine_asv19_sweep,asvspoof2019_la,noise_fine,70.0,-70.0,69.9964188921055,0.04625,0.990890625,0.1875,0.4184221443233217,0.0,-0.0006219099087377,0.0,0.0,4.9264059080515634e-05,0.000625,38,37,rawnet2
runs,noise_fine_asv19_sweep,asvspoof2019_la,noise_fine,65.0,-65.0,64.99886712364201,0.04625,0.9909046875,0.1875,0.4183173961017681,0.0,-0.0006024096385542,0.0,0.0,8.523126032706383e-05,0.0,37,37,rawnet2
runs,noise_fine_asv19_sweep,asvspoof2019_la,noise_fine,60.0,-60.0,59.99964170994397,0.04625,0.990884375,0.1875,0.4189159912149066,0.0,-0.0012739666967648,0.0012501347675201,0.0,0.0001614431953003,0.00125,39,37,rawnet2
runs,noise_fine_asv19_sweep,asvspoof2019_la,noise_fine,55.0,-55.0,54.99988669442773,0.0468749999999999,0.9908671875,0.1875,0.4192589399576926,0.0006249999999999,-0.0018145089411715,0.0024427450483788,0.0135135135135132,0.0002954454120137,0.0025,39,37,rawnet2
runs,noise_fine_asv19_sweep,asvspoof2019_la,noise_fine,50.0,-50.0,49.99996416920371,0.045625,0.990825,0.18625,0.4204194905384804,-0.000625,-0.0019121447635638,0.0025040708424686,-0.0135135135135135,0.0004642386084929,0.00125,37,37,rawnet2
runs,noise_fine_asv19_sweep,asvspoof2019_la,noise_fine,45.0,-45.0,44.99998866926706,0.0474999999999999,0.9908109375,0.1849999999999999,0.4218878329133205,0.0012499999999999,-0.0025092486263647,0.0025022958864099,0.0270270270270267,0.0011424664458003,0.003125,39,36,rawnet2
runs,noise_fine_asv19_sweep,asvspoof2019_la,noise_fine_real,70.0,-70.0,69.99641890976683,0.04625,0.99089375,0.1875,0.4184918861811407,0.0,-0.0006451612903225,0.000621968283582,0.0,6.650780399054334e-05,0.000625,38,37,rawnet2
runs,noise_fine_asv19_sweep,asvspoof2019_la,noise_fine_real,65.0,-65.0,64.99886712950823,0.04625,0.990890625,0.1875,0.4184927446815319,0.0,-0.000631373142067,1.4740566037722612e-05,0.0,0.0001208043039939,0.000625,38,37,rawnet2
runs,noise_fine_asv19_sweep,asvspoof2019_la,noise_fine_real,60.0,-60.0,59.999641711949515,0.0474999999999999,0.99090625,0.1875,0.4198485195073267,0.0012499999999999,-0.0012820512820512,0.0019015371280184,0.0270270270270267,0.0004987357487154,0.0025,39,37,rawnet2
runs,noise_fine_asv19_sweep,asvspoof2019_la,noise_fine_real,55.0,-55.0,54.999886698946895,0.0481249999999999,0.9909109375,0.18625,0.4191373057758642,0.0018749999999999,-0.0025075347860212,0.0024969745910521,0.0405405405405399,0.0004822487625207,0.00125,38,38,rawnet2
runs,noise_fine_asv19_sweep,asvspoof2019_la,noise_fine_real,50.0,-50.0,49.99996417618133,0.0487499999999999,0.9904890625,0.1887499999999999,0.4375287621278368,0.0024999999999999,-0.0012469611626513,0.0062740340216908,0.0540540540540534,0.0019134913627058,0.003125,40,39,rawnet2
runs,noise_fine_asv19_sweep,asvspoof2019_la,noise_fine_real,45.0,-45.0,44.99998867473774,0.045,0.990884375,0.19125,0.4220512412469074,-0.00125,-0.0031344916359473,0.0031299495179155,-0.027027027027027,0.0015029802962794,0.00125,37,35,rawnet2
runs,noise_fine_asv19_sweep,asvspoof2019_la,noise_fine,70.0,-70.0,69.9964188921055,0.0012499999999999,0.999934375,0.00375,0.0169943810970612,0.0,0.0,0.0,0.0,2.893312530777797e-05,0.0,1,1,ssl_aasist
runs,noise_fine_asv19_sweep,asvspoof2019_la,noise_fine,65.0,-65.0,64.99886712364201,0.0012499999999999,0.999934375,0.00375,0.0170433108890575,0.0,-0.0006337135614702,0.000625,0.0,6.199742714064834e-05,0.000625,2,1,ssl_aasist
runs,noise_fine_asv19_sweep,asvspoof2019_la,noise_fine,60.0,-60.0,59.99964170994397,0.0012499999999999,0.999928125,0.00375,0.0170263428975958,0.0,-0.0006273722754298,0.0006150250849799,0.0,7.932638330460073e-05,0.0,1,1,ssl_aasist
runs,noise_fine_asv19_sweep,asvspoof2019_la,noise_fine,55.0,-55.0,54.99988669442773,0.0012499999999999,0.9999328125,0.00375,0.0173626440984138,0.0,-0.000645223967909,0.0006485084306095,0.0,0.0001627404309661,0.000625,2,1,ssl_aasist
runs,noise_fine_asv19_sweep,asvspoof2019_la,noise_fine,50.0,-50.0,49.99996416920371,0.0012499999999999,0.9998859375,0.00375,0.0174667834228323,0.0,-0.0006402253849436,0.0006418691487009,0.0,0.0001737859926502,0.0,1,1,ssl_aasist
runs,noise_fine_asv19_sweep,asvspoof2019_la,noise_fine,45.0,-45.0,44.99998866926706,0.0012499999999999,0.9998234375,0.005,0.018388566124659,0.0,-0.0012151037832628,0.0012505647081259,0.0,0.0003696675801973,0.000625,2,1,ssl_aasist
runs,noise_fine_asv19_sweep,asvspoof2019_la,noise_fine_real,70.0,-70.0,69.99641890976683,0.0012499999999999,0.999934375,0.00375,0.016966620840701,0.0,-0.000610556722689,1.495215311003424e-05,0.0,2.674654648805856e-05,0.0,1,1,ssl_aasist
runs,noise_fine_asv19_sweep,asvspoof2019_la,noise_fine_real,65.0,-65.0,64.99886712950823,0.0012499999999999,0.999934375,0.00375,0.0169680148584824,0.0,-0.0006188695344689,0.0006112469437652,0.0,9.601060001505049e-05,0.0,1,1,ssl_aasist
runs,noise_fine_asv19_sweep,asvspoof2019_la,noise_fine_real,60.0,-60.0,59.999641711949515,0.0012499999999999,0.9999203125,0.00375,0.0171045110950089,0.0,0.0,0.0,0.0,5.516033464251197e-05,0.000625,2,1,ssl_aasist
runs,noise_fine_asv19_sweep,asvspoof2019_la,noise_fine_real,55.0,-55.0,54.999886698946895,0.0012499999999999,0.9998953125,0.005,0.0183576343947833,0.0,-0.0012361705288858,0.0012725504414545,0.0,0.0002795705658763,0.000625,2,1,ssl_aasist
runs,noise_fine_asv19_sweep,asvspoof2019_la,noise_fine_real,50.0,-50.0,49.99996417618133,0.0012499999999999,0.9999140625,0.00375,0.0179848649345504,0.0,-0.0006506291006126,0.0006251379255989,0.0,0.0004732783454867,0.000625,2,1,ssl_aasist
runs,noise_fine_asv19_sweep,asvspoof2019_la,noise_fine_real,45.0,-45.0,44.99998867473774,0.0024999999999999,0.9997203125,0.005,0.0195469493393382,0.0012499999999999,-0.0012300501699598,0.0031177410707972,1.0,0.0005423585503128,0.000625,2,1,ssl_aasist
runs,noise_fine_asv19_sweep,asvspoof2019_la,noise_fine,70.0,-70.0,69.9964188921055,0.0031249999999999,0.9999890625,0.0024999999999999,0.0239189240994204,0.0012499999999999,-0.0024610720162006,0.0,0.666666666666676,6.891423843294016e-05,0.0,2,1,xlsr_mamba
runs,noise_fine_asv19_sweep,asvspoof2019_la,noise_fine,65.0,-65.0,64.99886712364201,0.0031249999999999,0.9999890625,0.0024999999999999,0.0235257034660011,0.0012499999999999,-0.0024610720162006,0.0,0.666666666666676,9.339850148582966e-05,0.0,2,1,xlsr_mamba
runs,noise_fine_asv19_sweep,asvspoof2019_la,noise_fine,60.0,-60.0,59.99964170994397,0.0031249999999999,0.9999890625,0.0024999999999999,0.0239703222471252,0.0012499999999999,-0.0024610720162006,0.0,0.666666666666676,0.0002290165647312,0.0,2,1,xlsr_mamba
runs,noise_fine_asv19_sweep,asvspoof2019_la,noise_fine,55.0,-55.0,54.99988669442773,0.0018749999999999,0.9999859375,0.005,0.0246365296213915,0.0,-0.0006345177664974,0.0012502838537074,0.0,0.000336559538191,0.001875,4,0,xlsr_mamba
runs,noise_fine_asv19_sweep,asvspoof2019_la,noise_fine,50.0,-50.0,49.99996416920371,0.0018749999999999,0.9999859375,0.00375,0.023800178368112,0.0,-0.0006250195556946,0.0025000976600648,0.0,0.0005805850182076,0.000625,3,1,xlsr_mamba
runs,noise_fine_asv19_sweep,asvspoof2019_la,noise_fine,45.0,-45.0,44.99998866926706,0.0018749999999999,0.9999828125,0.0062499999999999,0.0271188915427506,1.3227266504323154e-17,-0.0025000367193274,0.0031324716631109,7.0545421356391154e-15,0.0011906028701209,0.001875,5,1,xlsr_mamba
runs,noise_fine_asv19_sweep,asvspoof2019_la,noise_fine_real,70.0,-70.0,69.99641890976683,0.0031249999999999,0.9999890625,0.0024999999999999,0.0237156614390321,0.0012499999999999,-0.0024610720162006,0.0,0.666666666666676,0.0001537393213821,0.0,2,1,xlsr_mamba
runs,noise_fine_asv19_sweep,asvspoof2019_la,noise_fine_real,65.0,-65.0,64.99886712950823,0.0031249999999999,0.9999890625,0.0024999999999999,0.0238800035140009,0.0012499999999999,-0.0024610720162006,0.0,0.666666666666676,0.0001796091485899,0.000625,2,0,xlsr_mamba
runs,noise_fine_asv19_sweep,asvspoof2019_la,noise_fine_real,60.0,-60.0,59.999641711949515,0.0031249999999999,0.9999890625,0.0024999999999999,0.0234787883799844,0.0012499999999999,-0.0024610720162006,0.0,0.666666666666676,0.0003496307212032,0.0,2,1,xlsr_mamba
runs,noise_fine_asv19_sweep,asvspoof2019_la,noise_fine_real,55.0,-55.0,54.999886698946895,0.0018749999999999,0.9999875,0.00375,0.0240739187925244,0.0,-0.001911237126588,0.0019313166869844,0.0,0.0006780334343381,0.000625,3,1,xlsr_mamba
runs,noise_fine_asv19_sweep,asvspoof2019_la,noise_fine_real,50.0,-50.0,49.99996417618133,0.0024999999999999,0.9999890625,0.00375,0.026449421880961,0.000625,-0.0025615769426683,0.0012547840565643,0.3333333333333381,0.0012600977288093,0.00125,3,0,xlsr_mamba
runs,noise_fine_asv19_sweep,asvspoof2019_la,noise_fine_real,45.0,-45.0,44.99998867473774,0.0012499999999999,0.9999953125,0.0024999999999999,0.0233916081597968,-0.0006249999999999,-0.0037539893529785,0.0012454077484091,-0.3333333333333309,0.0013499896188761,0.0,2,1,xlsr_mamba
runs,noise_fine_asv19_sweep,asvspoof2019_la,noise_fine,70.0,-70.0,69.9964188921055,0.161875,0.9067203124999998,0.4262499999999999,1.8357360174738115,-0.00375,-0.005613383586716,0.0031397469402722,-0.0226415094339624,0.0033980755571132,0.004375,130,130,nes2net
runs,noise_fine_asv19_sweep,asvspoof2019_la,noise_fine,65.0,-65.0,64.99886712364201,0.159375,0.909465625,0.415,1.815744489678767,-0.00625,-0.0093766424668036,0.0042607941719951,-0.0377358490566039,0.0063562236136518,0.011875,129,135,nes2net
runs,noise_fine_asv19_sweep,asvspoof2019_la,noise_fine,60.0,-60.0,59.99964170994397,0.16,0.9130953125,0.4125000000000001,1.7906978225203052,-0.0056249999999999,-0.0162601886612493,0.0012505647081259,-0.0339622641509433,0.0101686939716112,0.020625,120,136,nes2net
runs,noise_fine_asv19_sweep,asvspoof2019_la,noise_fine,55.0,-55.0,54.99988669442773,0.1599999999999999,0.91361875,0.41625,1.7686556796093178,-0.005625,-0.0181231837464465,0.0018849295858551,-0.0339622641509436,0.0149359669507936,0.03,120,147,nes2net
runs,noise_fine_asv19_sweep,asvspoof2019_la,noise_fine,50.0,-50.0,49.99996416920371,0.1525,0.91190625,0.4287499999999999,1.7423405356653774,-0.0131249999999999,-0.0219305560474012,0.0006229011623604,-0.0792452830188679,0.0195357649200865,0.0425,115,164,nes2net
runs,noise_fine_asv19_sweep,asvspoof2019_la,noise_fine,45.0,-45.0,44.99998866926706,0.165,0.9044390625,0.4524999999999999,1.7282651895408458,-0.0006249999999999,-0.0137500553257361,0.0119230985968405,-0.0037735849056602,0.0267203368660252,0.066875,113,201,nes2net
runs,noise_fine_asv19_sweep,asvspoof2019_la,noise_fine_real,70.0,-70.0,69.99641890976683,0.168125,0.905240625,0.42875,1.8589961294649489,0.0025,-0.0031455940882913,0.0081174672136701,0.0150943396226415,0.0037977208772641,0.0075,133,130,nes2net
runs,noise_fine_asv19_sweep,asvspoof2019_la,noise_fine_real,65.0,-65.0,64.99886712950823,0.163125,0.9066625,0.42875,1.8621622253407937,-0.0025,-0.0062500676327773,0.0056476668017468,-0.0150943396226415,0.0055506702285442,0.010625,133,127,nes2net
runs,noise_fine_asv19_sweep,asvspoof2019_la,noise_fine_real,60.0,-60.0,59.999641711949515,0.16125,0.9087890625,0.4024999999999999,1.8796282101508015,-0.004375,-0.0106174513419479,0.0037526444774323,-0.0264150943396227,0.010092679527538,0.01875,131,124,nes2net
runs,noise_fine_asv19_sweep,asvspoof2019_la,noise_fine_real,55.0,-55.0,54.999886698946895,0.15875,0.9110984375,0.43,1.877392477138414,-0.006875,-0.0112654487465393,0.0062529311335897,-0.0415094339622642,0.0128355598548222,0.02625,129,126,nes2net
runs,noise_fine_asv19_sweep,asvspoof2019_la,noise_fine_real,50.0,-50.0,49.99996417618133,0.15625,0.9144625,0.41375,1.8725226800905117,-0.009375,-0.0187500754441857,0.0006258018324911,-0.0566037735849057,0.016984210217039,0.03875,128,117,nes2net
runs,noise_fine_asv19_sweep,asvspoof2019_la,noise_fine_real,45.0,-45.0,44.99998867473774,0.1574999999999999,0.91283984375,0.46375,1.8680815970454752,-0.008125,-0.0193720607633253,0.0038125083936021,-0.0490566037735851,0.0203879047539703,0.060625,123,143,nes2net
runs,noise_fine_asv19_sweep,asvspoof2019_la,noise_fine,70.0,-70.0,69.9964188921055,0.0418749999999999,0.99186875,0.2925,0.2972647618995871,0.0018749999999999,-0.002512793701797,0.0043578007725451,0.0468749999999993,0.0045189513717696,0.001875,34,33,xlsr_linear
runs,noise_fine_asv19_sweep,asvspoof2019_la,noise_fine,65.0,-65.0,64.99886712364201,0.040625,0.9918140625,0.2774999999999999,0.298103099199304,0.000625,-0.0050002185684559,0.0025634351398051,0.015625,0.0069370831538992,0.005,32,30,xlsr_linear
runs,noise_fine_asv19_sweep,asvspoof2019_la,noise_fine,60.0,-60.0,59.99964170994397,0.04,0.99179375,0.2674999999999999,0.2979012475759013,0.0,-0.0043810154439922,0.0049697423870954,0.0,0.0108533536505731,0.006875,32,35,xlsr_linear
runs,noise_fine_asv19_sweep,asvspoof2019_la,noise_fine,55.0,-55.0,54.99988669442773,0.040625,0.991765625,0.2749999999999999,0.2979130841426688,0.000625,-0.005609997246627,0.0050009718739835,0.015625,0.0156680672767854,0.008125,32,33,xlsr_linear
runs,noise_fine_asv19_sweep,asvspoof2019_la,noise_fine,50.0,-50.0,49.99996416920371,0.04,0.9914328125,0.28625,0.2998844307399808,0.0,-0.0044183856324829,0.0087983318159515,0.0,0.0228445385592934,0.016875,31,36,xlsr_linear
runs,noise_fine_asv19_sweep,asvspoof2019_la,noise_fine,45.0,-45.0,44.99998866926706,0.0418749999999999,0.9919046875,0.24625,0.299116973323721,0.0018749999999999,-0.0075320897589865,0.007561962676325,0.0468749999999993,0.0316967665890449,0.018125,34,33,xlsr_linear
runs,noise_fine_asv19_sweep,asvspoof2019_la,noise_fine_real,70.0,-70.0,69.99641890976683,0.04125,0.991740625,0.2912499999999999,0.2979496976124464,0.0012499999999999,-0.0031275137281147,0.0049828117576454,0.0312499999999996,0.0048785920668404,0.005,33,33,xlsr_linear
runs,noise_fine_asv19_sweep,asvspoof2019_la,noise_fine_real,65.0,-65.0,64.99886712950823,0.0381249999999999,0.99191875,0.27,0.2994103023033675,-0.001875,-0.0056545820360587,0.0031334858378711,-0.0468750000000007,0.0093954797952383,0.004375,32,31,xlsr_linear
runs,noise_fine_asv19_sweep,asvspoof2019_la,noise_fine_real,60.0,-60.0,59.999641711949515,0.0387499999999999,0.9918234375,0.2574999999999999,0.299583130349246,-0.00125,-0.0075038331164944,0.0049737904891995,-0.031250000000001,0.0163060959778146,0.011875,30,31,xlsr_linear
runs,noise_fine_asv19_sweep,asvspoof2019_la,noise_fine_real,55.0,-55.0,54.999886698946895,0.0418749999999999,0.989603125,0.3275,0.3113690932771785,0.0018749999999999,-0.0068695380315833,0.0074926684636008,0.0468749999999993,0.0261235097453639,0.02,25,39,xlsr_linear
runs,noise_fine_asv19_sweep,asvspoof2019_la,noise_fine_real,50.0,-50.0,49.99996417618133,0.04625,0.9892140625,0.3275,0.3234718837944808,0.0062499999999999,-0.0012512583379704,0.016253253221825,0.1562499999999995,0.0392003330605931,0.02625,28,54,xlsr_linear
runs,noise_fine_asv19_sweep,asvspoof2019_la,noise_fine_real,45.0,-45.0,44.99998867473774,0.0474999999999999,0.9860578125,0.3724999999999999,0.3424150926448619,0.0074999999999999,-0.0025004125755447,0.017503251994988,0.1874999999999992,0.054019434801639,0.04375,20,74,xlsr_linear
runs,noise_fine_asv19_sweep,asvspoof2019_la,noise_fine,70.0,-70.0,69.9964188921055,0.0274999999999999,0.9959140625,0.1037499999999999,0.1371456216925002,0.0,-0.0025215365252256,0.0037504805306751,0.0,0.0008371093890451,0.003125,22,23,wavlm_linear
runs,noise_fine_asv19_sweep,asvspoof2019_la,noise_fine,65.0,-65.0,64.99886712364201,0.02875,0.9958734375,0.1074999999999999,0.1373732313978768,0.00125,-0.0024206152280543,0.0050000880899538,0.045454545454547,0.0015500311551345,0.003125,23,24,wavlm_linear
runs,noise_fine_asv19_sweep,asvspoof2019_la,noise_fine,60.0,-60.0,59.99964170994397,0.03,0.9958421875,0.0975,0.1379289021874431,0.0025,-0.0025,0.0050020140936144,0.090909090909092,0.002807767819206,0.005625,23,24,wavlm_linear
runs,noise_fine_asv19_sweep,asvspoof2019_la,noise_fine,55.0,-55.0,54.99988669442773,0.0262499999999999,0.996053125,0.10875,0.1392347910941,-0.0012499999999999,-0.0037542879540517,0.0031115854115865,-0.045454545454545,0.005348637931518,0.005,23,21,wavlm_linear
runs,noise_fine_asv19_sweep,asvspoof2019_la,noise_fine,50.0,-50.0,49.99996416920371,0.0281249999999999,0.9957484375,0.1099999999999999,0.1462302588557871,0.000625,-0.0050006328926004,0.0050098300255585,0.0227272727272727,0.0109209486929542,0.0075,25,19,wavlm_linear
runs,noise_fine_asv19_sweep,asvspoof2019_la,noise_fine,45.0,-45.0,44.99998866926706,0.03125,0.9956765625,0.0999999999999999,0.1537661055605935,0.00375,-0.0037813200169652,0.0100001266266047,0.136363636363637,0.0198474152355682,0.01625,35,19,wavlm_linear
runs,noise_fine_asv19_sweep,asvspoof2019_la,noise_fine_real,70.0,-70.0,69.99641890976683,0.03,0.9959125,0.1062499999999999,0.1371432198280294,0.0025,-0.0025014148385297,0.0050070531004015,0.090909090909092,0.0017246969977663,0.004375,23,24,wavlm_linear
runs,noise_fine_asv19_sweep,asvspoof2019_la,noise_fine_real,65.0,-65.0,64.99886712950823,0.02875,0.995703125,0.1075,0.1390202397949683,0.00125,-0.0037549464982326,0.0037909579858648,0.045454545454547,0.0030628447924451,0.00375,23,23,wavlm_linear
runs,noise_fine_asv19_sweep,asvspoof2019_la,noise_fine_real,60.0,-60.0,59.999641711949515,0.03,0.9959,0.09625,0.1377348760579016,0.0025,-0.0043774260359771,0.006250006103754,0.090909090909092,0.0057219901017292,0.005625,24,23,wavlm_linear
runs,noise_fine_asv19_sweep,asvspoof2019_la,noise_fine_real,55.0,-55.0,54.999886698946895,0.0274999999999999,0.99598125,0.1124999999999999,0.1374481862660233,0.0,-0.005637036180269,0.0037531237473189,0.0,0.0080130083943156,0.006875,24,21,wavlm_linear
runs,noise_fine_asv19_sweep,asvspoof2019_la,noise_fine_real,50.0,-50.0,49.99996417618133,0.029375,0.9958140625,0.1075,0.1385085954163026,0.001875,-0.0056250197510074,0.0062522958244614,0.0681818181818193,0.0137187253908636,0.009375,25,20,wavlm_linear
runs,noise_fine_asv19_sweep,asvspoof2019_la,noise_fine_real,45.0,-45.0,44.99998867473774,0.02875,0.995946875,0.1099999999999999,0.13744216117791,0.00125,-0.0074570223404706,0.0068783189076826,0.045454545454547,0.0180375459359123,0.0125,24,22,wavlm_linear
runs,noise_fine_asv19_sweep,asvspoof2019_la,noise_fine,70.0,-70.0,69.9964188921055,0.0,1.0,0.0,0.016370421220115,0.0,0.0,0.0,,0.0001017068130596,0.0,0,0,nes2net_v2
runs,noise_fine_asv19_sweep,asvspoof2019_la,noise_fine,65.0,-65.0,64.99886712364201,0.0,1.0,0.0,0.0170979092523228,0.0,0.0,0.0,,0.0002833696803698,0.000625,1,0,nes2net_v2
runs,noise_fine_asv19_sweep,asvspoof2019_la,noise_fine,60.0,-60.0,59.99964170994397,0.0012499999999999,0.9999984375,0.0012499999999999,0.0171932447589657,0.0012499999999999,0.0,0.0031156829729977,,0.0004846792019911,0.00125,1,1,nes2net_v2
runs,noise_fine_asv19_sweep,asvspoof2019_la,noise_fine,55.0,-55.0,54.99988669442773,0.0,1.0,0.0,0.0165360989901802,0.0,0.0,0.0,,0.0006654903305922,0.0,0,0,nes2net_v2
runs,noise_fine_asv19_sweep,asvspoof2019_la,noise_fine,50.0,-50.0,49.99996416920371,0.0,1.0,0.0,0.0213187387350928,0.0,0.0,0.0,,0.0009896202077733,0.000625,1,0,nes2net_v2
runs,noise_fine_asv19_sweep,asvspoof2019_la,noise_fine,45.0,-45.0,44.99998866926706,0.0012499999999999,0.9999984375,0.0012499999999999,0.0215434191261149,0.0012499999999999,0.0,0.0031227382496867,,0.0011121646299352,0.000625,1,0,nes2net_v2
runs,noise_fine_asv19_sweep,asvspoof2019_la,noise_fine_real,70.0,-70.0,69.99641890976683,0.0,1.0,0.0,0.0170498030246831,0.0,0.0,0.0,,0.0002254778719924,0.000625,1,0,nes2net_v2
runs,noise_fine_asv19_sweep,asvspoof2019_la,noise_fine_real,65.0,-65.0,64.99886712950823,0.0012499999999999,0.9999984375,0.0012499999999999,0.0171897614543666,0.0012499999999999,0.0,0.0031156829729977,,0.0001917168546817,0.000625,1,0,nes2net_v2
runs,noise_fine_asv19_sweep,asvspoof2019_la,noise_fine_real,60.0,-60.0,59.999641711949515,0.0,1.0,0.0,0.0166454891247053,0.0,0.0,0.0,,0.0003913594741636,0.000625,1,0,nes2net_v2
runs,noise_fine_asv19_sweep,asvspoof2019_la,noise_fine_real,55.0,-55.0,54.999886698946895,0.0,1.0,0.0,0.0203533880347799,0.0,0.0,0.0,,0.0008957733943475,0.0,0,0,nes2net_v2
runs,noise_fine_asv19_sweep,asvspoof2019_la,noise_fine_real,50.0,-50.0,49.99996417618133,0.0012499999999999,0.9999953125,0.0024999999999999,0.0199544591245511,0.0012499999999999,0.0,0.0037531021735152,,0.0009595481988677,0.00125,2,0,nes2net_v2
runs,noise_fine_asv19_sweep,asvspoof2019_la,noise_fine_real,45.0,-45.0,44.99998867473774,0.0012499999999999,0.999990625,0.005,0.0192732687336385,0.0012499999999999,0.0,0.0043883629930716,,0.0012206426532346,0.00125,1,1,nes2net_v2
runs,rawnet2_asv19_sweep,asvspoof2019_la,bandpass,8000.0,-8000.0,7920.0,0.054375,0.9872453125,0.24875,0.4910350800209099,0.008125,-0.0018622474305838,0.0174787745286027,0.1756756756756759,0.034477657391481,0.040625,29,86,rawnet2
runs,rawnet2_asv19_sweep,asvspoof2019_la,bandpass,6000.0,-6000.0,6000.0,0.0481249999999999,0.989321875,0.25375,0.5011257974570923,0.0018749999999999,-0.0075020161732781,0.0112401908013962,0.0405405405405399,0.0538861485759291,0.065,16,118,rawnet2
runs,rawnet2_asv19_sweep,asvspoof2019_la,bandpass,4000.0,-4000.0,4000.0,0.0437499999999999,0.9920703125,0.2,0.6635051548400892,-0.0025,-0.0131181186442505,0.0062543212564049,-0.0540540540540546,0.0942767390188844,0.1175,4,190,rawnet2
runs,rawnet2_asv19_sweep,asvspoof2019_la,bandpass,3400.0,-3400.0,3400.0,0.0424999999999999,0.9919203125,0.1987499999999999,0.7171668927368502,-0.00375,-0.0156322866272006,0.0036949866418875,-0.0810810810810813,0.101196593456739,0.125625,3,202,rawnet2
runs,rawnet2_asv19_sweep,asvspoof2019_la,bandpass,2000.0,-2000.0,2000.0,0.045,0.9894359375,0.305,0.8050523289636495,-0.0012499999999999,-0.0125158672560996,0.0075004468071856,-0.0270270270270267,0.11105923906567,0.139375,5,224,rawnet2
runs,rawnet2_asv19_sweep,asvspoof2019_la,chirp,25.0,-25.0,24.999999886696777,0.050625,0.9902984375,0.2049999999999999,0.4065640175348648,0.004375,-0.0031191717840759,0.0112504566113472,0.0945945945945946,0.010140355600963,0.010625,36,47,rawnet2
runs,rawnet2_asv19_sweep,asvspoof2019_la,chirp,20.0,-20.0,19.999999964173345,0.05125,0.989546875,0.1849999999999999,0.4049882922218928,0.0049999999999999,-0.0018845009843696,0.0125558749764854,0.108108108108108,0.0219474761372225,0.021875,31,62,rawnet2
runs,rawnet2_asv19_sweep,asvspoof2019_la,chirp,15.0,-15.0,14.999999988673585,0.0537499999999999,0.9873421875,0.2,0.4247846344698813,0.0074999999999999,-0.0006505093097056,0.0144078635688247,0.1621621621621615,0.0351034206798388,0.05125,24,100,rawnet2
runs,rawnet2_asv19_sweep,asvspoof2019_la,chirp,10.0,-10.0,9.999999996421243,0.0856249999999999,0.9721109375,0.5225,1.4684548761219236,0.0393749999999999,0.024344612069431,0.0512225619130022,0.8513513513513506,0.1732964219424189,0.21625,6,346,rawnet2
runs,rawnet2_asv19_sweep,asvspoof2019_la,chirp,5.0,-5.0,4.999999998871267,0.280625,0.8133703125,0.97,5.353963348111959,0.234375,0.2087225194506509,0.2574959056820023,5.067567567567567,0.435668515188828,0.44875,0,718,rawnet2
runs,rawnet2_asv19_sweep,asvspoof2019_la,codec,128.0,-128.0,128.0,0.0431249999999999,0.992209375,0.1837499999999999,0.3485166191969809,-0.003125,-0.0093650711838038,0.000620366659988,-0.067567567567568,0.0119722039326546,0.009375,32,47,rawnet2
runs,rawnet2_asv19_sweep,asvspoof2019_la,codec,64.0,-64.0,64.0,0.0431249999999999,0.992134375,0.1875,0.3507198943262977,-0.003125,-0.009371548327083,1.7425343874248385e-05,-0.0675675675675679,0.0121379445805024,0.010625,30,47,rawnet2
runs,rawnet2_asv19_sweep,asvspoof2019_la,codec,32.0,-32.0,32.0,0.0437499999999999,0.9920484375,0.1987499999999999,0.3390168589600871,-0.0025,-0.0087549657104505,0.0018525418709642,-0.0540540540540546,0.022933261449038,0.025625,23,64,rawnet2
runs,rawnet2_asv19_sweep,asvspoof2019_la,codec,24.0,-24.0,24.0,0.0437499999999999,0.9914375,0.18625,0.3404432404171934,-0.0025,-0.011867977637845,0.0018994716839025,-0.0540540540540546,0.0389338847282301,0.050625,17,98,rawnet2
runs,rawnet2_asv19_sweep,asvspoof2019_la,codec,16.0,-16.0,16.0,0.05,0.9903234375,0.23125,0.6126790814414963,0.00375,-0.00625027321057,0.0093653840565418,0.0810810810810814,0.0876038546180332,0.1125,7,187,rawnet2
runs,rawnet2_asv19_sweep,asvspoof2019_la,codec,8.0,-8.0,8.0,0.0625,0.9835796875,0.315,1.598315699187307,0.0162499999999999,0.0018724466524368,0.0262541260661759,0.3513513513513511,0.1964860007703168,0.26375,1,421,rawnet2
runs,rawnet2_asv19_sweep,asvspoof2019_la,gain,-3.0,3.0,-3.0,0.040625,0.9930328125,0.18625,0.3269038678760178,-0.0056249999999999,-0.013088016019785,0.0018531540709037,-0.1216216216216215,0.0122575365833122,0.01375,32,36,rawnet2
runs,rawnet2_asv19_sweep,asvspoof2019_la,gain,3.0,3.0,3.0,0.0587499999999999,0.9869703125,0.1762499999999999,0.5487091120409127,0.0124999999999999,0.0043719143650846,0.0187567385200536,0.2702702702702697,0.01382521680046,0.018125,54,39,rawnet2
runs,rawnet2_asv19_sweep,asvspoof2019_la,gain,-10.0,10.0,-10.0,0.0675,0.98168125,0.40375,0.5134065609699774,0.0212499999999999,0.0062595252025722,0.0362655857374454,0.4594594594594594,0.0919717345236265,0.076875,46,67,rawnet2
runs,rawnet2_asv19_sweep,asvspoof2019_la,gain,10.0,10.0,10.0,0.08625,0.96685,0.35,0.8495069829944937,0.04,0.0262794487307226,0.0518585726147535,0.864864864864865,0.0447190432211475,0.0525,74,58,rawnet2
runs,rawnet2_asv19_sweep,asvspoof2019_la,gain,-20.0,20.0,-20.0,0.33625,0.7319453125000001,0.84875,2.8731325398598506,0.29,0.2631072992984539,0.3168724253082471,6.27027027027027,0.3456697952913668,0.343125,366,155,rawnet2
runs,rawnet2_asv19_sweep,asvspoof2019_la,gain,20.0,20.0,20.0,0.1418749999999999,0.914853125,0.88,1.4127780841858053,0.0956249999999999,0.0768758892599839,0.1118430785807753,2.067567567567566,0.1138839777616512,0.1275,107,133,rawnet2
runs,rawnet2_asv19_sweep,asvspoof2019_la,noise,30.0,-30.0,29.99999964169418,0.05,0.9899078125,0.18625,0.450337848089836,0.00375,-0.0018815009385761,0.0075051715322589,0.0810810810810814,0.0083146543462217,0.008125,39,40,rawnet2
runs,rawnet2_asv19_sweep,asvspoof2019_la,noise,20.0,-20.0,19.99999996417316,0.060625,0.9850421875,0.26625,0.5508928070036595,0.014375,0.0055576702666332,0.0212316747926434,0.3108108108108112,0.0190425793080911,0.02,49,45,rawnet2
runs,rawnet2_asv19_sweep,asvspoof2019_la,noise,15.0,-15.0,14.99999998867341,0.0737499999999999,0.9761875,0.35,0.6913616976083884,0.0274999999999999,0.0162792298401397,0.0387529897331253,0.594594594594594,0.037421995159771,0.039375,62,53,rawnet2
runs,rawnet2_asv19_sweep,asvspoof2019_la,noise,10.0,-10.0,9.999999996421058,0.1274999999999999,0.94241640625,0.5875,1.323859876499679,0.0812499999999999,0.0630971999565151,0.0975015960900431,1.7567567567567557,0.1263525472597131,0.1075,146,60,rawnet2
runs,rawnet2_asv19_sweep,asvspoof2019_la,noise,5.0,-5.0,4.999999998871092,0.3275,0.7453249999999999,0.99375,4.526049975747794,0.28125,0.2537062538606148,0.3043765766303345,6.08108108108108,0.4275225193274611,0.393125,605,44,rawnet2
runs,rawnet2_asv19_sweep,asvspoof2019_la,noise,0.0,-0.0,-3.541433498798661e-10,0.493125,0.5025453124999999,0.99125,4.359684978880738,0.446875,0.4181268777963151,0.4718988654363029,9.66216216216216,0.4675975140989121,0.474375,582,197,rawnet2
runs,rawnet2_asv19_sweep,asvspoof2019_la,reverb,0.1,0.1,0.1,0.1006249999999999,0.9610765625,0.6399999999999998,2.1849671007160256,0.0543749999999999,0.040627783238579,0.0700099576345587,1.175675675675675,0.242894170523636,0.286875,3,460,rawnet2
runs,rawnet2_asv19_sweep,asvspoof2019_la,reverb,0.3,0.3,0.2999999999999999,0.2043749999999999,0.8679578124999999,0.995,4.58599291522638,0.1581249999999999,0.1381243583861451,0.1781055008803293,3.4189189189189175,0.3982976643608525,0.42875,4,688,rawnet2
runs,rawnet2_asv19_sweep,asvspoof2019_la,reverb,0.5,0.5,0.5,0.2731249999999999,0.7985015625,0.99125,5.219802508124054,0.2268749999999999,0.2006447555285047,0.246878788968427,4.9054054054054035,0.4366968318730446,0.4625,4,740,rawnet2
runs,rawnet2_asv19_sweep,asvspoof2019_la,reverb,0.7,0.7,0.7,0.3149999999999999,0.7440109375,1.0,5.580876707270574,0.2687499999999999,0.2425030028234044,0.2925189313212361,5.810810810810809,0.4521900587072596,0.46125,6,738,rawnet2
runs,rawnet2_asv19_sweep,asvspoof2019_la,reverb,0.9,0.9,0.9000000000000002,0.3562499999999999,0.7008999999999999,0.99,5.938046804428853,0.3099999999999999,0.281869042300369,0.3300002005037216,6.702702702702701,0.46573016271883,0.470625,6,753,rawnet2
runs,rawnet2_asv19_sweep,asvspoof2019_la,transcode_identity,320.0,-320.0,320.0,0.0431249999999999,0.9922296875,0.1837499999999999,0.3484405484252414,-0.003125,-0.0093400045688702,0.0006291311140487,-0.067567567567568,0.0119458004079233,0.01,31,47,rawnet2
runs,rawnet2_asv19_sweep,asvspoof2019_la,transcode_identity,256.0,-256.0,256.0,0.0431249999999999,0.9922296875,0.1837499999999999,0.3484405484252414,-0.003125,-0.0093400045688702,0.0006291311140487,-0.067567567567568,0.0119458004079233,0.01,31,47,rawnet2
runs,rawnet2_asv19_sweep,asvspoof2019_la,transcode_identity,192.0,-192.0,192.0,0.0431249999999999,0.9922296875,0.1837499999999999,0.3484405484252414,-0.003125,-0.0093400045688702,0.0006291311140487,-0.067567567567568,0.0119458004079233,0.01,31,47,rawnet2
runs,rawnet2_asv19_sweep,asvspoof2019_la,transmission,0.0,0.0,0.0,0.04625,0.9908921875,0.1875,0.418382074719169,0.0,0.0,0.0,0.0,0.0,0.0,37,37,rawnet2
runs,rawnet2_asv19_sweep,asvspoof2019_la,transmission,0.01,0.01,0.010027788770389,0.05125,0.9896578125,0.20125,0.4370509571962304,0.0049999999999999,-0.0018669264347807,0.0093716787055106,0.108108108108108,0.007837489668481,0.00875,39,45,rawnet2
runs,rawnet2_asv19_sweep,asvspoof2019_la,transmission,0.05,0.05,0.050213066383787,0.06125,0.9846234375,0.19875,0.5010590905445392,0.0149999999999999,0.0068789630679983,0.0231456325193093,0.3243243243243241,0.0233568171446156,0.03625,39,77,rawnet2
runs,rawnet2_asv19_sweep,asvspoof2019_la,transmission,0.1,0.1,0.1000086190221701,0.0725,0.9745578125,0.38125,0.6809589104228205,0.02625,0.0156466905786197,0.0368725444537351,0.5675675675675675,0.0569339257855055,0.075625,39,134,rawnet2
runs,rawnet2_asv19_sweep,asvspoof2019_la,transmission,0.2,0.2,0.1990158402005855,0.098125,0.96059375,0.3825,1.1949245407383096,0.051875,0.0381012739106958,0.0656239468336598,1.1216216216216215,0.1251215156520253,0.163125,34,263,rawnet2
runs,rawnet2_asv21_sweep,asvspoof2021_la,bandpass,8000.0,-8000.0,7920.0,0.155,0.907421875,1.0,2.0143439635715517,0.0099999999999999,-0.0018669652045542,0.0187354410041211,0.0689655172413791,0.0531829765195737,0.035625,104,131,rawnet2
runs,rawnet2_asv21_sweep,asvspoof2021_la,bandpass,6000.0,-6000.0,6000.0,0.1375,0.9160859375,1.0,2.0506801405929047,-0.0075,-0.0169428319333571,0.0025000440449768,-0.0517241379310345,0.0644835225324085,0.04625,70,134,rawnet2
runs,rawnet2_asv21_sweep,asvspoof2021_la,bandpass,4000.0,-4000.0,4000.0,0.123125,0.926171875,1.0,2.1808830269442896,-0.0218749999999999,-0.0312390060889673,-0.0093685912304443,-0.1508620689655171,0.0936499543359512,0.07,40,142,rawnet2
runs,rawnet2_asv21_sweep,asvspoof2021_la,bandpass,3400.0,-3400.0,3400.0,0.125625,0.92805625,1.0,2.1746512509543887,-0.019375,-0.0312379521533644,-0.0094082455828665,-0.1336206896551726,0.0988777272117029,0.075,37,145,rawnet2
runs,rawnet2_asv21_sweep,asvspoof2021_la,bandpass,2000.0,-2000.0,2000.0,0.1287499999999999,0.927265625,0.9975,2.2798047668106305,-0.01625,-0.0262402754347178,-0.002481415718882,-0.1120689655172416,0.1179681174936552,0.08125,42,150,rawnet2
runs,rawnet2_asv21_sweep,asvspoof2021_la,chirp,25.0,-25.0,24.999999890185787,0.15,0.9101265625,0.9975,1.8351024989476925,0.005,-0.0026346872609281,0.0125000839850464,0.0344827586206896,0.0147257398158591,0.01625,111,123,rawnet2
runs,rawnet2_asv21_sweep,asvspoof2021_la,chirp,20.0,-20.0,19.999999965276665,0.1518749999999999,0.9088765625,0.99875,1.9401424452917273,0.0068749999999999,-0.0006521934859432,0.0143691414812584,0.047413793103448,0.0312488915062173,0.02125,109,125,rawnet2
runs,rawnet2_asv21_sweep,asvspoof2021_la,chirp,15.0,-15.0,14.999999989022488,0.1631249999999999,0.9008015624999998,0.99875,2.265782140370867,0.0181249999999999,0.006255082302626,0.0281215779091385,0.1249999999999996,0.0703582934111939,0.04375,96,146,rawnet2
runs,rawnet2_asv21_sweep,asvspoof2021_la,chirp,10.0,-10.0,9.999999996531574,0.2199999999999999,0.8596390625,1.0,3.5960217263974537,0.0749999999999999,0.0561885399724015,0.0930801165707331,0.5172413793103444,0.1703441674979915,0.14125,85,251,rawnet2
runs,rawnet2_asv21_sweep,asvspoof2021_la,chirp,5.0,-5.0,4.999999998906158,0.35375,0.7042343750000001,0.99375,6.422464664895004,0.20875,0.1806074301128594,0.2337783164346577,1.439655172413793,0.3555469802945473,0.355,83,529,rawnet2
runs,rawnet2_asv21_sweep,asvspoof2021_la,codec,128.0,-128.0,128.0,0.12875,0.927371875,0.9075,1.6025432849054435,-0.0162499999999999,-0.0268753757604662,-0.0087500536624431,-0.1120689655172412,0.0205999393611687,0.0275,94,106,rawnet2
runs,rawnet2_asv21_sweep,asvspoof2021_la,codec,64.0,-64.0,64.0,0.129375,0.9272359375,0.90375,1.6058251809473345,-0.015625,-0.0269994052852862,-0.008735477312318,-0.1077586206896551,0.0218431113787874,0.0275,93,105,rawnet2
runs,rawnet2_asv21_sweep,asvspoof2021_la,codec,32.0,-32.0,32.0,0.120625,0.9280546875,0.9375,1.641377540447249,-0.024375,-0.0324879951980792,-0.0125009375715082,-0.1681034482758622,0.029502120797671,0.041875,76,109,rawnet2
runs,rawnet2_asv21_sweep,asvspoof2021_la,codec,24.0,-24.0,24.0,0.12,0.9305328125,0.955,1.7479475317613582,-0.025,-0.0350185641381278,-0.0137591681368754,-0.1724137931034483,0.0523240805777952,0.049375,62,113,rawnet2
runs,rawnet2_asv21_sweep,asvspoof2021_la,codec,16.0,-16.0,16.0,0.1193749999999999,0.930271875,0.91375,2.034501505296612,-0.025625,-0.0325345591055178,-0.0106332083337724,-0.1767241379310347,0.0883974897094604,0.073125,45,124,rawnet2
runs,rawnet2_asv21_sweep,asvspoof2021_la,codec,8.0,-8.0,8.0,0.124375,0.9244046875,0.985,2.952939502115741,-0.020625,-0.0331278374231281,-0.0075004116442327,-0.1422413793103449,0.1730401211446838,0.116875,36,189,rawnet2
runs,rawnet2_asv21_sweep,asvspoof2021_la,gain,-3.0,3.0,-3.0,0.134375,0.921240625,0.9612500000000002,1.6402731770831367,-0.0106249999999999,-0.0181401048315436,0.0025014109521151,-0.0732758620689654,0.030857547788234,0.0375,133,103,rawnet2
runs,rawnet2_asv21_sweep,asvspoof2021_la,gain,3.0,3.0,3.0,0.128125,0.9246421875,0.9812500000000002,1.5279880907529482,-0.016875,-0.0287519408979986,-0.0087591081958995,-0.1163793103448277,0.0328077229465934,0.04125,114,98,rawnet2
runs,rawnet2_asv21_sweep,asvspoof2021_la,gain,-10.0,10.0,-10.0,0.186875,0.8810859375000001,0.98375,1.546990633066403,0.0418749999999999,0.0268751126191357,0.0625513825648271,0.2887931034482758,0.1094267905245478,0.260625,452,43,rawnet2
runs,rawnet2_asv21_sweep,asvspoof2021_la,gain,10.0,10.0,10.0,0.134375,0.912184375,0.985,1.5282803964136504,-0.010625,-0.0231683913558268,0.0025008854703717,-0.0732758620689656,0.0878071818612174,0.118125,187,78,rawnet2
runs,rawnet2_asv21_sweep,asvspoof2021_la,gain,-20.0,20.0,-20.0,0.4,0.6436250000000001,0.97875,3.3261901541997885,0.255,0.2262267515253756,0.285023346674844,1.7586206896551722,0.4578747801669935,0.48,770,2,rawnet2
runs,rawnet2_asv21_sweep,asvspoof2021_la,gain,20.0,20.0,20.0,0.193125,0.8623296875,0.99125,1.9161301133403743,0.0481249999999999,0.0281259350082846,0.0681372967446316,0.3318965517241377,0.1689397929250164,0.288125,439,56,rawnet2
runs,rawnet2_asv21_sweep,asvspoof2021_la,noise,30.0,-30.0,29.9999996527274,0.14,0.9149765625,1.0,1.6570888368965022,-0.005,-0.011906436071496,0.0018612229363139,-0.0344827586206896,0.0187811615339929,0.018125,117,108,rawnet2
runs,rawnet2_asv21_sweep,asvspoof2021_la,noise,20.0,-20.0,19.99999996527648,0.1475,0.9078968749999998,1.0,1.671206703439616,0.0025,-0.0087301410650985,0.0112389087052804,0.0172413793103448,0.0480074259929881,0.049375,153,102,rawnet2
runs,rawnet2_asv21_sweep,asvspoof2021_la,noise,15.0,-15.0,14.9999999890223,0.15125,0.8978429687499998,1.0,1.6867160261434808,0.0062499999999999,-0.0062566349702142,0.0199815665025915,0.0431034482758619,0.0762021723696134,0.115625,239,82,rawnet2
runs,rawnet2_asv21_sweep,asvspoof2021_la,noise,10.0,-10.0,9.9999999965314,0.2099999999999999,0.8500515624999999,1.0,2.045397469494286,0.0649999999999999,0.045,0.0868688308935681,0.4482758620689651,0.1985951228111131,0.328125,542,35,rawnet2
runs,rawnet2_asv21_sweep,asvspoof2021_la,noise,5.0,-5.0,4.99999999890598,0.39125,0.652134375,1.0,4.802827372213327,0.2462499999999999,0.2218492372878177,0.2749775654664918,1.698275862068965,0.5121632919663306,0.473125,763,18,rawnet2
runs,rawnet2_asv21_sweep,asvspoof2021_la,noise,0.0,-0.0,-3.431197944373468e-10,0.4868749999999999,0.5021671875,1.0,4.625686472341485,0.3418749999999999,0.311847467814728,0.374364871389553,2.3577586206896544,0.5655629187823867,0.4875,789,11,rawnet2
runs,rawnet2_asv21_sweep,asvspoof2021_la,reverb,0.1,0.1,0.1,0.216875,0.8554109374999999,0.99375,4.266237496851431,0.071875,0.0537591793142201,0.0918167310399456,0.4956896551724138,0.2356196839634508,0.181875,47,310,rawnet2
runs,rawnet2_asv21_sweep,asvspoof2021_la,reverb,0.3,0.3,0.2999999999999999,0.2843749999999999,0.781803125,0.9975,6.114972113535087,0.1393749999999999,0.116231018263717,0.1625003086537997,0.9612068965517234,0.3378481651831289,0.294375,43,482,rawnet2
runs,rawnet2_asv21_sweep,asvspoof2021_la,reverb,0.5,0.5,0.5,0.3325,0.7280421875,0.99625,6.675039400160102,0.1875,0.1637245625874177,0.210616059249268,1.293103448275862,0.3643925431354525,0.34875,63,535,rawnet2
runs,rawnet2_asv21_sweep,asvspoof2021_la,reverb,0.7,0.7,0.7,0.354375,0.688765625,1.0,6.828897661113341,0.2093749999999999,0.185589913636698,0.2386963685842513,1.443965517241379,0.3664782289018287,0.37125,83,567,rawnet2
runs,rawnet2_asv21_sweep,asvspoof2021_la,reverb,0.9,0.9,0.9000000000000002,0.38875,0.6521874999999999,0.99875,6.905224661645194,0.24375,0.2162136973639079,0.2706251695185604,1.6810344827586206,0.3683929345869721,0.39375,96,578,rawnet2
runs,rawnet2_asv21_sweep,asvspoof2021_la,transcode_identity,320.0,-320.0,320.0,0.12875,0.927309375,0.90875,1.6027918860450496,-0.0162499999999999,-0.0269222732854906,-0.0087530581013081,-0.1120689655172412,0.0206201808658067,0.026875,95,106,rawnet2
runs,rawnet2_asv21_sweep,asvspoof2021_la,transcode_identity,256.0,-256.0,256.0,0.12875,0.927309375,0.90875,1.6027918860450496,-0.0162499999999999,-0.0269222732854906,-0.0087530581013081,-0.1120689655172412,0.0206201808658067,0.026875,95,106,rawnet2
runs,rawnet2_asv21_sweep,asvspoof2021_la,transcode_identity,192.0,-192.0,192.0,0.12875,0.927309375,0.90875,1.6027918860450496,-0.0162499999999999,-0.0269222732854906,-0.0087530581013081,-0.1120689655172412,0.0206201808658067,0.026875,95,106,rawnet2
runs,rawnet2_asv21_sweep,asvspoof2021_la,transmission,0.0,0.0,0.0,0.145,0.9132265625,0.9974999999999998,1.758139001310453,0.0,0.0,0.0,0.0,0.0,0.0,116,116,rawnet2
runs,rawnet2_asv21_sweep,asvspoof2021_la,transmission,0.01,0.01,0.0097006507993345,0.1474999999999999,0.912584375,0.99125,1.747290578298902,0.0024999999999999,-0.0037785820202173,0.0087523203909459,0.0172413793103444,0.0088123402617896,0.01,122,116,rawnet2
runs,rawnet2_asv21_sweep,asvspoof2021_la,transmission,0.05,0.05,0.0497335622430416,0.14625,0.90706875,0.99875,1.8284824503590071,0.0012499999999999,-0.0099623181737661,0.0075250527020314,0.0086206896551722,0.0402442677176757,0.026875,118,115,rawnet2
runs,rawnet2_asv21_sweep,asvspoof2021_la,transmission,0.1,0.1,0.1007261153878,0.150625,0.8981375,0.99875,2.08511902274174,0.0056249999999999,-0.006895572641586,0.0187304716797058,0.0387931034482757,0.0753464068403446,0.05375,108,130,rawnet2
runs,rawnet2_asv21_sweep,asvspoof2021_la,transmission,0.2,0.2,0.2011269319384755,0.155625,0.8908234375,0.98,2.6708869845809864,0.0106249999999999,-0.0006494141451768,0.0281589270186918,0.0732758620689654,0.1392334799063946,0.09,85,159,rawnet2
runs,rawnet2_itw_sweep,in_the_wild,bandpass,8000.0,-8000.0,7920.0,0.474375,0.5450015625000001,1.0,4.086308142723068,-0.0537499999999999,-0.0768661033095531,-0.0418393379872618,-0.101775147928994,0.0930489754338901,0.12125,325,406,rawnet2
runs,rawnet2_itw_sweep,in_the_wild,bandpass,6000.0,-6000.0,6000.0,0.49375,0.50963125,1.0,4.574535080389458,-0.0343749999999999,-0.0537602459517422,-0.0187371040464781,-0.0650887573964495,0.104686056666133,0.139375,289,463,rawnet2
runs,rawnet2_itw_sweep,in_the_wild,bandpass,4000.0,-4000.0,4000.0,0.52,0.4683765625,1.0,5.099893980267289,-0.0081249999999999,-0.0275022345801334,0.0081432354231862,-0.0153846153846152,0.1381093384515276,0.173125,273,521,rawnet2
runs,rawnet2_itw_sweep,in_the_wild,bandpass,3400.0,-3400.0,3400.0,0.5237499999999999,0.4606421875,1.0,5.1312252067576125,-0.004375,-0.0237692251503583,0.0131461206643697,-0.008284023668639,0.1382502935914689,0.179375,276,526,rawnet2
runs,rawnet2_itw_sweep,in_the_wild,bandpass,2000.0,-2000.0,2000.0,0.551875,0.4214203125,1.0,5.1190703895463265,0.02375,0.0043798913858947,0.0418779950974845,0.0449704142011835,0.1425833111297927,0.165625,345,505,rawnet2
runs,rawnet2_itw_sweep,in_the_wild,chirp,25.0,-25.0,24.999993921179307,0.533125,0.465165625,1.0,4.335090405313295,0.005,-0.00805714391466,0.0168753747208763,0.0094674556213017,0.0405168897671268,0.044375,438,424,rawnet2
runs,rawnet2_itw_sweep,in_the_wild,chirp,20.0,-20.0,19.999998077429662,0.53625,0.45879375,1.0,4.450186446187597,0.008125,-0.0093710055100036,0.0187502688027362,0.0153846153846154,0.0603606145872717,0.0775,422,433,rawnet2
runs,rawnet2_itw_sweep,in_the_wild,chirp,15.0,-15.0,14.99999939200469,0.54625,0.449375,1.0,4.734815010864784,0.018125,-0.0018711857163446,0.033783714510396,0.034319526627219,0.0871606971343484,0.1175,373,474,rawnet2
runs,rawnet2_itw_sweep,in_the_wild,chirp,10.0,-10.0,9.999999807735156,0.56125,0.4287718749999999,1.0,5.363708352297471,0.033125,0.0118669425108253,0.0524714722872627,0.0627218934911244,0.1454422820647591,0.185625,294,542,rawnet2
runs,rawnet2_itw_sweep,in_the_wild,chirp,5.0,-5.0,4.999999939203206,0.5762499999999999,0.4179296875,1.0,6.514774206679752,0.0481249999999999,0.0225027987897991,0.0675190713852654,0.0911242603550295,0.2270654160230902,0.330625,139,641,rawnet2
runs,rawnet2_itw_sweep,in_the_wild,codec,128.0,-128.0,128.0,0.5387500000000001,0.44913125,1.0,4.5332894288006464,0.0106250000000001,0.0012501935847593,0.0168750645272745,0.0201183431952664,0.020009350855458,0.02,426,435,rawnet2
runs,rawnet2_itw_sweep,in_the_wild,codec,64.0,-64.0,64.0,0.5375,0.450415625,1.0,4.513009858129994,0.009375,-0.0006190253984621,0.0155706230400037,0.0177514792899408,0.0216447504330682,0.020625,426,432,rawnet2
runs,rawnet2_itw_sweep,in_the_wild,codec,32.0,-32.0,32.0,0.5475000000000001,0.4449492187499999,1.0,4.514709054397816,0.0193750000000001,0.0037539035125284,0.0274862071486583,0.0366863905325446,0.0442928896067663,0.050625,428,440,rawnet2
runs,rawnet2_itw_sweep,in_the_wild,codec,24.0,-24.0,24.0,0.57375,0.41496875,1.0,4.82332156673597,0.045625,0.0299340460792428,0.0580472918469206,0.0863905325443787,0.0718624255552204,0.08125,439,474,rawnet2
runs,rawnet2_itw_sweep,in_the_wild,codec,16.0,-16.0,16.0,0.599375,0.3674687499999999,1.0,5.277449945013583,0.07125,0.048789367658588,0.0856555325812592,0.1349112426035503,0.1068640956575846,0.1225,417,522,rawnet2
runs,rawnet2_itw_sweep,in_the_wild,codec,8.0,-8.0,8.0,0.623125,0.3322140624999999,1.0,5.4305446889213,0.095,0.073133756186432,0.1162361779257111,0.1798816568047339,0.1569284887031923,0.194375,485,517,rawnet2
runs,rawnet2_itw_sweep,in_the_wild,gain,-3.0,3.0,-3.0,0.53625,0.4452390625,1.0,4.084365859139528,0.008125,-0.0080598365569027,0.0187292277614857,0.0153846153846154,0.1457046454596902,0.1625,570,319,rawnet2
runs,rawnet2_itw_sweep,in_the_wild,gain,3.0,3.0,3.0,0.49875,0.49908125,1.0,4.852838531208547,-0.0293749999999999,-0.0468761983919256,-0.0174634635405401,-0.0556213017751478,0.1225410030147391,0.17,251,518,rawnet2
runs,rawnet2_itw_sweep,in_the_wild,gain,-10.0,10.0,-10.0,0.55,0.44889375,1.0,3.558487298395974,0.021875,-0.0044043266804993,0.0444347030149227,0.0414201183431954,0.4489829037325382,0.41625,756,97,rawnet2
runs,rawnet2_itw_sweep,in_the_wild,gain,10.0,10.0,10.0,0.39625,0.629265625,1.0,5.726547213105385,-0.1318749999999999,-0.1587461712151973,-0.1093544373166143,-0.2497041420118342,0.262413018820631,0.38875,67,616,rawnet2
runs,rawnet2_itw_sweep,in_the_wild,gain,-20.0,20.0,-20.0,0.4962499999999999,0.539221875,1.0,2.975410120122477,-0.0318749999999999,-0.0699781948444264,-0.0043754588109564,-0.0603550295857987,0.6394132720391237,0.50125,800,1,rawnet2
runs,rawnet2_itw_sweep,in_the_wild,gain,20.0,20.0,20.0,0.344375,0.6982625,1.0,5.348819025197121,-0.1837499999999999,-0.2174860940421385,-0.154374646156699,-0.3479289940828402,0.3532485969043256,0.485,69,592,rawnet2
runs,rawnet2_itw_sweep,in_the_wild,noise,30.0,-30.0,29.99998078595794,0.5349999999999999,0.4599921875,1.0,4.367317540859844,0.0068749999999999,-0.0031343720448629,0.0162263007392304,0.0130177514792898,0.0254124573530014,0.028125,442,424,rawnet2
runs,rawnet2_itw_sweep,in_the_wild,noise,20.0,-20.0,19.999998077429485,0.53375,0.4671890625,1.0,3.8746702094015486,0.0056249999999999,-0.0125013554754069,0.0168729097609296,0.0106508875739644,0.0991780594771088,0.1175,512,345,rawnet2
runs,rawnet2_itw_sweep,in_the_wild,noise,15.0,-15.0,14.999999392004517,0.52125,0.475771875,1.0,3.3052238730770913,-0.0068749999999999,-0.031254937624099,0.0075011705410807,-0.0130177514792898,0.2295624743644716,0.27125,635,212,rawnet2
runs,rawnet2_itw_sweep,in_the_wild,noise,10.0,-10.0,9.999999807734977,0.49375,0.5086109375,1.0,3.1043067617843283,-0.0343749999999999,-0.0600015188150543,-0.0118781687956967,-0.0650887573964495,0.4867063732781886,0.45125,775,56,rawnet2
runs,rawnet2_itw_sweep,in_the_wild,noise,5.0,-5.0,4.999999939203029,0.490625,0.5223921874999999,1.0,3.643521004656202,-0.0374999999999999,-0.0712560478682472,-0.0068456280702354,-0.0710059171597632,0.6526467675619859,0.500625,800,2,rawnet2
runs,rawnet2_itw_sweep,in_the_wild,noise,0.0,-0.0,-1.9222870206218113e-08,0.51,0.4763984375,1.0,2.905087451314997,-0.0181249999999999,-0.0544010768311554,0.0150255556014062,-0.0343195266272188,0.6461143509706774,0.501875,800,0,rawnet2
runs,rawnet2_itw_sweep,in_the_wild,reverb,0.1,0.1,0.1,0.55125,0.4254828125,1.0,4.777334492627534,0.023125,-0.0031590903556635,0.0431639855545534,0.0437869822485208,0.1900901060744118,0.21875,424,455,rawnet2
runs,rawnet2_itw_sweep,in_the_wild,reverb,0.3,0.3,0.2999999999999999,0.5675,0.412428125,1.0,5.164186078915254,0.039375,0.0137498523400585,0.0612503947780263,0.0745562130177515,0.2026099739946293,0.235,360,515,rawnet2
runs,rawnet2_itw_sweep,in_the_wild,reverb,0.5,0.5,0.5,0.584375,0.395303125,1.0,5.4243129907487635,0.05625,0.0287553186295583,0.0781163211916626,0.106508875739645,0.2178049618206433,0.273125,348,552,rawnet2
runs,rawnet2_itw_sweep,in_the_wild,reverb,0.7,0.7,0.7,0.588125,0.3880953124999999,1.0,5.48446671056795,0.06,0.0318788517439028,0.0837221202527993,0.1136094674556214,0.2273329758601487,0.295,354,547,rawnet2
runs,rawnet2_itw_sweep,in_the_wild,reverb,0.9,0.9,0.9000000000000002,0.58875,0.3846484375,1.0,5.610016828060847,0.060625,0.0337231833621668,0.0868809649124351,0.1147928994082841,0.2280167985062246,0.289375,349,549,rawnet2
runs,rawnet2_itw_sweep,in_the_wild,transcode_identity,320.0,-320.0,320.0,0.540625,0.449253125,1.0,4.532288050755911,0.0125,0.0005995156756311,0.0168758519552627,0.0236686390532545,0.0199659504016455,0.02125,426,435,rawnet2
runs,rawnet2_itw_sweep,in_the_wild,transcode_identity,256.0,-256.0,256.0,0.540625,0.449253125,1.0,4.532288050755911,0.0125,0.0005995156756311,0.0168758519552627,0.0236686390532545,0.0199659504016455,0.02125,426,435,rawnet2
runs,rawnet2_itw_sweep,in_the_wild,transcode_identity,192.0,-192.0,192.0,0.540625,0.449253125,1.0,4.532288050755911,0.0125,0.0005995156756311,0.0168758519552627,0.0236686390532545,0.0199659504016455,0.02125,426,435,rawnet2
runs,rawnet2_itw_sweep,in_the_wild,transmission,0.0,0.0,0.0,0.528125,0.4680640625,1.0,4.396769942399993,0.0,0.0,0.0,0.0,0.0,0.0,421,424,rawnet2
runs,rawnet2_itw_sweep,in_the_wild,transmission,0.01,0.01,0.0098224418608785,0.53,0.4626515625,1.0,4.386831317884933,0.001875,-0.0112673099351275,0.0112500109867572,0.0035502958579883,0.0420118978900007,0.035625,443,415,rawnet2
runs,rawnet2_itw_sweep,in_the_wild,transmission,0.05,0.05,0.0504099734556357,0.5443749999999999,0.442634375,1.0,4.576505367613977,0.0162499999999999,-0.0031298635548249,0.0356320137041939,0.0307692307692307,0.1534197994084174,0.150625,520,362,rawnet2
runs,rawnet2_itw_sweep,in_the_wild,transmission,0.1,0.1,0.098551582663714,0.536875,0.4294046874999999,1.0,4.839894647348369,0.00875,-0.0150015335581088,0.0287507408795287,0.0165680473372781,0.2308869093364476,0.21,574,333,rawnet2
runs,rawnet2_itw_sweep,in_the_wild,transmission,0.2,0.2,0.2000974472388898,0.560625,0.4063156249999999,1.0,5.4775370175511,0.0325,0.0074879923841724,0.0525020734221058,0.0615384615384617,0.2754931280901943,0.26125,609,360,rawnet2
runs,real_itw_all_sweep,in_the_wild,real_bird,25.0,-25.0,24.999991946549432,0.5980754637436763,0.3730607082630691,0.99375,4.521393920677766,-0.0587995362563237,-0.078616132013085,-0.0332623745774518,-0.0895140418745175,0.291356339408567,0.3212487411883182,638,370,reference_lfcc_logreg
runs,real_itw_all_sweep,in_the_wild,real_bird,20.0,-20.0,19.999997473092012,0.5865482715008432,0.403302065767285,0.99875,4.422861535482937,-0.0703267284991567,-0.0976985462226172,-0.0462315566710786,-0.1070625743088971,0.3876812767928761,0.3947633434038268,681,253,reference_lfcc_logreg
runs,real_itw_all_sweep,in_the_wild,real_bird,15.0,-15.0,14.999999219068169,0.5655870573355817,0.4204890387858347,0.995,4.831852971509452,-0.0912879426644183,-0.117740216154534,-0.0631811187363847,-0.1389730811256606,0.4981152315943592,0.4572004028197381,717,159,reference_lfcc_logreg
runs,real_itw_all_sweep,in_the_wild,real_bird,10.0,-10.0,9.999999734241008,0.5347849915682967,0.4586951939291737,1.0,5.325764493490179,-0.1220900084317032,-0.1501016790789815,-0.0929409343545182,-0.1858649034164845,0.5766509154072625,0.4763343403826787,739,147,reference_lfcc_logreg
runs,real_itw_all_sweep,in_the_wild,real_bird,5.0,-5.0,4.999999910110345,0.5104806070826307,0.4900084317032041,0.99875,6.279316457004826,-0.1463943929173693,-0.1753082958106038,-0.1198661184420692,-0.2228649178570798,0.6174953531372083,0.4793554884189325,741,101,reference_lfcc_logreg
runs,real_itw_all_sweep,in_the_wild,real_noise,30.0,-30.0,29.999974527456004,0.5861266863406408,0.3827381956155143,1.0,4.604070290884036,-0.0707483136593591,-0.0899956821477142,-0.0499681262343151,-0.1077043785489768,0.1587673957914335,0.1908358509566969,558,543,reference_lfcc_logreg
runs,real_itw_all_sweep,in_the_wild,real_noise,20.0,-20.0,19.999997478827865,0.5658052276559865,0.4163237774030354,0.99875,4.374701358241593,-0.0910697723440134,-0.1166556462159544,-0.0683678198583502,-0.1386409474314192,0.2765112414205102,0.2824773413897281,596,419,reference_lfcc_logreg
runs,real_itw_all_sweep,in_the_wild,real_noise,15.0,-15.0,14.999999200837747,0.5563712057335581,0.4217211214165261,1.0,4.318769753859639,-0.1005037942664418,-0.1262440437841266,-0.0735687372406159,-0.153002921813803,0.3326643319877327,0.3388721047331319,644,351,reference_lfcc_logreg
runs,real_itw_all_sweep,in_the_wild,real_noise,10.0,-10.0,9.999999772393997,0.5362531618887015,0.4483410623946037,1.0,4.2299083456776305,-0.1206218381112984,-0.1459142824145777,-0.091322610713858,-0.1836298201504067,0.3740460758719958,0.3610271903323263,664,299,reference_lfcc_logreg
runs,real_itw_all_sweep,in_the_wild,real_noise,5.0,-5.0,4.999999926651416,0.5366747470489039,0.4596585160202361,0.99875,4.602034983195386,-0.120200252951096,-0.1475798717957606,-0.0915646941903448,-0.1829880159103269,0.4514541658999125,0.4259818731117825,671,239,reference_lfcc_logreg
runs,real_itw_all_sweep,in_the_wild,real_noise,0.0,-0.0,-2.5921526510899972e-08,0.5356281618887015,0.4749799747048904,0.9975,5.027413741337288,-0.1212468381112984,-0.1501269178563732,-0.0908075767119951,-0.1845812949363249,0.5103814131234388,0.4531722054380664,696,198,reference_lfcc_logreg
runs,real_itw_all_sweep,in_the_wild,real_rir,0.0,0.0,0.0,0.5222112141652613,0.45777086846543,0.9975,7.831950179423332,-0.1346637858347387,-0.1621667787692659,-0.1057361793930201,-0.2050067148768619,0.2303139553551123,0.3494461228600201,169,1025,reference_lfcc_logreg
runs,real_itw_all_sweep,in_the_wild,real_rir,1.0,1.0,1.0,0.5549030354131534,0.4226143549747049,1.0,8.079069821364245,-0.1019719645868465,-0.1258414904611052,-0.0748724687591729,-0.1552380050798805,0.2271296959416364,0.3605236656596173,162,1050,reference_lfcc_logreg
runs,real_itw_all_sweep,in_the_wild,real_rir,2.0,2.0,2.0,0.5408610876897133,0.4465619730185497,0.99875,7.900172682326785,-0.1160139123102866,-0.1414686483087961,-0.0882583303760436,-0.1766148998063355,0.2290643185630548,0.3469284994964753,169,1046,reference_lfcc_logreg
runs,real_itw_all_sweep,in_the_wild,real_rir,3.0,3.0,3.0,0.5689449831365936,0.4244619519392917,1.0,8.015220921157994,-0.0879300168634064,-0.1139568515231323,-0.0658474168782229,-0.1338611103534255,0.2273696944158268,0.3474320241691843,173,1033,reference_lfcc_logreg
runs,real_itw_all_sweep,in_the_wild,real_rir,4.0,4.0,4.0,0.533316821247892,0.4503393760539629,1.0,7.829895939753267,-0.1235581787521079,-0.1462515955777175,-0.0952065478421259,-0.188099986682562,0.2300446494584218,0.3635448136958711,170,1014,reference_lfcc_logreg
runs,real_itw_all_sweep,in_the_wild,real_bird,25.0,-25.0,24.999993929500917,0.5075000000000001,0.497784375,0.99875,2.7381734506554696,0.055,0.0386948414670971,0.0743727211043536,0.1215469613259669,0.1150261446709031,0.138125,405,408,aasist
runs,real_itw_all_sweep,in_the_wild,real_bird,20.0,-20.0,19.99999809317479,0.5475,0.447734375,0.99875,2.9754029252391496,0.0949999999999999,0.0687212681300909,0.1162643574847988,0.2099447513812154,0.1757316675477572,0.194375,416,453,aasist
runs,real_itw_all_sweep,in_the_wild,real_bird,15.0,-15.0,14.999999410584683,0.576875,0.39805625,0.9975,3.4025627495200843,0.124375,0.1043535478565128,0.1506307743480145,0.2748618784530387,0.2322531709683117,0.2525,377,509,aasist
runs,real_itw_all_sweep,in_the_wild,real_bird,10.0,-10.0,9.999999800433482,0.571875,0.4078671875,1.0,3.5757542389662196,0.119375,0.0906455852227028,0.1450361368343825,0.2638121546961326,0.2664264967396618,0.310625,312,583,aasist
runs,real_itw_all_sweep,in_the_wild,real_bird,5.0,-5.0,4.999999937443419,0.60625,0.3759765625,1.0,4.069403986224297,0.1537499999999999,0.1231075560487249,0.1793761497509943,0.3397790055248617,0.3136241143981873,0.385,226,654,aasist
runs,real_itw_all_sweep,in_the_wild,real_noise,30.0,-30.0,29.999980804644764,0.4818749999999999,0.52480625,1.0,2.579538881810695,0.0293749999999999,0.0168765499111716,0.0431268429972954,0.064917127071823,0.0630773260926369,0.064375,417,366,aasist
runs,real_itw_all_sweep,in_the_wild,real_noise,20.0,-20.0,19.99999810913953,0.5275000000000001,0.4785453125,0.995,2.8187209329783074,0.075,0.0568634528259334,0.095562758677433,0.1657458563535913,0.1536562293352519,0.1725,440,412,aasist
runs,real_itw_all_sweep,in_the_wild,real_noise,15.0,-15.0,14.999999401648292,0.556875,0.4335359375,0.99875,3.1782665217920703,0.104375,0.0787457020371246,0.1256427529778663,0.2306629834254143,0.1959489369115171,0.215,413,469,aasist
runs,real_itw_all_sweep,in_the_wild,real_noise,10.0,-10.0,9.999999836031725,0.576875,0.4131015624999999,1.0,3.5080494151032253,0.124375,0.0962190741803339,0.1487842066511639,0.2748618784530387,0.2467105419885747,0.285625,335,544,aasist
runs,real_itw_all_sweep,in_the_wild,real_noise,5.0,-5.0,4.9999999453763015,0.5575,0.4464234375,0.99875,3.682136459764061,0.1049999999999999,0.0725046051799696,0.1312494263892053,0.2320441988950276,0.2836200979285599,0.3375,211,621,aasist
runs,real_itw_all_sweep,in_the_wild,real_noise,0.0,-0.0,-1.7733634592614628e-08,0.534375,0.4532796875,1.0,4.31103014667756,0.081875,0.0544565335137103,0.113058634802595,0.180939226519337,0.3270339307112659,0.40875,130,700,aasist
runs,real_itw_all_sweep,in_the_wild,real_rir,0.0,0.0,0.0,0.4599999999999999,0.5397890624999999,0.99875,5.299532560236066,0.0074999999999999,-0.0287508625539148,0.0356501879503834,0.016574585635359,0.3335312626718308,0.414375,96,679,aasist
runs,real_itw_all_sweep,in_the_wild,real_rir,1.0,1.0,1.0,0.440625,0.562425,1.0,5.281092384951324,-0.0118749999999999,-0.0474910330154778,0.0181196471846643,-0.0262430939226518,0.3366781024531283,0.425625,98,679,aasist
runs,real_itw_all_sweep,in_the_wild,real_rir,2.0,2.0,2.0,0.4449999999999999,0.5550375,1.0,5.257420405416161,-0.0075,-0.0431507832684187,0.0237359711621205,-0.0165745856353592,0.3368228714298492,0.4225,88,682,aasist
runs,real_itw_all_sweep,in_the_wild,real_rir,3.0,3.0,3.0,0.46625,0.527571875,1.0,5.372410367726569,0.01375,-0.0224932403609186,0.0462428366827563,0.0303867403314918,0.3292736388535049,0.40875,106,680,aasist
runs,real_itw_all_sweep,in_the_wild,real_rir,4.0,4.0,4.0,0.46625,0.52745625,1.0,5.419415935713194,0.01375,-0.0199310156462779,0.048139252259061,0.0303867403314918,0.32746551596142,0.40625,101,675,aasist
runs,real_itw_all_sweep,in_the_wild,real_bird,25.0,-25.0,24.999993929500917,0.43,0.6053906250000001,1.0,4.765296406401839,0.11125,0.0812598909353314,0.1412647799771078,0.3490196078431375,0.0756369920530787,0.43875,724,44,aasist3_kan
runs,real_itw_all_sweep,in_the_wild,real_bird,20.0,-20.0,19.99999809317479,0.41125,0.6295937500000001,0.9975,4.1457282162277895,0.0925,0.0611982115919577,0.1224982965310278,0.2901960784313726,0.0996067817734413,0.46625,746,30,aasist3_kan
runs,real_itw_all_sweep,in_the_wild,real_bird,15.0,-15.0,14.999999410584683,0.4137499999999999,0.62448125,0.99875,3.7666196937734,0.0949999999999999,0.0637544158570694,0.1262479979456649,0.2980392156862744,0.1065385848213337,0.4775,759,27,aasist3_kan
runs,real_itw_all_sweep,in_the_wild,real_bird,10.0,-10.0,9.999999800433482,0.43,0.6119640625,0.9975,3.8354299359764994,0.11125,0.0793599107523251,0.1450332160289942,0.3490196078431375,0.0983816082921129,0.483125,769,10,aasist3_kan
runs,real_itw_all_sweep,in_the_wild,real_bird,5.0,-5.0,4.999999937443419,0.448125,0.5850640625,0.99125,4.209437597342431,0.129375,0.0912473723598671,0.1606230212524522,0.4058823529411765,0.0848638447095064,0.488125,783,14,aasist3_kan
runs,real_itw_all_sweep,in_the_wild,real_noise,30.0,-30.0,29.999980804644764,0.3774999999999999,0.6632921875000001,0.99,7.636738594495082,0.0587499999999999,0.03562672997099,0.0831115909151691,0.184313725490196,0.0113694571641585,0.199375,422,179,aasist3_kan
runs,real_itw_all_sweep,in_the_wild,real_noise,20.0,-20.0,19.99999810913953,0.39375,0.645859375,0.9925,7.443436578970551,0.075,0.0499765877978445,0.100671823073558,0.235294117647059,0.0135547695762921,0.26125,447,171,aasist3_kan
runs,real_itw_all_sweep,in_the_wild,real_noise,15.0,-15.0,14.999999401648292,0.4131249999999999,0.6254421875,0.995,7.483787789126534,0.0943749999999999,0.0643471357725,0.1187547131746371,0.296078431372549,0.0188785456050036,0.319375,496,169,aasist3_kan
runs,real_itw_all_sweep,in_the_wild,real_noise,10.0,-10.0,9.999999836031725,0.4275,0.6174624999999999,0.99875,7.201098530096461,0.10875,0.0787508472494454,0.1362478006304919,0.3411764705882353,0.0213598556183963,0.36,515,167,aasist3_kan
runs,real_itw_all_sweep,in_the_wild,real_noise,5.0,-5.0,4.9999999453763015,0.4449999999999999,0.5938515625,1.0,7.25938003329447,0.1262499999999999,0.09438988808342,0.1549847514536283,0.3960784313725489,0.0216270748353308,0.381875,549,154,aasist3_kan
runs,real_itw_all_sweep,in_the_wild,real_noise,0.0,-0.0,-1.7733634592614628e-08,0.46125,0.5529999999999999,0.99125,7.279982602143695,0.1425,0.1118394190455511,0.1768663498799934,0.447058823529412,0.0252466826994135,0.4175,578,160,aasist3_kan
runs,real_itw_all_sweep,in_the_wild,real_rir,0.0,0.0,0.0,0.40375,0.6296445312499999,0.99,8.830372234621025,0.085,0.0543156518525986,0.1131247953254023,0.2666666666666669,0.0094026126615387,0.34,198,458,aasist3_kan
runs,real_itw_all_sweep,in_the_wild,real_rir,1.0,1.0,1.0,0.420625,0.587903125,0.99875,8.983498478916804,0.101875,0.06999803410153,0.1312462942449188,0.3196078431372551,0.0110470843984704,0.35125,206,482,aasist3_kan
runs,real_itw_all_sweep,in_the_wild,real_rir,2.0,2.0,2.0,0.4337499999999999,0.6006937499999999,1.0,8.915233701053019,0.1149999999999999,0.0849523068997917,0.1437829043355083,0.3607843137254902,0.0115403557988262,0.335,196,458,aasist3_kan
runs,real_itw_all_sweep,in_the_wild,real_rir,3.0,3.0,3.0,0.4075,0.62534375,0.995,8.81107758040105,0.08875,0.0568641797499307,0.1181249057661865,0.2784313725490196,0.0105752269839818,0.325625,185,452,aasist3_kan
runs,real_itw_all_sweep,in_the_wild,real_rir,4.0,4.0,4.0,0.4225,0.6127078125000001,1.0,8.810015775669523,0.10375,0.0731315088121731,0.1331237126471185,0.3254901960784314,0.011134420857482,0.33,200,466,aasist3_kan
runs,real_itw_all_sweep,in_the_wild,real_bird,25.0,-25.0,24.999993929500917,0.020625,0.9955734375,0.0987499999999999,0.1555554302865144,0.005,-0.0031274081157947,0.0112534463679502,0.3200000000000001,0.0260030626860972,0.015,20,7,spectra_aasist3
runs,real_itw_all_sweep,in_the_wild,real_bird,20.0,-20.0,19.99999809317479,0.0212499999999999,0.9958765625,0.1087499999999999,0.1396535509722886,0.0056249999999999,-0.0006339375604797,0.0149818516471145,0.3599999999999992,0.0283697495634337,0.01875,27,6,spectra_aasist3
runs,real_itw_all_sweep,in_the_wild,real_bird,15.0,-15.0,14.999999410584683,0.029375,0.9940734375,0.1124999999999999,0.2254956328982927,0.01375,0.0075899331167311,0.0256250676034897,0.8800000000000008,0.0445918101638441,0.03375,48,7,spectra_aasist3
runs,real_itw_all_sweep,in_the_wild,real_bird,10.0,-10.0,9.999999800433482,0.0543749999999999,0.985090625,0.29,0.353359975139193,0.0387499999999999,0.0287421104343594,0.051879989987719,2.4799999999999973,0.0698687682557756,0.06,82,15,spectra_aasist3
runs,real_itw_all_sweep,in_the_wild,real_bird,5.0,-5.0,4.999999937443419,0.0999999999999999,0.959359375,0.46375,0.736350342736444,0.0843749999999999,0.0681281978712162,0.1000118171774366,5.399999999999996,0.1263023405226893,0.12125,182,15,spectra_aasist3
runs,real_itw_all_sweep,in_the_wild,real_noise,30.0,-30.0,29.999980804644764,0.014375,0.9941359375,0.12625,0.1320533575862773,-0.0012499999999999,-0.0074912748996916,0.0049797526359007,-0.0799999999999991,0.0140922810801909,0.008125,14,6,spectra_aasist3
runs,real_itw_all_sweep,in_the_wild,real_noise,20.0,-20.0,19.99999810913953,0.0174999999999999,0.99301875,0.09625,0.1563432885237932,0.0018749999999999,-0.0044118518936702,0.0087501285176459,0.1199999999999982,0.0203845367242371,0.01,15,8,spectra_aasist3
runs,real_itw_all_sweep,in_the_wild,real_noise,15.0,-15.0,14.999999401648292,0.0231249999999999,0.9961125,0.11125,0.1346592343274483,0.0074999999999999,-0.0017020170980305,0.0131242582752082,0.4799999999999982,0.0273580271576974,0.02125,29,8,spectra_aasist3
runs,real_itw_all_sweep,in_the_wild,real_noise,10.0,-10.0,9.999999836031725,0.0331249999999999,0.9918640625,0.20875,0.2119707613215615,0.0174999999999999,0.0106300984580479,0.0268721862063927,1.1199999999999974,0.0364793939228961,0.025,37,12,spectra_aasist3
runs,real_itw_all_sweep,in_the_wild,real_noise,5.0,-5.0,4.9999999453763015,0.0587499999999999,0.985284375,0.2475,0.4200895957435862,0.0431249999999999,0.0324391190804553,0.0556143319112125,2.759999999999997,0.0754500001252191,0.07,101,14,spectra_aasist3
runs,real_itw_all_sweep,in_the_wild,real_noise,0.0,-0.0,-1.7733634592614628e-08,0.12,0.9528109375,0.5924999999999999,0.8779098599295185,0.104375,0.0868788491219842,0.1218814592368106,6.679999999999997,0.132284519419961,0.125625,179,23,spectra_aasist3
runs,real_itw_all_sweep,in_the_wild,real_rir,0.0,0.0,0.0,0.2131249999999999,0.87516875,0.91375,2.1755200698059336,0.1974999999999999,0.1762431719055699,0.2193906930026236,12.639999999999992,0.2328725732582343,0.239375,321,61,spectra_aasist3
runs,real_itw_all_sweep,in_the_wild,real_rir,1.0,1.0,1.0,0.2456249999999999,0.85288125,0.95375,2.188981859510638,0.2299999999999999,0.2106271026158729,0.2525021471380472,14.719999999999992,0.2495123526949724,0.251875,330,66,spectra_aasist3
runs,real_itw_all_sweep,in_the_wild,real_rir,2.0,2.0,2.0,0.2412499999999999,0.8621640625,0.8475,2.2099337406520805,0.2256249999999999,0.2042875380422269,0.2462488820240824,14.43999999999999,0.2389262798090019,0.245625,334,60,spectra_aasist3
runs,real_itw_all_sweep,in_the_wild,real_rir,3.0,3.0,3.0,0.231875,0.8720515624999999,0.8687499999999999,2.0851498699584794,0.21625,0.1937333871613369,0.2374859183058755,13.839999999999996,0.2232460173525397,0.22375,306,57,spectra_aasist3
runs,real_itw_all_sweep,in_the_wild,real_rir,4.0,4.0,4.0,0.21875,0.8692609375,0.865,2.1567594236684107,0.203125,0.1837518273967472,0.2268929594287095,12.999999999999996,0.2310835283742568,0.234375,322,56,spectra_aasist3
runs,real_itw_all_sweep,in_the_wild,real_bird,25.0,-25.0,24.999993929500917,0.53625,0.4582015625,1.0,4.297001461081203,0.008125,-0.006252882209344,0.021250062257591,0.0153846153846154,0.0593010909256186,0.065625,465,403,rawnet2
runs,real_itw_all_sweep,in_the_wild,real_bird,20.0,-20.0,19.99999809317479,0.54375,0.4521265625,1.0,4.265640802172829,0.015625,-0.003701374456118,0.0293778261879365,0.029585798816568,0.1004464708380074,0.115,495,384,rawnet2
runs,real_itw_all_sweep,in_the_wild,real_bird,15.0,-15.0,14.999999410584683,0.548125,0.44635,1.0,4.313261122616528,0.02,-0.0043750397463421,0.0375320975216205,0.0378698224852071,0.1761032110650715,0.18875,518,361,rawnet2
runs,real_itw_all_sweep,in_the_wild,real_bird,10.0,-10.0,9.999999800433482,0.5487500000000001,0.4431328125,1.0,4.441672954846074,0.0206250000000001,-0.0062384246234193,0.044369322856416,0.03905325443787,0.2329422035007974,0.251875,523,355,rawnet2
runs,real_itw_all_sweep,in_the_wild,real_bird,5.0,-5.0,4.999999937443419,0.520625,0.4559921875,1.0,4.723593408632426,-0.0074999999999999,-0.0356227535552429,0.0212325667030234,-0.0142011834319525,0.3054953275601358,0.300625,503,357,rawnet2
runs,real_itw_all_sweep,in_the_wild,real_noise,30.0,-30.0,29.999980804644764,0.5343749999999999,0.4569375,1.0,4.437239642480996,0.0062499999999999,-0.0081131328143841,0.0187504753539382,0.0118343195266271,0.0567309441519135,0.060625,463,401,rawnet2
runs,real_itw_all_sweep,in_the_wild,real_noise,20.0,-20.0,19.99999810913953,0.525625,0.4491625,1.0,4.5580065976865685,-0.0024999999999999,-0.0225006963653514,0.0181279073608618,-0.0047337278106507,0.1609505273709986,0.151875,512,352,rawnet2
runs,real_itw_all_sweep,in_the_wild,real_noise,15.0,-15.0,14.999999401648292,0.5349999999999999,0.447296875,1.0,4.738263785723835,0.0068749999999999,-0.0162554688852183,0.0300000503907256,0.0130177514792898,0.2108342796289211,0.20125,524,357,rawnet2
runs,real_itw_all_sweep,in_the_wild,real_noise,10.0,-10.0,9.999999836031725,0.540625,0.4448765625,1.0,5.024222314297784,0.0125,-0.014368300967721,0.0356243127012906,0.0236686390532545,0.279474411860132,0.259375,532,344,rawnet2
runs,real_itw_all_sweep,in_the_wild,real_noise,5.0,-5.0,4.9999999453763015,0.525,0.4659437499999999,1.0,5.1482797610083395,-0.0031249999999999,-0.0343577409184227,0.0212325862459271,-0.0059171597633134,0.3250904048153106,0.324375,502,348,rawnet2
runs,real_itw_all_sweep,in_the_wild,real_noise,0.0,-0.0,-1.7733634592614628e-08,0.513125,0.473684375,1.0,5.268528220173487,-0.0149999999999999,-0.0450163038735069,0.0162501396531193,-0.0284023668639051,0.4012237306895334,0.384375,515,313,rawnet2
runs,real_itw_all_sweep,in_the_wild,real_rir,0.0,0.0,0.0,0.56375,0.4362781249999999,1.0,6.514465835883529,0.035625,0.0055958505155939,0.0612270255842717,0.0674556213017751,0.2720045343086574,0.35125,202,607,rawnet2
runs,real_itw_all_sweep,in_the_wild,real_rir,1.0,1.0,1.0,0.5393749999999999,0.4495015624999999,1.0,6.479332987390764,0.0112499999999999,-0.0237500371094329,0.0362666533763027,0.0213017751479289,0.2788329012330731,0.3725,193,616,rawnet2
runs,real_itw_all_sweep,in_the_wild,real_rir,2.0,2.0,2.0,0.541875,0.4462578124999999,1.0,6.479598691176074,0.01375,-0.0193718502322988,0.0406040061509582,0.0260355029585799,0.2732986585910947,0.369375,209,613,rawnet2
runs,real_itw_all_sweep,in_the_wild,real_rir,3.0,3.0,3.0,0.5375,0.4435828125,0.99875,6.406671945999185,0.009375,-0.0206400176612728,0.0356460284994623,0.0177514792899408,0.2716300853955731,0.36625,205,604,rawnet2
runs,real_itw_all_sweep,in_the_wild,real_rir,4.0,4.0,4.0,0.5525,0.44259375,1.0,6.467574978602643,0.024375,-0.0074711104782275,0.051238835269923,0.0461538461538462,0.2673666088032925,0.364375,210,604,rawnet2
runs,real_itw_all_sweep,in_the_wild,real_bird,25.0,-25.0,24.999993929500917,0.1631249999999999,0.92029375,0.6587500000000002,2.210386761957128,0.0468749999999999,0.0362591128660085,0.0631162570024865,0.4032258064516127,0.0664315712367406,0.06625,164,100,ssl_aasist
runs,real_itw_all_sweep,in_the_wild,real_bird,20.0,-20.0,19.99999809317479,0.1899999999999999,0.8991765625000001,0.80875,2.401032593653283,0.0737499999999999,0.0549929817066633,0.0899984372558212,0.6344086021505375,0.0976391312722657,0.104375,199,100,ssl_aasist
runs,real_itw_all_sweep,in_the_wild,real_bird,15.0,-15.0,14.999999410584683,0.22375,0.8578703125,0.85875,2.660562005741093,0.1075,0.0924855934081276,0.1312509218990752,0.9247311827956992,0.1249522157949396,0.169375,277,112,ssl_aasist
runs,real_itw_all_sweep,in_the_wild,real_bird,10.0,-10.0,9.999999800433482,0.26625,0.814278125,0.9375,2.9696889384130363,0.15,0.1280789584700947,0.170625926066936,1.2903225806451613,0.15728997650203,0.20625,323,121,ssl_aasist
runs,real_itw_all_sweep,in_the_wild,real_bird,5.0,-5.0,4.999999937443419,0.341875,0.7438921875000001,0.91875,3.1101790955433866,0.225625,0.2018453861663799,0.24936486374367,1.940860215053764,0.181728253604797,0.26375,419,119,ssl_aasist
runs,real_itw_all_sweep,in_the_wild,real_noise,30.0,-30.0,29.999980804644764,0.130625,0.943378125,0.6275,1.910637674878798,0.0143749999999999,0.0050005782030372,0.0238484115223935,0.1236559139784946,0.0453039213127441,0.0325,119,83,ssl_aasist
runs,real_itw_all_sweep,in_the_wild,real_noise,20.0,-20.0,19.99999810913953,0.160625,0.9196859375,0.7424999999999999,2.304075031126123,0.044375,0.031850987414002,0.0612444537762662,0.3817204301075271,0.0832101144751503,0.069375,151,104,ssl_aasist
runs,real_itw_all_sweep,in_the_wild,real_noise,15.0,-15.0,14.999999401648292,0.1775,0.9058328125,0.7587499999999999,2.455481666563952,0.06125,0.0474686817748867,0.0812740827853941,0.5268817204301075,0.1045013459744827,0.1025,171,113,ssl_aasist
runs,real_itw_all_sweep,in_the_wild,real_noise,10.0,-10.0,9.999999836031725,0.2149999999999999,0.8696515625,0.93125,2.7971524260954803,0.0987499999999999,0.0799654944622246,0.1193787541232467,0.8494623655913978,0.1404761846693191,0.143125,215,128,ssl_aasist
runs,real_itw_all_sweep,in_the_wild,real_noise,5.0,-5.0,4.9999999453763015,0.2475,0.8338171875,0.94625,3.248905574554081,0.13125,0.1100034166854397,0.154390464086556,1.1290322580645165,0.171396090395865,0.198125,240,159,ssl_aasist
runs,real_itw_all_sweep,in_the_wild,real_noise,0.0,-0.0,-1.7733634592614628e-08,0.3,0.76185625,0.99875,3.5480246790096435,0.18375,0.1625090152921198,0.2112514193472841,1.5806451612903232,0.2053547193210274,0.26625,306,166,ssl_aasist
runs,real_itw_all_sweep,in_the_wild,real_rir,0.0,0.0,0.0,0.34375,0.6899124999999999,0.97125,5.915566025291036,0.2275,0.2043530201328869,0.2562615990639391,1.956989247311828,0.2653087295962218,0.35,192,420,ssl_aasist
runs,real_itw_all_sweep,in_the_wild,real_rir,1.0,1.0,1.0,0.323125,0.7159625000000001,0.97125,5.6381485435262135,0.206875,0.1812995995568744,0.2331242564162564,1.7795698924731185,0.259674408425998,0.339375,175,396,ssl_aasist
runs,real_itw_all_sweep,in_the_wild,real_rir,2.0,2.0,2.0,0.3199999999999999,0.7196828125,0.96375,5.763815230163869,0.2037499999999999,0.1799816679013844,0.2325614895689643,1.7526881720430103,0.2457982214792916,0.33375,173,417,ssl_aasist
runs,real_itw_all_sweep,in_the_wild,real_rir,3.0,3.0,3.0,0.3225,0.7259171875,0.935,5.460182681176836,0.20625,0.1818418819837098,0.2343704893559258,1.774193548387097,0.2537008111358866,0.315,181,389,ssl_aasist
runs,real_itw_all_sweep,in_the_wild,real_rir,4.0,4.0,4.0,0.31625,0.7079578124999999,0.9612500000000002,5.76668699791514,0.2,0.1774954930050546,0.230028669090624,1.7204301075268822,0.2512483213855711,0.3375,181,415,ssl_aasist
runs,real_itw_all_sweep,in_the_wild,real_bird,25.0,-25.0,24.999993929500917,0.09125,0.9609421875000002,0.7137499999999999,1.678571848403415,0.023125,0.008124962206795,0.0343655174847263,0.3394495412844037,0.0755410548032577,0.07625,145,36,xlsr_mamba
runs,real_itw_all_sweep,in_the_wild,real_bird,20.0,-20.0,19.99999809317479,0.103125,0.9549765625,0.7775,1.7434030931946638,0.0349999999999999,0.0187176062417906,0.0449851932044474,0.5137614678899081,0.0951413112528131,0.109375,192,34,xlsr_mamba
runs,real_itw_all_sweep,in_the_wild,real_bird,15.0,-15.0,14.999999410584683,0.129375,0.9250109375,0.845,1.877323316560846,0.06125,0.047471196494275,0.0768873456497225,0.8990825688073396,0.1204572632365449,0.19375,319,38,xlsr_mamba
runs,real_itw_all_sweep,in_the_wild,real_bird,10.0,-10.0,9.999999800433482,0.17,0.902559375,0.93375,1.9903844393615588,0.101875,0.0812569766120111,0.1168807144827386,1.4954128440366976,0.1354935745348126,0.24875,408,33,xlsr_mamba
runs,real_itw_all_sweep,in_the_wild,real_bird,5.0,-5.0,4.999999937443419,0.2049999999999999,0.870128125,0.9175,2.0429102532187255,0.1368749999999999,0.1168587313707835,0.153763827021716,2.009174311926605,0.1531157291469479,0.325625,524,24,xlsr_mamba
runs,real_itw_all_sweep,in_the_wild,real_noise,30.0,-30.0,29.999980804644764,0.0787499999999999,0.9722890625,0.5387500000000001,1.6594444621147622,0.0106249999999999,3.2248635501610395e-05,0.0175000027343921,0.1559633027522933,0.0458783260176776,0.028125,72,52,xlsr_mamba
runs,real_itw_all_sweep,in_the_wild,real_noise,20.0,-20.0,19.99999810913953,0.09375,0.95848125,0.6425,1.9169121392887516,0.0256249999999999,0.0124742805621972,0.0343873999964777,0.3761467889908256,0.0886486837868019,0.06,113,54,xlsr_mamba
runs,real_itw_all_sweep,in_the_wild,real_noise,15.0,-15.0,14.999999401648292,0.1099999999999999,0.954665625,0.6699999999999998,2.0541882828361673,0.0418749999999999,0.0293735737388839,0.0556023167527534,0.6146788990825685,0.1052601645610863,0.09125,149,50,xlsr_mamba
runs,real_itw_all_sweep,in_the_wild,real_noise,10.0,-10.0,9.999999836031725,0.1287499999999999,0.9372921875,0.7587499999999999,2.1764802488052584,0.0606249999999999,0.045608651822853,0.0762866612815857,0.8899082568807335,0.1290481328208427,0.134375,215,57,xlsr_mamba
runs,real_itw_all_sweep,in_the_wild,real_noise,5.0,-5.0,4.9999999453763015,0.17,0.9099796875,0.8449999999999999,2.429205491246918,0.101875,0.0831298582720583,0.1162564820778977,1.4954128440366976,0.1430433008829806,0.168125,262,56,xlsr_mamba
runs,real_itw_all_sweep,in_the_wild,real_noise,0.0,-0.0,-1.7733634592614628e-08,0.2299999999999999,0.8551718749999999,0.92125,2.694573180310243,0.161875,0.1443540450431835,0.1849394482753539,2.3761467889908254,0.1609249451035903,0.233125,354,74,xlsr_mamba
runs,real_itw_all_sweep,in_the_wild,real_rir,0.0,0.0,0.0,0.2875,0.7506390625,0.955,3.4842089024952116,0.219375,0.1962069972390609,0.2418665765848366,3.2201834862385317,0.1704394952866907,0.26375,201,268,xlsr_mamba
runs,real_itw_all_sweep,in_the_wild,real_rir,1.0,1.0,1.0,0.29,0.7545999999999999,0.9925,3.5095192759659146,0.221875,0.1968762034356365,0.2418768617259084,3.2568807339449544,0.1726204733754311,0.280625,201,285,xlsr_mamba
runs,real_itw_all_sweep,in_the_wild,real_rir,2.0,2.0,2.0,0.26875,0.77324375,0.9525,3.5174625089718363,0.200625,0.1812478415119648,0.2249816125476723,2.9449541284403677,0.1671620354473726,0.249375,178,280,xlsr_mamba
runs,real_itw_all_sweep,in_the_wild,real_rir,3.0,3.0,3.0,0.273125,0.77783125,0.92875,3.3740490898887776,0.205,0.1831245127587106,0.229387188852197,3.009174311926606,0.1629802871392017,0.254375,186,260,xlsr_mamba
runs,real_itw_all_sweep,in_the_wild,real_rir,4.0,4.0,4.0,0.28,0.7654953124999999,0.94625,3.455487022107063,0.211875,0.1905457547159198,0.2343803426127636,3.1100917431192663,0.1695798204375856,0.254375,189,271,xlsr_mamba
runs,real_itw_all_sweep,in_the_wild,real_bird,25.0,-25.0,24.999993929500917,0.1899999999999999,0.8925218750000001,0.8125,1.8051274394283283,-0.01125,-0.0268887668929735,0.0044415925629514,-0.0559006211180127,0.0444109502572482,0.081875,125,178,nes2net
runs,real_itw_all_sweep,in_the_wild,real_bird,20.0,-20.0,19.99999809317479,0.200625,0.8953203125,0.7549999999999998,1.6858500116836397,-0.000625,-0.0200359761486185,0.0162902847772409,-0.003105590062112,0.0603348738455842,0.110625,96,215,nes2net
runs,real_itw_all_sweep,in_the_wild,real_bird,15.0,-15.0,14.999999410584683,0.19625,0.8958593750000001,0.81625,1.554796134756159,-0.005,-0.0231300137210419,0.0150047109411844,-0.0248447204968944,0.0753654337269661,0.16875,66,286,nes2net
runs,real_itw_all_sweep,in_the_wild,real_bird,10.0,-10.0,9.999999800433482,0.181875,0.897953125,0.78875,1.3889310200748404,-0.019375,-0.0399640905764146,0.0019021976295862,-0.0962732919254659,0.0951258812286797,0.223125,40,357,nes2net
runs,real_itw_all_sweep,in_the_wild,real_bird,5.0,-5.0,4.999999937443419,0.2,0.8839359374999999,0.8825,1.191912862773069,-0.00125,-0.0293718229462563,0.0187306506962451,-0.0062111801242237,0.1363827283834631,0.310625,12,501,nes2net
runs,real_itw_all_sweep,in_the_wild,real_noise,30.0,-30.0,29.999980804644764,0.176875,0.900325,0.8075,1.758894209326714,-0.024375,-0.0393650142583694,-0.0125004780459533,-0.1211180124223604,0.0421555082995537,0.06,126,170,nes2net
runs,real_itw_all_sweep,in_the_wild,real_noise,20.0,-20.0,19.99999810913953,0.18,0.9045203125,0.7125,1.601237382316605,-0.02125,-0.0381528675040642,-0.0056163268112986,-0.1055900621118013,0.063276272974248,0.098125,95,210,nes2net
runs,real_itw_all_sweep,in_the_wild,real_noise,15.0,-15.0,14.999999401648292,0.1737499999999999,0.9073953125,0.77125,1.5488698615076235,-0.0275,-0.0450243591222607,-0.0087597864874893,-0.1366459627329196,0.0785651487849792,0.129375,81,234,nes2net
runs,real_itw_all_sweep,in_the_wild,real_noise,10.0,-10.0,9.999999836031725,0.1999999999999999,0.8932140625,0.7725,1.4006182079269744,-0.00125,-0.0249871913358756,0.0175022281160569,-0.0062111801242238,0.0999157366057127,0.173125,65,302,nes2net
runs,real_itw_all_sweep,in_the_wild,real_noise,5.0,-5.0,4.9999999453763015,0.223125,0.8690062500000001,0.8849999999999999,1.2637521972137662,0.0218749999999999,-1.5024038461538247e-05,0.044371088646496,0.1086956521739129,0.135554807614254,0.2525,31,413,nes2net
runs,real_itw_all_sweep,in_the_wild,real_noise,0.0,-0.0,-1.7733634592614628e-08,0.27125,0.8086156250000001,0.9612500000000002,1.158262986184785,0.0699999999999999,0.0481126402342738,0.0981065912520578,0.3478260869565214,0.1962171274380666,0.345,19,563,nes2net
runs,real_itw_all_sweep,in_the_wild,real_rir,0.0,0.0,0.0,0.37,0.66926484375,0.9975,2.0208868429965463,0.1687499999999999,0.1430290507457001,0.1981245401115861,0.8385093167701859,0.1806637549763955,0.29125,121,473,nes2net
runs,real_itw_all_sweep,in_the_wild,real_rir,1.0,1.0,1.0,0.41,0.6157203125,0.99875,2.1582955207848413,0.20875,0.1806409573297664,0.2331734689956407,1.0372670807453417,0.187779052853381,0.30375,132,498,nes2net
runs,real_itw_all_sweep,in_the_wild,real_rir,2.0,2.0,2.0,0.4125,0.62932734375,0.99625,2.1421729057674312,0.2112499999999999,0.1843202383460557,0.2387592703821207,1.0496894409937882,0.1782509940541183,0.299375,145,488,nes2net
runs,real_itw_all_sweep,in_the_wild,real_rir,3.0,3.0,3.0,0.396875,0.63421875,0.99875,2.13006834285026,0.1956249999999999,0.1681048328515843,0.2212489397851459,0.9720496894409932,0.1707044924313911,0.295625,132,491,nes2net
runs,real_itw_all_sweep,in_the_wild,real_rir,4.0,4.0,4.0,0.3725,0.6636609375,0.99125,2.0943129642585396,0.17125,0.144988812112756,0.1950033211644048,0.8509316770186335,0.1695265363255896,0.271875,121,466,nes2net
runs,real_itw_all_sweep,in_the_wild,real_bird,25.0,-25.0,24.999993929500917,0.33125,0.7343718750000001,0.98875,1.3579872322579292,0.05875,0.0356562039300161,0.0818483855161143,0.2155963302752296,0.0833743279164792,0.24125,384,162,xlsr_linear
runs,real_itw_all_sweep,in_the_wild,real_bird,20.0,-20.0,19.99999809317479,0.34375,0.7106718750000001,0.99875,1.3430168623724903,0.07125,0.0468733086915021,0.0975166949555937,0.261467889908257,0.104213618133216,0.281875,433,152,xlsr_linear
runs,real_itw_all_sweep,in_the_wild,real_bird,15.0,-15.0,14.999999410584683,0.353125,0.6906249999999999,0.9975,1.330203460185781,0.080625,0.0537600156182968,0.1087435785140915,0.2958715596330277,0.1183231667676081,0.31625,466,140,xlsr_linear
runs,real_itw_all_sweep,in_the_wild,real_bird,10.0,-10.0,9.999999800433482,0.3818749999999999,0.6708000000000001,0.98375,1.3185571131247142,0.109375,0.0818816964017826,0.1368962453356453,0.4013761467889908,0.1359868830695456,0.345,505,131,xlsr_linear
runs,real_itw_all_sweep,in_the_wild,real_bird,5.0,-5.0,4.999999937443419,0.4031249999999999,0.6394671875,0.9975,1.347324694333925,0.130625,0.1037224079703461,0.1562732928663576,0.4793577981651376,0.1447941219777481,0.356875,532,147,xlsr_linear
runs,real_itw_all_sweep,in_the_wild,real_noise,30.0,-30.0,29.999980804644764,0.2837499999999999,0.7847859374999999,0.98625,1.469368034219267,0.0112499999999999,-0.007528625761075,0.031237601728445,0.0412844036697247,0.0492842206997071,0.1525,239,217,xlsr_linear
runs,real_itw_all_sweep,in_the_wild,real_noise,20.0,-20.0,19.99999810913953,0.3087499999999999,0.753278125,0.995,1.5271928592176442,0.03625,0.0118842296795452,0.0600062874287557,0.1330275229357798,0.0744812412874973,0.23,258,238,xlsr_linear
runs,real_itw_all_sweep,in_the_wild,real_noise,15.0,-15.0,14.999999401648292,0.3375,0.7256953125000001,0.97375,1.5396942967798657,0.065,0.0431245381754315,0.090623935897887,0.2385321100917433,0.0883083826690269,0.23875,286,252,xlsr_linear
runs,real_itw_all_sweep,in_the_wild,real_noise,10.0,-10.0,9.999999836031725,0.345,0.710875,1.0,1.5708165339035418,0.0725,0.0481372775733307,0.0993740668494646,0.2660550458715597,0.0987426454788912,0.2725,278,276,xlsr_linear
runs,real_itw_all_sweep,in_the_wild,real_noise,5.0,-5.0,4.9999999453763015,0.3725,0.6746984374999999,0.9975,1.6962142296244065,0.1,0.0738008262729888,0.1281499504504207,0.3669724770642205,0.1014287602879332,0.321875,304,289,xlsr_linear
runs,real_itw_all_sweep,in_the_wild,real_noise,0.0,-0.0,-1.7733634592614628e-08,0.411875,0.631159375,0.9925,1.9209516359065009,0.139375,0.1130594356583934,0.1694075908341403,0.5114678899082571,0.1064538982162826,0.355625,262,391,xlsr_linear
runs,real_itw_all_sweep,in_the_wild,real_rir,0.0,0.0,0.0,0.3562499999999999,0.67173125,0.99875,2.6796930785750916,0.0837499999999999,0.0562552345228513,0.1131176750158179,0.3073394495412844,0.0920961686273416,0.365625,55,578,xlsr_linear
runs,real_itw_all_sweep,in_the_wild,real_rir,1.0,1.0,1.0,0.40125,0.6207250000000001,1.0,2.8630015287763646,0.12875,0.0993736767141637,0.1600247336059226,0.4724770642201836,0.0917060686145634,0.359375,63,590,xlsr_linear
runs,real_itw_all_sweep,in_the_wild,real_rir,2.0,2.0,2.0,0.4125,0.6204359374999999,1.0,2.793643641911099,0.14,0.111863457141182,0.1650047618574428,0.5137614678899084,0.0924005691257426,0.356875,79,594,xlsr_linear
runs,real_itw_all_sweep,in_the_wild,real_rir,3.0,3.0,3.0,0.3874999999999999,0.6470890625,1.0,2.7332038882474015,0.1149999999999999,0.0874795232457083,0.1412489691780545,0.4220183486238532,0.090801012888978,0.3475,71,575,xlsr_linear
runs,real_itw_all_sweep,in_the_wild,real_rir,4.0,4.0,4.0,0.3824999999999999,0.6572125,0.99875,2.6567637008321836,0.1099999999999999,0.0825135064257445,0.1368687812671829,0.4036697247706422,0.0894087758654666,0.34125,70,568,xlsr_linear
runs,real_itw_all_sweep,in_the_wild,real_bird,25.0,-25.0,24.999993929500917,0.2025,0.8624296874999999,0.9675,4.212667219988915,0.0006249999999999,-0.0100359399527582,0.0218711134871428,0.003095975232198,0.0336026225412009,0.125,91,256,wavlm_linear
runs,real_itw_all_sweep,in_the_wild,real_bird,20.0,-20.0,19.99999809317479,0.20875,0.85330625,0.9675,4.833832755168763,0.0068749999999999,-0.0068614267055053,0.0287592346578544,0.0340557275541793,0.0402415662059581,0.19375,61,352,wavlm_linear
runs,real_itw_all_sweep,in_the_wild,real_bird,15.0,-15.0,14.999999410584683,0.2249999999999999,0.8380703125,0.985,5.61137965699445,0.0231249999999999,0.0025011015714731,0.0437426523228772,0.114551083591331,0.0443096167098493,0.29,47,488,wavlm_linear
runs,real_itw_all_sweep,in_the_wild,real_bird,10.0,-10.0,9.999999800433482,0.2724999999999999,0.80429375,0.98125,6.48481484633946,0.0706249999999999,0.0499782452074127,0.0968673610699803,0.3498452012383897,0.0469022847724725,0.36875,22,599,wavlm_linear
runs,real_itw_all_sweep,in_the_wild,real_bird,5.0,-5.0,4.999999937443419,0.285,0.7701296874999999,0.9925,7.479946953530308,0.083125,0.0612560897175519,0.1124855832657766,0.4117647058823529,0.0500695273611663,0.43625,14,707,wavlm_linear
runs,real_itw_all_sweep,in_the_wild,real_noise,30.0,-30.0,29.999980804644764,0.20375,0.8609843749999999,0.9675,3.5284392096441226,0.0018749999999999,-0.0106243392343527,0.0156251129194499,0.0092879256965942,0.0190429326553125,0.064375,150,174,wavlm_linear
runs,real_itw_all_sweep,in_the_wild,real_noise,20.0,-20.0,19.99999810913953,0.2175,0.8529,0.9225,4.201227419214686,0.015625,0.0025044154867266,0.0356225118769054,0.0773993808049535,0.0321572795697294,0.125625,109,279,wavlm_linear
runs,real_itw_all_sweep,in_the_wild,real_noise,15.0,-15.0,14.999999401648292,0.25,0.825903125,0.96875,4.7651910630748615,0.0481249999999999,0.0312374915410449,0.0718662838392124,0.2383900928792568,0.0371299945518889,0.198125,82,352,wavlm_linear
runs,real_itw_all_sweep,in_the_wild,real_noise,10.0,-10.0,9.999999836031725,0.273125,0.8005625,0.9975,5.558437727953233,0.07125,0.0531240550841735,0.09685546875,0.3529411764705883,0.043359671852069,0.26625,56,463,wavlm_linear
runs,real_itw_all_sweep,in_the_wild,real_noise,5.0,-5.0,4.9999999453763015,0.301875,0.772565625,0.98625,6.364916914690192,0.0999999999999999,0.0750069643581152,0.1275141396612551,0.4953560371517026,0.0455557694683591,0.34,33,560,wavlm_linear
runs,real_itw_all_sweep,in_the_wild,real_noise,0.0,-0.0,-1.7733634592614628e-08,0.3425,0.717128125,0.99625,7.24986663387748,0.140625,0.1150402869393093,0.1693626066962753,0.696594427244582,0.0485321809414427,0.399375,19,647,wavlm_linear
runs,real_itw_all_sweep,in_the_wild,real_rir,0.0,0.0,0.0,0.405625,0.6282,0.97875,6.903301954688589,0.20375,0.1806303189507826,0.2362349160951347,1.0092879256965943,0.0612590638889229,0.414375,128,590,wavlm_linear
runs,real_itw_all_sweep,in_the_wild,real_rir,1.0,1.0,1.0,0.40125,0.6313421875,0.98875,6.856414424943005,0.1993749999999999,0.1731352656434958,0.2306215995689133,0.9876160990712072,0.058269651146702,0.41125,123,584,wavlm_linear
runs,real_itw_all_sweep,in_the_wild,real_rir,2.0,2.0,2.0,0.38875,0.653865625,0.995,6.807534875626631,0.1868749999999999,0.1605965003972234,0.2131620273261666,0.9256965944272444,0.063138238412099,0.420625,104,588,wavlm_linear
runs,real_itw_all_sweep,in_the_wild,real_rir,3.0,3.0,3.0,0.380625,0.6466875000000001,0.995,6.603476646870355,0.1787499999999999,0.1587281215814971,0.2124902988317507,0.8854489164086684,0.0608316335203334,0.401875,125,577,wavlm_linear
runs,real_itw_all_sweep,in_the_wild,real_rir,4.0,4.0,4.0,0.389375,0.6442265625000001,0.9925,6.845076507142606,0.1875,0.1618762877033959,0.2169016716234046,0.9287925696594426,0.0571614710262991,0.404375,123,591,wavlm_linear
runs,real_itw_all_sweep,in_the_wild,real_bird,25.0,-25.0,24.999993929500917,0.1012499999999999,0.949075,0.9425,1.1962897305763631,0.0218749999999999,0.0093864317554157,0.0306323623842693,0.2755905511811021,0.0640079645278212,0.046875,104,64,nes2net_v2
runs,real_itw_all_sweep,in_the_wild,real_bird,20.0,-20.0,19.99999809317479,0.1012499999999999,0.9562,0.7399999999999999,1.22792654674295,0.0218749999999999,0.0093403483159798,0.0368736831705655,0.2755905511811021,0.0791735577511575,0.05875,112,57,nes2net_v2
runs,real_itw_all_sweep,in_the_wild,real_bird,15.0,-15.0,14.999999410584683,0.1225,0.9394046875,0.95,1.3955728095190472,0.043125,0.025620747038533,0.0537899417392283,0.5433070866141735,0.1009977677510542,0.085,139,54,nes2net_v2
runs,real_itw_all_sweep,in_the_wild,real_bird,10.0,-10.0,9.999999800433482,0.145625,0.911565625,0.99625,1.567820129585314,0.06625,0.0487625850053969,0.0837458745874587,0.8346456692913387,0.1162114516890057,0.125,174,77,nes2net_v2
runs,real_itw_all_sweep,in_the_wild,real_bird,5.0,-5.0,4.999999937443419,0.1831249999999999,0.8835328125,0.9925,1.6649303314690804,0.1037499999999999,0.0849988105262097,0.1206192030470958,1.307086614173228,0.149310515971269,0.17625,262,81,nes2net_v2
runs,real_itw_all_sweep,in_the_wild,real_noise,30.0,-30.0,29.999980804644764,0.0787499999999999,0.958709375,0.92,1.1158348326782013,-0.000625,-0.009415094162665,0.0087549804289814,-0.0078740157480316,0.0402516540026731,0.026875,69,61,nes2net_v2
runs,real_itw_all_sweep,in_the_wild,real_noise,20.0,-20.0,19.99999810913953,0.1006249999999999,0.9519328125,0.8512500000000001,1.2782293094314223,0.0212499999999999,0.008111510590702,0.0287764026937143,0.2677165354330705,0.0758048221041387,0.045625,100,60,nes2net_v2
runs,real_itw_all_sweep,in_the_wild,real_noise,15.0,-15.0,14.999999401648292,0.1174999999999999,0.94235625,0.9662500000000002,1.3982201321046688,0.0381249999999999,0.0206405976067675,0.0512748859314939,0.4803149606299209,0.0901115169536189,0.083125,124,68,nes2net_v2
runs,real_itw_all_sweep,in_the_wild,real_noise,10.0,-10.0,9.999999836031725,0.14375,0.923134375,0.9975,1.5810074389055575,0.064375,0.0450342449598561,0.0769722910723274,0.8110236220472443,0.1125143329832674,0.09625,130,93,nes2net_v2
runs,real_itw_all_sweep,in_the_wild,real_noise,5.0,-5.0,4.9999999453763015,0.1737499999999999,0.8875453124999999,0.98875,1.9002753963910808,0.0943749999999999,0.0762643203198502,0.1131200727482201,1.1889763779527551,0.1516950429688689,0.150625,184,116,nes2net_v2
runs,real_itw_all_sweep,in_the_wild,real_noise,0.0,-0.0,-1.7733634592614628e-08,0.2249999999999999,0.8485281250000001,0.995,2.0979752791734585,0.1456249999999999,0.1243452440695218,0.1643974976143621,1.8346456692913384,0.1783950054636408,0.20625,256,131,nes2net_v2
runs,real_itw_all_sweep,in_the_wild,real_rir,0.0,0.0,0.0,0.3275,0.6849828124999999,0.99875,3.3117979299503184,0.248125,0.223131180604407,0.2718948558448953,3.125984251968504,0.2912466272895661,0.289375,269,249,nes2net_v2
runs,real_itw_all_sweep,in_the_wild,real_rir,1.0,1.0,1.0,0.290625,0.7268796875000001,1.0,3.104705666097367,0.21125,0.1874538716926233,0.2362503953144452,2.661417322834646,0.2865024506948364,0.27625,252,215,nes2net_v2
runs,real_itw_all_sweep,in_the_wild,real_rir,2.0,2.0,2.0,0.28625,0.729353125,1.0,3.151383902002752,0.206875,0.1868593531119843,0.2337584425472016,2.606299212598425,0.2754725515355182,0.26125,234,227,nes2net_v2
runs,real_itw_all_sweep,in_the_wild,real_rir,3.0,3.0,3.0,0.296875,0.7203453125,0.9975,3.137767897909591,0.2175,0.1906099212719351,0.2406137900825715,2.7401574803149606,0.2720255017327402,0.2725,239,236,nes2net_v2
runs,real_itw_all_sweep,in_the_wild,real_rir,4.0,4.0,4.0,0.295,0.71245,0.99875,3.1492667368773,0.215625,0.1930460894557651,0.2412450836706439,2.716535433070866,0.2759408945244838,0.26625,235,236,nes2net_v2
runs,real_itw_sweep,in_the_wild,real_bird,25.0,-25.0,24.999993929500917,0.1837499999999999,0.8982359375,0.78625,1.6830801373883273,0.1556249999999999,0.1381173183694933,0.1793729064320659,5.533333333333332,0.2999118313572848,0.24875,387,24,reference_lfcc_logreg
runs,real_itw_sweep,in_the_wild,real_bird,20.0,-20.0,19.99999809317479,0.236875,0.8341109375,0.93125,2.378781935119171,0.20875,0.19250072116414,0.2363180359482114,7.4222222222222225,0.3681917335404459,0.331875,513,23,reference_lfcc_logreg
runs,real_itw_sweep,in_the_wild,real_bird,15.0,-15.0,14.999999410584683,0.3225,0.739796875,0.98,3.4136903536144314,0.294375,0.2712190096529814,0.3212789722645027,10.466666666666669,0.4296552983719299,0.4225,653,24,reference_lfcc_logreg
runs,real_itw_sweep,in_the_wild,real_bird,10.0,-10.0,9.999999800433482,0.37375,0.6875125000000001,1.0,4.159798162640417,0.345625,0.3231313359904637,0.372460537854952,12.288888888888891,0.4506767416404938,0.44875,701,24,reference_lfcc_logreg
runs,real_itw_sweep,in_the_wild,real_bird,5.0,-5.0,4.999999937443419,0.4175,0.6153640625,0.99875,5.035183966097278,0.3893749999999999,0.3624982375680114,0.415043564931548,13.844444444444443,0.4665817233583798,0.471875,731,23,reference_lfcc_logreg
runs,real_itw_sweep,in_the_wild,real_noise,30.0,-30.0,29.999980804644764,0.10875,0.9516828125,0.44125,0.7135720182144567,0.080625,0.0668468614555772,0.0987493245431441,2.8666666666666676,0.1323888157942476,0.105,153,30,reference_lfcc_logreg
runs,real_itw_sweep,in_the_wild,real_noise,20.0,-20.0,19.99999810913953,0.2025,0.8684234375000001,0.87375,1.6769269169632703,0.174375,0.1562502441410065,0.1987434606842839,6.200000000000001,0.245009566899097,0.221875,329,35,reference_lfcc_logreg
runs,real_itw_sweep,in_the_wild,real_noise,15.0,-15.0,14.999999401648292,0.2412499999999999,0.8205125,0.97875,2.2357458022389505,0.2131249999999999,0.1956267317082204,0.2424722177321595,7.577777777777777,0.2880881019569438,0.2625,394,31,reference_lfcc_logreg
runs,real_itw_sweep,in_the_wild,real_noise,10.0,-10.0,9.999999836031725,0.289375,0.7649359375,0.99125,2.859456083005163,0.26125,0.2405837695712711,0.2862428386424978,9.288888888888891,0.3340046610282979,0.31625,474,41,reference_lfcc_logreg
runs,real_itw_sweep,in_the_wild,real_noise,5.0,-5.0,4.9999999453763015,0.353125,0.7030234375,0.975,3.5827003414182017,0.325,0.2981097792307349,0.3506374522344428,11.555555555555555,0.3637058150486457,0.355,530,43,reference_lfcc_logreg
runs,real_itw_sweep,in_the_wild,real_noise,0.0,-0.0,-1.7733634592614628e-08,0.41125,0.6443609375,0.9875,4.398416439589716,0.383125,0.3581210735677495,0.4094033305737947,13.622222222222224,0.4024344325817665,0.396875,592,40,reference_lfcc_logreg
runs,real_itw_sweep,in_the_wild,real_rir,0.0,0.0,0.0,0.1468749999999999,0.9290031250000002,0.585,0.8824722800868421,0.1187499999999999,0.1024864019061263,0.1387520379226708,4.222222222222222,0.1681314146450507,0.14,187,54,reference_lfcc_logreg
runs,real_itw_sweep,in_the_wild,real_rir,1.0,1.0,1.0,0.1587499999999999,0.926,0.62625,0.9121733982550352,0.130625,0.1150038195564699,0.1500115258533124,4.644444444444445,0.1764099641686863,0.14875,194,67,reference_lfcc_logreg
runs,real_itw_sweep,in_the_wild,real_rir,2.0,2.0,2.0,0.1587499999999999,0.9234140625,0.7050000000000001,0.8950767735694137,0.130625,0.1131144138993625,0.1487897981020085,4.644444444444445,0.169757540876612,0.13875,184,61,reference_lfcc_logreg
runs,real_itw_sweep,in_the_wild,real_rir,3.0,3.0,3.0,0.1424999999999999,0.9346796875,0.6275,0.8162723597232868,0.1143749999999999,0.0969049686392956,0.1331187265850735,4.0666666666666655,0.1622746492567491,0.1425,171,70,reference_lfcc_logreg
runs,real_itw_sweep,in_the_wild,real_rir,4.0,4.0,4.0,0.1374999999999999,0.93136875,0.7087499999999999,0.8909527521175575,0.1093749999999999,0.0937519725883303,0.1318702328400461,3.888888888888889,0.1749626845315386,0.14,186,57,reference_lfcc_logreg
runs,real_itw_sweep,in_the_wild,real_bird,25.0,-25.0,24.999993929500917,0.5075000000000001,0.497784375,0.99875,2.7381734506554696,0.055,0.0386948414670971,0.0743727211043536,0.1215469613259669,0.115026144670903,0.138125,405,408,aasist
runs,real_itw_sweep,in_the_wild,real_bird,20.0,-20.0,19.99999809317479,0.5475,0.447734375,0.99875,2.975402925239147,0.0949999999999999,0.0687212681300909,0.1162643574847988,0.2099447513812154,0.1757316675477572,0.194375,416,453,aasist
runs,real_itw_sweep,in_the_wild,real_bird,15.0,-15.0,14.999999410584683,0.576875,0.39805625,0.9975,3.402562749520068,0.124375,0.1043535478565128,0.1506307743480145,0.2748618784530387,0.2322531709683116,0.2525,377,509,aasist
runs,real_itw_sweep,in_the_wild,real_bird,10.0,-10.0,9.999999800433482,0.571875,0.4078671875,1.0,3.5757542389662635,0.119375,0.0906455852227028,0.1450361368343825,0.2638121546961326,0.2664264967396617,0.310625,312,583,aasist
runs,real_itw_sweep,in_the_wild,real_bird,5.0,-5.0,4.999999937443419,0.60625,0.3759765625,1.0,4.069403986224302,0.1537499999999999,0.1231075560487249,0.1793761497509943,0.3397790055248617,0.3136241143981872,0.385,226,654,aasist
runs,real_itw_sweep,in_the_wild,real_noise,30.0,-30.0,29.999980804644764,0.4818749999999999,0.52480625,1.0,2.5795388818106724,0.0293749999999999,0.0168765499111716,0.0431268429972954,0.064917127071823,0.0630773260926368,0.064375,417,366,aasist
runs,real_itw_sweep,in_the_wild,real_noise,20.0,-20.0,19.99999810913953,0.5275000000000001,0.4785453125,0.995,2.818720932978319,0.075,0.0568634528259334,0.095562758677433,0.1657458563535913,0.1536562293352519,0.1725,440,412,aasist
runs,real_itw_sweep,in_the_wild,real_noise,15.0,-15.0,14.999999401648292,0.556875,0.4335359375,0.99875,3.1782665217919286,0.104375,0.0787457020371246,0.1256427529778663,0.2306629834254143,0.1959489369115171,0.215,413,469,aasist
runs,real_itw_sweep,in_the_wild,real_noise,10.0,-10.0,9.999999836031725,0.576875,0.4131015624999999,1.0,3.5080494151033106,0.124375,0.0962190741803339,0.1487842066511639,0.2748618784530387,0.2467105419885747,0.285625,335,544,aasist
runs,real_itw_sweep,in_the_wild,real_noise,5.0,-5.0,4.9999999453763015,0.5575,0.4464234375,0.99875,3.682136459764099,0.1049999999999999,0.0725046051799696,0.1312494263892053,0.2320441988950276,0.2836200979285599,0.3375,211,621,aasist
runs,real_itw_sweep,in_the_wild,real_noise,0.0,-0.0,-1.7733634592614628e-08,0.534375,0.4532796875,1.0,4.311030146677909,0.081875,0.0544565335137103,0.113058634802595,0.180939226519337,0.3270339307112659,0.40875,130,700,aasist
runs,real_itw_sweep,in_the_wild,real_rir,0.0,0.0,0.0,0.4599999999999999,0.5397890624999999,0.99875,5.299532560236199,0.0074999999999999,-0.0287508625539148,0.0356501879503834,0.016574585635359,0.3335312626718308,0.414375,96,679,aasist
runs,real_itw_sweep,in_the_wild,real_rir,1.0,1.0,1.0,0.440625,0.562425,1.0,5.281092384951489,-0.0118749999999999,-0.0474910330154778,0.0181196471846643,-0.0262430939226518,0.3366781024531283,0.425625,98,679,aasist
runs,real_itw_sweep,in_the_wild,real_rir,2.0,2.0,2.0,0.4449999999999999,0.5550375,1.0,5.2574204054161235,-0.0075,-0.0431507832684187,0.0237359711621205,-0.0165745856353592,0.3368228714298492,0.4225,88,682,aasist
runs,real_itw_sweep,in_the_wild,real_rir,3.0,3.0,3.0,0.46625,0.527571875,1.0,5.372410367726626,0.01375,-0.0224932403609186,0.0462428366827563,0.0303867403314918,0.3292736388535049,0.40875,106,680,aasist
runs,real_itw_sweep,in_the_wild,real_rir,4.0,4.0,4.0,0.46625,0.52745625,1.0,5.419415935713173,0.01375,-0.0199310156462779,0.048139252259061,0.0303867403314918,0.32746551596142,0.40625,101,675,aasist
runs,real_itw_sweep,in_the_wild,real_bird,25.0,-25.0,24.999993929500917,0.43,0.6053906250000001,1.0,4.765296406401839,0.11125,0.0812598909353314,0.1412647799771078,0.3490196078431375,0.0756369920530787,0.43875,724,44,aasist3_kan
runs,real_itw_sweep,in_the_wild,real_bird,20.0,-20.0,19.99999809317479,0.41125,0.6295937500000001,0.9975,4.1457282162277895,0.0925,0.0611982115919577,0.1224982965310278,0.2901960784313726,0.0996067817734413,0.46625,746,30,aasist3_kan
runs,real_itw_sweep,in_the_wild,real_bird,15.0,-15.0,14.999999410584683,0.4137499999999999,0.62448125,0.99875,3.7666196937734,0.0949999999999999,0.0637544158570694,0.1262479979456649,0.2980392156862744,0.1065385848213337,0.4775,759,27,aasist3_kan
runs,real_itw_sweep,in_the_wild,real_bird,10.0,-10.0,9.999999800433482,0.43,0.6119640625,0.9975,3.8354299359764994,0.11125,0.0793599107523251,0.1450332160289942,0.3490196078431375,0.0983816082921129,0.483125,769,10,aasist3_kan
runs,real_itw_sweep,in_the_wild,real_bird,5.0,-5.0,4.999999937443419,0.448125,0.5850640625,0.99125,4.209437597342431,0.129375,0.0912473723598671,0.1606230212524522,0.4058823529411765,0.0848638447095064,0.488125,783,14,aasist3_kan
runs,real_itw_sweep,in_the_wild,real_noise,30.0,-30.0,29.999980804644764,0.3774999999999999,0.6632921875000001,0.99,7.636738594495082,0.0587499999999999,0.03562672997099,0.0831115909151691,0.184313725490196,0.0113694571641585,0.199375,422,179,aasist3_kan
runs,real_itw_sweep,in_the_wild,real_noise,20.0,-20.0,19.99999810913953,0.39375,0.645859375,0.9925,7.443436578970551,0.075,0.0499765877978445,0.100671823073558,0.235294117647059,0.0135547695762921,0.26125,447,171,aasist3_kan
runs,real_itw_sweep,in_the_wild,real_noise,15.0,-15.0,14.999999401648292,0.4131249999999999,0.6254421875,0.995,7.483787789126534,0.0943749999999999,0.0643471357725,0.1187547131746371,0.296078431372549,0.0188785456050036,0.319375,496,169,aasist3_kan
runs,real_itw_sweep,in_the_wild,real_noise,10.0,-10.0,9.999999836031725,0.4275,0.6174624999999999,0.99875,7.201098530096461,0.10875,0.0787508472494454,0.1362478006304919,0.3411764705882353,0.0213598556183963,0.36,515,167,aasist3_kan
runs,real_itw_sweep,in_the_wild,real_noise,5.0,-5.0,4.9999999453763015,0.4449999999999999,0.5938515625,1.0,7.25938003329447,0.1262499999999999,0.09438988808342,0.1549847514536283,0.3960784313725489,0.0216270748353308,0.381875,549,154,aasist3_kan
runs,real_itw_sweep,in_the_wild,real_noise,0.0,-0.0,-1.7733634592614628e-08,0.46125,0.5529999999999999,0.99125,7.279982602143695,0.1425,0.1118394190455511,0.1768663498799934,0.447058823529412,0.0252466826994135,0.4175,578,160,aasist3_kan
runs,real_itw_sweep,in_the_wild,real_rir,0.0,0.0,0.0,0.40375,0.6296445312499999,0.99,8.830372234621025,0.085,0.0543156518525986,0.1131247953254023,0.2666666666666669,0.0094026126615387,0.34,198,458,aasist3_kan
runs,real_itw_sweep,in_the_wild,real_rir,1.0,1.0,1.0,0.420625,0.587903125,0.99875,8.983498478916804,0.101875,0.06999803410153,0.1312462942449188,0.3196078431372551,0.0110470843984704,0.35125,206,482,aasist3_kan
runs,real_itw_sweep,in_the_wild,real_rir,2.0,2.0,2.0,0.4337499999999999,0.6006937499999999,1.0,8.915233701053019,0.1149999999999999,0.0849523068997917,0.1437829043355083,0.3607843137254902,0.0115403557988262,0.335,196,458,aasist3_kan
runs,real_itw_sweep,in_the_wild,real_rir,3.0,3.0,3.0,0.4075,0.62534375,0.995,8.81107758040105,0.08875,0.0568641797499307,0.1181249057661865,0.2784313725490196,0.0105752269839818,0.325625,185,452,aasist3_kan
runs,real_itw_sweep,in_the_wild,real_rir,4.0,4.0,4.0,0.4225,0.6127078125000001,1.0,8.810015775669523,0.10375,0.0731315088121731,0.1331237126471185,0.3254901960784314,0.011134420857482,0.33,200,466,aasist3_kan
runs,real_itw_sweep,in_the_wild,real_bird,25.0,-25.0,24.999993929500917,0.020625,0.9955734375,0.0987499999999999,0.1555554302865144,0.005,-0.0031274081157947,0.0112534463679502,0.3200000000000001,0.0260030626860972,0.015,20,7,spectra_aasist3
runs,real_itw_sweep,in_the_wild,real_bird,20.0,-20.0,19.99999809317479,0.0212499999999999,0.9958765625,0.1087499999999999,0.1396535509722886,0.0056249999999999,-0.0006339375604797,0.0149818516471145,0.3599999999999992,0.0283697495634337,0.01875,27,6,spectra_aasist3
runs,real_itw_sweep,in_the_wild,real_bird,15.0,-15.0,14.999999410584683,0.029375,0.9940734375,0.1124999999999999,0.2254956328982927,0.01375,0.0075899331167311,0.0256250676034897,0.8800000000000008,0.0445918101638441,0.03375,48,7,spectra_aasist3
runs,real_itw_sweep,in_the_wild,real_bird,10.0,-10.0,9.999999800433482,0.0543749999999999,0.985090625,0.29,0.353359975139193,0.0387499999999999,0.0287421104343594,0.051879989987719,2.4799999999999973,0.0698687682557756,0.06,82,15,spectra_aasist3
runs,real_itw_sweep,in_the_wild,real_bird,5.0,-5.0,4.999999937443419,0.0999999999999999,0.959359375,0.46375,0.736350342736444,0.0843749999999999,0.0681281978712162,0.1000118171774366,5.399999999999996,0.1263023405226893,0.12125,182,15,spectra_aasist3
runs,real_itw_sweep,in_the_wild,real_noise,30.0,-30.0,29.999980804644764,0.014375,0.9941359375,0.12625,0.1320533575862773,-0.0012499999999999,-0.0074912748996916,0.0049797526359007,-0.0799999999999991,0.0140922810801909,0.008125,14,6,spectra_aasist3
runs,real_itw_sweep,in_the_wild,real_noise,20.0,-20.0,19.99999810913953,0.0174999999999999,0.99301875,0.09625,0.1563432885237932,0.0018749999999999,-0.0044118518936702,0.0087501285176459,0.1199999999999982,0.0203845367242371,0.01,15,8,spectra_aasist3
runs,real_itw_sweep,in_the_wild,real_noise,15.0,-15.0,14.999999401648292,0.0231249999999999,0.9961125,0.11125,0.1346592343274483,0.0074999999999999,-0.0017020170980305,0.0131242582752082,0.4799999999999982,0.0273580271576974,0.02125,29,8,spectra_aasist3
runs,real_itw_sweep,in_the_wild,real_noise,10.0,-10.0,9.999999836031725,0.0331249999999999,0.9918640625,0.20875,0.2119707613215615,0.0174999999999999,0.0106300984580479,0.0268721862063927,1.1199999999999974,0.0364793939228961,0.025,37,12,spectra_aasist3
runs,real_itw_sweep,in_the_wild,real_noise,5.0,-5.0,4.9999999453763015,0.0587499999999999,0.985284375,0.2475,0.4200895957435862,0.0431249999999999,0.0324391190804553,0.0556143319112125,2.759999999999997,0.0754500001252191,0.07,101,14,spectra_aasist3
runs,real_itw_sweep,in_the_wild,real_noise,0.0,-0.0,-1.7733634592614628e-08,0.12,0.9528109375,0.5924999999999999,0.8779098599295185,0.104375,0.0868788491219842,0.1218814592368106,6.679999999999997,0.132284519419961,0.125625,179,23,spectra_aasist3
runs,real_itw_sweep,in_the_wild,real_rir,0.0,0.0,0.0,0.2131249999999999,0.87516875,0.91375,2.1755200698059336,0.1974999999999999,0.1762431719055699,0.2193906930026236,12.639999999999992,0.2328725732582343,0.239375,321,61,spectra_aasist3
runs,real_itw_sweep,in_the_wild,real_rir,1.0,1.0,1.0,0.2456249999999999,0.85288125,0.95375,2.188981859510638,0.2299999999999999,0.2106271026158729,0.2525021471380472,14.719999999999992,0.2495123526949724,0.251875,330,66,spectra_aasist3
runs,real_itw_sweep,in_the_wild,real_rir,2.0,2.0,2.0,0.2412499999999999,0.8621640625,0.8475,2.2099337406520805,0.2256249999999999,0.2042875380422269,0.2462488820240824,14.43999999999999,0.2389262798090019,0.245625,334,60,spectra_aasist3
runs,real_itw_sweep,in_the_wild,real_rir,3.0,3.0,3.0,0.231875,0.8720515624999999,0.8687499999999999,2.0851498699584794,0.21625,0.1937333871613369,0.2374859183058755,13.839999999999996,0.2232460173525397,0.22375,306,57,spectra_aasist3
runs,real_itw_sweep,in_the_wild,real_rir,4.0,4.0,4.0,0.21875,0.8692609375,0.865,2.1567594236684107,0.203125,0.1837518273967472,0.2268929594287095,12.999999999999996,0.2310835283742568,0.234375,322,56,spectra_aasist3
runs,reference_asv21_sweep,asvspoof2021_la,bandpass,8000.0,-8000.0,7920.0,0.3575,0.6932171874999998,0.98,2.604237852876868,0.0025,-0.0062511818640711,0.0143775748643005,0.0070422535211269,0.0260748772959311,0.025625,298,275,reference_lfcc_logreg
runs,reference_asv21_sweep,asvspoof2021_la,bandpass,6000.0,-6000.0,6000.0,0.44125,0.6519570312499999,1.0,6.891981723289857,0.08625,0.0537190364303248,0.1186919852573297,0.2429577464788732,0.4203493070087454,0.49125,0,786,reference_lfcc_logreg
runs,reference_asv21_sweep,asvspoof2021_la,bandpass,4000.0,-4000.0,4000.0,0.3149999999999999,0.7454546874999999,0.98125,5.826274344032551,-0.04,-0.0637506894295944,-0.010000596537782,-0.1126760563380282,0.4212482767970912,0.491875,0,787,reference_lfcc_logreg
runs,reference_asv21_sweep,asvspoof2021_la,bandpass,3400.0,-3400.0,3400.0,0.2925,0.7627390624999999,0.98125,5.294576363355069,-0.0625,-0.0831230439833125,-0.0306639379730404,-0.176056338028169,0.4186987211502387,0.490625,0,785,reference_lfcc_logreg
runs,reference_asv21_sweep,asvspoof2021_la,bandpass,2000.0,-2000.0,2000.0,0.370625,0.6986609375000001,0.9225,2.3638805577047104,0.015625,-0.0093651717701344,0.0443571640854934,0.0440140845070422,0.2820841836650797,0.314375,122,555,reference_lfcc_logreg
runs,reference_asv21_sweep,asvspoof2021_la,chirp,25.0,-25.0,24.999999890185787,0.316875,0.7117390625,0.9925,5.065397914216239,-0.0381249999999999,-0.0593631273099711,-0.0119535673634272,-0.107394366197183,0.3520026543116752,0.3,594,114,reference_lfcc_logreg
runs,reference_asv21_sweep,asvspoof2021_la,chirp,20.0,-20.0,19.999999965276665,0.3156249999999999,0.7032203125,0.99625,5.485213045479215,-0.039375,-0.0568956569850396,-0.0106214795456175,-0.1109154929577466,0.3657259091129534,0.315,617,117,reference_lfcc_logreg
runs,reference_asv21_sweep,asvspoof2021_la,chirp,15.0,-15.0,14.999999989022488,0.3193749999999999,0.7123515625,0.995,5.453949160085418,-0.035625,-0.0543745534159524,-0.0093790196754815,-0.1003521126760564,0.3705269437832271,0.32125,624,112,reference_lfcc_logreg
runs,reference_asv21_sweep,asvspoof2021_la,chirp,10.0,-10.0,9.999999996531574,0.3193749999999999,0.714371875,0.9975,5.537670572726307,-0.035625,-0.0568807906256556,-0.0118856791510759,-0.1003521126760564,0.3747219704723221,0.324375,622,109,reference_lfcc_logreg
runs,reference_asv21_sweep,asvspoof2021_la,chirp,5.0,-5.0,4.999999998906158,0.32625,0.7151203125000001,0.99625,5.63278420876561,-0.0287499999999999,-0.0487962615602401,-0.0031195158929642,-0.0809859154929575,0.3841391331012137,0.329375,626,101,reference_lfcc_logreg
runs,reference_asv21_sweep,asvspoof2021_la,codec,128.0,-128.0,128.0,0.456875,0.601259375,1.0,7.94047431622898,0.101875,0.0693767277549513,0.1368745939400253,0.2869718309859156,0.4216981743484373,0.49,3,787,reference_lfcc_logreg
runs,reference_asv21_sweep,asvspoof2021_la,codec,64.0,-64.0,64.0,0.45875,0.5592406249999999,1.0,7.66894417352852,0.10375,0.0762350420223515,0.1387451361388451,0.2922535211267606,0.4235743605811495,0.493125,3,792,reference_lfcc_logreg
runs,reference_asv21_sweep,asvspoof2021_la,codec,32.0,-32.0,32.0,0.458125,0.55609765625,1.0,5.859164268424935,0.103125,0.073133899207658,0.1356252857682012,0.2904929577464789,0.3519808468184754,0.405,89,683,reference_lfcc_logreg
runs,reference_asv21_sweep,asvspoof2021_la,codec,24.0,-24.0,24.0,0.46875,0.5571984375,0.97875,3.160366506398162,0.11375,0.0831989313242096,0.1419418865139689,0.3204225352112677,0.3502275297654071,0.341875,607,106,reference_lfcc_logreg
runs,reference_asv21_sweep,asvspoof2021_la,codec,16.0,-16.0,16.0,0.489375,0.515075,0.96,6.5393001912300415,0.134375,0.1087426291276948,0.1668934296585491,0.3785211267605635,0.5360277462931847,0.478125,766,1,reference_lfcc_logreg
runs,reference_asv21_sweep,asvspoof2021_la,codec,8.0,-8.0,8.0,0.509375,0.4851999999999999,0.98,9.79864141544726,0.154375,0.1237699511263468,0.1850167852302284,0.4348591549295776,0.5683812244769862,0.5,800,0,reference_lfcc_logreg
runs,reference_asv21_sweep,asvspoof2021_la,gain,-3.0,3.0,-3.0,0.354375,0.6919921874999999,0.98125,2.6308611689394894,-0.0006249999999999,-0.0037410698101768,0.0037517164154218,-0.0017605633802816,0.0053317754250294,0.0075,279,291,reference_lfcc_logreg
runs,reference_asv21_sweep,asvspoof2021_la,gain,3.0,3.0,3.0,0.33875,0.6974671875,0.98625,2.5882110101336155,-0.0162499999999999,-0.0256248402128945,-0.003103046303311,-0.0457746478873239,0.042670868252536,0.04875,309,241,reference_lfcc_logreg
runs,reference_asv21_sweep,asvspoof2021_la,gain,-10.0,10.0,-10.0,0.356875,0.6893140625,0.98125,2.645023387201741,0.001875,-0.0025000358403648,0.0112588774492416,0.0052816901408452,0.0236867709753764,0.03375,257,311,reference_lfcc_logreg
runs,reference_asv21_sweep,asvspoof2021_la,gain,10.0,10.0,10.0,0.334375,0.6863,0.99125,2.912825866764283,-0.020625,-0.037500613998001,-0.001872588942326,-0.0580985915492957,0.2579850483208057,0.25875,552,140,reference_lfcc_logreg
runs,reference_asv21_sweep,asvspoof2021_la,gain,-20.0,20.0,-20.0,0.373125,0.6798859374999999,0.98375,2.615059064493579,0.018125,0.0081137257455301,0.0274877488059813,0.0510563380281691,0.0479602572954029,0.049375,257,328,reference_lfcc_logreg
runs,reference_asv21_sweep,asvspoof2021_la,gain,20.0,20.0,20.0,0.403125,0.6128218750000001,1.0,4.508403693510057,0.048125,0.0262602580032988,0.0718634542167928,0.1355633802816903,0.4273859043894251,0.371875,702,107,reference_lfcc_logreg
runs,reference_asv21_sweep,asvspoof2021_la,noise,30.0,-30.0,29.9999996527274,0.3125,0.7569234375,0.99125,4.662869403715279,-0.0424999999999999,-0.0650331184799287,-0.0193559688589032,-0.1197183098591548,0.5240881325377649,0.473125,761,8,reference_lfcc_logreg
runs,reference_asv21_sweep,asvspoof2021_la,noise,20.0,-20.0,19.99999996527648,0.3043749999999999,0.7585968750000001,0.99125,7.331995499720809,-0.050625,-0.0756153669570608,-0.0231221057561955,-0.142605633802817,0.5676249113960884,0.499375,799,0,reference_lfcc_logreg
runs,reference_asv21_sweep,asvspoof2021_la,noise,15.0,-15.0,14.9999999890223,0.3199999999999999,0.7404265624999999,0.9825,8.674131843933658,-0.035,-0.0599936830906248,-0.0055948972570558,-0.0985915492957747,0.5688436879943366,0.5,800,0,reference_lfcc_logreg
runs,reference_asv21_sweep,asvspoof2021_la,noise,10.0,-10.0,9.9999999965314,0.3225,0.7302484375,0.99375,9.631743641098955,-0.0324999999999999,-0.0611978355834064,-0.0037495912714594,-0.0915492957746478,0.568877873078282,0.5,800,0,reference_lfcc_logreg
runs,reference_asv21_sweep,asvspoof2021_la,noise,5.0,-5.0,4.99999999890598,0.351875,0.6956796875,0.9925,9.946782112269018,-0.0031249999999999,-0.0312443917367883,0.0256218813869887,-0.0088028169014082,0.5688792731118197,0.5,800,0,reference_lfcc_logreg
runs,reference_asv21_sweep,asvspoof2021_la,noise,0.0,-0.0,-3.431197944373468e-10,0.37,0.6577453125,0.99875,9.965785006009968,0.015,-0.0137696376328666,0.0481123299667096,0.0422535211267606,0.5688794247670391,0.5,800,0,reference_lfcc_logreg
runs,reference_asv21_sweep,asvspoof2021_la,reverb,0.1,0.1,0.1,0.406875,0.6368671875,0.9875,3.5119337059165874,0.051875,0.027496296661926,0.072500420059897,0.1461267605633803,0.2004850377184545,0.203125,350,291,reference_lfcc_logreg
runs,reference_asv21_sweep,asvspoof2021_la,reverb,0.3,0.3,0.2999999999999999,0.389375,0.6453390625,0.98,3.2303585877073657,0.034375,0.0162110769748464,0.0593673339364621,0.096830985915493,0.1655234926268035,0.17875,262,354,reference_lfcc_logreg
runs,reference_asv21_sweep,asvspoof2021_la,reverb,0.5,0.5,0.5,0.3774999999999999,0.6551296875,0.97375,3.166553586257448,0.0224999999999999,0.0043731936392681,0.0450001125018238,0.0633802816901407,0.1659439745575379,0.1725,238,384,reference_lfcc_logreg
runs,reference_asv21_sweep,asvspoof2021_la,reverb,0.7,0.7,0.7,0.41375,0.623478125,0.965,3.471956958425544,0.05875,0.0350362481045121,0.0799953574544769,0.1654929577464789,0.1793298377945664,0.203125,246,407,reference_lfcc_logreg
runs,reference_asv21_sweep,asvspoof2021_la,reverb,0.9,0.9,0.9000000000000002,0.40625,0.619071875,0.9775,3.5001995115520623,0.05125,0.0318328422519971,0.0756489840401257,0.1443661971830986,0.1915192690232411,0.22,252,420,reference_lfcc_logreg
runs,reference_asv21_sweep,asvspoof2021_la,transcode_identity,320.0,-320.0,320.0,0.459375,0.6007218750000001,1.0,7.95899383492892,0.104375,0.0681539799840033,0.136250085158379,0.2940140845070422,0.4219456572096526,0.490625,3,788,reference_lfcc_logreg
runs,reference_asv21_sweep,asvspoof2021_la,transcode_identity,256.0,-256.0,256.0,0.459375,0.6007218750000001,1.0,7.95899383492892,0.104375,0.0681539799840033,0.136250085158379,0.2940140845070422,0.4219456572096526,0.490625,3,788,reference_lfcc_logreg
runs,reference_asv21_sweep,asvspoof2021_la,transcode_identity,192.0,-192.0,192.0,0.459375,0.6007218750000001,1.0,7.95899383492892,0.104375,0.0681539799840033,0.136250085158379,0.2940140845070422,0.4219456572096526,0.490625,3,788,reference_lfcc_logreg
runs,reference_asv21_sweep,asvspoof2021_la,transmission,0.0,0.0,0.0,0.355,0.69239375,0.98125,2.628085109928815,0.0,0.0,0.0,0.0,0.0,0.0,284,284,reference_lfcc_logreg
runs,reference_asv21_sweep,asvspoof2021_la,transmission,0.01,0.01,0.0097006507993345,0.35375,0.6929093749999999,0.98375,2.6377928549464653,-0.0012499999999999,-0.0075002962031579,0.0050025818201332,-0.0035211267605633,0.0082259665965338,0.01125,279,285,reference_lfcc_logreg
runs,reference_asv21_sweep,asvspoof2021_la,transmission,0.05,0.05,0.0497335622430416,0.345,0.6926046875,0.99125,2.6548256957528023,-0.01,-0.0168714611607833,0.0013344593272869,-0.028169014084507,0.0274567400908793,0.038125,254,293,reference_lfcc_logreg
runs,reference_asv21_sweep,asvspoof2021_la,transmission,0.1,0.1,0.1007261153878,0.344375,0.6930281250000001,0.98875,2.6397917079803355,-0.0106249999999999,-0.0225387418505928,0.0012334696774345,-0.0299295774647887,0.0388349703957186,0.054375,254,295,reference_lfcc_logreg
runs,reference_asv21_sweep,asvspoof2021_la,transmission,0.2,0.2,0.2011269319384755,0.346875,0.688271875,0.98125,2.553302890475775,-0.0081249999999999,-0.0181235577727945,0.0087347381501512,-0.0228873239436618,0.0538886838196434,0.063125,281,272,reference_lfcc_logreg
runs,reference_crossdomain_sweep,in_the_wild,bandpass,8000.0,-8000.0,7920.0,0.65625,0.31635625,1.0,5.892294252157754,-0.0006249999999999,-0.0050002812658211,0.0050361585102858,-0.0009514747859181,0.0094300602453999,0.004375,526,520,reference_lfcc_logreg
runs,reference_crossdomain_sweep,in_the_wild,bandpass,6000.0,-6000.0,6000.0,0.78125,0.1404421875,1.0,10.093674074755516,0.124375,0.098124364036981,0.1550028704986638,0.1893434823977164,0.2476013345837784,0.405,176,781,reference_lfcc_logreg
runs,reference_crossdomain_sweep,in_the_wild,bandpass,4000.0,-4000.0,4000.0,0.675,0.260090625,1.0,7.296936382942648,0.018125,-0.0031117802348388,0.0406288203930983,0.0275927687916271,0.1784062829732976,0.2425,415,684,reference_lfcc_logreg
runs,reference_crossdomain_sweep,in_the_wild,bandpass,3400.0,-3400.0,3400.0,0.654375,0.2882625,0.9975,6.208835806531431,-0.0024999999999999,-0.0218808391642171,0.018770080984056,-0.0038058991436726,0.1713632503207208,0.211875,445,621,reference_lfcc_logreg
runs,reference_crossdomain_sweep,in_the_wild,bandpass,2000.0,-2000.0,2000.0,0.586875,0.36500625,0.9975,4.193779045711202,-0.0699999999999999,-0.0900110044017605,-0.0443665326342835,-0.1065651760228353,0.2044339618940392,0.231875,596,308,reference_lfcc_logreg
runs,reference_crossdomain_sweep,in_the_wild,chirp,25.0,-25.0,24.999993921179307,0.686875,0.2716546875,0.99125,5.78591649203549,0.03,0.01375033731308,0.0437939627447542,0.0456707897240723,0.2208707163296102,0.22,643,290,reference_lfcc_logreg
runs,reference_crossdomain_sweep,in_the_wild,chirp,20.0,-20.0,19.999998077429662,0.68125,0.2727,0.99375,5.823814466843504,0.024375,0.0087999199154107,0.0412514700612251,0.0371075166508088,0.2863595146381816,0.2775,674,229,reference_lfcc_logreg
runs,reference_crossdomain_sweep,in_the_wild,chirp,15.0,-15.0,14.99999939200469,0.669375,0.2782671875,1.0,5.856534368190871,0.0125,-0.0043603828438479,0.0324917816939573,0.0190294957183635,0.3454718155239632,0.325,696,177,reference_lfcc_logreg
runs,reference_crossdomain_sweep,in_the_wild,chirp,10.0,-10.0,9.999999807735156,0.6643749999999999,0.2857062499999999,0.99625,5.88980831181838,0.0074999999999999,-0.005607917703741,0.0287604527853594,0.011417697431018,0.3917703201721439,0.369375,714,124,reference_lfcc_logreg
runs,reference_crossdomain_sweep,in_the_wild,chirp,5.0,-5.0,4.999999939203206,0.6487499999999999,0.3082796875,0.9975,6.0173789053514515,-0.008125,-0.0225245604918905,0.0149867166744803,-0.0123691722169363,0.433971312547388,0.380625,715,105,reference_lfcc_logreg
runs,reference_crossdomain_sweep,in_the_wild,codec,128.0,-128.0,128.0,0.8518749999999999,0.1100296875,1.0,9.900696072130232,0.1949999999999999,0.1674675302529916,0.2256030458163544,0.29686013320647,0.2964742077433222,0.466875,57,797,reference_lfcc_logreg
runs,reference_crossdomain_sweep,in_the_wild,codec,64.0,-64.0,64.0,0.8512500000000001,0.10962890625,1.0,9.91558298177062,0.194375,0.1681070054110024,0.2256263648954891,0.295908658420552,0.2920319106430944,0.458125,72,796,reference_lfcc_logreg
runs,reference_crossdomain_sweep,in_the_wild,codec,32.0,-32.0,32.0,0.85375,0.0916265625,1.0,10.690738239979666,0.196875,0.1705700541178976,0.2263143834448179,0.2997145575642246,0.2555602876278247,0.4125,184,787,reference_lfcc_logreg
runs,reference_crossdomain_sweep,in_the_wild,codec,24.0,-24.0,24.0,0.574375,0.3904890625,1.0,6.38475661598452,-0.0825,-0.1074935971318021,-0.0593513287689359,-0.1255946717411989,0.5561361927406219,0.441875,751,43,reference_lfcc_logreg
runs,reference_crossdomain_sweep,in_the_wild,codec,16.0,-16.0,16.0,0.4862499999999999,0.5226531249999999,0.9875,8.089368561534942,-0.170625,-0.1949629297891319,-0.1443780695090066,-0.2597526165556613,0.6652781063214822,0.489375,785,1,reference_lfcc_logreg
runs,reference_crossdomain_sweep,in_the_wild,codec,8.0,-8.0,8.0,0.48375,0.5090015625,0.99625,9.730752724202848,-0.1731249999999999,-0.2018703098812507,-0.1462818461179737,-0.2635585156993339,0.6892642136615648,0.499375,800,0,reference_lfcc_logreg
runs,reference_crossdomain_sweep,in_the_wild,gain,-3.0,3.0,-3.0,0.658125,0.313075,1.0,5.910337682309473,0.0012499999999999,-0.000692137166357,0.0068652941988102,0.0019029495718363,0.0050369604021788,0.00125,527,526,reference_lfcc_logreg
runs,reference_crossdomain_sweep,in_the_wild,gain,3.0,3.0,3.0,0.65,0.325721875,1.0,5.827942844672892,-0.0068749999999999,-0.0094971499546765,0.0,-0.0104662226450998,0.008372778946862,0.0075,523,516,reference_lfcc_logreg
runs,reference_crossdomain_sweep,in_the_wild,gain,-10.0,10.0,-10.0,0.6637500000000001,0.2945,0.99875,5.961773908658877,0.006875,0.0012812969943931,0.017536441249723,0.0104662226451,0.0247252071688817,0.01625,540,521,reference_lfcc_logreg
runs,reference_crossdomain_sweep,in_the_wild,gain,10.0,10.0,10.0,0.635625,0.3494015625,1.0,5.345051573944682,-0.0212499999999999,-0.0312001251760287,-0.006865198021191,-0.0323501427212178,0.0347984490778632,0.05625,542,461,reference_lfcc_logreg
runs,reference_crossdomain_sweep,in_the_wild,gain,-20.0,20.0,-20.0,0.67625,0.26198125,0.9975,5.910106019947227,0.019375,0.0087605624230811,0.0349951124144672,0.0294957183634634,0.0720251449133566,0.065,576,491,reference_lfcc_logreg
runs,reference_crossdomain_sweep,in_the_wild,gain,20.0,20.0,20.0,0.5900000000000001,0.37458125,0.97125,4.482136506697087,-0.0668749999999999,-0.0888125067042342,-0.0480960471163179,-0.1018078020932443,0.2478186008563321,0.25375,630,229,reference_lfcc_logreg
runs,reference_crossdomain_sweep,in_the_wild,noise,30.0,-30.0,29.99998078595794,0.608125,0.3589312499999999,1.0,4.388226380401793,-0.0487499999999999,-0.0737439330961279,-0.0206414636108657,-0.0742150333016174,0.5502302186797416,0.475,785,24,reference_lfcc_logreg
runs,reference_crossdomain_sweep,in_the_wild,noise,20.0,-20.0,19.999998077429485,0.5175000000000001,0.46211875,1.0,6.556440529688267,-0.1393749999999999,-0.1643698905540638,-0.1099666165015194,-0.2121788772597524,0.6831968120546135,0.49875,800,1,reference_lfcc_logreg
runs,reference_crossdomain_sweep,in_the_wild,noise,15.0,-15.0,14.999999392004517,0.495625,0.50638125,1.0,8.00858759610667,-0.16125,-0.188751462358202,-0.131886011097742,-0.2454804947668886,0.6907333148695133,0.499375,800,0,reference_lfcc_logreg
runs,reference_crossdomain_sweep,in_the_wild,noise,10.0,-10.0,9.999999807734977,0.463125,0.55315625,0.99875,9.274575290970612,-0.1937499999999999,-0.2237879949553129,-0.1643743694946919,-0.2949571836346336,0.6910912419401375,0.499375,800,0,reference_lfcc_logreg
runs,reference_crossdomain_sweep,in_the_wild,noise,5.0,-5.0,4.999999939203029,0.4337499999999999,0.5935953125,1.0,9.88867175408402,-0.223125,-0.2506098308225729,-0.1924846757158504,-0.3396764985727878,0.6911082447051439,0.499375,800,0,reference_lfcc_logreg
runs,reference_crossdomain_sweep,in_the_wild,noise,0.0,-0.0,-1.9222870206218113e-08,0.44875,0.5823828125,0.99875,9.965141919830096,-0.208125,-0.2375258055520772,-0.1768565687534303,-0.3168411037107517,0.6911087299580204,0.499375,800,0,reference_lfcc_logreg
runs,reference_crossdomain_sweep,in_the_wild,reverb,0.1,0.1,0.1,0.603125,0.3619453124999999,0.99625,6.056842473222974,-0.0537499999999999,-0.071253262994392,-0.0287543426277636,-0.0818268315889628,0.187492595855935,0.20625,502,457,reference_lfcc_logreg
runs,reference_crossdomain_sweep,in_the_wild,reverb,0.3,0.3,0.2999999999999999,0.5762499999999999,0.4064359375,0.9975,5.306559304537685,-0.080625,-0.100055143395132,-0.0593461795347906,-0.1227402473834444,0.1332538528730731,0.166875,435,505,reference_lfcc_logreg
runs,reference_crossdomain_sweep,in_the_wild,reverb,0.5,0.5,0.5,0.54,0.4522109374999999,0.9975,4.994232254738698,-0.1168749999999999,-0.1393647324677753,-0.095602746913987,-0.1779257849666983,0.1505292564439909,0.19125,359,514,reference_lfcc_logreg
runs,reference_crossdomain_sweep,in_the_wild,reverb,0.7,0.7,0.7,0.524375,0.4608859375,0.99875,4.950089880710224,-0.1324999999999999,-0.1512473471731369,-0.1086893309959425,-0.2017126546146526,0.1588373879469148,0.199375,344,518,reference_lfcc_logreg
runs,reference_crossdomain_sweep,in_the_wild,reverb,0.9,0.9,0.9000000000000002,0.53375,0.4587265625,0.995,5.021034626397742,-0.123125,-0.1481562329495149,-0.1006504716926049,-0.1874405328258802,0.1656491548939462,0.223125,334,522,reference_lfcc_logreg
runs,reference_crossdomain_sweep,in_the_wild,transcode_identity,320.0,-320.0,320.0,0.853125,0.1102328124999999,1.0,9.90149422507656,0.19625,0.1681249870361125,0.2268750969084713,0.2987630827783064,0.2962770061000099,0.4675,56,797,reference_lfcc_logreg
runs,reference_crossdomain_sweep,in_the_wild,transcode_identity,256.0,-256.0,256.0,0.853125,0.1102328124999999,1.0,9.90149422507656,0.19625,0.1681249870361125,0.2268750969084713,0.2987630827783064,0.2962770061000099,0.4675,56,797,reference_lfcc_logreg
runs,reference_crossdomain_sweep,in_the_wild,transcode_identity,192.0,-192.0,192.0,0.853125,0.1102328124999999,1.0,9.90149422507656,0.19625,0.1681249870361125,0.2268750969084713,0.2987630827783064,0.2962770061000099,0.4675,56,797,reference_lfcc_logreg
runs,reference_crossdomain_sweep,in_the_wild,transmission,0.0,0.0,0.0,0.656875,0.3178890625,1.0,5.886408008108306,0.0,0.0,0.0,0.0,0.0,0.0,526,525,reference_lfcc_logreg
runs,reference_crossdomain_sweep,in_the_wild,transmission,0.01,0.01,0.0098224418608785,0.655625,0.3166140625,1.0,5.846074025196128,-0.0012499999999999,-0.0062410124371548,0.0037818206832291,-0.0019029495718363,0.0063802128079845,0.005,525,520,reference_lfcc_logreg
runs,reference_crossdomain_sweep,in_the_wild,transmission,0.05,0.05,0.0504099734556357,0.6575,0.314453125,1.0,5.66097709125102,0.0006249999999999,-0.0058920958236733,0.0099674912944887,0.0009514747859181,0.0275106220735211,0.033125,545,493,reference_lfcc_logreg
runs,reference_crossdomain_sweep,in_the_wild,transmission,0.1,0.1,0.098551582663714,0.656875,0.312696875,1.0,5.434506136445094,0.0,-0.0100005875369557,0.0081527171947278,0.0,0.0507676808857343,0.05625,563,472,reference_lfcc_logreg
runs,reference_crossdomain_sweep,in_the_wild,transmission,0.2,0.2,0.2000974472388898,0.663125,0.309690625,1.0,4.98869164037931,0.0062499999999999,-0.0099970613184005,0.015620727211927,0.0095147478591816,0.0973521001216705,0.121875,594,398,reference_lfcc_logreg
runs,reference_native_sweep,asvspoof2019_la,bandpass,8000.0,-8000.0,7920.0,0.26125,0.8248671875,0.7349999999999999,1.2607466549327624,-0.001875,-0.0075001321349307,0.0056103768235861,-0.0071258907363423,0.0090632274395209,0.013125,212,208,reference_lfcc_logreg
runs,reference_native_sweep,asvspoof2019_la,bandpass,6000.0,-6000.0,6000.0,0.1674999999999999,0.9102796875,0.5887500000000001,9.892763034078996,-0.095625,-0.1200302595091096,-0.0656229911692417,-0.3634204275534444,0.6615537670811436,0.500625,0,800,reference_lfcc_logreg
runs,reference_native_sweep,asvspoof2019_la,bandpass,4000.0,-4000.0,4000.0,0.21625,0.86664375,0.7412500000000001,6.832522661466326,-0.046875,-0.0793666860090266,-0.0237346606891701,-0.1781472684085511,0.6597095914291833,0.500625,0,800,reference_lfcc_logreg
runs,reference_native_sweep,asvspoof2019_la,bandpass,3400.0,-3400.0,3400.0,0.2262499999999999,0.850746875,0.71375,5.695840599546412,-0.036875,-0.0643755142133361,-0.008754816241289,-0.140142517814727,0.6562082512623547,0.500625,0,800,reference_lfcc_logreg
runs,reference_native_sweep,asvspoof2019_la,bandpass,2000.0,-2000.0,2000.0,0.285625,0.7931000000000001,0.74375,2.7789234662839952,0.0224999999999999,-0.0012501360048918,0.05562535261992,0.0855106888361043,0.5870178448548693,0.498125,0,796,reference_lfcc_logreg
runs,reference_native_sweep,asvspoof2019_la,chirp,25.0,-25.0,24.999999886696777,0.213125,0.8649703124999999,0.7225,3.313757095526732,-0.05,-0.0699949603400775,-0.0293475520696332,-0.1900237529691212,0.2096300768656634,0.29875,488,13,reference_lfcc_logreg
runs,reference_native_sweep,asvspoof2019_la,chirp,20.0,-20.0,19.999999964173345,0.22375,0.8636124999999999,0.7412500000000001,3.8843409207331705,-0.039375,-0.0619049710740209,-0.0200234288589323,-0.149643705463183,0.2255359714440724,0.334375,537,5,reference_lfcc_logreg
runs,reference_native_sweep,asvspoof2019_la,chirp,15.0,-15.0,14.999999988673585,0.22875,0.8642703125000001,0.8199999999999998,4.460607026844774,-0.034375,-0.0556523199892063,-0.014368853513556,-0.1306413301662709,0.2519955169687753,0.35625,576,5,reference_lfcc_logreg
runs,reference_native_sweep,asvspoof2019_la,chirp,10.0,-10.0,9.999999996421243,0.2281249999999999,0.8629671875,0.7437499999999999,5.079677948806757,-0.035,-0.0600002851612366,-0.0137287258965006,-0.1330166270783851,0.2714049449320699,0.385,619,2,reference_lfcc_logreg
runs,reference_native_sweep,asvspoof2019_la,chirp,5.0,-5.0,4.999999998871267,0.22875,0.8582421874999999,0.7887500000000001,5.740861797896412,-0.034375,-0.0606127962036861,-0.0137797542338122,-0.1306413301662709,0.284183050393381,0.410625,656,0,reference_lfcc_logreg
runs,reference_native_sweep,asvspoof2019_la,codec,128.0,-128.0,128.0,0.325625,0.6769921875,1.0,9.965785005989222,0.0624999999999999,0.0324247774487477,0.0903537621601817,0.2375296912114011,0.6615549300311605,0.500625,0,800,reference_lfcc_logreg
runs,reference_native_sweep,asvspoof2019_la,codec,64.0,-64.0,64.0,0.35375,0.6480804687499999,1.0,9.965785005989222,0.0906249999999999,0.0630000195320129,0.116285541237794,0.3444180522565318,0.6615549300325247,0.500625,0,800,reference_lfcc_logreg
runs,reference_native_sweep,asvspoof2019_la,codec,32.0,-32.0,32.0,0.410625,0.60926171875,1.0,9.965793931895169,0.1474999999999999,0.1144821922975507,0.177915001182972,0.5605700712589071,0.6615487713518291,0.500625,0,800,reference_lfcc_logreg
runs,reference_native_sweep,asvspoof2019_la,codec,24.0,-24.0,24.0,0.53625,0.4618484375,0.995,5.222971941001147,0.2731249999999999,0.2431493093521975,0.3031832795533173,1.038004750593824,0.3026330118586138,0.42125,637,118,reference_lfcc_logreg
runs,reference_native_sweep,asvspoof2019_la,codec,16.0,-16.0,16.0,0.4606249999999999,0.5570515624999999,0.95375,7.238385469683317,0.1974999999999999,0.1668737807078198,0.2262296529968493,0.750593824228028,0.3082762646425205,0.448125,723,9,reference_lfcc_logreg
runs,reference_native_sweep,asvspoof2019_la,codec,8.0,-8.0,8.0,0.550625,0.4250812499999999,0.985,9.838355975725046,0.2875,0.2543966576207885,0.3143851666470799,1.0926365795724462,0.3383688563407334,0.499375,800,0,reference_lfcc_logreg
runs,reference_native_sweep,asvspoof2019_la,gain,-3.0,3.0,-3.0,0.265625,0.8201828124999999,0.7375,1.2634608189494934,0.0024999999999999,-0.001840729805732,0.0031543989348004,0.0095011876484558,0.0035207645780176,0.006875,208,218,reference_lfcc_logreg
runs,reference_native_sweep,asvspoof2019_la,gain,3.0,3.0,3.0,0.26125,0.8216140625,0.71625,1.296639246817692,-0.001875,-0.0112255847188201,0.006266924003994,-0.0071258907363423,0.0255420793647943,0.026875,218,198,reference_lfcc_logreg
runs,reference_native_sweep,asvspoof2019_la,gain,-10.0,10.0,-10.0,0.265625,0.8194984375000001,0.73875,1.2404780483834037,0.0024999999999999,-0.0030984116661846,0.0044050156030267,0.0095011876484558,0.0117522326780208,0.020625,204,232,reference_lfcc_logreg
runs,reference_native_sweep,asvspoof2019_la,gain,10.0,10.0,10.0,0.280625,0.80298125,0.7737499999999999,1.7832974528911862,0.0174999999999999,-0.0031361251326615,0.033135881529802,0.0665083135391922,0.1472220611106572,0.1475,333,110,reference_lfcc_logreg
runs,reference_native_sweep,asvspoof2019_la,gain,-20.0,20.0,-20.0,0.26625,0.816721875,0.7437499999999999,1.2198480146085915,0.0031249999999999,-0.0031540706699526,0.0087169282370904,0.0118764845605698,0.0230121969329233,0.03,199,240,reference_lfcc_logreg
runs,reference_native_sweep,asvspoof2019_la,gain,20.0,20.0,20.0,0.384375,0.6706296875,0.95375,4.053341225997742,0.1212499999999999,0.0950083428835203,0.1431448838888411,0.4608076009501186,0.3168521117223035,0.43875,706,3,reference_lfcc_logreg
runs,reference_native_sweep,asvspoof2019_la,noise,30.0,-30.0,29.99999964169418,0.18125,0.90320625,0.625,3.5988259472436885,-0.081875,-0.1049975736153209,-0.0606082420829278,-0.3111638954869359,0.2871377215975373,0.380625,608,0,reference_lfcc_logreg
runs,reference_native_sweep,asvspoof2019_la,noise,20.0,-20.0,19.99999996417316,0.2099999999999999,0.8795609375,0.685,6.391976084885528,-0.053125,-0.0812653188533733,-0.0293429946657655,-0.2019002375296915,0.3375214879060204,0.498125,798,0,reference_lfcc_logreg
runs,reference_native_sweep,asvspoof2019_la,noise,15.0,-15.0,14.99999998867341,0.2256249999999999,0.8624,0.7775,7.920168727853203,-0.0375,-0.0681604220450282,-0.0143686683641971,-0.1425178147268411,0.3383763886339086,0.499375,800,0,reference_lfcc_logreg
runs,reference_native_sweep,asvspoof2019_la,noise,10.0,-10.0,9.999999996421058,0.24,0.8368406250000001,0.8687499999999999,9.28507489965254,-0.023125,-0.0512431791641536,0.0081144566298648,-0.0878859857482187,0.3384412397158673,0.499375,800,0,reference_lfcc_logreg
runs,reference_native_sweep,asvspoof2019_la,noise,5.0,-5.0,4.999999998871092,0.2931249999999999,0.7829546875,0.9175,9.91203572604997,0.0299999999999999,-0.0018613449139982,0.0568985519507217,0.1140142517814723,0.3384447584186794,0.499375,800,0,reference_lfcc_logreg
runs,reference_native_sweep,asvspoof2019_la,noise,0.0,-0.0,-3.541433498798661e-10,0.3325,0.72475,0.96875,9.965757850827329,0.0693749999999999,0.0368910426517175,0.1018715443938324,0.2636579572446554,0.3384450308919857,0.499375,800,0,reference_lfcc_logreg
runs,reference_native_sweep,asvspoof2019_la,reverb,0.1,0.1,0.1,0.33875,0.72883125,0.92625,2.352522631185035,0.0756249999999999,0.0506461274940185,0.1000000820878136,0.2874109263657954,0.1905101906908221,0.24625,298,231,reference_lfcc_logreg
runs,reference_native_sweep,asvspoof2019_la,reverb,0.3,0.3,0.2999999999999999,0.3225,0.744159375,0.865,1.873304403121947,0.0593749999999999,0.036886632458299,0.0837505234407715,0.2256532066508311,0.1506306645560705,0.20125,250,271,reference_lfcc_logreg
runs,reference_native_sweep,asvspoof2019_la,reverb,0.5,0.5,0.5,0.329375,0.7292609375000001,0.8575000000000002,1.859714950253516,0.0662499999999999,0.045001713934138,0.0899967535428391,0.2517814726840853,0.1521287457917473,0.206875,259,281,reference_lfcc_logreg
runs,reference_native_sweep,asvspoof2019_la,reverb,0.7,0.7,0.7,0.34875,0.712496875,0.9075,1.986606506284233,0.0856249999999999,0.0593260908622998,0.1062617969274001,0.3254156769596197,0.1635269149079829,0.209375,267,285,reference_lfcc_logreg
runs,reference_native_sweep,asvspoof2019_la,reverb,0.9,0.9,0.9000000000000002,0.35375,0.7030000000000001,0.935,2.0677316146665343,0.0906249999999999,0.0674819119559436,0.1156816095042987,0.3444180522565318,0.1750127857094069,0.2325,282,295,reference_lfcc_logreg
runs,reference_native_sweep,asvspoof2019_la,transcode_identity,320.0,-320.0,320.0,0.3268749999999999,0.67549921875,1.0,9.965785005989222,0.0637499999999999,0.0342737296935332,0.0907885613923905,0.2422802850356291,0.6615549300312922,0.500625,0,800,reference_lfcc_logreg
runs,reference_native_sweep,asvspoof2019_la,transcode_identity,256.0,-256.0,256.0,0.3268749999999999,0.67549921875,1.0,9.965785005989222,0.0637499999999999,0.0342737296935332,0.0907885613923905,0.2422802850356291,0.6615549300312922,0.500625,0,800,reference_lfcc_logreg
runs,reference_native_sweep,asvspoof2019_la,transcode_identity,192.0,-192.0,192.0,0.3268749999999999,0.67549921875,1.0,9.965785005989222,0.0637499999999999,0.0342737296935332,0.0907885613923905,0.2422802850356291,0.6615549300312922,0.500625,0,800,reference_lfcc_logreg
runs,reference_native_sweep,asvspoof2019_la,transmission,0.0,0.0,0.0,0.263125,0.8203515625,0.73875,1.2745061859233429,0.0,0.0,0.0,0.0,0.0,0.0,211,210,reference_lfcc_logreg
runs,reference_native_sweep,asvspoof2019_la,transmission,0.01,0.01,0.010027788770389,0.264375,0.820303125,0.7400000000000001,1.2789379993865522,0.0012499999999999,-0.0056204040909621,0.0068609071649877,0.0047505938242279,0.0066434645115118,0.00875,212,207,reference_lfcc_logreg
runs,reference_native_sweep,asvspoof2019_la,transmission,0.05,0.05,0.0502130663837869,0.26625,0.8208156249999999,0.7374999999999999,1.2939980214863835,0.0031249999999999,-0.0081341921116295,0.0075033985124907,0.0118764845605698,0.0202520163476712,0.025625,222,194,reference_lfcc_logreg
runs,reference_native_sweep,asvspoof2019_la,transmission,0.1,0.1,0.1000086190221701,0.265,0.8211453125000001,0.73375,1.3057167876631794,0.0018749999999999,-0.0093650818198508,0.010624463892528,0.0071258907363418,0.0361348573141405,0.031875,218,198,reference_lfcc_logreg
runs,reference_native_sweep,asvspoof2019_la,transmission,0.2,0.2,0.1990158402005855,0.27,0.8188312500000001,0.71875,1.3656435824531854,0.0068749999999999,-0.0056106220727534,0.0181310170980463,0.026128266033254,0.06641488079029,0.060625,249,179,reference_lfcc_logreg
runs,shortcut_asv19_sweep,asvspoof2019_la,lead_energy,20.0,20.0,,0.296875,0.7882171875,0.90875,1.4213671622316864,0.0337499999999999,0.0162563806650773,0.0468751926294469,0.1282660332541565,0.0801159660181558,0.0775,186,293,reference_lfcc_logreg
runs,shortcut_asv19_sweep,asvspoof2019_la,lead_energy,30.0,30.0,,0.295,0.7901234375,0.90375,1.4106328493643012,0.0318749999999999,0.0131180441814455,0.0418984152597446,0.1211401425178146,0.0779492122908751,0.076875,186,290,reference_lfcc_logreg
runs,shortcut_asv19_sweep,asvspoof2019_la,lead_energy,40.0,40.0,,0.2843749999999999,0.7951906249999999,0.895,1.398069109507157,0.0212499999999998,0.0050007635956243,0.0374919392170688,0.080760095011876,0.07098737092875,0.071875,187,283,reference_lfcc_logreg
runs,shortcut_asv19_sweep,asvspoof2019_la,pad_lead,100.0,100.0,,0.2425,0.8410671875,0.7000000000000001,1.073036703469526,-0.020625,-0.0312572979341136,-0.0118854022780398,-0.0783847980997625,0.029854993235423,0.043125,168,236,reference_lfcc_logreg
runs,shortcut_asv19_sweep,asvspoof2019_la,pad_lead,250.0,250.0,,0.2312499999999999,0.856578125,0.6887499999999999,0.9190048683987112,-0.031875,-0.044388712031571,-0.0206197923260848,-0.1211401425178149,0.0606608266326459,0.07875,139,264,reference_lfcc_logreg
runs,shortcut_asv19_sweep,asvspoof2019_la,pad_lead,500.0,500.0,,0.229375,0.8661718749999999,0.7050000000000001,0.8269258725021245,-0.03375,-0.0524999296466627,-0.0243783473529866,-0.1282660332541569,0.079504332311761,0.111875,114,292,reference_lfcc_logreg
runs,shortcut_asv19_sweep,asvspoof2019_la,pad_lead,1000.0,1000.0,,0.2225,0.8675468749999999,0.7287499999999999,0.8191586685486083,-0.040625,-0.0568735214918166,-0.02373653830953,-0.1543942992874109,0.0825033787754935,0.119375,109,287,reference_lfcc_logreg
runs,shortcut_asv19_sweep,asvspoof2019_la,trim_lead,100.0,100.0,,0.265625,0.81983125,0.75625,1.2797796540839903,0.0024999999999999,-0.0075052405002356,0.0075004149439961,0.0095011876484558,0.0124598320662477,0.010625,209,215,reference_lfcc_logreg
runs,shortcut_asv19_sweep,asvspoof2019_la,trim_lead,250.0,250.0,,0.27,0.8170453125,0.7625,1.3003211306412978,0.0068749999999999,-0.0050180668143043,0.0143802944554994,0.026128266033254,0.0256237912963704,0.026875,212,218,reference_lfcc_logreg
runs,shortcut_asv19_sweep,asvspoof2019_la,trim_lead,500.0,500.0,,0.2724999999999999,0.8090750000000001,0.7887500000000001,1.3525289811311207,0.0093749999999999,-0.0050004125286398,0.0212316802657086,0.0356294536817098,0.0481846375157151,0.0525,208,235,reference_lfcc_logreg
runs,shortcut_asv19_sweep,asvspoof2019_la,trim_lead,1000.0,1000.0,,0.3149999999999999,0.753559375,0.88,1.7674020467964264,0.0518749999999998,0.0306212291673177,0.0662516987598878,0.1971496437054627,0.1034378832394382,0.114375,232,272,reference_lfcc_logreg
runs,shortcut_asv19_sweep,asvspoof2019_la,lead_energy,20.0,20.0,,0.2049999999999999,0.8863062500000001,0.6825,1.8043496899848672,0.1987499999999999,0.1781262715144048,0.2187493115158399,31.800000000000058,0.3414769451516421,0.445625,0,713,aasist
runs,shortcut_asv19_sweep,asvspoof2019_la,lead_energy,30.0,30.0,,0.190625,0.900434375,0.62,1.849930760243324,0.184375,0.1624873283155995,0.2037167829138028,29.500000000000057,0.3460934414034297,0.44875,0,718,aasist
runs,shortcut_asv19_sweep,asvspoof2019_la,lead_energy,40.0,40.0,,0.18,0.9080625,0.6087499999999999,1.6965044251807029,0.17375,0.1543770710037501,0.1931900666294001,27.800000000000058,0.313765234431056,0.41875,1,671,aasist
runs,shortcut_asv19_sweep,asvspoof2019_la,pad_lead,100.0,100.0,,0.00875,0.99954375,0.0849999999999999,0.1718204931477916,0.0025,-0.0018808478991091,0.0068937322458448,0.4000000000000053,0.0257952528536205,0.013125,18,5,aasist
runs,shortcut_asv19_sweep,asvspoof2019_la,pad_lead,250.0,250.0,,0.0387499999999999,0.9940375,0.31875,1.4026389500344896,0.0324999999999999,0.0225000174159343,0.0412715693826319,5.200000000000007,0.1493097755618953,0.130625,209,4,aasist
runs,shortcut_asv19_sweep,asvspoof2019_la,pad_lead,500.0,500.0,,0.0675,0.9818921875,0.3562499999999999,2.082222594668685,0.06125,0.0481425299253598,0.0731302651622005,9.800000000000018,0.1751985988154022,0.16875,274,4,aasist
runs,shortcut_asv19_sweep,asvspoof2019_la,pad_lead,1000.0,1000.0,,0.1312499999999999,0.942996875,0.41375,2.7317227549543603,0.1249999999999999,0.1074608947838807,0.1400066877547751,20.000000000000032,0.2056236806540569,0.185,293,3,aasist
runs,shortcut_asv19_sweep,asvspoof2019_la,trim_lead,100.0,100.0,,0.005625,0.99938125,0.0949999999999999,0.1150429008091807,-0.0006249999999999,-0.0031125597832637,0.0062528606923697,-0.0999999999999959,0.0205987721726724,0.003125,3,6,aasist
runs,shortcut_asv19_sweep,asvspoof2019_la,trim_lead,250.0,250.0,,0.01375,0.9982375,0.2074999999999999,0.0997900396545297,0.0075,0.0006483304849769,0.0156203339149022,1.2000000000000068,0.0265752285074004,0.01,3,17,aasist
runs,shortcut_asv19_sweep,asvspoof2019_la,trim_lead,500.0,500.0,,0.0493749999999999,0.98865625,0.4050000000000001,0.2342469835230879,0.043125,0.0337396354322166,0.0581255605326235,6.900000000000012,0.0579075253635872,0.063125,6,99,aasist
runs,shortcut_asv19_sweep,asvspoof2019_la,trim_lead,1000.0,1000.0,,0.185625,0.8997140625,0.7637499999999999,1.4477144482248276,0.179375,0.1593905375824302,0.1981605215864985,28.70000000000006,0.2744841742489488,0.33125,27,505,aasist
runs,shortcut_asv19_sweep,asvspoof2019_la,lead_energy,20.0,20.0,,0.24,0.82145,0.8575,6.911123632981322,0.0787499999999999,0.0587503671897949,0.0981163228748282,0.4883720930232557,0.0829561954312198,0.22625,100,418,aasist3_kan
runs,shortcut_asv19_sweep,asvspoof2019_la,lead_energy,30.0,30.0,,0.245,0.8258359375000001,0.855,6.846059513433154,0.0837499999999999,0.0618808649552845,0.1000000820878136,0.5193798449612402,0.0813463841784665,0.225625,100,415,aasist3_kan
runs,shortcut_asv19_sweep,asvspoof2019_la,lead_energy,40.0,40.0,,0.23875,0.8300046875,0.8562500000000001,6.634311213434079,0.0775,0.0593699438434366,0.0968744003820805,0.4806201550387597,0.0780130903142159,0.2125,101,397,aasist3_kan
runs,shortcut_asv19_sweep,asvspoof2019_la,pad_lead,100.0,100.0,,0.19125,0.898465625,0.72625,4.979225461448099,0.03,0.0192642896394735,0.0469012919844845,0.1860465116279071,0.0533210388747817,0.09375,91,229,aasist3_kan
runs,shortcut_asv19_sweep,asvspoof2019_la,pad_lead,250.0,250.0,,0.1987499999999999,0.883346875,0.7450000000000001,5.064032024022634,0.0374999999999999,0.0218305471879522,0.0531243688745744,0.2325581395348835,0.0669189433790522,0.13,117,235,aasist3_kan
runs,shortcut_asv19_sweep,asvspoof2019_la,pad_lead,500.0,500.0,,0.20875,0.881728125,0.7537499999999999,5.0899452760207415,0.0474999999999999,0.0312422637960687,0.0625002565244176,0.2945736434108526,0.0603938505776349,0.113125,111,238,aasist3_kan
runs,shortcut_asv19_sweep,asvspoof2019_la,pad_lead,1000.0,1000.0,,0.223125,0.8669046875,0.7337499999999999,5.336260853617926,0.061875,0.0431245270666243,0.0774995110489977,0.3837209302325582,0.0652872050348488,0.131875,122,259,aasist3_kan
runs,shortcut_asv19_sweep,asvspoof2019_la,trim_lead,100.0,100.0,,0.169375,0.9073953125,0.6562500000000001,3.7886962705918457,0.008125,0.0005922789003099,0.0206291626060583,0.0503875968992249,0.0174555132272608,0.03125,136,142,aasist3_kan
runs,shortcut_asv19_sweep,asvspoof2019_la,trim_lead,250.0,250.0,,0.175,0.90135,0.68375,4.046788119963215,0.01375,-0.0037500966822693,0.0287372894410319,0.0852713178294574,0.0470916149078209,0.09,130,158,aasist3_kan
runs,shortcut_asv19_sweep,asvspoof2019_la,trim_lead,500.0,500.0,,0.1831249999999999,0.88911875,0.69125,4.476995031173876,0.0218749999999999,0.0093774756207509,0.0381229798477833,0.135658914728682,0.0439371163148182,0.091875,125,194,aasist3_kan
runs,shortcut_asv19_sweep,asvspoof2019_la,trim_lead,1000.0,1000.0,,0.23375,0.8373265624999999,0.81875,5.995844719899291,0.0725,0.0549949336176225,0.0925402804883337,0.4496124031007752,0.0794673284522016,0.199375,122,331,aasist3_kan
runs,shortcut_asv19_sweep,asvspoof2019_la,lead_energy,20.0,20.0,,0.0181249999999999,0.99001875,0.4449999999999999,0.1373088724932736,0.01125,0.0062498857386168,0.0293718007591164,1.6363636363636396,0.0374050417528485,0.021875,3,23,spectra_aasist3
runs,shortcut_asv19_sweep,asvspoof2019_la,lead_energy,30.0,30.0,,0.028125,0.985528125,0.58,0.1647983703423392,0.02125,0.0106495588066565,0.0362509190176139,3.0909090909090993,0.0393240335511299,0.024375,1,31,spectra_aasist3
runs,shortcut_asv19_sweep,asvspoof2019_la,lead_energy,40.0,40.0,,0.0275,0.9839640625,0.5837499999999999,0.1702407923435476,0.020625,0.0112627594147255,0.0350046696320542,3.000000000000008,0.0393549243355518,0.025,1,32,spectra_aasist3
runs,shortcut_asv19_sweep,asvspoof2019_la,pad_lead,100.0,100.0,,0.0006249999999999,0.999996875,0.0012499999999999,0.0359186964064139,-0.00625,-0.0137502019563006,-0.0018696195193633,-0.9090909090909108,0.0111227437175676,0.008125,8,0,spectra_aasist3
runs,shortcut_asv19_sweep,asvspoof2019_la,pad_lead,250.0,250.0,,0.0006249999999999,0.999990625,0.0012499999999999,0.0310367135788935,-0.00625,-0.0131810206224227,-0.0012502316842447,-0.9090909090909108,0.0132892086031071,0.00875,9,0,spectra_aasist3
runs,shortcut_asv19_sweep,asvspoof2019_la,pad_lead,500.0,500.0,,0.005,0.9999671875,0.0062499999999999,0.0550979987429182,-0.0018749999999999,-0.0106494439144344,0.0006579638689913,-0.2727272727272692,0.0150290357852063,0.00875,13,0,spectra_aasist3
runs,shortcut_asv19_sweep,asvspoof2019_la,pad_lead,1000.0,1000.0,,0.0043749999999999,0.999875,0.0124999999999999,0.0754775189430681,-0.0024999999999999,-0.008756261913996,0.004368059094006,-0.3636363636363642,0.0161077932944424,0.01125,15,0,spectra_aasist3
runs,shortcut_asv19_sweep,asvspoof2019_la,trim_lead,100.0,100.0,,0.009375,0.9976015625,0.15,0.0664067867303717,0.0025,-0.0037501007844728,0.004396972126228,0.3636363636363686,0.0078687393566317,0.005,11,6,spectra_aasist3
runs,shortcut_asv19_sweep,asvspoof2019_la,trim_lead,250.0,250.0,,0.005625,0.9953453125,0.12375,0.0672597699758461,-0.0012499999999999,-0.0074940915514786,0.0037526797196911,-0.1818181818181801,0.0125747103789484,0.01,10,5,spectra_aasist3
runs,shortcut_asv19_sweep,asvspoof2019_la,trim_lead,500.0,500.0,,0.0112499999999999,0.9972,0.1475,0.0866967363554219,0.004375,-0.0037502893290121,0.0093965324153049,0.6363636363636377,0.0202637465725015,0.02,21,6,spectra_aasist3
runs,shortcut_asv19_sweep,asvspoof2019_la,trim_lead,1000.0,1000.0,,0.0531249999999999,0.982625,0.6037499999999999,0.3033444990816294,0.0462499999999999,0.033103959248913,0.0587500573752881,6.727272727272736,0.0639210381459873,0.064375,70,28,spectra_aasist3
runs,shortcut_asv19_sweep,asvspoof2019_la,lead_energy,20.0,20.0,,0.25,0.8279468750000001,0.95375,6.721793322313149,0.20375,0.1793867871521263,0.2268533167372136,4.405405405405404,0.4973998688313527,0.488125,0,781,rawnet2
runs,shortcut_asv19_sweep,asvspoof2019_la,lead_energy,30.0,30.0,,0.2412499999999999,0.8370468749999999,0.99125,6.743851708341793,0.1949999999999999,0.1718912039674118,0.2194011204917959,4.216216216216215,0.4968471776275652,0.490625,0,783,rawnet2
runs,shortcut_asv19_sweep,asvspoof2019_la,lead_energy,40.0,40.0,,0.2299999999999999,0.8524328125,0.9725,6.332174022974828,0.1837499999999999,0.160624045162887,0.2049876609734042,3.972972972972972,0.4744795190548471,0.47125,1,753,rawnet2
runs,shortcut_asv19_sweep,asvspoof2019_la,pad_lead,100.0,100.0,,0.050625,0.9904796875,0.1887499999999999,0.4532273541466254,0.004375,-0.0075012377266342,0.0106307469147201,0.0945945945945948,0.0183291105460491,0.0175,42,38,rawnet2
runs,shortcut_asv19_sweep,asvspoof2019_la,pad_lead,250.0,250.0,,0.0649999999999999,0.9849265625,0.3500000000000001,0.6652848172083252,0.0187499999999999,0.0075022474636724,0.024997105450659,0.4054054054054046,0.0450606870654655,0.031875,66,35,rawnet2
runs,shortcut_asv19_sweep,asvspoof2019_la,pad_lead,500.0,500.0,,0.14,0.927296875,0.7149999999999999,2.638453305076676,0.09375,0.0775080920025809,0.1150287487992088,2.0270270270270268,0.2263149352687062,0.181875,299,36,rawnet2
runs,shortcut_asv19_sweep,asvspoof2019_la,pad_lead,1000.0,1000.0,,0.29625,0.7759234374999999,0.7962500000000001,3.9923023486785465,0.25,0.2194102382733834,0.2712741693679234,5.405405405405404,0.2869124252860974,0.27125,424,52,rawnet2
runs,shortcut_asv19_sweep,asvspoof2019_la,trim_lead,100.0,100.0,,0.045,0.9910578125,0.19375,0.3959254574018682,-0.0012499999999999,-0.0106184246163813,0.0068727060511031,-0.0270270270270267,0.0165955203540445,0.020625,34,43,rawnet2
runs,shortcut_asv19_sweep,asvspoof2019_la,trim_lead,250.0,250.0,,0.05125,0.9861765625,0.3225,0.4887689473876292,0.0049999999999999,-0.0037503833895272,0.0144106508880445,0.108108108108108,0.0434480130509897,0.05375,25,97,rawnet2
runs,shortcut_asv19_sweep,asvspoof2019_la,trim_lead,500.0,500.0,,0.110625,0.953146875,0.6762499999999999,1.7792520529574984,0.0643749999999999,0.0487356580332568,0.0812337652729676,1.3918918918918914,0.1661721881428167,0.195,19,315,rawnet2
runs,shortcut_asv19_sweep,asvspoof2019_la,trim_lead,1000.0,1000.0,,0.2931249999999999,0.7830078125,0.96375,5.429248959662068,0.2468749999999999,0.2206740786331402,0.2712229551507879,5.337837837837836,0.4285766423584282,0.4225,36,638,rawnet2
runs,shortcut_asv19_sweep,asvspoof2019_la,lead_energy,20.0,20.0,,0.056875,0.98915,0.14125,3.708526437193943,0.055625,0.0437278543247727,0.0687318636543512,44.50000000000049,0.3969101586564689,0.42,0,672,ssl_aasist
runs,shortcut_asv19_sweep,asvspoof2019_la,lead_energy,30.0,30.0,,0.0537499999999999,0.9892875,0.13375,3.6195401925563977,0.0524999999999999,0.0406081481941328,0.0650065920797424,42.00000000000043,0.38934168408351,0.41125,0,658,ssl_aasist
runs,shortcut_asv19_sweep,asvspoof2019_la,lead_energy,40.0,40.0,,0.0531249999999999,0.99025625,0.1362499999999999,3.205710382884977,0.051875,0.0400296474825075,0.06375253183683,41.50000000000044,0.3518635791989344,0.376875,0,603,ssl_aasist
runs,shortcut_asv19_sweep,asvspoof2019_la,pad_lead,100.0,100.0,,0.0006249999999999,0.9999734375,0.0012499999999999,0.0220254544389846,-0.000625,-0.0031445655777181,0.0012092264405608,-0.5000000000000053,0.0014865102354599,0.001875,3,0,ssl_aasist
runs,shortcut_asv19_sweep,asvspoof2019_la,pad_lead,250.0,250.0,,0.0006249999999999,0.99999375,0.0012499999999999,0.0745442043226932,-0.000625,-0.0037508515611222,0.0012376237623762,-0.5000000000000053,0.014748700409831,0.005625,9,0,ssl_aasist
runs,shortcut_asv19_sweep,asvspoof2019_la,pad_lead,500.0,500.0,,0.004375,0.99875,0.0062499999999999,0.8670761463784166,0.003125,-0.0018727017502103,0.0056366446764848,2.500000000000038,0.1008254009123696,0.066875,107,0,ssl_aasist
runs,shortcut_asv19_sweep,asvspoof2019_la,pad_lead,1000.0,1000.0,,0.0268749999999999,0.9962625,0.0637499999999999,2.204936791216908,0.0256249999999999,0.0168543990254242,0.0331220821919229,20.500000000000213,0.1855321435606642,0.149375,239,0,ssl_aasist
runs,shortcut_asv19_sweep,asvspoof2019_la,trim_lead,100.0,100.0,,0.0018749999999999,0.999865625,0.00875,0.0192861306068289,0.0006249999999999,-0.0012391573729863,0.0037543196869104,0.4999999999999946,0.0013301497139746,0.0025,2,4,ssl_aasist
runs,shortcut_asv19_sweep,asvspoof2019_la,trim_lead,250.0,250.0,,0.0031249999999999,0.999853125,0.01875,0.0386126453934549,0.0018749999999999,-0.0006337538228146,0.0062203577579214,1.500000000000005,0.0042826958372665,0.005,2,8,ssl_aasist
runs,shortcut_asv19_sweep,asvspoof2019_la,trim_lead,500.0,500.0,,0.0162499999999999,0.99853125,0.1075,0.3051733813368303,0.0149999999999999,0.0074849544785017,0.0200012290028263,12.00000000000012,0.0464170275094729,0.063125,1,102,ssl_aasist
runs,shortcut_asv19_sweep,asvspoof2019_la,trim_lead,1000.0,1000.0,,0.0924999999999999,0.95530625,0.2599999999999999,2.8403037323886915,0.09125,0.0744497583865236,0.1049673230111368,73.00000000000077,0.3004140712588015,0.324375,18,501,ssl_aasist
runs,shortcut_asv19_sweep,asvspoof2019_la,lead_energy,20.0,20.0,,0.0537499999999999,0.9912125,0.25625,1.1495031154681437,0.051875,0.0393234142649065,0.0637757591339279,27.66666666666706,0.2910811544812233,0.3475,0,555,xlsr_mamba
runs,shortcut_asv19_sweep,asvspoof2019_la,lead_energy,30.0,30.0,,0.0475,0.9938765625,0.19125,1.0737493411754178,0.045625,0.0318760207903022,0.0556244429560537,24.333333333333695,0.2855304120673338,0.348125,0,556,xlsr_mamba
runs,shortcut_asv19_sweep,asvspoof2019_la,lead_energy,40.0,40.0,,0.0424999999999999,0.9939421875,0.1799999999999999,0.957965322183424,0.040625,0.0293711222489668,0.0512566068330995,21.666666666666984,0.2581849411969539,0.325,0,519,xlsr_mamba
runs,shortcut_asv19_sweep,asvspoof2019_la,pad_lead,100.0,100.0,,0.0012499999999999,0.9999890625,0.0062499999999999,0.020636186279786,-0.0006249999999999,-0.0037251884607316,0.002500192886008,-0.3333333333333309,0.0022909789074888,0.00125,4,1,xlsr_mamba
runs,shortcut_asv19_sweep,asvspoof2019_la,pad_lead,250.0,250.0,,0.0012499999999999,0.999990625,0.00375,0.0175626429029522,-0.0006249999999999,-0.0037500550789911,0.0025015760931358,-0.3333333333333309,0.0051850517457555,0.001875,3,1,xlsr_mamba
runs,shortcut_asv19_sweep,asvspoof2019_la,pad_lead,500.0,500.0,,0.0124999999999999,0.9993265625,0.1074999999999999,0.3675874167572155,0.010625,0.0031324276978805,0.0162531204775963,5.666666666666749,0.0688629854136734,0.044375,69,1,xlsr_mamba
runs,shortcut_asv19_sweep,asvspoof2019_la,pad_lead,1000.0,1000.0,,0.0581249999999999,0.98933125,0.2962499999999999,1.296083451317381,0.05625,0.0449920446455135,0.0693756926207836,30.00000000000043,0.1598040430160416,0.14,222,3,xlsr_mamba
runs,shortcut_asv19_sweep,asvspoof2019_la,trim_lead,100.0,100.0,,0.0018749999999999,0.9999796875,0.00875,0.0198330193548672,0.0,-0.0019088256621818,0.0031126594650139,0.0,0.0024661053491115,0.000625,2,2,xlsr_mamba
runs,shortcut_asv19_sweep,asvspoof2019_la,trim_lead,250.0,250.0,,0.00375,0.9999265625,0.01375,0.0196404128970513,0.001875,-0.0006493506493506,0.0062469914362734,1.0000000000000366,0.0062370215014553,0.005,2,7,xlsr_mamba
runs,shortcut_asv19_sweep,asvspoof2019_la,trim_lead,500.0,500.0,,0.00875,0.9994734375,0.0462499999999999,0.0873498858672198,0.006875,0.0018631943178302,0.0125119035300406,3.666666666666742,0.0315387162191361,0.048125,1,77,xlsr_mamba
runs,shortcut_asv19_sweep,asvspoof2019_la,trim_lead,1000.0,1000.0,,0.0575,0.98015625,0.3225,0.9579541371158792,0.055625,0.0456339559567687,0.0731183166965262,29.666666666667112,0.2229630571311789,0.268125,3,425,xlsr_mamba
runs,shortcut_asv19_sweep,asvspoof2019_la,lead_energy,20.0,20.0,,0.17625,0.9008671875,0.3349999999999999,1.788271147489236,0.0106249999999999,0.0,0.0262384590190322,0.0641509433962263,0.0262703119193932,0.095,117,220,nes2net
runs,shortcut_asv19_sweep,asvspoof2019_la,lead_energy,30.0,30.0,,0.17125,0.90466875,0.3500000000000001,1.7823846550402664,0.0056249999999999,-0.0050077278885264,0.0193820499021768,0.0339622641509433,0.0244761688268912,0.08875,115,204,nes2net
runs,shortcut_asv19_sweep,asvspoof2019_la,lead_energy,40.0,40.0,,0.171875,0.9054953125,0.3375,1.7913743742961434,0.0062499999999999,-0.0050375870888961,0.0199648983289003,0.0377358490566036,0.0242105145728902,0.080625,124,184,nes2net
runs,shortcut_asv19_sweep,asvspoof2019_la,pad_lead,100.0,100.0,,0.1825,0.8953953124999999,0.4325,1.950682500019387,0.0168749999999999,0.0068773794524063,0.0256624588256865,0.10188679245283,0.018428700901623,0.028125,147,145,nes2net
runs,shortcut_asv19_sweep,asvspoof2019_la,pad_lead,250.0,250.0,,0.18375,0.8914296875000001,0.45125,2.0031495151701213,0.0181249999999999,0.0037499755377651,0.0287844300246831,0.1094339622641507,0.0307870344767326,0.053125,146,142,nes2net
runs,shortcut_asv19_sweep,asvspoof2019_la,pad_lead,500.0,500.0,,0.1743749999999999,0.9025625,0.5025,1.9418159295693216,0.0087499999999999,-0.0025033883314453,0.0181324118167831,0.0528301886792449,0.023173278976919,0.05375,140,135,nes2net
runs,shortcut_asv19_sweep,asvspoof2019_la,pad_lead,1000.0,1000.0,,0.154375,0.9151484375,0.6375,1.9165207148116696,-0.0112499999999999,-0.0243825613419355,0.0018892237155523,-0.0679245283018866,0.0313720492965095,0.0875,123,124,nes2net
runs,shortcut_asv19_sweep,asvspoof2019_la,trim_lead,100.0,100.0,,0.1474999999999999,0.918184375,0.38875,1.8319782279005816,-0.018125,-0.0268726609873586,-0.0099640435199843,-0.1094339622641512,0.0137557902632988,0.026875,115,123,nes2net
runs,shortcut_asv19_sweep,asvspoof2019_la,trim_lead,250.0,250.0,,0.1374999999999999,0.9267140625,0.34625,1.8189720363221864,-0.028125,-0.0406063282964009,-0.0156216362584858,-0.1698113207547172,0.0305310530218238,0.055625,110,112,nes2net
runs,shortcut_asv19_sweep,asvspoof2019_la,trim_lead,500.0,500.0,,0.136875,0.936478125,0.3075,1.790503180241799,-0.0287499999999999,-0.0449924162102434,-0.0193821632450026,-0.1735849056603773,0.0341054450087892,0.06375,104,119,nes2net
runs,shortcut_asv19_sweep,asvspoof2019_la,trim_lead,1000.0,1000.0,,0.129375,0.94425,0.3299999999999999,1.6291752370671335,-0.03625,-0.050672584823403,-0.0187453455779746,-0.218867924528302,0.0587984225097215,0.124375,64,212,nes2net
runs,shortcut_asv19_sweep,asvspoof2019_la,lead_energy,20.0,20.0,,0.1099999999999999,0.95833125,0.56625,0.636763980286151,0.0699999999999999,0.0524926088602196,0.0881551120857277,1.7499999999999982,0.2189179166632006,0.33375,1,525,xlsr_linear
runs,shortcut_asv19_sweep,asvspoof2019_la,lead_energy,30.0,30.0,,0.11875,0.95661875,0.5387500000000001,0.6270255456042717,0.0787499999999999,0.0612441453889321,0.0981443202180771,1.968749999999999,0.2125100790090248,0.32125,1,505,xlsr_linear
runs,shortcut_asv19_sweep,asvspoof2019_la,lead_energy,40.0,40.0,,0.11375,0.9599453125,0.46875,0.5902103392710528,0.07375,0.0555954195079934,0.0912569904769372,1.843749999999999,0.1973507177300601,0.299375,5,466,xlsr_linear
runs,shortcut_asv19_sweep,asvspoof2019_la,pad_lead,100.0,100.0,,0.0381249999999999,0.991734375,0.2962499999999999,0.330566428164758,-0.001875,-0.0118659432757773,0.0074612171650243,-0.046875000000001,0.0515754204364062,0.034375,19,42,xlsr_linear
runs,shortcut_asv19_sweep,asvspoof2019_la,pad_lead,250.0,250.0,,0.0531249999999999,0.98806875,0.30125,0.3888220792142605,0.0131249999999999,0.0006073510813802,0.024372731419355,0.328124999999999,0.082806297124586,0.05375,38,46,xlsr_linear
runs,shortcut_asv19_sweep,asvspoof2019_la,pad_lead,500.0,500.0,,0.0725,0.9751953125,0.50375,0.499984142734495,0.0324999999999999,0.016870096860956,0.0437675634473413,0.8124999999999992,0.1226762472407805,0.081875,105,34,xlsr_linear
runs,shortcut_asv19_sweep,asvspoof2019_la,pad_lead,1000.0,1000.0,,0.10375,0.9403390625,0.8987499999999999,0.6924503739895441,0.0637499999999999,0.0456101595123925,0.078778077411471,1.593749999999999,0.1906684625903171,0.173125,247,26,xlsr_linear
runs,shortcut_asv19_sweep,asvspoof2019_la,trim_lead,100.0,100.0,,0.04125,0.99341875,0.1937499999999999,0.290055211568402,0.0012499999999999,-0.0075415966300564,0.009377520545928,0.0312499999999996,0.0433164601854982,0.029375,24,49,xlsr_linear
runs,shortcut_asv19_sweep,asvspoof2019_la,trim_lead,250.0,250.0,,0.04125,0.992296875,0.1949999999999999,0.3042399381847335,0.0012499999999999,-0.0068555016648151,0.0125216274604508,0.0312499999999996,0.0702274172889632,0.048125,19,66,xlsr_linear
runs,shortcut_asv19_sweep,asvspoof2019_la,trim_lead,500.0,500.0,,0.0581249999999999,0.9884625,0.2762499999999999,0.3513588760397945,0.0181249999999999,0.0043789183185482,0.0281268199617695,0.4531249999999991,0.1004401330894468,0.105,10,156,xlsr_linear
runs,shortcut_asv19_sweep,asvspoof2019_la,trim_lead,1000.0,1000.0,,0.1262499999999999,0.9445359375,0.5962500000000001,0.5915613844063259,0.0862499999999999,0.0687516553090506,0.106253882536466,2.156249999999998,0.2024871654670531,0.279375,12,425,xlsr_linear
runs,shortcut_asv19_sweep,asvspoof2019_la,lead_energy,20.0,20.0,,0.119375,0.955390625,0.5099999999999999,0.9691907948311153,0.091875,0.076249476358999,0.112501644572239,3.3409090909090935,0.2734610529259175,0.318125,3,510,wavlm_linear
runs,shortcut_asv19_sweep,asvspoof2019_la,lead_energy,30.0,30.0,,0.10875,0.9601859375,0.4224999999999999,0.806947209392096,0.08125,0.0643255518724434,0.0956982876920638,2.9545454545454577,0.2432044347605125,0.286875,5,460,wavlm_linear
runs,shortcut_asv19_sweep,asvspoof2019_la,lead_energy,40.0,40.0,,0.1056249999999999,0.961996875,0.4674999999999999,0.7032702404444482,0.0781249999999999,0.0650073655524138,0.09811091694279,2.840909090909092,0.2142543179674711,0.253125,5,406,wavlm_linear
runs,shortcut_asv19_sweep,asvspoof2019_la,pad_lead,100.0,100.0,,0.03125,0.9958484375,0.0975,0.146972071559225,0.00375,-0.0068896886380014,0.0093812915264804,0.1363636363636375,0.0363388353018657,0.0275,13,49,wavlm_linear
runs,shortcut_asv19_sweep,asvspoof2019_la,pad_lead,250.0,250.0,,0.04125,0.992903125,0.1549999999999999,0.2726846927631193,0.01375,0.003132668783829,0.0262356428351618,0.5000000000000012,0.1067227094840829,0.110625,5,178,wavlm_linear
runs,shortcut_asv19_sweep,asvspoof2019_la,pad_lead,500.0,500.0,,0.09375,0.97,0.4112499999999999,0.567359596518392,0.06625,0.0493733440420811,0.0800305409303946,2.4090909090909114,0.2008556726909213,0.219375,4,349,wavlm_linear
runs,shortcut_asv19_sweep,asvspoof2019_la,pad_lead,1000.0,1000.0,,0.14625,0.9375125,0.57375,1.2593071700229208,0.11875,0.1006342502731935,0.1375009646318017,4.318181818181821,0.3365795271188299,0.388125,1,620,wavlm_linear
runs,shortcut_asv19_sweep,asvspoof2019_la,trim_lead,100.0,100.0,,0.0268749999999999,0.9964921875,0.1012499999999999,0.1221061356779191,-0.000625,-0.0100057470925258,0.0056283543935095,-0.0227272727272727,0.0294654962656087,0.02125,14,38,wavlm_linear
runs,shortcut_asv19_sweep,asvspoof2019_la,trim_lead,250.0,250.0,,0.0331249999999999,0.99505625,0.14125,0.1413739149801727,0.005625,-0.0050034836856066,0.0125057874075816,0.2045454545454548,0.047280873279883,0.03375,14,52,wavlm_linear
runs,shortcut_asv19_sweep,asvspoof2019_la,trim_lead,500.0,500.0,,0.0518749999999999,0.9915734375,0.1999999999999999,0.2343708226782586,0.024375,0.0112601309770777,0.0344162289915966,0.8863636363636372,0.0877833519390218,0.07375,8,116,wavlm_linear
runs,shortcut_asv19_sweep,asvspoof2019_la,trim_lead,1000.0,1000.0,,0.123125,0.9491,0.5487500000000001,0.840737499621656,0.095625,0.0806210232825123,0.1137411533895158,3.477272727272731,0.2373293575595133,0.249375,13,382,wavlm_linear
runs,shortcut_asv19_sweep,asvspoof2019_la,lead_energy,20.0,20.0,,0.0224999999999999,0.996003125,0.1187499999999999,0.4558172543943561,0.0224999999999999,0.0168294731795221,0.0330985577247932,,0.1216334106794953,0.26625,0,426,nes2net_v2
runs,shortcut_asv19_sweep,asvspoof2019_la,lead_energy,30.0,30.0,,0.024375,0.9964046875,0.1175,0.3516294139828284,0.024375,0.016229452586804,0.0318719702709462,,0.0980150558821119,0.24,0,384,nes2net_v2
runs,shortcut_asv19_sweep,asvspoof2019_la,lead_energy,40.0,40.0,,0.025625,0.99694375,0.1174999999999999,0.2982560560161862,0.025625,0.0162573005479914,0.0324890841610553,,0.085236240000062,0.20375,0,326,nes2net_v2
runs,shortcut_asv19_sweep,asvspoof2019_la,pad_lead,100.0,100.0,,0.0,1.0,0.0,0.0290226716932167,0.0,0.0,0.0,,0.0031593494316449,0.00125,2,0,nes2net_v2
runs,shortcut_asv19_sweep,asvspoof2019_la,pad_lead,250.0,250.0,,0.00375,0.999984375,0.00375,0.1253366785829967,0.00375,0.0,0.0062509818438357,,0.0210361899608663,0.008125,13,0,nes2net_v2
runs,shortcut_asv19_sweep,asvspoof2019_la,pad_lead,500.0,500.0,,0.0124999999999999,0.999525,0.0487499999999999,0.5741482671957255,0.0124999999999999,0.0075014065144357,0.0187575528510543,,0.0655165457828972,0.04625,74,0,nes2net_v2
runs,shortcut_asv19_sweep,asvspoof2019_la,pad_lead,1000.0,1000.0,,0.0268749999999999,0.9952078125,0.135,1.2075182021957889,0.0268749999999999,0.0193704120870418,0.0362397264752944,,0.1024992481051082,0.084375,135,0,nes2net_v2
runs,shortcut_asv19_sweep,asvspoof2019_la,trim_lead,100.0,100.0,,0.000625,0.9999953125,0.00375,0.0116048366350868,0.000625,0.0,0.0037560496039636,,0.0025121614276627,0.00125,1,1,nes2net_v2
runs,shortcut_asv19_sweep,asvspoof2019_la,trim_lead,250.0,250.0,,0.004375,0.9999734375,0.0062499999999999,0.0147953672264383,0.004375,0.0,0.0068757919934249,,0.0034463034692323,0.00375,1,5,nes2net_v2
runs,shortcut_asv19_sweep,asvspoof2019_la,trim_lead,500.0,500.0,,0.0062499999999999,0.9998796875,0.0174999999999999,0.0305256664860329,0.0062499999999999,0.0025003164463002,0.0106255212168504,,0.0111477049608177,0.02125,0,34,nes2net_v2
runs,shortcut_asv19_sweep,asvspoof2019_la,trim_lead,1000.0,1000.0,,0.0481249999999999,0.9780390625,0.32875,0.5852175840829698,0.0481249999999999,0.0343728902303107,0.0574958397415458,,0.1223341312733341,0.209375,12,323,nes2net_v2
runs,shortcut_itw_sweep,in_the_wild,lead_energy,20.0,20.0,,0.644375,0.3260140625,1.0,6.131211001537099,-0.0124999999999999,-0.0237456087022279,0.0,-0.0190294957183633,0.0482516672566332,0.0525,492,547,reference_lfcc_logreg
runs,shortcut_itw_sweep,in_the_wild,lead_energy,30.0,30.0,,0.645625,0.326975,1.0,6.063196546455332,-0.0112499999999999,-0.0206214024093332,0.0031718802392391,-0.017126546146527,0.0442736203964908,0.046875,494,546,reference_lfcc_logreg
runs,shortcut_itw_sweep,in_the_wild,lead_energy,40.0,40.0,,0.644375,0.331365625,1.0,5.918938046425259,-0.0124999999999999,-0.0231074674951615,-0.0018673734437516,-0.0190294957183633,0.0322913501248866,0.034375,499,533,reference_lfcc_logreg
runs,shortcut_itw_sweep,in_the_wild,pad_lead,100.0,100.0,,0.6699999999999999,0.2928921875,1.0,6.122064811226917,0.0131249999999999,0.0068749438224521,0.0218858522219367,0.0199809705042815,0.0277904628173559,0.023125,522,558,reference_lfcc_logreg
runs,shortcut_itw_sweep,in_the_wild,pad_lead,250.0,250.0,,0.6799999999999999,0.2739734374999999,1.0,6.180361134607205,0.0231249999999999,0.0125003125078126,0.0343764614494162,0.0352045670789723,0.0492345754337215,0.0475,520,575,reference_lfcc_logreg
runs,shortcut_itw_sweep,in_the_wild,pad_lead,500.0,500.0,,0.6799999999999999,0.26000625,1.0,5.985153088449877,0.0231249999999999,0.0087492480507295,0.0369003164963492,0.0352045670789723,0.0683939428342805,0.068125,535,563,reference_lfcc_logreg
runs,shortcut_itw_sweep,in_the_wild,pad_lead,1000.0,1000.0,,0.685625,0.2559249999999999,0.9975,5.464757586246479,0.02875,0.0100052823883557,0.0462443716670764,0.043767840152236,0.1084190668711062,0.1225,578,487,reference_lfcc_logreg
runs,shortcut_itw_sweep,in_the_wild,trim_lead,100.0,100.0,,0.6575,0.321978125,1.0,5.917166905378977,0.0006249999999999,-0.0056828133879569,0.0074654076402938,0.0009514747859181,0.01681560878383,0.015,519,534,reference_lfcc_logreg
runs,shortcut_itw_sweep,in_the_wild,trim_lead,250.0,250.0,,0.6481250000000001,0.3252953125,0.99875,6.026653534577469,-0.0087499999999999,-0.0193703034698857,0.0019044251008961,-0.0133206470028543,0.0390223839635343,0.0425,501,540,reference_lfcc_logreg
runs,shortcut_itw_sweep,in_the_wild,trim_lead,500.0,500.0,,0.6487499999999999,0.3240921875,0.99875,6.144906557100094,-0.008125,-0.0181312609250047,0.0050018366595691,-0.0123691722169363,0.0515612725679335,0.05875,498,543,reference_lfcc_logreg
runs,shortcut_itw_sweep,in_the_wild,trim_lead,1000.0,1000.0,,0.6525000000000001,0.324184375,0.99625,6.282928359351168,-0.0043749999999999,-0.0187737693643134,0.0125159138030387,-0.006660323501427,0.0827615518373807,0.088125,522,522,reference_lfcc_logreg
runs,shortcut_itw_sweep,in_the_wild,lead_energy,20.0,20.0,,0.52,0.4813187499999999,1.0,3.4599664985361884,0.0675,0.0437505331656025,0.0918751149315381,0.149171270718232,0.2719359702001775,0.329375,143,638,aasist
runs,shortcut_itw_sweep,in_the_wild,lead_energy,30.0,30.0,,0.525,0.48019375,0.99375,3.622309071137966,0.0725,0.0450009874063941,0.0974956401424246,0.1602209944751381,0.2675725156932713,0.324375,134,643,aasist
runs,shortcut_itw_sweep,in_the_wild,lead_energy,40.0,40.0,,0.483125,0.5312828125,0.995,3.2813019128921037,0.030625,0.0037502093378841,0.0550000193362093,0.0676795580110497,0.2141116403111328,0.266875,144,565,aasist
runs,shortcut_itw_sweep,in_the_wild,pad_lead,100.0,100.0,,0.4625,0.5558609375,1.0,2.485779285864235,0.01,-0.0068626843514282,0.0218772798345843,0.0220994475138121,0.071808568891976,0.088125,400,349,aasist
runs,shortcut_itw_sweep,in_the_wild,pad_lead,250.0,250.0,,0.44125,0.5638718749999999,1.0,2.514710536614494,-0.0112499999999999,-0.0287671532964854,0.0031298635548249,-0.0248618784530386,0.1025447841933191,0.10875,421,315,aasist
runs,shortcut_itw_sweep,in_the_wild,pad_lead,500.0,500.0,,0.44375,0.5695874999999999,1.0,2.5166760102563663,-0.00875,-0.030597883087321,0.006918858844684,-0.0193370165745857,0.1460934430260707,0.165,510,276,aasist
runs,shortcut_itw_sweep,in_the_wild,pad_lead,1000.0,1000.0,,0.44375,0.5706296875,1.0,2.58575950010017,-0.00875,-0.0300000187504687,0.005614003371956,-0.0193370165745857,0.2203449204383586,0.226875,585,230,aasist
runs,shortcut_itw_sweep,in_the_wild,trim_lead,100.0,100.0,,0.43875,0.5800265625000001,0.99375,2.5543409528882464,-0.01375,-0.0325309166495107,0.0006395097819495,-0.0303867403314918,0.1054192213783655,0.124375,259,408,aasist
runs,shortcut_itw_sweep,in_the_wild,trim_lead,250.0,250.0,,0.5025,0.506459375,0.99375,3.393271834494325,0.0499999999999999,0.0243816630163951,0.0706222983318485,0.1104972375690606,0.2361417905534562,0.2825,163,599,aasist
runs,shortcut_itw_sweep,in_the_wild,trim_lead,500.0,500.0,,0.5325,0.47566875,0.99625,3.178430182502815,0.0799999999999999,0.0537281806121869,0.1019029008240786,0.1767955801104971,0.2564140445727589,0.299375,201,588,aasist
runs,shortcut_itw_sweep,in_the_wild,trim_lead,1000.0,1000.0,,0.51125,0.4979859375,0.9925,2.9038605739334535,0.0587499999999999,0.0318864908953598,0.0862492025882335,0.1298342541436463,0.2781383191604694,0.309375,289,494,aasist
runs,shortcut_itw_sweep,in_the_wild,lead_energy,20.0,20.0,,0.333125,0.7147484375000001,0.9975,8.811337515828455,0.014375,-0.0031330207964152,0.0343998462346234,0.0450980392156863,0.0070320933877044,0.144375,232,339,aasist3_kan
runs,shortcut_itw_sweep,in_the_wild,lead_energy,30.0,30.0,,0.339375,0.7158640625,0.995,8.818946976602815,0.020625,0.001890532187597,0.0400015797501758,0.0647058823529412,0.0063182850293189,0.1425,236,334,aasist3_kan
runs,shortcut_itw_sweep,in_the_wild,lead_energy,40.0,40.0,,0.330625,0.7215437499999999,0.995,8.662872904449525,0.011875,-0.0031311639717496,0.0306268275574649,0.0372549019607845,0.0038905851345859,0.10625,240,314,aasist3_kan
runs,shortcut_itw_sweep,in_the_wild,pad_lead,100.0,100.0,,0.4525,0.578565625,0.99625,9.868776341594671,0.13375,0.1106248783217218,0.1574991542864874,0.419607843137255,0.0068182691590715,0.35125,90,646,aasist3_kan
runs,shortcut_itw_sweep,in_the_wild,pad_lead,250.0,250.0,,0.469375,0.5704515625,0.9975,9.866216513538568,0.150625,0.1262661731701638,0.1724823909753916,0.4725490196078432,0.0067549374264098,0.335,109,627,aasist3_kan
runs,shortcut_itw_sweep,in_the_wild,pad_lead,500.0,500.0,,0.44375,0.5918453125,0.99875,9.857691254578231,0.125,0.101238668365651,0.1462566669760537,0.3921568627450981,0.0068244927951809,0.3325,96,624,aasist3_kan
runs,shortcut_itw_sweep,in_the_wild,pad_lead,1000.0,1000.0,,0.4337499999999999,0.598284375,0.9975,9.862873270943634,0.1149999999999999,0.0943522136829599,0.14124246822222,0.3607843137254902,0.0068339225967023,0.3425,92,632,aasist3_kan
runs,shortcut_itw_sweep,in_the_wild,trim_lead,100.0,100.0,,0.32625,0.726290625,0.99,8.44343929741119,0.0075,-0.0062140814101401,0.0187523872672039,0.023529411764706,0.0019683320750563,0.06125,256,276,aasist3_kan
runs,shortcut_itw_sweep,in_the_wild,trim_lead,250.0,250.0,,0.330625,0.7260546875,0.995,8.665689654965345,0.011875,-0.0075318833361541,0.0288460951344865,0.0372549019607845,0.0047456333495375,0.115625,232,309,aasist3_kan
runs,shortcut_itw_sweep,in_the_wild,trim_lead,500.0,500.0,,0.3399999999999999,0.7124140625,0.99125,8.602210561045965,0.0212499999999999,-0.0024765910268819,0.0374929170819745,0.0666666666666666,0.0076649138374218,0.1475,256,294,aasist3_kan
runs,shortcut_itw_sweep,in_the_wild,trim_lead,1000.0,1000.0,,0.373125,0.6736203125,0.9975,8.451984635371296,0.054375,0.0312527454958775,0.0768762918315082,0.1705882352941178,0.0106794792587776,0.206875,298,303,aasist3_kan
runs,shortcut_itw_sweep,in_the_wild,lead_energy,20.0,20.0,,0.014375,0.996803125,0.08125,0.1222824729602675,-0.0012499999999999,-0.0068851769932519,0.0049969447076491,-0.0799999999999991,0.0159400689509928,0.00875,12,9,spectra_aasist3
runs,shortcut_itw_sweep,in_the_wild,lead_energy,30.0,30.0,,0.0125,0.9954375,0.0699999999999999,0.1242371257798946,-0.0031249999999999,-0.0075011922814771,0.0050034560987616,-0.1999999999999991,0.0147593105893373,0.009375,11,9,spectra_aasist3
runs,shortcut_itw_sweep,in_the_wild,lead_energy,40.0,40.0,,0.0124999999999999,0.99373125,0.12,0.1303331063427681,-0.003125,-0.0081215839230066,0.0018790828248371,-0.2000000000000017,0.0106846817146971,0.006875,10,8,spectra_aasist3
runs,shortcut_itw_sweep,in_the_wild,pad_lead,100.0,100.0,,0.01375,0.9965421875,0.05875,0.1213508658002168,-0.0018749999999999,-0.0068727528980875,0.003720512148393,-0.1199999999999991,0.0139553057790602,0.005625,13,7,spectra_aasist3
runs,shortcut_itw_sweep,in_the_wild,pad_lead,250.0,250.0,,0.0187499999999999,0.9954546875,0.06625,0.1376951474131365,0.0031249999999999,-0.0062544368419261,0.0068721013684153,0.1999999999999992,0.0186527485353535,0.0075,13,6,spectra_aasist3
runs,shortcut_itw_sweep,in_the_wild,pad_lead,500.0,500.0,,0.011875,0.9951609375,0.06625,0.1283356472033635,-0.00375,-0.0068766263534148,0.0068784876418127,-0.2399999999999998,0.0187142348414168,0.00875,14,5,spectra_aasist3
runs,shortcut_itw_sweep,in_the_wild,pad_lead,1000.0,1000.0,,0.0175,0.99394375,0.1124999999999999,0.1388884168626577,0.001875,-0.0075004468071856,0.0062600319473047,0.12,0.0195811449155471,0.01,12,5,spectra_aasist3
runs,shortcut_itw_sweep,in_the_wild,trim_lead,100.0,100.0,,0.015,0.991721875,0.24875,0.1422109649489262,-0.000625,-0.0037531484571778,0.0056357999122212,-0.04,0.0085980462189478,0.006875,12,16,spectra_aasist3
runs,shortcut_itw_sweep,in_the_wild,trim_lead,250.0,250.0,,0.0162499999999999,0.9898578125,0.19625,0.1525596107206801,0.0006249999999999,-0.0055765020480062,0.0080560689456334,0.0399999999999991,0.0190126124873359,0.0125,13,12,spectra_aasist3
runs,shortcut_itw_sweep,in_the_wild,trim_lead,500.0,500.0,,0.021875,0.99500625,0.0974999999999999,0.1555345690344184,0.00625,-0.0025743567779636,0.0124737777972498,0.3999999999999999,0.0232957178382684,0.015,19,6,spectra_aasist3
runs,shortcut_itw_sweep,in_the_wild,trim_lead,1000.0,1000.0,,0.0625,0.9805515625,0.5275,0.3323767052700069,0.0468749999999999,0.0337411350471639,0.0581305997673969,2.9999999999999982,0.065230168602643,0.058125,54,42,spectra_aasist3
runs,shortcut_itw_sweep,in_the_wild,lead_energy,20.0,20.0,,0.5675,0.41017734375,1.0,5.362393469690426,0.039375,0.0193544662558477,0.0581108129489236,0.0745562130177515,0.141410793586915,0.18125,311,542,rawnet2
runs,shortcut_itw_sweep,in_the_wild,lead_energy,30.0,30.0,,0.5675,0.419328125,1.0,5.306355072849254,0.039375,0.0175087762911924,0.0549882062199879,0.0745562130177515,0.1354501969077827,0.165,292,541,rawnet2
runs,shortcut_itw_sweep,in_the_wild,lead_energy,40.0,40.0,,0.5275000000000001,0.4645625,1.0,4.924813319472203,-0.0006249999999998,-0.0225017509188647,0.0144227360551075,-0.0011834319526624,0.1114265748086844,0.1425,297,510,rawnet2
runs,shortcut_itw_sweep,in_the_wild,pad_lead,100.0,100.0,,0.515,0.4800421875,1.0,4.088979072292116,-0.0131249999999999,-0.0293726114033458,0.0012505053319794,-0.024852071005917,0.0939525578271057,0.1075,476,367,rawnet2
runs,shortcut_itw_sweep,in_the_wild,pad_lead,250.0,250.0,,0.51125,0.4914921875,1.0,3.8794797340631297,-0.0168749999999999,-0.0362612367527015,0.0006150823841574,-0.0319526627218934,0.1433719932002932,0.164375,521,303,rawnet2
runs,shortcut_itw_sweep,in_the_wild,pad_lead,500.0,500.0,,0.493125,0.496628125,1.0,3.703281630304419,-0.0349999999999999,-0.0543906179651885,-0.0143542226780073,-0.0662721893491122,0.1913680154475633,0.210625,565,267,rawnet2
runs,shortcut_itw_sweep,in_the_wild,pad_lead,1000.0,1000.0,,0.5,0.504725,1.0,3.56121731431378,-0.0281249999999999,-0.0506552543950461,-0.0062518755721965,-0.0532544378698224,0.2361026507187647,0.254375,583,241,rawnet2
runs,shortcut_itw_sweep,in_the_wild,trim_lead,100.0,100.0,,0.5343749999999999,0.4613046875,1.0,4.670713860704134,0.0062499999999999,-0.0112534591204781,0.0200345818856077,0.0118343195266271,0.0885162506078638,0.10375,359,474,rawnet2
runs,shortcut_itw_sweep,in_the_wild,trim_lead,250.0,250.0,,0.560625,0.4184984375,1.0,5.362218565415817,0.0325,0.0099778460921087,0.0462795439756975,0.0615384615384617,0.1413342760044364,0.17875,290,547,rawnet2
runs,shortcut_itw_sweep,in_the_wild,trim_lead,500.0,500.0,,0.564375,0.417690625,1.0,5.247996605484758,0.03625,0.0156058813693608,0.0568733008124346,0.0686390532544378,0.1730303664615188,0.1875,364,499,rawnet2
runs,shortcut_itw_sweep,in_the_wild,trim_lead,1000.0,1000.0,,0.5425,0.4369109375,1.0,5.144239534720827,0.014375,-0.0137650036449749,0.0374953169901099,0.0272189349112426,0.2239659353126895,0.22875,437,430,rawnet2
runs,shortcut_itw_sweep,in_the_wild,lead_energy,20.0,20.0,,0.115625,0.94670625,0.6387500000000002,6.29317526506362,-0.0006249999999999,-0.0187523950687645,0.0162740468082329,-0.0053763440860213,0.2282356766661179,0.346875,7,558,ssl_aasist
runs,shortcut_itw_sweep,in_the_wild,lead_energy,30.0,30.0,,0.1049999999999999,0.950625,0.6137499999999999,5.771984673788685,-0.01125,-0.0262522561432878,0.00686178130082,-0.0967741935483871,0.2176241747995879,0.291875,10,477,ssl_aasist
runs,shortcut_itw_sweep,in_the_wild,lead_energy,40.0,40.0,,0.1049999999999999,0.9503828125,0.55,4.632033367063634,-0.01125,-0.0262392775718686,0.0068860610532684,-0.0967741935483871,0.1693114513153455,0.2025,26,344,ssl_aasist
runs,shortcut_itw_sweep,in_the_wild,pad_lead,100.0,100.0,,0.138125,0.94659375,0.5737499999999999,1.589544606480946,0.021875,0.0081429574489784,0.0338287122183284,0.188172043010753,0.076578378287444,0.08,173,69,ssl_aasist
runs,shortcut_itw_sweep,in_the_wild,pad_lead,250.0,250.0,,0.175625,0.9278,0.68375,1.1487006448535195,0.059375,0.0393427390401694,0.0731170035198092,0.5107526881720431,0.1272027970862929,0.16375,285,37,ssl_aasist
runs,shortcut_itw_sweep,in_the_wild,pad_lead,500.0,500.0,,0.161875,0.9216953125,0.7074999999999999,0.8277609718347803,0.045625,0.0268741913885176,0.0643958216611733,0.3924731182795699,0.2096632140011437,0.241875,401,16,ssl_aasist
runs,shortcut_itw_sweep,in_the_wild,pad_lead,1000.0,1000.0,,0.15375,0.93135,0.7025,0.809492406167954,0.0375,0.0199678635523478,0.0550023950786341,0.3225806451612906,0.289978397610766,0.309375,500,5,ssl_aasist
runs,shortcut_itw_sweep,in_the_wild,trim_lead,100.0,100.0,,0.110625,0.9484281249999998,0.68375,3.4741228528234367,-0.0056249999999999,-0.0181198864855766,0.0093714760596514,-0.0483870967741934,0.1301688585046061,0.1025,37,197,ssl_aasist
runs,shortcut_itw_sweep,in_the_wild,trim_lead,250.0,250.0,,0.130625,0.9314671875,0.6487499999999999,5.941705041360969,0.0143749999999999,-0.0006460576720055,0.0300776589258151,0.1236559139784946,0.2138217821969188,0.30375,21,503,ssl_aasist
runs,shortcut_itw_sweep,in_the_wild,trim_lead,500.0,500.0,,0.135625,0.934003125,0.6025,6.1936037871174685,0.019375,-0.0012665069729759,0.0368879706312385,0.1666666666666669,0.2273112455267584,0.34125,14,526,ssl_aasist
runs,shortcut_itw_sweep,in_the_wild,trim_lead,1000.0,1000.0,,0.17625,0.8739531249999999,0.7225,5.906878180369285,0.06,0.0418723109554968,0.0850086611738356,0.5161290322580647,0.2525193554840083,0.349375,65,476,ssl_aasist
runs,shortcut_itw_sweep,in_the_wild,lead_energy,20.0,20.0,,0.0875,0.96663125,0.5599999999999999,3.0958865317820767,0.019375,0.0081183188926821,0.0343751821323365,0.2844036697247709,0.1601543525614036,0.079375,38,134,xlsr_mamba
runs,shortcut_itw_sweep,in_the_wild,lead_energy,30.0,30.0,,0.083125,0.9674140625,0.56125,2.9759895920817487,0.015,0.0037176636791054,0.0281432479273563,0.2201834862385321,0.1550633293773512,0.066875,40,116,xlsr_mamba
runs,shortcut_itw_sweep,in_the_wild,lead_energy,40.0,40.0,,0.080625,0.9679921875,0.56625,2.662846614353685,0.0125,0.0025052416500139,0.0256216446341826,0.1834862385321104,0.1280740171885951,0.05,45,96,xlsr_mamba
runs,shortcut_itw_sweep,in_the_wild,pad_lead,100.0,100.0,,0.06125,0.979171875,0.46875,1.7345933713526742,-0.0068749999999999,-0.015010368296285,0.0031065335740051,-0.1009174311926604,0.0586258528571253,0.033125,48,56,xlsr_mamba
runs,shortcut_itw_sweep,in_the_wild,pad_lead,250.0,250.0,,0.076875,0.9748484375,0.4087499999999999,1.737054230145663,0.00875,-0.002500695525245,0.0193732587626926,0.1284403669724773,0.0845805221515513,0.05,57,66,xlsr_mamba
runs,shortcut_itw_sweep,in_the_wild,pad_lead,500.0,500.0,,0.094375,0.96379375,0.46125,1.584612601027087,0.0262499999999999,0.0143751669455207,0.040610743007723,0.3853211009174311,0.1240615578751102,0.069375,76,76,xlsr_mamba
runs,shortcut_itw_sweep,in_the_wild,pad_lead,1000.0,1000.0,,0.12,0.9563515625,0.5312500000000001,1.078582724686421,0.051875,0.0368766084744133,0.0693736361128851,0.7614678899082569,0.1830611525306515,0.1,149,48,xlsr_mamba
runs,shortcut_itw_sweep,in_the_wild,trim_lead,100.0,100.0,,0.0725,0.9749765625,0.45875,2.19189110299869,0.004375,-0.005076462109502,0.0143876805210045,0.0642201834862385,0.0750056777429219,0.03125,38,81,xlsr_mamba
runs,shortcut_itw_sweep,in_the_wild,trim_lead,250.0,250.0,,0.08875,0.968534375,0.5137499999999999,2.823333174257306,0.0206249999999999,0.0056560858208301,0.0300001687879773,0.3027522935779815,0.1415207688601744,0.0625,41,108,xlsr_mamba
runs,shortcut_itw_sweep,in_the_wild,trim_lead,500.0,500.0,,0.109375,0.95805625,0.62625,3.159552672551614,0.0412499999999999,0.0243411627147118,0.0543848647870156,0.6055045871559632,0.1601047649495201,0.10125,35,168,xlsr_mamba
runs,shortcut_itw_sweep,in_the_wild,trim_lead,1000.0,1000.0,,0.13875,0.922240625,0.665,3.2322047677795207,0.070625,0.0519275599551378,0.0887549515667222,1.0366972477064225,0.17702917314752,0.15875,66,203,xlsr_mamba
runs,shortcut_itw_sweep,in_the_wild,lead_energy,20.0,20.0,,0.19125,0.890996875,0.8375,1.7171078568429925,-0.01,-0.0243862441239457,0.0018697117080837,-0.0496894409937888,0.0392931459912888,0.080625,117,202,nes2net
runs,shortcut_itw_sweep,in_the_wild,lead_energy,30.0,30.0,,0.181875,0.8962375000000001,0.87,1.7184910362581232,-0.019375,-0.0325121455155526,-0.0074431408552327,-0.0962732919254659,0.0372841069957517,0.066875,121,190,nes2net
runs,shortcut_itw_sweep,in_the_wild,lead_energy,40.0,40.0,,0.18125,0.8980703125,0.84,1.7546139771925104,-0.02,-0.0337388987517578,-0.0068655770357185,-0.0993788819875777,0.0313368041876303,0.04875,127,175,nes2net
runs,shortcut_itw_sweep,in_the_wild,pad_lead,100.0,100.0,,0.2212499999999999,0.862109375,0.8712499999999999,1.9375157476087983,0.0199999999999999,0.0112044405292525,0.03124256538938,0.0993788819875773,0.0145658414844732,0.043125,163,196,nes2net
runs,shortcut_itw_sweep,in_the_wild,pad_lead,250.0,250.0,,0.2099999999999999,0.8700062500000001,0.8449999999999999,1.9593727127946468,0.0087499999999999,-0.0025022837405487,0.0218712675420439,0.0434782608695648,0.0250002211087368,0.06125,155,183,nes2net
runs,shortcut_itw_sweep,in_the_wild,pad_lead,500.0,500.0,,0.21875,0.867565625,0.8374999999999999,1.9210049256817383,0.0174999999999999,0.0037632810082973,0.0305967904999618,0.0869565217391302,0.0240375454176643,0.065,144,206,nes2net
runs,shortcut_itw_sweep,in_the_wild,pad_lead,1000.0,1000.0,,0.2143749999999999,0.8746875,0.8512500000000001,1.9195010148557312,0.0131249999999999,-0.0031158591464786,0.0262560224947672,0.0652173913043475,0.0331719542591752,0.0775,132,204,nes2net
runs,shortcut_itw_sweep,in_the_wild,trim_lead,100.0,100.0,,0.1987499999999999,0.8848171875,0.8600000000000002,1.9135735036202328,-0.0025,-0.01250054642114,0.0043706693853091,-0.0124223602484474,0.011796397368408,0.024375,151,166,nes2net
runs,shortcut_itw_sweep,in_the_wild,trim_lead,250.0,250.0,,0.1775,0.894340625,0.8400000000000002,1.7856804567889717,-0.02375,-0.0362099779780024,-0.0093713152989563,-0.1180124223602486,0.0338858389117972,0.066875,124,169,nes2net
runs,shortcut_itw_sweep,in_the_wild,trim_lead,500.0,500.0,,0.210625,0.86595,0.9125,1.7479803253051307,0.0093749999999999,-0.0050020213279179,0.0237369673867858,0.0465838509316768,0.0436571083569108,0.095,110,228,nes2net
runs,shortcut_itw_sweep,in_the_wild,trim_lead,1000.0,1000.0,,0.2837499999999999,0.778315625,0.92875,1.7670471121407894,0.0824999999999999,0.0625002245961288,0.1044012323966389,0.4099378881987572,0.0770408051190998,0.168125,111,334,nes2net
runs,shortcut_itw_sweep,in_the_wild,lead_energy,20.0,20.0,,0.270625,0.8180203124999998,0.8925,1.7620741733052945,-0.0018749999999999,-0.0262506901077342,0.0187293004057107,-0.0068807339449539,0.0690307301133368,0.23375,107,339,xlsr_linear
runs,shortcut_itw_sweep,in_the_wild,lead_energy,30.0,30.0,,0.26,0.8276406249999999,0.91875,1.685133988973537,-0.0124999999999999,-0.033769562512505,0.008120357330685,-0.0458715596330273,0.0629441261316947,0.225,120,320,xlsr_linear
runs,shortcut_itw_sweep,in_the_wild,lead_energy,40.0,40.0,,0.25625,0.8327375,0.925,1.6097489819715884,-0.0162499999999999,-0.036873335604581,0.0050000375005859,-0.0596330275229357,0.0471591329646418,0.183125,135,284,xlsr_linear
runs,shortcut_itw_sweep,in_the_wild,pad_lead,100.0,100.0,,0.280625,0.7955062499999999,0.99125,1.4118807968003366,0.008125,-0.0093854542874888,0.0256246404106197,0.029816513761468,0.0437113296334372,0.141875,269,182,xlsr_linear
runs,shortcut_itw_sweep,in_the_wild,pad_lead,250.0,250.0,,0.26625,0.8114578125,0.92125,1.2828871119785916,-0.0062499999999999,-0.0268720240212101,0.0118978894952368,-0.0229357798165136,0.0640187931810694,0.19125,322,130,xlsr_linear
runs,shortcut_itw_sweep,in_the_wild,pad_lead,500.0,500.0,,0.24875,0.8297359375,0.94125,1.1344883140410285,-0.0237499999999999,-0.0424965025667627,-0.0018934419421722,-0.087155963302752,0.0901484457426607,0.23,364,88,xlsr_linear
runs,shortcut_itw_sweep,in_the_wild,pad_lead,1000.0,1000.0,,0.245,0.8242812500000001,0.955,0.9799954595971476,-0.0274999999999999,-0.0481524286437428,-0.0018788413866777,-0.1009174311926604,0.1454499678165599,0.319375,511,40,xlsr_linear
runs,shortcut_itw_sweep,in_the_wild,trim_lead,100.0,100.0,,0.266875,0.814821875,0.9525,1.594588400521982,-0.0056249999999999,-0.0212809373053733,0.0137357827110244,-0.0206422018348623,0.0420341299566123,0.14625,146,276,xlsr_linear
runs,shortcut_itw_sweep,in_the_wild,trim_lead,250.0,250.0,,0.275,0.803625,0.92,1.7342198954947652,0.0025,-0.0175561403945512,0.026910747774214,0.0091743119266057,0.0620292751773411,0.224375,125,350,xlsr_linear
runs,shortcut_itw_sweep,in_the_wild,trim_lead,500.0,500.0,,0.268125,0.8085718749999999,0.955,1.7845010540785369,-0.0043749999999999,-0.0281542829640737,0.0168725158658538,-0.0160550458715592,0.0685703235759864,0.2475,108,358,xlsr_linear
runs,shortcut_itw_sweep,in_the_wild,trim_lead,1000.0,1000.0,,0.328125,0.73551875,0.98875,1.9137018009772204,0.055625,0.0306352439544589,0.0874970372212297,0.2041284403669726,0.0853301238179943,0.300625,147,388,xlsr_linear
runs,shortcut_itw_sweep,in_the_wild,lead_energy,20.0,20.0,,0.2212499999999999,0.8355593749999999,0.9875,4.242135734218997,0.0193749999999999,0.0081232723290178,0.0406696360222221,0.0959752321981421,0.0301149855045593,0.11875,106,275,wavlm_linear
runs,shortcut_itw_sweep,in_the_wild,lead_energy,30.0,30.0,,0.219375,0.845040625,0.9875,4.0131128756051355,0.0174999999999999,0.0050178830384814,0.0337635489450919,0.0866873065015477,0.0262772132357212,0.0925,115,238,wavlm_linear
runs,shortcut_itw_sweep,in_the_wild,lead_energy,40.0,40.0,,0.208125,0.8582546875,0.9575,3.759538688741374,0.0062499999999999,-0.0031137944330586,0.0225006047068368,0.0309597523219813,0.0193957636053347,0.06375,134,203,wavlm_linear
runs,shortcut_itw_sweep,in_the_wild,pad_lead,100.0,100.0,,0.195625,0.8732984375000001,0.9775,3.099431925693736,-0.00625,-0.0156188487853093,0.0050000375005859,-0.0309597523219814,0.0161750965198047,0.045,174,139,wavlm_linear
runs,shortcut_itw_sweep,in_the_wild,pad_lead,250.0,250.0,,0.2075,0.8564828125,0.98,3.096032855489524,0.0056249999999999,-0.0049910942277383,0.021871421226309,0.0278637770897832,0.0268425376908958,0.075625,202,134,wavlm_linear
runs,shortcut_itw_sweep,in_the_wild,pad_lead,500.0,500.0,,0.22875,0.8345359375000001,0.98625,2.962810607968701,0.0268749999999999,0.0125520939470803,0.0418762954982111,0.13312693498452,0.0348218782505649,0.15375,318,111,wavlm_linear
runs,shortcut_itw_sweep,in_the_wild,pad_lead,1000.0,1000.0,,0.25375,0.8269031250000002,0.97625,4.55001527547766,0.051875,0.034990021016779,0.0724966087333076,0.2569659442724458,0.0440548220793381,0.17875,96,327,wavlm_linear
runs,shortcut_itw_sweep,in_the_wild,trim_lead,100.0,100.0,,0.205625,0.8571359375,0.97875,3.648005040776347,0.0037499999999999,-0.0025000161133888,0.0187780516741602,0.0185758513931887,0.0148511060031879,0.041875,138,186,wavlm_linear
runs,shortcut_itw_sweep,in_the_wild,trim_lead,250.0,250.0,,0.211875,0.8472515624999999,0.9825,3.8289559324227898,0.01,3.851385320008466e-05,0.0256228259044075,0.0495356037151703,0.0210777194980684,0.06375,136,205,wavlm_linear
runs,shortcut_itw_sweep,in_the_wild,trim_lead,500.0,500.0,,0.2462499999999999,0.81373125,0.9975,4.53034349369706,0.0443749999999999,0.0312227931694736,0.0644402903566685,0.2198142414860678,0.0348332422827703,0.148125,97,311,wavlm_linear
runs,shortcut_itw_sweep,in_the_wild,trim_lead,1000.0,1000.0,,0.27,0.77115,0.99875,4.568883697461544,0.0681249999999999,0.0487512078068135,0.0918970352564102,0.3374613003095974,0.0716381104432395,0.231875,136,336,wavlm_linear
runs,shortcut_itw_sweep,in_the_wild,lead_energy,20.0,20.0,,0.1937499999999999,0.8750765625,1.0,2.7306526878699855,0.1143749999999999,0.0912465747032166,0.1301015557093252,1.4409448818897634,0.2062087016587826,0.134375,35,227,nes2net_v2
runs,shortcut_itw_sweep,in_the_wild,lead_energy,30.0,30.0,,0.166875,0.8903484375,1.0,2.443498977526068,0.0875,0.0675018573219666,0.1043821360506423,1.1023622047244093,0.1792942438764912,0.105,39,186,nes2net_v2
runs,shortcut_itw_sweep,in_the_wild,lead_energy,40.0,40.0,,0.1374999999999999,0.9112171875,1.0,1.912451240407355,0.0581249999999999,0.0393574683117078,0.0756275004832605,0.7322834645669289,0.1180142143762513,0.0775,42,143,nes2net_v2
runs,shortcut_itw_sweep,in_the_wild,pad_lead,100.0,100.0,,0.0737499999999999,0.9731640625,0.66625,0.7641252976711078,-0.005625,-0.0162673247494994,0.0,-0.0708661417322837,0.0582955699464137,0.031875,88,40,nes2net_v2
runs,shortcut_itw_sweep,in_the_wild,pad_lead,250.0,250.0,,0.07625,0.974678125,0.5437500000000001,0.5866214676131944,-0.0031249999999999,-0.0156373741397976,0.0037580386796131,-0.0393700787401573,0.0889202731607889,0.061875,125,31,nes2net_v2
runs,shortcut_itw_sweep,in_the_wild,pad_lead,500.0,500.0,,0.0674999999999999,0.9777578125,0.4825,0.4665761896683659,-0.011875,-0.0224831053932737,0.0018576484848338,-0.1496062992125985,0.1181987544600474,0.100625,173,15,nes2net_v2
runs,shortcut_itw_sweep,in_the_wild,pad_lead,1000.0,1000.0,,0.0693749999999999,0.9792203125,0.45125,0.3851060424437446,-0.01,-0.0237881918529875,0.0018441602199437,-0.1259842519685042,0.1375206528489679,0.13625,223,10,nes2net_v2
runs,shortcut_itw_sweep,in_the_wild,trim_lead,100.0,100.0,,0.1075,0.943603125,0.99875,1.6373760047051584,0.028125,0.016215643986425,0.0369295631049554,0.3543307086614174,0.0867235024253265,0.04,51,108,nes2net_v2
runs,shortcut_itw_sweep,in_the_wild,trim_lead,250.0,250.0,,0.164375,0.8905453125,1.0,2.376870578461659,0.085,0.0656236210934852,0.1031416891603453,1.0708661417322838,0.1721413922161979,0.1075,39,192,nes2net_v2
runs,shortcut_itw_sweep,in_the_wild,trim_lead,500.0,500.0,,0.2025,0.8691015625,1.0,2.794870686681973,0.123125,0.102501508519124,0.143174878441653,1.5511811023622049,0.2103281400693328,0.1425,45,234,nes2net_v2
runs,shortcut_itw_sweep,in_the_wild,trim_lead,1000.0,1000.0,,0.2212499999999999,0.8156328125,1.0,2.933470183315455,0.1418749999999999,0.1193630112697669,0.1649987901284933,1.787401574803149,0.2549562441486443,0.199375,99,245,nes2net_v2
runs,spectra_asv19_sweep,asvspoof2019_la,bandpass,8000.0,-8000.0,7920.0,0.00375,0.9976609375,0.05125,0.0402648848017387,-0.0031249999999999,-0.0106485270784869,-0.0012390045792288,-0.4545454545454514,0.0075111316925372,0.005625,10,2,spectra_aasist3
runs,spectra_asv19_sweep,asvspoof2019_la,bandpass,6000.0,-6000.0,6000.0,0.009375,0.998759375,0.0674999999999999,0.1636520007661011,0.0025,-0.0043758703176823,0.0100004203274395,0.3636363636363686,0.0257504259500596,0.025,38,1,spectra_aasist3
runs,spectra_asv19_sweep,asvspoof2019_la,bandpass,4000.0,-4000.0,4000.0,0.0487499999999999,0.988478125,0.3012499999999999,0.273456928682722,0.0418749999999999,0.0268732439210279,0.0506311230360418,6.090909090909101,0.0697129670710359,0.043125,40,30,spectra_aasist3
runs,spectra_asv19_sweep,asvspoof2019_la,bandpass,3400.0,-3400.0,3400.0,0.0518749999999999,0.9764546875,0.6287499999999999,0.4912188782372058,0.045,0.03249994374859,0.0568344675549809,6.545454545454556,0.1390210295291425,0.065625,31,73,spectra_aasist3
runs,spectra_asv19_sweep,asvspoof2019_la,bandpass,2000.0,-2000.0,2000.0,0.0474999999999999,0.9761828125,0.6,0.4771656360436312,0.040625,0.028121001595997,0.0518789729147209,5.90909090909092,0.1432672796791302,0.071875,33,77,spectra_aasist3
runs,spectra_asv19_sweep,asvspoof2019_la,chirp,25.0,-25.0,24.999999886696777,0.004375,0.9999671875,0.015,0.0587956782865563,-0.0024999999999999,-0.0112650227889671,-0.0005993188195676,-0.3636363636363602,0.012879661121932,0.00875,13,0,spectra_aasist3
runs,spectra_asv19_sweep,asvspoof2019_la,chirp,20.0,-20.0,19.999999964173345,0.0024999999999999,0.9998984375,0.0062499999999999,0.0574090508838006,-0.004375,-0.0118727138636153,-0.0006232874603614,-0.6363636363636396,0.0122188491774651,0.010625,16,0,spectra_aasist3
runs,spectra_asv19_sweep,asvspoof2019_la,chirp,15.0,-15.0,14.999999988673585,0.0049999999999999,0.999896875,0.0162499999999999,0.0827012024410671,-0.001875,-0.0093647154205368,0.0025038068971761,-0.2727272727272731,0.0145160955221814,0.011875,18,0,spectra_aasist3
runs,spectra_asv19_sweep,asvspoof2019_la,chirp,10.0,-10.0,9.999999996421243,0.004375,0.999915625,0.0112499999999999,0.0623299122897416,-0.0024999999999999,-0.0106275630054839,0.0025028581471328,-0.3636363636363622,0.0186904673786699,0.019375,30,0,spectra_aasist3
runs,spectra_asv19_sweep,asvspoof2019_la,chirp,5.0,-5.0,4.999999998871267,0.0124999999999999,0.9990453125,0.05,0.1249319357589857,0.0056249999999999,-0.0043632644337572,0.0100026413224742,0.818181818181818,0.0239555557065882,0.021875,33,1,spectra_aasist3
runs,spectra_asv19_sweep,asvspoof2019_la,codec,128.0,-128.0,128.0,0.01,0.9989890625,0.0925,0.0607841549948026,0.003125,-0.0068607724550626,0.0075002065505429,0.4545454545454577,0.0166951975711239,0.0125,12,5,spectra_aasist3
runs,spectra_asv19_sweep,asvspoof2019_la,codec,64.0,-64.0,64.0,0.013125,0.998428125,0.1024999999999999,0.0765822911780314,0.00625,-0.0031459750741841,0.0112549005181689,0.9090909090909152,0.0202030262278271,0.015,15,8,spectra_aasist3
runs,spectra_asv19_sweep,asvspoof2019_la,codec,32.0,-32.0,32.0,0.015,0.9956234375,0.11625,0.1369051484568448,0.008125,-0.0012510363567277,0.0156217332721584,1.1818181818181863,0.0279982568565606,0.02625,36,5,spectra_aasist3
runs,spectra_asv19_sweep,asvspoof2019_la,codec,24.0,-24.0,24.0,0.1425,0.8836265625,0.98125,1.0465264320125367,0.135625,0.1136845558179966,0.16060132874963,19.72727272727276,0.1477548946279588,0.113125,25,153,spectra_aasist3
runs,spectra_asv19_sweep,asvspoof2019_la,codec,16.0,-16.0,16.0,0.1043749999999999,0.9277109375,0.9475,0.8509704284835945,0.0974999999999999,0.0787466385496373,0.1125982349330581,14.1818181818182,0.1323524873930816,0.105625,56,112,spectra_aasist3
runs,spectra_asv19_sweep,asvspoof2019_la,codec,8.0,-8.0,8.0,0.088125,0.9662171875,0.4324999999999999,0.4747419875122223,0.08125,0.0643749146226356,0.0949986869266772,11.81818181818184,0.120789225861682,0.09,101,40,spectra_aasist3
runs,spectra_asv19_sweep,asvspoof2019_la,gain,-3.0,3.0,-3.0,0.015,0.99349375,0.205,0.1163127432449097,0.008125,1.8441618113308457e-05,0.0106391957536995,1.1818181818181863,0.0075999960816702,0.0075,12,9,spectra_aasist3
runs,spectra_asv19_sweep,asvspoof2019_la,gain,3.0,3.0,3.0,0.00375,0.9987734375,0.0275,0.0291446676335305,-0.0031249999999999,-0.0112516617228607,-0.0012372081988418,-0.4545454545454514,0.0064010730103799,0.004375,3,1,spectra_aasist3
runs,spectra_asv19_sweep,asvspoof2019_la,gain,-10.0,10.0,-10.0,0.0337499999999999,0.9853078125,0.46125,0.2724265170562601,0.0268749999999999,0.015621136118705,0.0343666282065222,3.9090909090909136,0.0347651119634761,0.035,40,19,spectra_aasist3
runs,spectra_asv19_sweep,asvspoof2019_la,gain,10.0,10.0,10.0,0.0,1.0,0.0,0.022523635933744,-0.0068749999999999,-0.0143919330281448,-0.0037500915550197,-1.0,0.0139878924975396,0.01125,9,0,spectra_aasist3
runs,spectra_asv19_sweep,asvspoof2019_la,gain,-20.0,20.0,-20.0,0.0268749999999999,0.994865625,0.19375,0.3306993890365757,0.02,0.0106312104076369,0.0287391839971427,2.909090909090915,0.0388185325242739,0.03625,50,7,spectra_aasist3
runs,spectra_asv19_sweep,asvspoof2019_la,gain,20.0,20.0,20.0,0.03125,0.99508125,0.1699999999999999,0.6466989044870016,0.024375,0.0131346226366067,0.0343882073078684,3.545454545454553,0.0855984508363766,0.104375,161,1,spectra_aasist3
runs,spectra_asv19_sweep,asvspoof2019_la,noise,30.0,-30.0,29.99999964169418,0.008125,0.99948125,0.0174999999999999,0.157464795341702,0.00125,-0.0068701615450629,0.0075182465901483,0.1818181818181863,0.0252813586372896,0.023125,34,0,spectra_aasist3
runs,spectra_asv19_sweep,asvspoof2019_la,noise,20.0,-20.0,19.99999996417316,0.01875,0.9976328125,0.0487499999999999,0.1201621392903117,0.011875,0.0006504101806945,0.0175007349000003,1.727272727272735,0.0319038229481859,0.029375,37,3,spectra_aasist3
runs,spectra_asv19_sweep,asvspoof2019_la,noise,15.0,-15.0,14.99999998867341,0.01375,0.99684375,0.09875,0.0851127180172012,0.006875,-0.003123659674974,0.012512620162291,1.000000000000006,0.0317579333706545,0.0275,36,3,spectra_aasist3
runs,spectra_asv19_sweep,asvspoof2019_la,noise,10.0,-10.0,9.999999996421058,0.0224999999999999,0.9957625,0.135,0.1069758796376255,0.0156249999999999,0.0056157441234196,0.0249845636903566,2.2727272727272756,0.0481857498783413,0.034375,41,7,spectra_aasist3
runs,spectra_asv19_sweep,asvspoof2019_la,noise,5.0,-5.0,4.999999998871092,0.0437499999999999,0.9928046875,0.18,0.1613704526090426,0.0368749999999999,0.0218776512790231,0.0449664334207025,5.363636363636371,0.0772987011889164,0.055,70,11,spectra_aasist3
runs,spectra_asv19_sweep,asvspoof2019_la,noise,0.0,-0.0,-3.541433498798661e-10,0.089375,0.9693140625,0.42625,0.3624283753002211,0.0825,0.0680808218633456,0.0968681959971604,12.000000000000025,0.1363873608325108,0.10625,131,32,spectra_aasist3
runs,spectra_asv19_sweep,asvspoof2019_la,reverb,0.1,0.1,0.1,0.08125,0.96964375,0.41,0.9010911518399632,0.074375,0.0592930277234867,0.0880194659245178,10.81818181818184,0.1190217423301716,0.139375,211,9,spectra_aasist3
runs,spectra_asv19_sweep,asvspoof2019_la,reverb,0.3,0.3,0.2999999999999999,0.2724999999999999,0.8106703125,0.82,2.3394388546383564,0.265625,0.2424007797938717,0.2862751271907187,38.6363636363637,0.2681669259951054,0.279375,403,43,spectra_aasist3
runs,spectra_asv19_sweep,asvspoof2019_la,reverb,0.5,0.5,0.5,0.35,0.7065312499999998,0.93625,2.7169089229531083,0.343125,0.3168732039688263,0.365653445964496,49.90909090909099,0.3455534082641057,0.348125,469,83,spectra_aasist3
runs,spectra_asv19_sweep,asvspoof2019_la,reverb,0.7,0.7,0.7,0.4,0.634265625,0.97375,3.1706165598740497,0.393125,0.3650376072103714,0.419376991434946,57.18181818181829,0.3946314035112168,0.394375,479,147,spectra_aasist3
runs,spectra_asv19_sweep,asvspoof2019_la,reverb,0.9,0.9,0.9000000000000002,0.425625,0.5989734375,0.9675,3.430595407607646,0.41875,0.394378807887179,0.4443394261719303,60.90909090909102,0.4174633466982936,0.42,527,146,spectra_aasist3
runs,spectra_asv19_sweep,asvspoof2019_la,transcode_identity,320.0,-320.0,320.0,0.0106249999999999,0.99901875,0.0874999999999999,0.0601022616102189,0.00375,-0.0063054425944134,0.0075024539569381,0.5454545454545469,0.0164835374891936,0.011875,12,4,spectra_aasist3
runs,spectra_asv19_sweep,asvspoof2019_la,transcode_identity,256.0,-256.0,256.0,0.0106249999999999,0.99901875,0.0874999999999999,0.0601022616102189,0.00375,-0.0063054425944134,0.0075024539569381,0.5454545454545469,0.0164835374891936,0.011875,12,4,spectra_aasist3
runs,spectra_asv19_sweep,asvspoof2019_la,transcode_identity,192.0,-192.0,192.0,0.0106249999999999,0.99901875,0.0874999999999999,0.0601022616102189,0.00375,-0.0063054425944134,0.0075024539569381,0.5454545454545469,0.0164835374891936,0.011875,12,4,spectra_aasist3
runs,spectra_asv19_sweep,asvspoof2019_la,transmission,0.0,0.0,0.0,0.0068749999999999,0.9948703125,0.1487499999999999,0.082216430338583,0.0,0.0,0.0,0.0,0.0,0.0,5,6,spectra_aasist3
runs,spectra_asv19_sweep,asvspoof2019_la,transmission,0.01,0.01,0.010027788770389,0.0068749999999999,0.9950203125,0.1487499999999999,0.0669239319324367,0.0,-0.0031107969243288,0.0024338931127669,0.0,0.0020614821189716,0.0,5,6,spectra_aasist3
runs,spectra_asv19_sweep,asvspoof2019_la,transmission,0.05,0.05,0.050213066383787,0.0081249999999999,0.9944734375,0.1737499999999999,0.0820057500039572,0.0012499999999999,-0.0012580206569186,0.0044148324871401,0.1818181818181802,0.0043306553590535,0.0025,8,7,spectra_aasist3
runs,spectra_asv19_sweep,asvspoof2019_la,transmission,0.1,0.1,0.1000086190221701,0.0074999999999999,0.996275,0.1499999999999999,0.0457269712103672,0.0006249999999999,-0.0062137841922389,0.0050698384846323,0.0909090909090891,0.0100552655757962,0.005,7,6,spectra_aasist3
runs,spectra_asv19_sweep,asvspoof2019_la,transmission,0.2,0.2,0.1990158402005855,0.015,0.9966375,0.1649999999999999,0.1022038709388481,0.008125,-0.000621968283582,0.0137537780515038,1.1818181818181863,0.021369926617864,0.013125,12,12,spectra_aasist3
runs,spectra_asv21_sweep,asvspoof2021_la,bandpass,8000.0,-8000.0,7920.0,0.0468749999999999,0.992640625,0.13375,0.4203097102148454,0.01,-0.0018707560165784,0.0168995159500726,0.2711864406779662,0.0336576568100684,0.029375,55,19,spectra_aasist3
runs,spectra_asv21_sweep,asvspoof2021_la,bandpass,6000.0,-6000.0,6000.0,0.041875,0.9927015625,0.1274999999999999,0.434768379989889,0.005,-0.0056175143933157,0.0143660572471276,0.1355932203389835,0.0403532067195142,0.03375,55,16,spectra_aasist3
runs,spectra_asv21_sweep,asvspoof2021_la,bandpass,4000.0,-4000.0,4000.0,0.078125,0.9805671875,0.3037499999999999,0.464827804457834,0.04125,0.0268332874149134,0.0512204288409969,1.1186440677966107,0.0638198884654592,0.064375,51,75,spectra_aasist3
runs,spectra_asv21_sweep,asvspoof2021_la,bandpass,3400.0,-3400.0,3400.0,0.0806249999999999,0.9725140625,0.4825,0.5248410151755127,0.0437499999999999,0.0293856871245105,0.0550054620026894,1.1864406779661014,0.0873073482256141,0.09375,40,131,spectra_aasist3
runs,spectra_asv21_sweep,asvspoof2021_la,bandpass,2000.0,-2000.0,2000.0,0.065625,0.9744125,0.38875,0.477245597695521,0.02875,0.0150113523352035,0.040622906681141,0.7796610169491535,0.1160210305826339,0.135625,29,209,spectra_aasist3
runs,spectra_asv21_sweep,asvspoof2021_la,chirp,25.0,-25.0,24.999999890185787,0.0331249999999999,0.99049375,0.275,0.3147791374444459,-0.00375,-0.0131228947701999,0.0050001250717338,-0.1016949152542377,0.0271164935412545,0.023125,32,24,spectra_aasist3
runs,spectra_asv21_sweep,asvspoof2021_la,chirp,20.0,-20.0,19.999999965276665,0.040625,0.99,0.2537499999999999,0.357767891950882,0.00375,-0.0068752473856385,0.0125003222742312,0.1016949152542381,0.0352298838440583,0.034375,50,20,spectra_aasist3
runs,spectra_asv21_sweep,asvspoof2021_la,chirp,15.0,-15.0,14.999999989022488,0.0362499999999999,0.9878890625,0.2687499999999999,0.3551666623851397,-0.000625,-0.0100000035156744,0.0100007938160949,-0.0169491525423729,0.0390124946044727,0.039375,40,24,spectra_aasist3
runs,spectra_asv21_sweep,asvspoof2021_la,chirp,10.0,-10.0,9.999999996531574,0.0437499999999999,0.9886375,0.2162499999999999,0.4074676306072247,0.0068749999999999,-0.0031723577501498,0.0168712658280198,0.1864406779661013,0.0440151602623318,0.041875,60,24,spectra_aasist3
runs,spectra_asv21_sweep,asvspoof2021_la,chirp,5.0,-5.0,4.999999998906158,0.0531249999999999,0.9820828125,0.26625,0.5051574953501016,0.01625,0.0049821715898104,0.0275112496070801,0.440677966101695,0.0573838280466147,0.050625,59,31,spectra_aasist3
runs,spectra_asv21_sweep,asvspoof2021_la,codec,128.0,-128.0,128.0,0.035,0.99368125,0.1324999999999999,0.2505100874558726,-0.0018749999999999,-0.0093651739929955,0.0023966774983686,-0.0508474576271179,0.0138973165032821,0.0125,28,27,spectra_aasist3
runs,spectra_asv21_sweep,asvspoof2021_la,codec,64.0,-64.0,64.0,0.0374999999999999,0.992534375,0.13875,0.2929555377501322,0.000625,-0.0063154548921007,0.0068646034636904,0.0169491525423729,0.0184122233251008,0.01625,32,27,spectra_aasist3
runs,spectra_asv21_sweep,asvspoof2021_la,codec,32.0,-32.0,32.0,0.0393749999999999,0.99025625,0.185,0.3283475973867744,0.0024999999999999,-0.0081227884213434,0.0106235820223876,0.0677966101694912,0.031720565938574,0.030625,41,23,spectra_aasist3
runs,spectra_asv21_sweep,asvspoof2021_la,codec,24.0,-24.0,24.0,0.0799999999999999,0.9413703125,0.94375,0.6838556001521109,0.043125,0.029335193311848,0.061266312167052,1.169491525423729,0.0912545746529707,0.096875,29,131,spectra_aasist3
runs,spectra_asv21_sweep,asvspoof2021_la,codec,16.0,-16.0,16.0,0.0925,0.933409375,0.91625,0.8156913553712741,0.055625,0.0418532423736199,0.0718752539670642,1.5084745762711873,0.1164904369168395,0.12875,38,167,spectra_aasist3
runs,spectra_asv21_sweep,asvspoof2021_la,codec,8.0,-8.0,8.0,0.116875,0.9405703125,0.6237499999999999,0.809120568245656,0.08,0.0643342200137832,0.0968719818525902,2.1694915254237306,0.1225493963088639,0.116875,77,115,spectra_aasist3
runs,spectra_asv21_sweep,asvspoof2021_la,gain,-3.0,3.0,-3.0,0.050625,0.987053125,0.3125,0.3498676489871661,0.01375,0.0050112638085024,0.0193704368796351,0.3728813559322042,0.0207463358602584,0.023125,33,49,spectra_aasist3
runs,spectra_asv21_sweep,asvspoof2021_la,gain,3.0,3.0,3.0,0.03625,0.9929375,0.2425,0.2962899059899531,-0.0006249999999999,-0.0093702580568285,0.0043766309687409,-0.0169491525423721,0.0157730157406094,0.014375,30,24,spectra_aasist3
runs,spectra_asv21_sweep,asvspoof2021_la,gain,-10.0,10.0,-10.0,0.065625,0.970921875,0.48625,0.5018392853537958,0.02875,0.0187510466894209,0.0424985678694786,0.779661016949153,0.0618117897800999,0.065625,45,89,spectra_aasist3
runs,spectra_asv21_sweep,asvspoof2021_la,gain,10.0,10.0,10.0,0.05625,0.9869125,0.4775,0.4573888698936885,0.019375,0.0087522947434783,0.0306222658649135,0.5254237288135599,0.045936337923526,0.0425,46,45,spectra_aasist3
runs,spectra_asv21_sweep,asvspoof2021_la,gain,-20.0,20.0,-20.0,0.075625,0.967146875,0.51625,0.5650488761176994,0.03875,0.0225041876050801,0.0481256005596579,1.0508474576271198,0.0685543265610093,0.070625,62,56,spectra_aasist3
runs,spectra_asv21_sweep,asvspoof2021_la,gain,20.0,20.0,20.0,0.129375,0.9472703125,0.65625,1.3145339132611724,0.0925,0.0749826383990739,0.1081308601236933,2.508474576271188,0.1461108662451034,0.131875,173,55,spectra_aasist3
runs,spectra_asv21_sweep,asvspoof2021_la,noise,30.0,-30.0,29.9999996527274,0.0487499999999999,0.982990625,0.4299999999999999,0.3617897691537327,0.0118749999999999,-0.0018825079223524,0.0224910579091211,0.3220338983050845,0.0472530444468964,0.0425,32,41,spectra_aasist3
runs,spectra_asv21_sweep,asvspoof2021_la,noise,20.0,-20.0,19.99999996527648,0.05625,0.978984375,0.59625,0.3415145712610973,0.019375,0.0062509631010937,0.0300056729475416,0.5254237288135599,0.0707709366446136,0.070625,19,81,spectra_aasist3
runs,spectra_asv21_sweep,asvspoof2021_la,noise,15.0,-15.0,14.9999999890223,0.0556249999999999,0.9732,0.65125,0.3987905652606514,0.0187499999999999,0.0037522865853658,0.0299869784949766,0.5084745762711863,0.083689881724638,0.08625,14,113,spectra_aasist3
runs,spectra_asv21_sweep,asvspoof2021_la,noise,10.0,-10.0,9.9999999965314,0.06375,0.98009375,0.4825,0.3745774000900999,0.026875,0.0106155419420381,0.0375071615287983,0.7288135593220344,0.1044295303838104,0.10875,15,144,spectra_aasist3
runs,spectra_asv21_sweep,asvspoof2021_la,noise,5.0,-5.0,4.99999999890598,0.0887499999999999,0.967821875,0.5812499999999999,0.467140662968225,0.0518749999999999,0.03689144447378,0.0687525351605161,1.4067796610169492,0.1368541690658972,0.1425,23,190,spectra_aasist3
runs,spectra_asv21_sweep,asvspoof2021_la,noise,0.0,-0.0,-3.431197944373468e-10,0.14125,0.9318625,0.8424999999999999,0.7520351244534006,0.104375,0.0818937401910722,0.1193891168200893,2.8305084745762716,0.1912069058429239,0.185625,34,250,spectra_aasist3
runs,spectra_asv21_sweep,asvspoof2021_la,reverb,0.1,0.1,0.1,0.155625,0.9198234374999998,0.565,1.4410287866633706,0.11875,0.1000035828122037,0.1375000312531253,3.2203389830508486,0.164570989858751,0.156875,184,60,spectra_aasist3
runs,spectra_asv21_sweep,asvspoof2021_la,reverb,0.3,0.3,0.2999999999999999,0.2306249999999999,0.8437109375,0.845,1.8574027412174905,0.1937499999999999,0.171238003801617,0.2144223011481348,5.254237288135594,0.2360015297266917,0.228125,244,120,spectra_aasist3
runs,spectra_asv21_sweep,asvspoof2021_la,reverb,0.5,0.5,0.5,0.321875,0.7544046875,0.97125,2.3790389711847637,0.285,0.2606166809338706,0.3112351264884677,7.728813559322036,0.3107383865763796,0.308125,301,199,spectra_aasist3
runs,spectra_asv21_sweep,asvspoof2021_la,reverb,0.7,0.7,0.7,0.34125,0.7173859375,0.9612500000000002,2.5433964313944095,0.304375,0.2793634930573709,0.3293931180067241,8.254237288135597,0.3343256477745284,0.324375,309,215,spectra_aasist3
runs,spectra_asv21_sweep,asvspoof2021_la,reverb,0.9,0.9,0.9000000000000002,0.3818749999999999,0.6736,0.99625,2.788523915063424,0.345,0.3193787979435124,0.3700263430277166,9.355932203389832,0.3680773069652007,0.375625,357,247,spectra_aasist3
runs,spectra_asv21_sweep,asvspoof2021_la,transcode_identity,320.0,-320.0,320.0,0.035625,0.9935875,0.12375,0.2522860109373391,-0.0012499999999999,-0.0093650495349094,0.0025005677074148,-0.033898305084745,0.0139639819762324,0.0125,28,27,spectra_aasist3
runs,spectra_asv21_sweep,asvspoof2021_la,transcode_identity,256.0,-256.0,256.0,0.035625,0.9935875,0.12375,0.2522860109373391,-0.0012499999999999,-0.0093650495349094,0.0025005677074148,-0.033898305084745,0.0139639819762324,0.0125,28,27,spectra_aasist3
runs,spectra_asv21_sweep,asvspoof2021_la,transcode_identity,192.0,-192.0,192.0,0.035625,0.9935875,0.12375,0.2522860109373391,-0.0012499999999999,-0.0093650495349094,0.0025005677074148,-0.033898305084745,0.0139639819762324,0.0125,28,27,spectra_aasist3
runs,spectra_asv21_sweep,asvspoof2021_la,transmission,0.0,0.0,0.0,0.0368749999999999,0.992184375,0.20625,0.2873532056428937,0.0,0.0,0.0,0.0,0.0,0.0,30,29,spectra_aasist3
runs,spectra_asv21_sweep,asvspoof2021_la,transmission,0.01,0.01,0.0097006507993345,0.035625,0.9926546875,0.18375,0.2922516705561841,-0.0012499999999999,-0.0062516574221042,0.0049659075428069,-0.033898305084745,0.0074893395344887,0.00625,31,26,spectra_aasist3
runs,spectra_asv21_sweep,asvspoof2021_la,transmission,0.05,0.05,0.0497335622430416,0.0399999999999999,0.98924375,0.305,0.3242756296846842,0.0031249999999999,-0.0050013441155188,0.0137674496269445,0.0847457627118641,0.0270292474332346,0.02625,32,33,spectra_aasist3
runs,spectra_asv21_sweep,asvspoof2021_la,transmission,0.1,0.1,0.1007261153878,0.0481249999999999,0.98185625,0.47375,0.3909681255595955,0.01125,0.0025000609390235,0.0225126985690366,0.305084745762712,0.0376973288433427,0.036875,31,47,spectra_aasist3
runs,spectra_asv21_sweep,asvspoof2021_la,transmission,0.2,0.2,0.2011269319384755,0.0725,0.9689125,0.73125,0.5195720240171967,0.035625,0.0231208001250195,0.0487423990518477,0.966101694915255,0.07349825226329,0.0775,37,98,spectra_aasist3
runs,spectra_itw_sweep,in_the_wild,bandpass,8000.0,-8000.0,7920.0,0.01625,0.9932609375,0.13625,0.1330191288054333,0.000625,-0.0062503672105973,0.0050008010956609,0.04,0.0114254330279613,0.00625,12,13,spectra_aasist3
runs,spectra_itw_sweep,in_the_wild,bandpass,6000.0,-6000.0,6000.0,0.0112499999999999,0.9937625,0.10625,0.1190311482431739,-0.004375,-0.0093687215635455,0.0031139140614305,-0.2800000000000009,0.0169802474846919,0.01125,9,10,spectra_aasist3
runs,spectra_itw_sweep,in_the_wild,bandpass,4000.0,-4000.0,4000.0,0.0112499999999999,0.9916359375,0.13375,0.1268106325713163,-0.004375,-0.0094207603270452,0.0031539768233217,-0.2800000000000009,0.0199753218734227,0.011875,9,11,spectra_aasist3
runs,spectra_itw_sweep,in_the_wild,bandpass,3400.0,-3400.0,3400.0,0.01375,0.990384375,0.2462499999999999,0.1386936544482345,-0.0018749999999999,-0.0081331392168756,0.0069486206415201,-0.1199999999999991,0.0230472396705407,0.015625,8,18,spectra_aasist3
runs,spectra_itw_sweep,in_the_wild,bandpass,2000.0,-2000.0,2000.0,0.0106249999999999,0.993509375,0.1699999999999999,0.1209631563374843,-0.005,-0.0093682439757607,0.0031673162602998,-0.3200000000000008,0.0279719667201152,0.015625,8,16,spectra_aasist3
runs,spectra_itw_sweep,in_the_wild,chirp,25.0,-25.0,24.999993921179307,0.0156249999999999,0.9947765625,0.0849999999999999,0.1554441026160263,-2.7755575615628914e-17,-0.0043854096913453,0.0100083756361673,-1.7763568394002497e-15,0.0186940755503654,0.00875,17,8,spectra_aasist3
runs,spectra_itw_sweep,in_the_wild,chirp,20.0,-20.0,19.999998077429662,0.0206249999999999,0.996071875,0.06,0.1717671021902472,0.0049999999999999,-0.0018614551054556,0.0131210505590939,0.3199999999999992,0.0224956335077891,0.011875,18,8,spectra_aasist3
runs,spectra_itw_sweep,in_the_wild,chirp,15.0,-15.0,14.99999939200469,0.01875,0.9961296875,0.0674999999999999,0.164391840534516,0.003125,-0.0019123149650148,0.009994151416256,0.2000000000000009,0.0268360347438952,0.015625,23,9,spectra_aasist3
runs,spectra_itw_sweep,in_the_wild,chirp,10.0,-10.0,9.999999807735156,0.030625,0.99474375,0.1012499999999999,0.1870004081440651,0.015,0.0050000703134887,0.0218358704465106,0.9600000000000009,0.0339386246682946,0.02,29,4,spectra_aasist3
runs,spectra_itw_sweep,in_the_wild,chirp,5.0,-5.0,4.999999939203206,0.03,0.995221875,0.1024999999999999,0.2133069440324669,0.014375,0.006836283699922,0.0262380797773906,0.92,0.0405716426020474,0.026875,41,9,spectra_aasist3
runs,spectra_itw_sweep,in_the_wild,codec,128.0,-128.0,128.0,0.0162499999999999,0.986740625,0.3175,0.1793536396535409,0.0006249999999999,-0.0018936424285734,0.0100099314328145,0.0399999999999991,0.011952810951032,0.005625,10,20,spectra_aasist3
runs,spectra_itw_sweep,in_the_wild,codec,64.0,-64.0,64.0,0.019375,0.9861125,0.3525,0.1865989450146673,0.00375,-0.0018807602971845,0.0112539846166727,0.2400000000000001,0.0156746680052259,0.01,12,23,spectra_aasist3
runs,spectra_itw_sweep,in_the_wild,codec,32.0,-32.0,32.0,0.044375,0.9689921875,0.71625,0.2936631186560151,0.02875,0.0100005500308611,0.0350001367401156,1.8399999999999992,0.0319542444048793,0.0275,9,42,spectra_aasist3
runs,spectra_itw_sweep,in_the_wild,codec,24.0,-24.0,24.0,0.1375,0.8751609375,1.0,0.9092754329095264,0.121875,0.0968204924533364,0.1418784839798285,7.799999999999997,0.1116918167786458,0.091875,7,151,spectra_aasist3
runs,spectra_itw_sweep,in_the_wild,codec,16.0,-16.0,16.0,0.149375,0.8897796875,0.99125,0.8956225880177057,0.13375,0.0968593099880523,0.1406190108932763,8.559999999999999,0.1247512331590888,0.10125,8,161,spectra_aasist3
runs,spectra_itw_sweep,in_the_wild,codec,8.0,-8.0,8.0,0.059375,0.96914375,0.6675,0.4227625475022729,0.0437499999999999,0.0312065668783587,0.0543778662290952,2.799999999999998,0.0800239066856441,0.05375,46,49,spectra_aasist3
runs,spectra_itw_sweep,in_the_wild,gain,-3.0,3.0,-3.0,0.013125,0.9915078125,0.2074999999999999,0.1427717662184453,-0.0024999999999999,-0.0037531613879771,0.003755554178893,-0.159999999999999,0.0061968964594617,0.00375,11,16,spectra_aasist3
runs,spectra_itw_sweep,in_the_wild,gain,3.0,3.0,3.0,0.0112499999999999,0.9932859375,0.1337499999999999,0.1226426228477731,-0.004375,-0.0068607987987319,0.001884863659869,-0.2800000000000017,0.0049569709026632,0.0025,10,11,spectra_aasist3
runs,spectra_itw_sweep,in_the_wild,gain,-10.0,10.0,-10.0,0.01375,0.9895671875,0.2412499999999999,0.1562670709737409,-0.0018749999999999,-0.0068859505956954,0.0068612110780785,-0.1199999999999991,0.017548759096772,0.010625,8,16,spectra_aasist3
runs,spectra_itw_sweep,in_the_wild,gain,10.0,10.0,10.0,0.0168749999999999,0.993484375,0.1625,0.1348819635226726,0.0012499999999999,-0.0062197837671529,0.0068641632146112,0.0799999999999991,0.0162723786206923,0.009375,12,14,spectra_aasist3
runs,spectra_itw_sweep,in_the_wild,gain,-20.0,20.0,-20.0,0.040625,0.9759609375,0.6725,0.2558439843122571,0.025,0.008143094870745,0.031907090810719,1.5999999999999994,0.0415677958268401,0.031875,8,46,spectra_aasist3
runs,spectra_itw_sweep,in_the_wild,gain,20.0,20.0,20.0,0.035,0.9899984375,0.2812499999999999,0.253430680748129,0.019375,0.0099800179199079,0.0299871168119335,1.2400000000000002,0.0468140805169773,0.034375,33,17,spectra_aasist3
runs,spectra_itw_sweep,in_the_wild,noise,30.0,-30.0,29.99998078595794,0.01375,0.990878125,0.19625,0.1704007048364464,-0.0018749999999999,-0.0068613866603247,0.0056125441176391,-0.1199999999999991,0.0235998517079653,0.01125,8,15,spectra_aasist3
runs,spectra_itw_sweep,in_the_wild,noise,20.0,-20.0,19.999998077429485,0.0306249999999999,0.9833484375,0.4849999999999999,0.1897363328879165,0.0149999999999999,0.002501397658696,0.0243392223631312,0.9599999999999982,0.0341899752316867,0.02,12,31,spectra_aasist3
runs,spectra_itw_sweep,in_the_wild,noise,15.0,-15.0,14.999999392004517,0.0268749999999999,0.9791765625,0.5099999999999999,0.2520361070400321,0.0112499999999999,0.0031494797935999,0.0250643321774642,0.719999999999999,0.0461431863430582,0.02875,10,41,spectra_aasist3
runs,spectra_itw_sweep,in_the_wild,noise,10.0,-10.0,9.999999807734977,0.03625,0.9763546875,0.5762499999999999,0.301609374852672,0.0206249999999999,0.0112164111193254,0.0312548835755586,1.3199999999999992,0.0678368803536269,0.0425,14,53,spectra_aasist3
runs,spectra_itw_sweep,in_the_wild,noise,5.0,-5.0,4.999999939203029,0.0837499999999999,0.9586046875,0.84125,0.5093958324727896,0.0681249999999999,0.053125355415624,0.0818705469768998,4.359999999999998,0.1166971348795439,0.08375,58,81,spectra_aasist3
runs,spectra_itw_sweep,in_the_wild,noise,0.0,-0.0,-1.9222870206218113e-08,0.2025,0.8708781250000001,1.0,1.0013884082730284,0.186875,0.1662469978253997,0.2074765928452699,11.959999999999996,0.2208870479583321,0.196875,204,114,spectra_aasist3
runs,spectra_itw_sweep,in_the_wild,reverb,0.1,0.1,0.1,0.1099999999999999,0.9607921875,0.4675,1.1141685602131512,0.0943749999999999,0.0769032442757859,0.110639495501751,6.0399999999999965,0.135462584640064,0.1375,200,19,spectra_aasist3
runs,spectra_itw_sweep,in_the_wild,reverb,0.3,0.3,0.2999999999999999,0.23875,0.8489625000000001,0.9875,2.5559191009106828,0.223125,0.2006492396483191,0.2437515280871244,14.279999999999994,0.2669798295125383,0.270625,375,61,spectra_aasist3
runs,spectra_itw_sweep,in_the_wild,reverb,0.5,0.5,0.5,0.289375,0.7813578124999999,0.99625,3.2550936199281524,0.27375,0.250600457349989,0.2975010112207514,17.519999999999996,0.3288718530487873,0.344375,457,97,spectra_aasist3
runs,spectra_itw_sweep,in_the_wild,reverb,0.7,0.7,0.7,0.308125,0.756909375,1.0,3.39607712957735,0.2925,0.2725016605572535,0.3181449747614967,18.71999999999999,0.3502965786211909,0.370625,503,87,spectra_aasist3
runs,spectra_itw_sweep,in_the_wild,reverb,0.9,0.9,0.9000000000000002,0.3249999999999999,0.7405203124999999,1.0,3.4450047982663325,0.3093749999999999,0.2887453707904266,0.3350245122361077,19.79999999999999,0.3607368107642441,0.379375,512,92,spectra_aasist3
runs,spectra_itw_sweep,in_the_wild,transcode_identity,320.0,-320.0,320.0,0.0162499999999999,0.9866984375,0.325,0.1790792285139662,0.0006249999999999,-0.0018900866003696,0.0100099314328145,0.0399999999999991,0.0118390348683873,0.005625,10,20,spectra_aasist3
runs,spectra_itw_sweep,in_the_wild,transcode_identity,256.0,-256.0,256.0,0.0162499999999999,0.9866984375,0.325,0.1790792285139662,0.0006249999999999,-0.0018900866003696,0.0100099314328145,0.0399999999999991,0.0118390348683873,0.005625,10,20,spectra_aasist3
runs,spectra_itw_sweep,in_the_wild,transcode_identity,192.0,-192.0,192.0,0.0162499999999999,0.9866984375,0.325,0.1790792285139662,0.0006249999999999,-0.0018900866003696,0.0100099314328145,0.0399999999999991,0.0118390348683873,0.005625,10,20,spectra_aasist3
runs,spectra_itw_sweep,in_the_wild,transmission,0.0,0.0,0.0,0.015625,0.992396875,0.16625,0.1338834068146329,0.0,0.0,0.0,0.0,0.0,0.0,12,13,spectra_aasist3
runs,spectra_itw_sweep,in_the_wild,transmission,0.01,0.01,0.0098224418608785,0.013125,0.992640625,0.165,0.142281466245412,-0.0024999999999999,-0.004973181816256,0.0037297906845787,-0.159999999999999,0.0058056633542801,0.003125,11,13,spectra_aasist3
runs,spectra_itw_sweep,in_the_wild,transmission,0.05,0.05,0.0504099734556357,0.013125,0.9917671875,0.20125,0.1368727227239927,-0.0024999999999999,-0.0056327678596885,0.0049855633750213,-0.159999999999999,0.0141605273502612,0.006875,10,16,spectra_aasist3
runs,spectra_itw_sweep,in_the_wild,transmission,0.1,0.1,0.098551582663714,0.015,0.99361875,0.1887499999999999,0.1313861337036421,-0.000625,-0.0050028375488289,0.0050698649778613,-0.04,0.0199218152596774,0.00875,11,14,spectra_aasist3
runs,spectra_itw_sweep,in_the_wild,transmission,0.2,0.2,0.2000974472388898,0.0218749999999999,0.991865625,0.1762499999999999,0.192164566195373,0.0062499999999999,-0.0012504411224847,0.0143683618381691,0.3999999999999984,0.0341890381198629,0.020625,15,17,spectra_aasist3
runs,ssl_aasist_asv19_sweep,asvspoof2019_la,bandpass,8000.0,-8000.0,7920.0,0.0012499999999999,0.9999328125,0.0024999999999999,0.0144180952553653,0.0,-0.0019481152787394,0.000645223967909,0.0,0.0006888416142726,0.0,1,1,ssl_aasist
runs,ssl_aasist_asv19_sweep,asvspoof2019_la,bandpass,6000.0,-6000.0,6000.0,0.0006249999999999,0.9999234375,0.0012499999999999,0.0127703289845607,-0.000625,-0.0031445655777181,0.0011726806095018,-0.5000000000000053,0.0013027883091189,0.0,1,1,ssl_aasist
runs,ssl_aasist_asv19_sweep,asvspoof2019_la,bandpass,4000.0,-4000.0,4000.0,0.0012499999999999,0.99994375,0.0024999999999999,0.0129911480200913,0.0,-0.0025015760931358,0.0012500709513052,0.0,0.0017244548489538,0.0,1,1,ssl_aasist
runs,ssl_aasist_asv19_sweep,asvspoof2019_la,bandpass,3400.0,-3400.0,3400.0,0.0012499999999999,0.9998859375,0.0024999999999999,0.0137957645665305,0.0,-0.002502077507604,0.0012500709513052,0.0,0.0017791671392273,0.0,1,1,ssl_aasist
runs,ssl_aasist_asv19_sweep,asvspoof2019_la,bandpass,2000.0,-2000.0,2000.0,0.0006249999999999,0.9993671875,0.0012499999999999,0.0165175925984419,-0.000625,-0.0031445655777181,0.001225565471889,-0.5000000000000053,0.002317429397598,0.00125,1,3,ssl_aasist
runs,ssl_aasist_asv19_sweep,asvspoof2019_la,chirp,25.0,-25.0,24.999999886696777,0.0012499999999999,0.9999734375,0.01,0.0197065696315702,0.0,-0.0012453688319674,0.0024848767567126,0.0,0.0013368931999309,0.000625,2,1,ssl_aasist
runs,ssl_aasist_asv19_sweep,asvspoof2019_la,chirp,20.0,-20.0,19.999999964173345,0.00125,0.99996875,0.01375,0.0188628939030529,1.3227266504323154e-17,-0.003175769591473,0.0043790987217966,1.0581813203458635e-14,0.0023725124990612,0.00125,2,2,ssl_aasist
runs,ssl_aasist_asv19_sweep,asvspoof2019_la,chirp,15.0,-15.0,14.999999988673585,0.00375,0.999978125,0.0074999999999999,0.0126450356578752,0.0025,-0.0025010184862582,0.0044046615848809,2.000000000000044,0.0027472116589702,0.0025,1,3,ssl_aasist
runs,ssl_aasist_asv19_sweep,asvspoof2019_la,chirp,10.0,-10.0,9.999999996421243,0.0049999999999999,0.999915625,0.03,0.0227630453119198,0.00375,-0.0018831490440365,0.0056250399416558,3.0000000000000333,0.0043194262590868,0.003125,1,4,ssl_aasist
runs,ssl_aasist_asv19_sweep,asvspoof2019_la,chirp,5.0,-5.0,4.999999998871267,0.0074999999999999,0.99981875,0.04,0.0268563685164578,0.0062499999999999,0.0012269562733068,0.0100090679949748,5.0000000000000435,0.0076577576660077,0.01,1,15,ssl_aasist
runs,ssl_aasist_asv19_sweep,asvspoof2019_la,codec,128.0,-128.0,128.0,0.0012499999999999,0.999946875,0.00375,0.0133453067935774,0.0,-0.0006505404476588,0.0006868410218142,0.0,0.0010811894865791,0.0,1,1,ssl_aasist
runs,ssl_aasist_asv19_sweep,asvspoof2019_la,codec,64.0,-64.0,64.0,0.0012499999999999,0.9999484375,0.00375,0.0134005408084148,0.0,-0.0012095973516371,0.0006524395815249,0.0,0.0010825022545359,0.0,1,1,ssl_aasist
runs,ssl_aasist_asv19_sweep,asvspoof2019_la,codec,32.0,-32.0,32.0,0.0012499999999999,0.999675,0.0024999999999999,0.0146355513288691,0.0,-0.0024865959597889,0.0012270315491174,0.0,0.0021320347410933,0.001875,1,4,ssl_aasist
runs,ssl_aasist_asv19_sweep,asvspoof2019_la,codec,24.0,-24.0,24.0,0.0012499999999999,0.9994203125,0.00375,0.0198691331379577,0.0,-0.0018790204748117,0.00130386617924,0.0,0.0035040605768896,0.00375,1,7,ssl_aasist
runs,ssl_aasist_asv19_sweep,asvspoof2019_la,codec,16.0,-16.0,16.0,0.00375,0.9991453125000002,0.00875,0.0517887305604157,0.0025,-0.0006157825284116,0.006221720946677,2.000000000000044,0.0128217339655774,0.025625,1,42,ssl_aasist
runs,ssl_aasist_asv19_sweep,asvspoof2019_la,codec,8.0,-8.0,8.0,0.0156249999999999,0.996,0.175,1.1121027697243355,0.014375,0.0068651452229303,0.0205953447388806,11.500000000000126,0.2110620476091813,0.301875,1,484,ssl_aasist
runs,ssl_aasist_asv19_sweep,asvspoof2019_la,gain,-3.0,3.0,-3.0,0.0012499999999999,0.999796875,0.00375,0.0211652093986309,0.0,-0.0006476683937823,0.0006403079913407,0.0,0.0007250115727889,0.000625,2,1,ssl_aasist
runs,ssl_aasist_asv19_sweep,asvspoof2019_la,gain,3.0,3.0,3.0,0.0012499999999999,0.99998125,0.00375,0.0142963201135553,0.0,-0.0006410462130937,0.0006181237475911,0.0,0.0006439621604042,0.0,1,1,ssl_aasist
runs,ssl_aasist_asv19_sweep,asvspoof2019_la,gain,-10.0,10.0,-10.0,0.0024999999999999,0.999228125,0.0062499999999999,0.0256265942000481,0.0012499999999999,-0.0012469217094591,0.0025226894957449,1.0,0.0016780568483991,0.000625,2,1,ssl_aasist
runs,ssl_aasist_asv19_sweep,asvspoof2019_la,gain,10.0,10.0,10.0,0.0012499999999999,0.9999671875,0.01,0.0116506354905565,0.0,-0.0012453300124533,0.002500006250625,0.0,0.0017980056500271,0.00125,1,3,ssl_aasist
runs,ssl_aasist_asv19_sweep,asvspoof2019_la,gain,-20.0,20.0,-20.0,0.0024999999999999,0.998709375,0.0274999999999999,0.0238753058418554,0.0012499999999999,-0.0012360939431396,0.0044286416805855,1.0,0.0038485381443756,0.0025,1,5,ssl_aasist
runs,ssl_aasist_asv19_sweep,asvspoof2019_la,gain,20.0,20.0,20.0,0.0168749999999999,0.99790625,0.09875,0.1052662935863988,0.015625,0.0093781426467292,0.0225172926978719,12.500000000000137,0.0299699887426528,0.06375,3,99,ssl_aasist
runs,ssl_aasist_asv19_sweep,asvspoof2019_la,noise,30.0,-30.0,29.99999964169418,0.0024999999999999,0.9987984375,0.00375,0.033353577494861,0.0012499999999999,-0.0018612570668472,0.0025415444770283,1.0,0.0025856299514693,0.0025,4,0,ssl_aasist
runs,ssl_aasist_asv19_sweep,asvspoof2019_la,noise,20.0,-20.0,19.99999996417316,0.00375,0.9986859375,0.0262499999999999,0.0397165573273523,0.0025,0.0,0.0062727993831024,2.000000000000044,0.004105212100633,0.0025,3,3,ssl_aasist
runs,ssl_aasist_asv19_sweep,asvspoof2019_la,noise,15.0,-15.0,14.99999998867341,0.005,0.9985953125,0.04,0.0524879601501509,0.00375,0.0006097375300793,0.0081134006287849,3.0000000000000444,0.0066764463538552,0.005,7,3,ssl_aasist
runs,ssl_aasist_asv19_sweep,asvspoof2019_la,noise,10.0,-10.0,9.999999996421058,0.0068749999999999,0.9981328125,0.07625,0.0774803751072939,0.0056249999999999,0.0018781719542988,0.0112570924191111,4.500000000000039,0.0137639433254594,0.006875,6,7,ssl_aasist
runs,ssl_aasist_asv19_sweep,asvspoof2019_la,noise,5.0,-5.0,4.999999998871092,0.02875,0.994665625,0.125,0.1966871648404126,0.0275,0.0181269355289468,0.0356289756948501,22.000000000000263,0.0333256558788176,0.025625,24,19,ssl_aasist
runs,ssl_aasist_asv19_sweep,asvspoof2019_la,noise,0.0,-0.0,-3.541433498798661e-10,0.07,0.9767890625,0.2049999999999999,0.4328969216327396,0.06875,0.0556234646587235,0.0862465654176325,55.0000000000006,0.0717559437556633,0.07875,53,75,ssl_aasist
runs,ssl_aasist_asv19_sweep,asvspoof2019_la,reverb,0.1,0.1,0.1,0.00875,0.9987234375,0.06625,0.3064126781400862,0.0075,0.0031169623300651,0.0118784456687328,6.000000000000088,0.0739637750014691,0.125,1,201,ssl_aasist
runs,ssl_aasist_asv19_sweep,asvspoof2019_la,reverb,0.3,0.3,0.2999999999999999,0.051875,0.98050625,0.59625,2.552927674371873,0.050625,0.0399808171403899,0.0631269593949378,40.50000000000044,0.3421945692897165,0.429375,1,688,ssl_aasist
runs,ssl_aasist_asv19_sweep,asvspoof2019_la,reverb,0.5,0.5,0.5,0.115625,0.9402140625,0.895,4.711835515712155,0.114375,0.0943665795093876,0.1293688114401078,91.500000000001,0.4515376208733009,0.488125,1,782,ssl_aasist
runs,ssl_aasist_asv19_sweep,asvspoof2019_la,reverb,0.7,0.7,0.7,0.168125,0.8982328125,0.98,5.522363533202948,0.166875,0.1431087066037808,0.1837735248177435,133.50000000000145,0.4758127166337126,0.495625,1,794,ssl_aasist
runs,ssl_aasist_asv19_sweep,asvspoof2019_la,reverb,0.9,0.9,0.9000000000000002,0.176875,0.8857203124999999,0.9675,5.608682795932321,0.175625,0.1593755169280352,0.196904463927314,140.5000000000015,0.4803340018041936,0.495625,1,794,ssl_aasist
runs,ssl_aasist_asv19_sweep,asvspoof2019_la,transcode_identity,320.0,-320.0,320.0,0.0012499999999999,0.9999484375,0.00375,0.0133785765710278,0.0,-0.0006505404476588,0.0006868410218142,0.0,0.0010821616424224,0.0,1,1,ssl_aasist
runs,ssl_aasist_asv19_sweep,asvspoof2019_la,transcode_identity,256.0,-256.0,256.0,0.0012499999999999,0.9999484375,0.00375,0.0133785765710278,0.0,-0.0006505404476588,0.0006868410218142,0.0,0.0010821616424224,0.0,1,1,ssl_aasist
runs,ssl_aasist_asv19_sweep,asvspoof2019_la,transcode_identity,192.0,-192.0,192.0,0.0012499999999999,0.9999484375,0.00375,0.0133785765710278,0.0,-0.0006505404476588,0.0006868410218142,0.0,0.0010821616424224,0.0,1,1,ssl_aasist
runs,ssl_aasist_asv19_sweep,asvspoof2019_la,transmission,0.0,0.0,0.0,0.0012499999999999,0.99993125,0.00375,0.0170104521458405,0.0,0.0,0.0,0.0,0.0,0.0,1,1,ssl_aasist
runs,ssl_aasist_asv19_sweep,asvspoof2019_la,transmission,0.01,0.01,0.010027788770389,0.00375,0.9997453125,0.01375,0.0237190380634702,0.0025,-0.0006242197253433,0.005000949985305,2.000000000000044,0.0022392709204373,0.004375,1,8,ssl_aasist
runs,ssl_aasist_asv19_sweep,asvspoof2019_la,transmission,0.05,0.05,0.050213066383787,0.0018749999999999,0.99919375,0.005,0.0640919486874591,0.0006249999999999,-0.0018719408177088,0.0043844699756944,0.4999999999999946,0.0208908762553898,0.05125,1,83,ssl_aasist
runs,ssl_aasist_asv19_sweep,asvspoof2019_la,transmission,0.1,0.1,0.1000086190221701,0.004375,0.9988265625,0.0124999999999999,0.3905769811957424,0.003125,-0.0006345379227162,0.0056116793199946,2.500000000000038,0.1099507161235748,0.194375,1,312,ssl_aasist
runs,ssl_aasist_asv19_sweep,asvspoof2019_la,transmission,0.2,0.2,0.1990158402005855,0.0056249999999999,0.9986234375,0.04375,1.8966179086242485,0.004375,0.0006188118811881,0.0087846564878508,3.500000000000038,0.3520005392323979,0.43,1,689,ssl_aasist
runs,ssl_aasist_asv21_sweep,asvspoof2021_la,bandpass,8000.0,-8000.0,7920.0,0.08125,0.980453125,0.6325,0.8425297489358842,0.006875,-0.005000389093081,0.0093677512301736,0.0924369747899162,0.0044934606232283,0.015,59,64,ssl_aasist
runs,ssl_aasist_asv21_sweep,asvspoof2021_la,bandpass,6000.0,-6000.0,6000.0,0.0775,0.9803984375,0.6525,0.8480321879554236,0.003125,-0.0062654005555899,0.0087427157799132,0.0420168067226893,0.0050343169261763,0.015625,50,64,ssl_aasist
runs,ssl_aasist_asv21_sweep,asvspoof2021_la,bandpass,4000.0,-4000.0,4000.0,0.0774999999999999,0.982040625,0.605,0.8517366629726771,0.0031249999999999,-0.0094094431503221,0.0056318131813181,0.0420168067226889,0.0056797426014053,0.01875,45,66,ssl_aasist
runs,ssl_aasist_asv21_sweep,asvspoof2021_la,bandpass,3400.0,-3400.0,3400.0,0.07125,0.982690625,0.615,0.8471948935698421,-0.0031249999999999,-0.0150068656616873,0.0025082371585163,-0.0420168067226889,0.0056917252009435,0.024375,40,66,ssl_aasist
runs,ssl_aasist_asv21_sweep,asvspoof2021_la,bandpass,2000.0,-2000.0,2000.0,0.07375,0.98351875,0.5525,0.8428448296746975,-0.0006249999999999,-0.0149822838107147,0.004359929887322,-0.0084033613445376,0.0078899328315825,0.03125,40,67,ssl_aasist
runs,ssl_aasist_asv21_sweep,asvspoof2021_la,chirp,25.0,-25.0,24.999999890185787,0.078125,0.9797234375,0.61,0.8160459159601622,0.00375,-0.0062513954952106,0.008756670472514,0.0504201680672269,0.0056029456699903,0.025625,74,58,ssl_aasist
runs,ssl_aasist_asv21_sweep,asvspoof2021_la,chirp,20.0,-20.0,19.999999965276665,0.0799999999999999,0.979153125,0.6037499999999999,0.8223871926587116,0.0056249999999999,-0.0043782555271575,0.0118667903444785,0.0756302521008402,0.007895619661958,0.03,81,58,ssl_aasist
runs,ssl_aasist_asv21_sweep,asvspoof2021_la,chirp,15.0,-15.0,14.999999989022488,0.0824999999999999,0.9778359375,0.60875,0.8412980959047369,0.0081249999999999,-0.0043685382729619,0.0125241996172515,0.1092436974789915,0.0119711804109053,0.03375,81,60,ssl_aasist
runs,ssl_aasist_asv21_sweep,asvspoof2021_la,chirp,10.0,-10.0,9.999999996531574,0.0837499999999999,0.975746875,0.65625,0.8491065441828816,0.0093749999999999,-0.0006289903754526,0.0174986570830036,0.1260504201680671,0.0142797596214006,0.043125,92,62,ssl_aasist
runs,ssl_aasist_asv21_sweep,asvspoof2021_la,chirp,5.0,-5.0,4.999999998906158,0.088125,0.9734625,0.69125,0.8791763364606183,0.0137499999999999,0.0024778704538117,0.0218707656664438,0.1848739495798319,0.0261819326143641,0.06,107,60,ssl_aasist
runs,ssl_aasist_asv21_sweep,asvspoof2021_la,codec,128.0,-128.0,128.0,0.0725,0.9807765625,0.62125,0.8431782360839578,-0.0018749999999999,-0.0100027476738209,0.0031235756761932,-0.0252100840336132,0.0011236765922106,0.010625,50,62,ssl_aasist
runs,ssl_aasist_asv21_sweep,asvspoof2021_la,codec,64.0,-64.0,64.0,0.0743749999999999,0.9807390625,0.6275,0.8481526513268477,-2.7755575615628914e-17,-0.0093652395328488,0.0056086653036704,-3.731842099580358e-16,0.0012792630419263,0.015,49,64,ssl_aasist
runs,ssl_aasist_asv21_sweep,asvspoof2021_la,codec,32.0,-32.0,32.0,0.075625,0.9817203125,0.6025,0.8918602395994799,0.00125,-0.0100086892796259,0.008748490232016,0.016806722689076,0.003817348304983,0.028125,32,74,ssl_aasist
runs,ssl_aasist_asv21_sweep,asvspoof2021_la,codec,24.0,-24.0,24.0,0.0693749999999999,0.980715625,0.615,0.9434853240737588,-0.005,-0.0162533034844988,0.0043758081313318,-0.0672268907563027,0.011941633750807,0.0375,27,76,ssl_aasist
runs,ssl_aasist_asv21_sweep,asvspoof2021_la,codec,16.0,-16.0,16.0,0.078125,0.98025625,0.62125,1.122789386017092,0.00375,-0.0094421918796327,0.0112818230811208,0.0504201680672269,0.0499361566998152,0.04125,18,79,ssl_aasist
runs,ssl_aasist_asv21_sweep,asvspoof2021_la,codec,8.0,-8.0,8.0,0.096875,0.9620359375,0.8425,2.4343184528540083,0.0225,0.0080520822409418,0.0356250446291852,0.3025210084033616,0.2184057173514406,0.070625,17,117,ssl_aasist
runs,ssl_aasist_asv21_sweep,asvspoof2021_la,gain,-3.0,3.0,-3.0,0.075625,0.9806203125,0.6237499999999999,0.8267932899326246,0.00125,-0.0075022975786334,0.0050092602459024,0.016806722689076,0.0018078235891745,0.019375,68,56,ssl_aasist
runs,ssl_aasist_asv21_sweep,asvspoof2021_la,gain,3.0,3.0,3.0,0.0787499999999999,0.9797453125,0.6275,0.851419664062333,0.0043749999999999,-0.0062567287514472,0.0081449024304512,0.0588235294117645,0.0016792964860215,0.016875,55,65,ssl_aasist
runs,ssl_aasist_asv21_sweep,asvspoof2021_la,gain,-10.0,10.0,-10.0,0.080625,0.980284375,0.595,0.826525850273132,0.00625,-0.004975033649749,0.0112500188965221,0.0840336134453786,0.0063141887174724,0.0325,67,62,ssl_aasist
runs,ssl_aasist_asv21_sweep,asvspoof2021_la,gain,10.0,10.0,10.0,0.090625,0.9722828125,0.7275,0.9005019504434228,0.01625,0.0024997922661094,0.0225299064164095,0.2184873949579834,0.005824063682838,0.040625,55,73,ssl_aasist
runs,ssl_aasist_asv21_sweep,asvspoof2021_la,gain,-20.0,20.0,-20.0,0.0775,0.9777765625,0.6074999999999999,0.8364728914688982,0.003125,-0.006908168070619,0.0131328921129048,0.0420168067226893,0.0218752967343209,0.06625,92,49,ssl_aasist
runs,ssl_aasist_asv21_sweep,asvspoof2021_la,gain,20.0,20.0,20.0,0.105625,0.9562734375,0.8975,1.1430255849307966,0.03125,0.0131582564593918,0.0381232195064373,0.4201680672268907,0.0602218280823519,0.070625,74,82,ssl_aasist
runs,ssl_aasist_asv21_sweep,asvspoof2021_la,noise,30.0,-30.0,29.9999996527274,0.081875,0.9775265625,0.615,0.818711712862863,0.0075,-0.0056175819837956,0.012530583878389,0.1008403361344538,0.0056814512157285,0.039375,93,55,ssl_aasist
runs,ssl_aasist_asv21_sweep,asvspoof2021_la,noise,20.0,-20.0,19.99999996527648,0.0787499999999999,0.9767625,0.6187499999999999,0.8079006304266538,0.0043749999999999,-0.0056596720347205,0.0137689342860714,0.0588235294117645,0.0075305866437456,0.05125,100,55,ssl_aasist
runs,ssl_aasist_asv21_sweep,asvspoof2021_la,noise,15.0,-15.0,14.9999999890223,0.085625,0.973825,0.6737499999999998,0.7667829372096886,0.01125,-0.0012505811378324,0.0175445851658224,0.1512605042016812,0.0097930300799574,0.0825,154,39,ssl_aasist
runs,ssl_aasist_asv21_sweep,asvspoof2021_la,noise,10.0,-10.0,9.9999999965314,0.0993749999999999,0.9699640625,0.7125,0.7244116937875947,0.0249999999999999,0.0106332997472006,0.0325014649009726,0.3361344537815123,0.0173505358361253,0.13625,235,26,ssl_aasist
runs,ssl_aasist_asv21_sweep,asvspoof2021_la,noise,5.0,-5.0,4.99999999890598,0.095,0.9503359375,0.85375,0.7711975311786439,0.020625,0.0137717445326817,0.0406227457958992,0.2773109243697479,0.0397864402890716,0.28875,471,18,ssl_aasist
runs,ssl_aasist_asv21_sweep,asvspoof2021_la,noise,0.0,-0.0,-3.431197944373468e-10,0.11375,0.9206921875,0.91625,0.8753629719964857,0.039375,0.0268449684103186,0.0524937494377876,0.5294117647058827,0.0773159409257268,0.441875,709,3,ssl_aasist
runs,ssl_aasist_asv21_sweep,asvspoof2021_la,reverb,0.1,0.1,0.1,0.1262499999999999,0.9394515625,0.955,2.7590043607764123,0.0518749999999999,0.033763005407249,0.06561500526792,0.6974789915966384,0.2029549898214309,0.098125,12,162,ssl_aasist
runs,ssl_aasist_asv21_sweep,asvspoof2021_la,reverb,0.3,0.3,0.2999999999999999,0.2674999999999999,0.818225,0.995,5.799495610833863,0.1931249999999999,0.1662717644220019,0.2162828650042217,2.5966386554621845,0.3844159060161027,0.239375,15,389,ssl_aasist
runs,ssl_aasist_asv21_sweep,asvspoof2021_la,reverb,0.5,0.5,0.5,0.3512499999999999,0.7439546875,0.9875,7.060570537530458,0.276875,0.2474863573572404,0.2993683976504094,3.722689075630252,0.4282220844210533,0.313125,12,504,ssl_aasist
runs,ssl_aasist_asv21_sweep,asvspoof2021_la,reverb,0.7,0.7,0.7,0.34375,0.7334203124999998,0.98875,7.195477582371443,0.269375,0.2437524768177233,0.2949915567010145,3.6218487394957983,0.4358471831527433,0.324375,24,514,ssl_aasist
runs,ssl_aasist_asv21_sweep,asvspoof2021_la,reverb,0.9,0.9,0.9000000000000002,0.351875,0.721684375,0.99125,7.125579573634418,0.2775000000000001,0.2481120884521728,0.2994280222394732,3.7310924369747913,0.4366343620185292,0.310625,36,484,ssl_aasist
runs,ssl_aasist_asv21_sweep,asvspoof2021_la,transcode_identity,320.0,-320.0,320.0,0.0725,0.980715625,0.62125,0.8433189592412691,-0.0018749999999999,-0.0099862884823409,0.0031177093184002,-0.0252100840336132,0.0011227623887569,0.010625,50,62,ssl_aasist
runs,ssl_aasist_asv21_sweep,asvspoof2021_la,transcode_identity,256.0,-256.0,256.0,0.0725,0.980715625,0.62125,0.8433189592412691,-0.0018749999999999,-0.0099862884823409,0.0031177093184002,-0.0252100840336132,0.0011227623887569,0.010625,50,62,ssl_aasist
runs,ssl_aasist_asv21_sweep,asvspoof2021_la,transcode_identity,192.0,-192.0,192.0,0.0725,0.980715625,0.62125,0.8433189592412691,-0.0018749999999999,-0.0099862884823409,0.0031177093184002,-0.0252100840336132,0.0011227623887569,0.010625,50,62,ssl_aasist
runs,ssl_aasist_asv21_sweep,asvspoof2021_la,transmission,0.0,0.0,0.0,0.074375,0.9800421875,0.6174999999999999,0.8371553966088396,0.0,0.0,0.0,0.0,0.0,0.0,59,60,ssl_aasist
runs,ssl_aasist_asv21_sweep,asvspoof2021_la,transmission,0.01,0.01,0.0097006507993345,0.078125,0.9803328125,0.62,0.9278670995277573,0.00375,-0.0087765638843703,0.0093685315335942,0.0504201680672269,0.0112153116365289,0.016875,45,71,ssl_aasist
runs,ssl_aasist_asv21_sweep,asvspoof2021_la,transmission,0.05,0.05,0.0497335622430416,0.0799999999999999,0.97404375,0.77625,1.4857535363135834,0.0056249999999999,-0.0068996610114267,0.0149970538880126,0.0756302521008402,0.0895159888639884,0.043125,21,91,ssl_aasist
runs,ssl_aasist_asv21_sweep,asvspoof2021_la,transmission,0.1,0.1,0.1007261153878,0.086875,0.9657484375,0.8375,2.33969866182327,0.0125,-0.0031196746677317,0.0218364240671453,0.1680672268907564,0.2171483978584981,0.060625,13,111,ssl_aasist
runs,ssl_aasist_asv21_sweep,asvspoof2021_la,transmission,0.2,0.2,0.2011269319384755,0.1131249999999999,0.9395890625,0.9775,4.452038924430084,0.0387499999999999,0.02564487477997,0.0531361194404497,0.5210084033613442,0.3705354464049939,0.1325,9,218,ssl_aasist
runs,ssl_aasist_itw_sweep,in_the_wild,bandpass,8000.0,-8000.0,7920.0,0.1162499999999999,0.9546171875,0.54875,1.9497946181221235,0.0,-0.0074709858775382,0.0100480061492091,0.0,0.0226484072640466,0.0175,95,93,ssl_aasist
runs,ssl_aasist_itw_sweep,in_the_wild,bandpass,6000.0,-6000.0,6000.0,0.113125,0.9520296874999998,0.5875,2.0324592027671593,-0.0031249999999999,-0.0093654389429037,0.0093777892284541,-0.0268817204301071,0.0334777339414659,0.0275,89,93,ssl_aasist
runs,ssl_aasist_itw_sweep,in_the_wild,bandpass,4000.0,-4000.0,4000.0,0.114375,0.9514984375,0.5575,2.202619594589633,-0.0018749999999999,-0.009372143972273,0.0106209930617879,-0.0161290322580644,0.0550679428997977,0.036875,83,104,ssl_aasist
runs,ssl_aasist_itw_sweep,in_the_wild,bandpass,3400.0,-3400.0,3400.0,0.120625,0.9498921875000002,0.57625,2.25372350720416,0.004375,-0.0062565289871629,0.0143743472910608,0.0376344086021505,0.0644409851422168,0.039375,86,105,ssl_aasist
runs,ssl_aasist_itw_sweep,in_the_wild,bandpass,2000.0,-2000.0,2000.0,0.138125,0.9315734375,0.6950000000000001,2.6670818676880677,0.021875,0.010002575680038,0.0362405776778051,0.188172043010753,0.1076637029186657,0.065,99,121,ssl_aasist
runs,ssl_aasist_itw_sweep,in_the_wild,chirp,25.0,-25.0,24.999993921179307,0.16625,0.9194609375,0.7337499999999999,1.931701232137748,0.05,0.0356345381789028,0.0631232952847127,0.4301075268817206,0.0457688835375597,0.08125,191,77,ssl_aasist
runs,ssl_aasist_itw_sweep,in_the_wild,chirp,20.0,-20.0,19.999998077429662,0.1731249999999999,0.906040625,0.85,2.025575371975116,0.0568749999999999,0.0424990046982832,0.0712790267727498,0.4892473118279568,0.0589069094193175,0.096875,212,81,ssl_aasist
runs,ssl_aasist_itw_sweep,in_the_wild,chirp,15.0,-15.0,14.99999939200469,0.19625,0.8926562499999999,0.7749999999999999,2.1572669327166287,0.08,0.0625003124814389,0.0974643681143019,0.6881720430107531,0.074293908751188,0.11875,236,84,ssl_aasist
runs,ssl_aasist_itw_sweep,in_the_wild,chirp,10.0,-10.0,9.999999807735156,0.2099999999999999,0.8761859375000003,0.91875,2.350345298064192,0.0937499999999999,0.0768786720551398,0.1143745422239662,0.8064516129032256,0.0912417851499665,0.138125,254,93,ssl_aasist
runs,ssl_aasist_itw_sweep,in_the_wild,chirp,5.0,-5.0,4.999999939203206,0.2212499999999999,0.8581203125000001,0.9325,2.632466017601639,0.1049999999999999,0.0893348820238117,0.1250242817663353,0.9032258064516128,0.12237211174108,0.15,261,119,ssl_aasist
runs,ssl_aasist_itw_sweep,in_the_wild,codec,128.0,-128.0,128.0,0.118125,0.953396875,0.53625,1.9779407986628488,0.001875,-0.0043839376580806,0.0082151317134922,0.0161290322580647,0.0143344353159877,0.010625,98,95,ssl_aasist
runs,ssl_aasist_itw_sweep,in_the_wild,codec,64.0,-64.0,64.0,0.1156249999999999,0.9536296875,0.54625,1.9946597435242748,-0.000625,-0.0062159672925055,0.0068774404640064,-0.0053763440860216,0.0167678040658152,0.013125,90,95,ssl_aasist
runs,ssl_aasist_itw_sweep,in_the_wild,codec,32.0,-32.0,32.0,0.1112499999999999,0.9512875,0.63625,2.468276584416839,-0.005,-0.0124714754001714,0.0075082894664708,-0.043010752688172,0.0552255652873049,0.0375,68,124,ssl_aasist
runs,ssl_aasist_itw_sweep,in_the_wild,codec,24.0,-24.0,24.0,0.114375,0.9492,0.65125,2.7083007821601024,-0.0018749999999999,-0.0118687084185713,0.0112521730831716,-0.0161290322580644,0.0725920508402952,0.0625,58,146,ssl_aasist
runs,ssl_aasist_itw_sweep,in_the_wild,codec,16.0,-16.0,16.0,0.110625,0.946409375,0.7050000000000001,3.357584248539716,-0.0056249999999999,-0.0181231837464465,0.0081208455983388,-0.0483870967741934,0.1199260266597634,0.101875,41,200,ssl_aasist
runs,ssl_aasist_itw_sweep,in_the_wild,codec,8.0,-8.0,8.0,0.195625,0.87649375,0.9225,6.39994661406829,0.079375,0.0581157368150896,0.1006474739627424,0.6827956989247312,0.2138438827821902,0.313125,25,508,ssl_aasist
runs,ssl_aasist_itw_sweep,in_the_wild,gain,-3.0,3.0,-3.0,0.12875,0.9476859375,0.59875,1.989345217423368,0.0125,0.003736563577767,0.0231232087506084,0.1075268817204304,0.0380869407710155,0.030625,111,90,ssl_aasist
runs,ssl_aasist_itw_sweep,in_the_wild,gain,3.0,3.0,3.0,0.113125,0.9548328125,0.5274999999999999,1.92743032712932,-0.0031249999999999,-0.0087811864029493,0.0074969832979135,-0.0268817204301074,0.0318929886999116,0.02125,91,91,ssl_aasist
runs,ssl_aasist_itw_sweep,in_the_wild,gain,-10.0,10.0,-10.0,0.185,0.9005,0.8025,2.6679811840027248,0.06875,0.0499971567691892,0.0856545845526893,0.591397849462366,0.1255206390679415,0.1175,176,116,ssl_aasist
runs,ssl_aasist_itw_sweep,in_the_wild,gain,10.0,10.0,10.0,0.129375,0.94974375,0.4937499999999999,2.4098097579012943,0.013125,0.0018971788115714,0.0249858491895061,0.1129032258064518,0.0932653632953209,0.055625,84,133,ssl_aasist
runs,ssl_aasist_itw_sweep,in_the_wild,gain,-20.0,20.0,-20.0,0.3818749999999999,0.6801109375000001,0.9675,3.4623110757987776,0.265625,0.2387558126453161,0.2912476576773258,2.28494623655914,0.210282846999933,0.336875,473,146,ssl_aasist
runs,ssl_aasist_itw_sweep,in_the_wild,gain,20.0,20.0,20.0,0.169375,0.9107703125,0.65625,4.515417513788103,0.053125,0.0387409291815033,0.0712463690801999,0.456989247311828,0.1868863780642837,0.205625,49,352,ssl_aasist
runs,ssl_aasist_itw_sweep,in_the_wild,noise,30.0,-30.0,29.99998078595794,0.133125,0.94389375,0.59,1.9956815223457731,0.016875,0.0081201160356754,0.0262369502161508,0.1451612903225806,0.0340065049230209,0.02875,119,91,ssl_aasist
runs,ssl_aasist_itw_sweep,in_the_wild,noise,20.0,-20.0,19.999998077429485,0.1843749999999999,0.9010281249999998,0.75125,2.828722954350581,0.0681249999999999,0.051242621169247,0.0837084202385183,0.586021505376344,0.1103370970918489,0.091875,155,128,ssl_aasist
runs,ssl_aasist_itw_sweep,in_the_wild,noise,15.0,-15.0,14.999999392004517,0.201875,0.8715078125,0.84,3.5326203019161997,0.085625,0.066930316692198,0.1037702737354958,0.7365591397849466,0.1644642520046318,0.124375,162,159,ssl_aasist
runs,ssl_aasist_itw_sweep,in_the_wild,noise,10.0,-10.0,9.999999807734977,0.2175,0.8484671875,0.96375,4.006237061636992,0.10125,0.0837091015079798,0.1230921941558465,0.870967741935484,0.1995420953935192,0.1625,169,183,ssl_aasist
runs,ssl_aasist_itw_sweep,in_the_wild,noise,5.0,-5.0,4.999999939203029,0.271875,0.8025609375,0.99125,3.7455219109541247,0.1556249999999999,0.1318066873185374,0.1762404125493485,1.3387096774193548,0.204460231054182,0.22375,300,134,ssl_aasist
runs,ssl_aasist_itw_sweep,in_the_wild,noise,0.0,-0.0,-1.9222870206218113e-08,0.36375,0.6960796875,0.98,2.865093029123437,0.2475,0.2243743716007401,0.2781179710321254,2.1290322580645165,0.2223784313275275,0.375625,579,54,ssl_aasist
runs,ssl_aasist_itw_sweep,in_the_wild,reverb,0.1,0.1,0.1,0.2106249999999999,0.8707953125000001,0.885,6.297153080277332,0.0943749999999999,0.0725003228519167,0.1149885630341756,0.8118279569892473,0.2093313598453873,0.299375,25,498,ssl_aasist
runs,ssl_aasist_itw_sweep,in_the_wild,reverb,0.3,0.3,0.2999999999999999,0.2987499999999999,0.7561609375,0.98375,8.663976976328788,0.1824999999999999,0.1581088431627093,0.2106398935234653,1.5698924731182795,0.2345754841104767,0.475625,5,764,ssl_aasist
runs,ssl_aasist_itw_sweep,in_the_wild,reverb,0.5,0.5,0.5,0.35375,0.6911046875000001,0.99625,8.755906594507056,0.2375,0.2125010943626196,0.2681403388936723,2.0430107526881724,0.235049414205872,0.485625,13,774,ssl_aasist
runs,ssl_aasist_itw_sweep,in_the_wild,reverb,0.7,0.7,0.7,0.3924999999999999,0.6522765625000001,0.99875,8.657188586129159,0.27625,0.2506293079188779,0.307487282062112,2.3763440860215055,0.2358608833191642,0.4925,25,775,ssl_aasist
runs,ssl_aasist_itw_sweep,in_the_wild,reverb,0.9,0.9,0.9000000000000002,0.390625,0.62206875,1.0,8.492029299211534,0.274375,0.2512155715048509,0.3062696261275907,2.3602150537634414,0.2365002193186646,0.495,40,762,ssl_aasist
runs,ssl_aasist_itw_sweep,in_the_wild,transcode_identity,320.0,-320.0,320.0,0.118125,0.953403125,0.5387500000000001,1.9777748011336775,0.001875,-0.0044296799462882,0.0081353331280817,0.0161290322580647,0.014270715625303,0.01125,97,95,ssl_aasist
runs,ssl_aasist_itw_sweep,in_the_wild,transcode_identity,256.0,-256.0,256.0,0.118125,0.953403125,0.5387500000000001,1.9777748011336775,0.001875,-0.0044296799462882,0.0081353331280817,0.0161290322580647,0.014270715625303,0.01125,97,95,ssl_aasist
runs,ssl_aasist_itw_sweep,in_the_wild,transcode_identity,192.0,-192.0,192.0,0.118125,0.953403125,0.5387500000000001,1.9777748011336775,0.001875,-0.0044296799462882,0.0081353331280817,0.0161290322580647,0.014270715625303,0.01125,97,95,ssl_aasist
runs,ssl_aasist_itw_sweep,in_the_wild,transmission,0.0,0.0,0.0,0.1162499999999999,0.9535625,0.5675,1.8892317795829576,0.0,0.0,0.0,0.0,0.0,0.0,93,93,ssl_aasist
runs,ssl_aasist_itw_sweep,in_the_wild,transmission,0.01,0.01,0.0098224418608785,0.119375,0.9533515625,0.52125,2.318322268080318,0.003125,-0.0100115955673848,0.0131444572987604,0.0268817204301077,0.0369655747257623,0.03375,75,125,ssl_aasist
runs,ssl_aasist_itw_sweep,in_the_wild,transmission,0.05,0.05,0.0504099734556357,0.1106249999999999,0.9491203125,0.6475,4.0577265414046595,-0.005625,-0.022503093344425,0.0100000812674606,-0.0483870967741937,0.1365126977734546,0.16,32,286,ssl_aasist
runs,ssl_aasist_itw_sweep,in_the_wild,transmission,0.1,0.1,0.098551582663714,0.1324999999999999,0.938821875,0.7162499999999999,5.675278651241224,0.0162499999999999,-0.0043738596058583,0.032541287484794,0.139784946236559,0.1931823861893316,0.28,16,460,ssl_aasist
runs,ssl_aasist_itw_sweep,in_the_wild,transmission,0.2,0.2,0.2000974472388898,0.16,0.9161296875,0.7375,7.707221504544544,0.04375,0.0231244585126817,0.0668728167202214,0.3763440860215057,0.2282036219381555,0.415625,6,667,ssl_aasist
runs,telephony_asv19_sweep,asvspoof2019_la,telephony_g711a,64.0,-64.0,64.0,0.0062499999999999,0.9997125,0.0437499999999999,0.0966861163748123,0.0,-0.0018653540289888,0.0025031501429085,0.0,0.0029337350419019,0.0,5,5,aasist
runs,telephony_asv19_sweep,asvspoof2019_la,telephony_g711u,64.0,-64.0,64.0,0.0062499999999999,0.999725,0.0474999999999999,0.0968177574159089,0.0,-0.0025015703445821,0.0025032187701172,0.0,0.0027437986408637,0.000625,6,5,aasist
runs,telephony_asv19_sweep,asvspoof2019_la,telephony_g722,64.0,-64.0,64.0,0.00625,0.99966875,0.045,0.0806428738365637,1.3010426069826053e-17,-0.0025014147652416,0.0050001267610501,2.081668171172172e-15,0.0133652148118079,0.00125,6,6,aasist
runs,telephony_asv19_sweep,asvspoof2019_la,telephony_g711a,64.0,-64.0,64.0,0.1725,0.891440625,0.7300000000000001,3.4138444440760765,0.0112499999999999,-0.0018758039321047,0.0250040592889758,0.069767441860465,0.0523155630199635,0.06375,160,112,aasist3_kan
runs,telephony_asv19_sweep,asvspoof2019_la,telephony_g711u,64.0,-64.0,64.0,0.181875,0.8929265625,0.7400000000000001,4.039318436283094,0.020625,0.00380752204612,0.0281243066539005,0.127906976744186,0.0262060053778059,0.0475,133,159,aasist3_kan
runs,telephony_asv19_sweep,asvspoof2019_la,telephony_g722,64.0,-64.0,64.0,0.260625,0.81404453125,0.8162500000000001,5.134183250416658,0.0993749999999999,0.0781249883967753,0.1181281122485778,0.6162790697674417,0.0724803156602373,0.17,185,237,aasist3_kan
runs,telephony_asv19_sweep,asvspoof2019_la,telephony_g711a,64.0,-64.0,64.0,0.024375,0.9840265625,0.3899999999999999,0.2178987660536832,0.0175,0.0068980989592111,0.024989201452242,2.5454545454545547,0.029408018871145,0.023125,18,20,spectra_aasist3
runs,telephony_asv19_sweep,asvspoof2019_la,telephony_g711u,64.0,-64.0,64.0,0.030625,0.9779984375,0.5475,0.2924166196870132,0.02375,0.014960504555959,0.0343734000306319,3.454545454545464,0.0364145629265392,0.028125,23,27,spectra_aasist3
runs,telephony_asv19_sweep,asvspoof2019_la,telephony_g722,64.0,-64.0,64.0,0.0168749999999999,0.9926453125,0.2099999999999999,0.1651931015359851,0.0099999999999999,0.001892665443187,0.0174843497996468,1.4545454545454557,0.0204490493668952,0.016875,22,10,spectra_aasist3
runs,wavlm_linear_asv19_sweep,asvspoof2019_la,bandpass,8000.0,-8000.0,7920.0,0.0262499999999999,0.995684375,0.1299999999999999,0.1367049207705396,-0.0012499999999999,-0.0081151181245649,0.0050390009000316,-0.045454545454545,0.0191150632065185,0.015625,30,17,wavlm_linear
runs,wavlm_linear_asv19_sweep,asvspoof2019_la,bandpass,6000.0,-6000.0,6000.0,0.035625,0.9944015625,0.17375,0.1465056863229928,0.008125,-0.0031451712307951,0.0130816976173643,0.2954545454545464,0.0274511040770688,0.02,24,28,wavlm_linear
runs,wavlm_linear_asv19_sweep,asvspoof2019_la,bandpass,4000.0,-4000.0,4000.0,0.0393749999999999,0.9925578125,0.1637499999999999,0.1888350719793595,0.0118749999999999,0.0037759798607284,0.0219301035521411,0.431818181818182,0.0581306967777532,0.05125,15,85,wavlm_linear
runs,wavlm_linear_asv19_sweep,asvspoof2019_la,bandpass,3400.0,-3400.0,3400.0,0.0437499999999999,0.9921359375,0.1712499999999999,0.2357065303562632,0.0162499999999999,0.0043987440951266,0.0250077836970705,0.590909090909091,0.0858001944284196,0.076875,6,125,wavlm_linear
runs,wavlm_linear_asv19_sweep,asvspoof2019_la,bandpass,2000.0,-2000.0,2000.0,0.05625,0.9885234375,0.18375,0.8557573620973147,0.02875,0.0162322315958371,0.0393970220111554,1.045454545454547,0.2628665116128199,0.301875,1,482,wavlm_linear
runs,wavlm_linear_asv19_sweep,asvspoof2019_la,chirp,25.0,-25.0,24.999999886696777,0.04,0.993409375,0.1749999999999999,0.2269250437327891,0.0125,0.0037584478563767,0.0212326787131775,0.4545454545454562,0.0883805424682871,0.071875,7,116,wavlm_linear
runs,wavlm_linear_asv19_sweep,asvspoof2019_la,chirp,20.0,-20.0,19.999999964173345,0.04625,0.9907359375,0.2599999999999999,0.3829971835988386,0.01875,0.0069652127175505,0.028143257876094,0.6818181818181831,0.1453090882890633,0.140625,5,222,wavlm_linear
runs,wavlm_linear_asv19_sweep,asvspoof2019_la,chirp,15.0,-15.0,14.999999988673585,0.05125,0.989265625,0.23625,0.709310335666642,0.02375,0.0112529604960803,0.033131583534932,0.863636363636365,0.2379391374098811,0.265625,1,422,wavlm_linear
runs,wavlm_linear_asv19_sweep,asvspoof2019_la,chirp,10.0,-10.0,9.999999996421243,0.0531249999999999,0.98664375,0.21875,1.3226973159218836,0.0256249999999999,0.0137563486148336,0.0393750531192606,0.9318181818181822,0.3511043557592444,0.40375,1,645,wavlm_linear
runs,wavlm_linear_asv19_sweep,asvspoof2019_la,chirp,5.0,-5.0,4.999999998871267,0.0725,0.979890625,0.33625,2.168569234144362,0.045,0.0300011613732274,0.0575146393329996,1.6363636363636382,0.4316253505873876,0.470625,0,753,wavlm_linear
runs,wavlm_linear_asv19_sweep,asvspoof2019_la,codec,128.0,-128.0,128.0,0.029375,0.9954421875,0.14875,0.1392921154455478,0.001875,-0.0031388527560899,0.0068860326272115,0.0681818181818198,0.0127847438292057,0.0125,20,34,wavlm_linear
runs,wavlm_linear_asv19_sweep,asvspoof2019_la,codec,64.0,-64.0,64.0,0.0325,0.995453125,0.14125,0.1380407261466715,0.005,-0.0037410651223838,0.0081311922994686,0.1818181818181826,0.0154212692442036,0.01375,15,33,wavlm_linear
runs,wavlm_linear_asv19_sweep,asvspoof2019_la,codec,32.0,-32.0,32.0,0.02875,0.9946625,0.1399999999999999,0.1675137095713837,0.00125,-0.0062515808276011,0.0081470532968435,0.045454545454547,0.053121117585296,0.044375,6,77,wavlm_linear
runs,wavlm_linear_asv19_sweep,asvspoof2019_la,codec,24.0,-24.0,24.0,0.0374999999999999,0.9928625,0.17625,0.2874109201003687,0.01,0.001289670078708,0.0206207893558308,0.3636363636363642,0.1123132299705184,0.10625,6,176,wavlm_linear
runs,wavlm_linear_asv19_sweep,asvspoof2019_la,codec,16.0,-16.0,16.0,0.0531249999999999,0.9903421875,0.25625,0.8664708662247013,0.0256249999999999,0.0137294740639116,0.0362582715214421,0.9318181818181822,0.2740145645418692,0.313125,0,501,wavlm_linear
runs,wavlm_linear_asv19_sweep,asvspoof2019_la,codec,8.0,-8.0,8.0,0.09125,0.9634375,0.3675,5.013784084215137,0.06375,0.0493252610698807,0.0781237695141522,2.318181818181821,0.5061472404161931,0.500625,1,800,wavlm_linear
runs,wavlm_linear_asv19_sweep,asvspoof2019_la,gain,-3.0,3.0,-3.0,0.0268749999999999,0.995340625,0.1349999999999999,0.1393012016637918,-0.000625,-0.0068766242042112,0.0056538987374927,-0.0227272727272727,0.0174976598598253,0.011875,20,27,wavlm_linear
runs,wavlm_linear_asv19_sweep,asvspoof2019_la,gain,3.0,3.0,3.0,0.0343749999999999,0.994996875,0.135,0.1481575636928506,0.0068749999999999,-0.0012690299939256,0.0131175734834271,0.2499999999999998,0.0180879101321159,0.0175,20,34,wavlm_linear
runs,wavlm_linear_asv19_sweep,asvspoof2019_la,gain,-10.0,10.0,-10.0,0.0574999999999999,0.98801875,0.2987499999999999,0.2970013208531692,0.03,0.0174204658731399,0.0388261126685856,1.0909090909090922,0.1057009694079285,0.11,10,174,wavlm_linear
runs,wavlm_linear_asv19_sweep,asvspoof2019_la,gain,10.0,10.0,10.0,0.0749999999999999,0.9796265625,0.46625,0.4493060687199563,0.0475,0.0331221756223787,0.0600374576432092,1.7272727272727284,0.1429639404126574,0.153125,7,240,wavlm_linear
runs,wavlm_linear_asv19_sweep,asvspoof2019_la,gain,-20.0,20.0,-20.0,0.106875,0.9628296875,0.45875,1.902092177839584,0.079375,0.0612508273017296,0.0924984693090935,2.88636363636364,0.3972204819685719,0.443125,1,706,wavlm_linear
runs,wavlm_linear_asv19_sweep,asvspoof2019_la,gain,20.0,20.0,20.0,0.11875,0.9506953125,0.5537500000000001,3.6336261821696594,0.09125,0.0756403605097077,0.1093812525010004,3.318181818181821,0.4674369770457952,0.478125,0,765,wavlm_linear
runs,wavlm_linear_asv19_sweep,asvspoof2019_la,noise,30.0,-30.0,29.99999964169418,0.0531249999999999,0.9891875,0.19125,0.2387764948155614,0.025625,0.0124999633777961,0.0343725668788483,0.9318181818181828,0.0789143447722386,0.075,17,117,wavlm_linear
runs,wavlm_linear_asv19_sweep,asvspoof2019_la,noise,20.0,-20.0,19.99999996417316,0.0531249999999999,0.9856828125,0.2575,0.364336155762781,0.0256249999999999,0.0150112784959628,0.0381279290994188,0.9318181818181822,0.1443150137094794,0.16375,11,251,wavlm_linear
runs,wavlm_linear_asv19_sweep,asvspoof2019_la,noise,15.0,-15.0,14.99999998867341,0.0581249999999999,0.984096875,0.2075,0.4272983618003335,0.030625,0.0181213079611749,0.041874356238546,1.1136363636363644,0.1711476375510676,0.186875,9,286,wavlm_linear
runs,wavlm_linear_asv19_sweep,asvspoof2019_la,noise,10.0,-10.0,9.999999996421058,0.08125,0.9664515625,0.3037499999999999,0.6962861108480092,0.05375,0.0406023265312884,0.070000501595178,1.954545454545457,0.240525876772266,0.265625,21,398,wavlm_linear
runs,wavlm_linear_asv19_sweep,asvspoof2019_la,noise,5.0,-5.0,4.999999998871092,0.1262499999999999,0.9309921875,0.31625,1.3629251209301918,0.0987499999999999,0.076907317033595,0.1162476777706456,3.5909090909090926,0.3277313471964136,0.35125,33,523,wavlm_linear
runs,wavlm_linear_asv19_sweep,asvspoof2019_la,noise,0.0,-0.0,-3.541433498798661e-10,0.1468749999999999,0.918875,0.30375,1.7314824544850516,0.119375,0.0987556827846834,0.1418760667185791,4.3409090909090935,0.3462104118747583,0.3725,31,555,wavlm_linear
runs,wavlm_linear_asv19_sweep,asvspoof2019_la,reverb,0.1,0.1,0.1,0.0631249999999999,0.9828296875,0.38,1.165654884921755,0.0356249999999999,0.021877566442574,0.046877435658362,1.295454545454546,0.3217348146230439,0.366875,2,589,wavlm_linear
runs,wavlm_linear_asv19_sweep,asvspoof2019_la,reverb,0.3,0.3,0.2999999999999999,0.0975,0.960928125,0.4499999999999999,4.066133107699194,0.07,0.0550086377104562,0.0862474249758482,2.545454545454548,0.5005485173909937,0.499375,0,799,wavlm_linear
runs,wavlm_linear_asv19_sweep,asvspoof2019_la,reverb,0.5,0.5,0.5,0.10875,0.951778125,0.4825,5.6535307019245975,0.08125,0.0631456306132726,0.0962842949801631,2.9545454545454577,0.5093978544944163,0.5,0,800,wavlm_linear
runs,wavlm_linear_asv19_sweep,asvspoof2019_la,reverb,0.7,0.7,0.7,0.13,0.9406265625,0.4174999999999999,6.290485570574975,0.1025,0.0831271974525293,0.1200068943156508,3.72727272727273,0.510160229243166,0.500625,1,800,wavlm_linear
runs,wavlm_linear_asv19_sweep,asvspoof2019_la,reverb,0.9,0.9,0.9000000000000002,0.13875,0.930659375,0.435,6.610639523460906,0.11125,0.091866385857583,0.128788016501326,4.04545454545455,0.5105931784336599,0.500625,1,800,wavlm_linear
runs,wavlm_linear_asv19_sweep,asvspoof2019_la,transcode_identity,320.0,-320.0,320.0,0.030625,0.995425,0.1499999999999999,0.1393401776346314,0.003125,-0.003136223956199,0.0075000002929691,0.1136363636363643,0.0128066493312999,0.01125,20,34,wavlm_linear
runs,wavlm_linear_asv19_sweep,asvspoof2019_la,transcode_identity,256.0,-256.0,256.0,0.030625,0.995425,0.1499999999999999,0.1393401776346314,0.003125,-0.003136223956199,0.0075000002929691,0.1136363636363643,0.0128066493312999,0.01125,20,34,wavlm_linear
runs,wavlm_linear_asv19_sweep,asvspoof2019_la,transcode_identity,192.0,-192.0,192.0,0.030625,0.995425,0.1499999999999999,0.1393401776346314,0.003125,-0.003136223956199,0.0075000002929691,0.1136363636363643,0.0128066493312999,0.01125,20,34,wavlm_linear
runs,wavlm_linear_asv19_sweep,asvspoof2019_la,transmission,0.0,0.0,0.0,0.0274999999999999,0.9959296875,0.1037499999999999,0.1370287882233148,0.0,0.0,0.0,0.0,0.0,0.0,22,22,wavlm_linear
runs,wavlm_linear_asv19_sweep,asvspoof2019_la,transmission,0.01,0.01,0.010027788770389,0.0331249999999999,0.9956828125,0.0937499999999999,0.13689354101581,0.0056249999999999,-0.0013178099817795,0.0106357583479515,0.2045454545454543,0.0114309262417019,0.011875,21,32,wavlm_linear
runs,wavlm_linear_asv19_sweep,asvspoof2019_la,transmission,0.05,0.05,0.050213066383787,0.035,0.9946796875,0.1812499999999999,0.1568536678340235,0.0075,-0.0024939694781775,0.0143685504058302,0.2727272727272741,0.042634062612574,0.0375,14,64,wavlm_linear
runs,wavlm_linear_asv19_sweep,asvspoof2019_la,transmission,0.1,0.1,0.1000086190221701,0.040625,0.992596875,0.2262499999999999,0.2141734456934962,0.013125,0.0025007564802069,0.0231207775220002,0.477272727272729,0.0783406187404791,0.07,9,115,wavlm_linear
runs,wavlm_linear_asv19_sweep,asvspoof2019_la,transmission,0.2,0.2,0.1990158402005855,0.0574999999999999,0.987071875,0.24625,0.4615422612587054,0.03,0.0156039432193799,0.0393772942365544,1.0909090909090922,0.165306107033666,0.165625,5,264,wavlm_linear
runs,wavlm_linear_asv21_sweep,asvspoof2021_la,bandpass,8000.0,-8000.0,7920.0,0.1737499999999999,0.9127765625,0.9325,1.239009964492906,0.0062499999999999,-0.000596237203058,0.0162273643695014,0.0373134328358207,0.0238627232087618,0.025625,131,150,wavlm_linear
runs,wavlm_linear_asv21_sweep,asvspoof2021_la,bandpass,6000.0,-6000.0,6000.0,0.17,0.9148703125,0.9275,1.2479024302061592,0.0025,-0.0056163553485811,0.0118683922774033,0.0149253731343287,0.0279528685260688,0.029375,126,149,wavlm_linear
runs,wavlm_linear_asv21_sweep,asvspoof2021_la,bandpass,4000.0,-4000.0,4000.0,0.16125,0.920678125,0.93375,1.2874364597847268,-0.0062499999999999,-0.0150503274028596,0.0025063311259054,-0.0373134328358207,0.0389837856145029,0.040625,105,156,wavlm_linear
runs,wavlm_linear_asv21_sweep,asvspoof2021_la,bandpass,3400.0,-3400.0,3400.0,0.1531249999999999,0.925096875,0.9275,1.327747078310471,-0.0143749999999999,-0.025625137463343,-0.0049794240814404,-0.085820895522388,0.0493115782214099,0.0475,90,160,wavlm_linear
runs,wavlm_linear_asv21_sweep,asvspoof2021_la,bandpass,2000.0,-2000.0,2000.0,0.1374999999999999,0.9326171875,0.9375,1.9732802466875228,-0.03,-0.0462453144684472,-0.017500965972045,-0.1791044776119403,0.1470803721431721,0.131875,33,242,wavlm_linear
runs,wavlm_linear_asv21_sweep,asvspoof2021_la,chirp,25.0,-25.0,24.999999890185787,0.1725,0.90843125,0.9325,1.951695491412733,0.005,-0.011256570552878,0.0162344384132207,0.0298507462686567,0.1174000002054801,0.128125,66,255,wavlm_linear
runs,wavlm_linear_asv21_sweep,asvspoof2021_la,chirp,20.0,-20.0,19.999999965276665,0.169375,0.9039453125,0.96875,2.4173475713645294,0.001875,-0.0125315496040755,0.0143851974917048,0.0111940298507465,0.1665223188834497,0.17375,48,318,wavlm_linear
runs,wavlm_linear_asv21_sweep,asvspoof2021_la,chirp,15.0,-15.0,14.999999989022488,0.166875,0.9062421875,0.945,2.9686492701171026,-0.0006249999999999,-0.0156203186545799,0.0168693184384181,-0.003731343283582,0.2125394911468512,0.233125,30,393,wavlm_linear
runs,wavlm_linear_asv21_sweep,asvspoof2021_la,chirp,10.0,-10.0,9.999999996531574,0.18,0.8949656249999999,0.91625,3.7004252198395102,0.0125,-0.0031028750277048,0.0287475100730678,0.074626865671642,0.2608313000577484,0.29125,17,479,wavlm_linear
runs,wavlm_linear_asv21_sweep,asvspoof2021_la,chirp,5.0,-5.0,4.999999998906158,0.188125,0.89323125,0.96375,4.494362599090238,0.020625,0.0031226814851174,0.0337658277340646,0.1231343283582089,0.2909284056717975,0.371875,4,597,wavlm_linear
runs,wavlm_linear_asv21_sweep,asvspoof2021_la,codec,128.0,-128.0,128.0,0.17,0.9176546875000002,0.935,1.1843752606430598,0.0025,-0.0068688846095578,0.0075002121185237,0.0149253731343287,0.0082545771521571,0.013125,130,141,wavlm_linear
runs,wavlm_linear_asv21_sweep,asvspoof2021_la,codec,64.0,-64.0,64.0,0.166875,0.9184796875,0.93625,1.1868721287919006,-0.0006249999999999,-0.0093805228226981,0.0037517046819729,-0.003731343283582,0.0102813861399598,0.0175,124,140,wavlm_linear
runs,wavlm_linear_asv21_sweep,asvspoof2021_la,codec,32.0,-32.0,32.0,0.15625,0.923953125,0.9125,1.3060479189122831,-0.0112499999999999,-0.0225240683116193,-0.0037349659562288,-0.0671641791044775,0.0381508164284956,0.045,96,160,wavlm_linear
runs,wavlm_linear_asv21_sweep,asvspoof2021_la,codec,24.0,-24.0,24.0,0.1518749999999999,0.9243109375,0.92125,1.4948146676211376,-0.015625,-0.0274966442987737,-0.0055981897723755,-0.0932835820895522,0.0732147553576131,0.070625,68,181,wavlm_linear
runs,wavlm_linear_asv21_sweep,asvspoof2021_la,codec,16.0,-16.0,16.0,0.139375,0.93004375,0.9175,2.180586326307766,-0.0281249999999999,-0.0418743231142137,-0.0168704370437043,-0.1679104477611938,0.1758536908132536,0.145,24,256,wavlm_linear
runs,wavlm_linear_asv21_sweep,asvspoof2021_la,codec,8.0,-8.0,8.0,0.14125,0.9111390625,0.96,5.6709317599527385,-0.0262499999999999,-0.0456732191773532,-0.0099792051535161,-0.1567164179104477,0.3096790271151601,0.469375,1,750,wavlm_linear
runs,wavlm_linear_asv21_sweep,asvspoof2021_la,gain,-3.0,3.0,-3.0,0.17375,0.9098640625,0.94375,1.3347662285669364,0.00625,0.0006336137954813,0.0181030308370396,0.0373134328358209,0.0266481232855705,0.03125,115,161,wavlm_linear
runs,wavlm_linear_asv21_sweep,asvspoof2021_la,gain,3.0,3.0,3.0,0.155625,0.9239515625,0.93125,1.0656725258741384,-0.0118749999999999,-0.0205834834471219,-0.0031068155179931,-0.0708955223880595,0.0221393356590335,0.030625,145,116,wavlm_linear
runs,wavlm_linear_asv21_sweep,asvspoof2021_la,gain,-10.0,10.0,-10.0,0.19125,0.8976,0.955,1.982165289829004,0.02375,0.0106273286172996,0.035626872989685,0.1417910447761197,0.1187105060268664,0.125,69,267,wavlm_linear
runs,wavlm_linear_asv21_sweep,asvspoof2021_la,gain,10.0,10.0,10.0,0.169375,0.9134046875,0.98125,1.686858358430848,0.001875,-0.015012212326869,0.0168698304214731,0.0111940298507465,0.1143490862235386,0.120625,71,198,wavlm_linear
runs,wavlm_linear_asv21_sweep,asvspoof2021_la,gain,-20.0,20.0,-20.0,0.20625,0.8814843750000001,0.975,3.958197805398717,0.03875,0.0206229427074518,0.055005399388856,0.2313432835820897,0.2785293597371153,0.330625,11,540,wavlm_linear
runs,wavlm_linear_asv21_sweep,asvspoof2021_la,gain,20.0,20.0,20.0,0.19,0.8793828125,0.99,5.406738188431913,0.0225,0.0043457522587663,0.0437503759891673,0.1343283582089553,0.2945318312036054,0.42125,3,673,wavlm_linear
runs,wavlm_linear_asv21_sweep,asvspoof2021_la,noise,30.0,-30.0,29.9999996527274,0.1524999999999999,0.9248140625,0.95375,1.1905161912099278,-0.015,-0.0331278664020974,-0.0043600550589406,-0.0895522388059702,0.0934231450528986,0.070625,135,96,wavlm_linear
runs,wavlm_linear_asv21_sweep,asvspoof2021_la,noise,20.0,-20.0,19.99999996527648,0.155,0.9135609375,0.9175,1.5644304920042769,-0.0124999999999999,-0.0262700475292952,0.0068682751012688,-0.0746268656716415,0.1483532821648157,0.1175,104,166,wavlm_linear
runs,wavlm_linear_asv21_sweep,asvspoof2021_la,noise,15.0,-15.0,14.9999999890223,0.15625,0.908475,0.95,1.665261065942356,-0.0112499999999999,-0.0281346829685833,0.0050010252597593,-0.0671641791044775,0.1634693481536931,0.145,85,171,wavlm_linear
runs,wavlm_linear_asv21_sweep,asvspoof2021_la,noise,10.0,-10.0,9.9999999965314,0.1474999999999999,0.8978281249999999,0.99125,1.9359605509911957,-0.02,-0.0387501226229412,-0.000576504634088,-0.1194029850746269,0.2021362595505502,0.171875,73,186,wavlm_linear
runs,wavlm_linear_asv21_sweep,asvspoof2021_la,noise,5.0,-5.0,4.99999999890598,0.1587499999999999,0.8734374999999999,0.9875,2.375760884110917,-0.00875,-0.028098474371455,0.0137509911725449,-0.0522388059701493,0.2356935791797115,0.2225,82,248,wavlm_linear
runs,wavlm_linear_asv21_sweep,asvspoof2021_la,noise,0.0,-0.0,-3.431197944373468e-10,0.1725,0.8584625,1.0,2.5452407771647554,0.005,-0.0181229835651408,0.0287516487286983,0.0298507462686567,0.238779581188598,0.2525,107,267,wavlm_linear
runs,wavlm_linear_asv21_sweep,asvspoof2021_la,reverb,0.1,0.1,0.1,0.1949999999999999,0.8863453124999999,0.98625,3.39689689468533,0.0274999999999999,0.0106227183112933,0.0431088626099035,0.1641791044776119,0.2395941141853734,0.25625,21,429,wavlm_linear
runs,wavlm_linear_asv21_sweep,asvspoof2021_la,reverb,0.3,0.3,0.2999999999999999,0.1949999999999999,0.881184375,0.9725,5.761464126016137,0.0274999999999999,0.0062464920158221,0.0425192596814233,0.1641791044776119,0.3097824236455561,0.46625,3,749,wavlm_linear
runs,wavlm_linear_asv21_sweep,asvspoof2021_la,reverb,0.5,0.5,0.5,0.18125,0.8739078125,0.9875,6.624556901185097,0.01375,-0.0069215638244943,0.0318881845250336,0.0820895522388062,0.313276017034848,0.491875,2,789,wavlm_linear
runs,wavlm_linear_asv21_sweep,asvspoof2021_la,reverb,0.7,0.7,0.7,0.181875,0.863096875,1.0,6.864265952755365,0.014375,-0.0081177015919661,0.0350071558601375,0.0858208955223882,0.3136901087241824,0.49375,2,790,wavlm_linear
runs,wavlm_linear_asv21_sweep,asvspoof2021_la,reverb,0.9,0.9,0.9000000000000002,0.1837499999999999,0.8573125000000001,0.99125,6.967667652844481,0.0162499999999999,-0.0037715115123426,0.0393735696716711,0.0970149253731342,0.3136951418719649,0.494375,2,791,wavlm_linear
runs,wavlm_linear_asv21_sweep,asvspoof2021_la,transcode_identity,320.0,-320.0,320.0,0.17,0.9176265625,0.93375,1.184753994763205,0.0025,-0.0068803574702039,0.0075001933645387,0.0149253731343287,0.008226809128862,0.011875,130,141,wavlm_linear
runs,wavlm_linear_asv21_sweep,asvspoof2021_la,transcode_identity,256.0,-256.0,256.0,0.17,0.9176265625,0.93375,1.184753994763205,0.0025,-0.0068803574702039,0.0075001933645387,0.0149253731343287,0.008226809128862,0.011875,130,141,wavlm_linear
runs,wavlm_linear_asv21_sweep,asvspoof2021_la,transcode_identity,192.0,-192.0,192.0,0.17,0.9176265625,0.93375,1.184753994763205,0.0025,-0.0068803574702039,0.0075001933645387,0.0149253731343287,0.008226809128862,0.011875,130,141,wavlm_linear
runs,wavlm_linear_asv21_sweep,asvspoof2021_la,transmission,0.0,0.0,0.0,0.1674999999999999,0.9166328125,0.93625,1.165925254722291,0.0,0.0,0.0,0.0,0.0,0.0,134,134,wavlm_linear
runs,wavlm_linear_asv21_sweep,asvspoof2021_la,transmission,0.01,0.01,0.0097006507993345,0.16875,0.9159078125,0.9325,1.2044993350231767,0.00125,-0.0068608633793102,0.0087321528056138,0.0074626865671643,0.0103137359431135,0.0175,127,145,wavlm_linear
runs,wavlm_linear_asv21_sweep,asvspoof2021_la,transmission,0.05,0.05,0.0497335622430416,0.1775,0.9133703125,0.9575,1.3721458397759636,0.01,-0.0031326094809419,0.0175098766648062,0.0597014925373134,0.0359195107552625,0.0525,105,169,wavlm_linear
runs,wavlm_linear_asv21_sweep,asvspoof2021_la,transmission,0.1,0.1,0.1007261153878,0.1725,0.9109781250000002,0.96,1.5897851180963372,0.005,-0.0075003606857016,0.0175162393075285,0.0298507462686567,0.0653375839836452,0.08375,84,200,wavlm_linear
runs,wavlm_linear_asv21_sweep,asvspoof2021_la,transmission,0.2,0.2,0.2011269319384755,0.165,0.9050796875,0.95625,2.1090822853359352,-0.0024999999999999,-0.0175543360263543,0.0112972228492697,-0.014925373134328,0.1248110062519938,0.13875,48,248,wavlm_linear
runs,wavlm_linear_itw_sweep,in_the_wild,bandpass,8000.0,-8000.0,7920.0,0.198125,0.8723406250000001,0.9725,3.4342352666767115,-0.00375,-0.0106636260801107,0.0037545993842457,-0.018575851393189,0.008570932804569,0.025,136,167,wavlm_linear
runs,wavlm_linear_itw_sweep,in_the_wild,bandpass,6000.0,-6000.0,6000.0,0.1987499999999999,0.8668140625,0.9662500000000002,3.5965446268160037,-0.003125,-0.0093687060582225,0.0075028184158085,-0.0154798761609909,0.0155817833610584,0.0425,134,187,wavlm_linear
runs,wavlm_linear_itw_sweep,in_the_wild,bandpass,4000.0,-4000.0,4000.0,0.1937499999999999,0.869278125,0.97875,3.874105617254664,-0.008125,-0.0181431387006172,0.0056243943460534,-0.040247678018576,0.0256092007721686,0.075,102,213,wavlm_linear
runs,wavlm_linear_itw_sweep,in_the_wild,bandpass,3400.0,-3400.0,3400.0,0.18125,0.877559375,0.97375,4.0755089834368405,-0.020625,-0.0312381279893133,-0.0055945167944396,-0.1021671826625387,0.0306610490017249,0.104375,83,243,wavlm_linear
runs,wavlm_linear_itw_sweep,in_the_wild,bandpass,2000.0,-2000.0,2000.0,0.169375,0.8888078125000001,0.93125,5.367274737577808,-0.0325,-0.0443755950394896,-0.0106016131215732,-0.1609907120743033,0.0452895867200462,0.27,27,456,wavlm_linear
runs,wavlm_linear_itw_sweep,in_the_wild,chirp,25.0,-25.0,24.999993921179307,0.1925,0.8696359375,0.9675,4.547966993465424,-0.009375,-0.0218707417733364,0.0100136432496719,-0.0464396284829722,0.0354515963112325,0.155,68,313,wavlm_linear
runs,wavlm_linear_itw_sweep,in_the_wild,chirp,20.0,-20.0,19.999998077429662,0.200625,0.8630718749999999,0.95375,5.226755696532379,-0.00125,-0.0175042675902175,0.01807676581316,-0.0061919504643964,0.0429858381352653,0.231875,41,411,wavlm_linear
runs,wavlm_linear_itw_sweep,in_the_wild,chirp,15.0,-15.0,14.99999939200469,0.2099999999999999,0.8554203125,0.9875,5.9189217724225776,0.0081249999999999,-0.0031235152494172,0.0300322703250335,0.0402476780185755,0.0461575227999034,0.3225,23,540,wavlm_linear
runs,wavlm_linear_itw_sweep,in_the_wild,chirp,10.0,-10.0,9.999999807735156,0.21125,0.8546140625,0.97125,6.69881916251157,0.0093749999999999,-0.0074751700738741,0.029949240749629,0.0464396284829721,0.0486798273878784,0.405,14,661,wavlm_linear
runs,wavlm_linear_itw_sweep,in_the_wild,chirp,5.0,-5.0,4.999999939203206,0.23375,0.8309218749999999,0.98875,7.585181546804581,0.0318749999999999,0.0130618278091306,0.0562430584425566,0.1578947368421051,0.0506339626147749,0.44875,9,726,wavlm_linear
runs,wavlm_linear_itw_sweep,in_the_wild,codec,128.0,-128.0,128.0,0.1987499999999999,0.8670703125,0.98125,3.4011550814536196,-0.003125,-0.0044034594807864,0.0068617894411326,-0.0154798761609909,0.0063076359874665,0.01,151,168,wavlm_linear
runs,wavlm_linear_itw_sweep,in_the_wild,codec,64.0,-64.0,64.0,0.1999999999999999,0.8653593749999999,0.98,3.438803734364949,-0.001875,-0.0056309226986596,0.0075039020844711,-0.0092879256965946,0.0081884378207604,0.015,148,171,wavlm_linear
runs,wavlm_linear_itw_sweep,in_the_wild,codec,32.0,-32.0,32.0,0.2049999999999999,0.8588359375000001,0.97625,3.895093264089301,0.0031249999999999,-0.0037381863186318,0.0131771869876583,0.0154798761609903,0.0229908761871701,0.069375,114,224,wavlm_linear
runs,wavlm_linear_itw_sweep,in_the_wild,codec,24.0,-24.0,24.0,0.21125,0.8533843750000001,0.98,4.346397390855693,0.0093749999999999,0.0006591860547823,0.0231315135976877,0.0464396284829721,0.0340794111350691,0.114375,91,275,wavlm_linear
runs,wavlm_linear_itw_sweep,in_the_wild,codec,16.0,-16.0,16.0,0.2325,0.838921875,0.96,5.545537910578956,0.030625,0.0175340460672006,0.0518763148738258,0.151702786377709,0.0457385311924951,0.278125,43,489,wavlm_linear
runs,wavlm_linear_itw_sweep,in_the_wild,codec,8.0,-8.0,8.0,0.2325,0.8324171875000002,0.955,8.687861659543488,0.030625,0.0094004710703824,0.0568613003326374,0.151702786377709,0.0505408798637478,0.4825,4,777,wavlm_linear
runs,wavlm_linear_itw_sweep,in_the_wild,gain,-3.0,3.0,-3.0,0.1993749999999999,0.8692234374999999,0.9875,3.6315754654110584,-0.0025,-0.0100058786683943,0.0062189564045015,-0.0123839009287928,0.0128561193944533,0.040625,127,193,wavlm_linear
runs,wavlm_linear_itw_sweep,in_the_wild,gain,3.0,3.0,3.0,0.196875,0.8669046875000002,0.975,3.0429846034886396,-0.005,-0.0106266289164307,0.0081161926143174,-0.0247678018575851,0.0126500486446046,0.04125,186,133,wavlm_linear
runs,wavlm_linear_itw_sweep,in_the_wild,gain,-10.0,10.0,-10.0,0.2056249999999999,0.8584390625,0.9925,4.867184170092666,0.0037499999999999,-0.006252591212438,0.0237526871824142,0.0185758513931885,0.0378540480910415,0.2075,55,382,wavlm_linear
runs,wavlm_linear_itw_sweep,in_the_wild,gain,10.0,10.0,10.0,0.228125,0.8424109375,0.98625,2.867456947459807,0.0262499999999999,0.0118667111083137,0.0412459536993277,0.1300309597523219,0.0380147715650893,0.110625,244,128,wavlm_linear
runs,wavlm_linear_itw_sweep,in_the_wild,gain,-20.0,20.0,-20.0,0.25875,0.8004421875000001,0.97375,7.258200398223712,0.056875,0.0349974566972735,0.0843667584678509,0.281733746130031,0.0509484354775372,0.41125,13,654,wavlm_linear
runs,wavlm_linear_itw_sweep,in_the_wild,gain,20.0,20.0,20.0,0.3575,0.683840625,1.0,4.937354955740574,0.155625,0.1355923178819421,0.1850013566418819,0.7708978328173375,0.0551152166187562,0.24375,161,374,wavlm_linear
runs,wavlm_linear_itw_sweep,in_the_wild,noise,30.0,-30.0,29.99998078595794,0.234375,0.8347546875,0.97375,3.1951174308352295,0.0324999999999999,0.0218741851746642,0.0462188611925528,0.1609907120743032,0.0182187250101278,0.063125,217,151,wavlm_linear
runs,wavlm_linear_itw_sweep,in_the_wild,noise,20.0,-20.0,19.999998077429485,0.2075,0.8523343750000001,0.97875,4.006003418182093,0.0056249999999999,-0.0056684443888271,0.0250253239157098,0.0278637770897832,0.0317241301400575,0.1125,116,231,wavlm_linear
runs,wavlm_linear_itw_sweep,in_the_wild,noise,15.0,-15.0,14.999999392004517,0.211875,0.8516359374999999,0.97375,4.701968103352348,0.0099999999999999,-0.0068729359382402,0.0280977044466665,0.0495356037151701,0.0408503536663602,0.184375,68,326,wavlm_linear
runs,wavlm_linear_itw_sweep,in_the_wild,noise,10.0,-10.0,9.999999807734977,0.22375,0.833584375,0.98125,5.645421369767937,0.0218749999999999,0.0050011207591338,0.0481526578328805,0.1083591331269348,0.0469994831530048,0.288125,48,494,wavlm_linear
runs,wavlm_linear_itw_sweep,in_the_wild,noise,5.0,-5.0,4.999999939203029,0.27875,0.7781953125000001,0.99375,6.9002477783374045,0.076875,0.0549421953678482,0.1056678971455444,0.3808049535603716,0.0499584963571021,0.41125,24,673,wavlm_linear
runs,wavlm_linear_itw_sweep,in_the_wild,noise,0.0,-0.0,-1.922287020471135e-08,0.3512499999999999,0.671921875,0.99875,7.654617670431305,0.1493749999999999,0.1262278463915707,0.1806498080633787,0.7399380804953556,0.0510122004265429,0.484375,34,742,wavlm_linear
runs,wavlm_linear_itw_sweep,in_the_wild,reverb,0.1,0.1,0.1,0.27625,0.7968453125,0.99,7.093656584873397,0.0743749999999999,0.0568552022973211,0.0943773445487952,0.3684210526315787,0.0492492983596181,0.418125,16,684,wavlm_linear
runs,wavlm_linear_itw_sweep,in_the_wild,reverb,0.3,0.3,0.2999999999999999,0.3243749999999999,0.7469468749999999,0.9575,8.86756775353588,0.1224999999999999,0.1050103604262804,0.1543718698974626,0.6068111455108356,0.0498528048625059,0.48875,2,783,wavlm_linear
runs,wavlm_linear_itw_sweep,in_the_wild,reverb,0.5,0.5,0.5,0.40625,0.64486875,0.975,9.103744663278023,0.2043749999999999,0.179984628904647,0.2356254401249879,1.0123839009287925,0.0498599669129414,0.488125,3,783,wavlm_linear
runs,wavlm_linear_itw_sweep,in_the_wild,reverb,0.7,0.7,0.7,0.4425,0.567375,0.99625,8.967647441464752,0.2406249999999999,0.2181243818113754,0.2768920383665563,1.1919504643962846,0.0497993934882247,0.491875,8,782,wavlm_linear
runs,wavlm_linear_itw_sweep,in_the_wild,reverb,0.9,0.9,0.9000000000000002,0.495,0.5194484375,0.99375,8.721625535658351,0.2931249999999999,0.2637626113901943,0.3262997802195657,1.4520123839009285,0.0502515418746243,0.49625,20,777,wavlm_linear
runs,wavlm_linear_itw_sweep,in_the_wild,transcode_identity,320.0,-320.0,320.0,0.1987499999999999,0.8671125000000001,0.98125,3.4011197843973955,-0.003125,-0.0043776767120351,0.0068666698050245,-0.0154798761609909,0.0063106859949071,0.009375,152,168,wavlm_linear
runs,wavlm_linear_itw_sweep,in_the_wild,transcode_identity,256.0,-256.0,256.0,0.1987499999999999,0.8671125000000001,0.98125,3.4011197843973955,-0.003125,-0.0043776767120351,0.0068666698050245,-0.0154798761609909,0.0063106859949071,0.009375,152,168,wavlm_linear
runs,wavlm_linear_itw_sweep,in_the_wild,transcode_identity,192.0,-192.0,192.0,0.1987499999999999,0.8671125000000001,0.98125,3.4011197843973955,-0.003125,-0.0043776767120351,0.0068666698050245,-0.0154798761609909,0.0063106859949071,0.009375,152,168,wavlm_linear
runs,wavlm_linear_itw_sweep,in_the_wild,transmission,0.0,0.0,0.0,0.201875,0.8691468750000001,0.98,3.291539387758175,0.0,0.0,0.0,0.0,0.0,0.0,161,162,wavlm_linear
runs,wavlm_linear_itw_sweep,in_the_wild,transmission,0.01,0.01,0.0098224418608785,0.1987499999999999,0.8691265625,0.97875,3.413141032806622,-0.003125,-0.0106333770367812,0.0049701485185671,-0.0154798761609909,0.0060419050150353,0.0175,141,168,wavlm_linear
runs,wavlm_linear_itw_sweep,in_the_wild,transmission,0.05,0.05,0.0504099734556357,0.20125,0.86805,0.98375,3.911766822518497,-0.0006249999999999,-0.0099941502443719,0.0124985781444454,-0.003095975232198,0.0218429787747296,0.071875,109,223,wavlm_linear
runs,wavlm_linear_itw_sweep,in_the_wild,transmission,0.1,0.1,0.098551582663714,0.1937499999999999,0.8699328125,0.9562500000000002,4.471996938874767,-0.008125,-0.0169008152639979,0.008117207312033,-0.040247678018576,0.0340034209425524,0.144375,73,303,wavlm_linear
runs,wavlm_linear_itw_sweep,in_the_wild,transmission,0.2,0.2,0.2000974472388898,0.2099999999999999,0.8657359375000001,0.95875,5.636217190858772,0.0081249999999999,-0.0075012851803958,0.0250101387656942,0.0402476780185755,0.0449673022966438,0.295,28,501,wavlm_linear
runs,xlsr_linear_asv19_sweep,asvspoof2019_la,bandpass,8000.0,-8000.0,7920.0,0.040625,0.990578125,0.265,0.2979053585883366,0.0006249999999999,-0.0050148267301176,0.0081140890057472,0.0156249999999996,0.0290629378068958,0.01875,32,36,xlsr_linear
runs,xlsr_linear_asv19_sweep,asvspoof2019_la,bandpass,6000.0,-6000.0,6000.0,0.046875,0.986746875,0.3274999999999999,0.3426727659173709,0.0068749999999999,0.0012491940948158,0.0175046300980498,0.1718749999999995,0.0701126114235077,0.056875,16,103,xlsr_linear
runs,xlsr_linear_asv19_sweep,asvspoof2019_la,bandpass,4000.0,-4000.0,4000.0,0.0574999999999999,0.984521875,0.4050000000000001,0.4028695717159671,0.0174999999999999,0.0063799524442329,0.0262549874228516,0.4374999999999991,0.1189333377526126,0.12625,8,206,xlsr_linear
runs,xlsr_linear_asv19_sweep,asvspoof2019_la,bandpass,3400.0,-3400.0,3400.0,0.06125,0.9843359375,0.3899999999999999,0.4522685006348985,0.02125,0.0093696277271601,0.0306247698549375,0.5312499999999999,0.1577467309684385,0.201875,2,323,xlsr_linear
runs,xlsr_linear_asv19_sweep,asvspoof2019_la,bandpass,2000.0,-2000.0,2000.0,0.0687499999999999,0.9804203125,0.42125,0.5383883285983532,0.0287499999999999,0.0143793763420723,0.0387464043675368,0.7187499999999989,0.1962796976739947,0.27875,1,443,xlsr_linear
runs,xlsr_linear_asv19_sweep,asvspoof2019_la,chirp,25.0,-25.0,24.999999886696777,0.0849999999999999,0.970771875,0.4924999999999999,0.4939156227737519,0.0449999999999999,0.0312880737553788,0.0581232347783314,1.124999999999999,0.1363373729631461,0.1725,10,274,xlsr_linear
runs,xlsr_linear_asv19_sweep,asvspoof2019_la,chirp,20.0,-20.0,19.999999964173345,0.0937499999999999,0.9648125,0.5499999999999999,0.5411359811891545,0.0537499999999999,0.0394224867697847,0.0668719881496284,1.3437499999999984,0.1604262081075755,0.238125,9,378,xlsr_linear
runs,xlsr_linear_asv19_sweep,asvspoof2019_la,chirp,15.0,-15.0,14.999999988673585,0.10375,0.9569890625,0.56625,0.5945411461074803,0.0637499999999999,0.0487507798342295,0.0818704082042383,1.593749999999999,0.1885700595401111,0.295,7,469,xlsr_linear
runs,xlsr_linear_asv19_sweep,asvspoof2019_la,chirp,10.0,-10.0,9.999999996421243,0.115625,0.9557515625,0.5850000000000001,0.6639308939511102,0.0756249999999999,0.0593324011545547,0.0912846051642399,1.890624999999999,0.2212395541965714,0.36875,2,590,xlsr_linear
runs,xlsr_linear_asv19_sweep,asvspoof2019_la,chirp,5.0,-5.0,4.999999998871267,0.11125,0.9541609375,0.6725,0.7631294298847168,0.07125,0.0531288236293021,0.0874833718801011,1.781249999999999,0.2612249183113466,0.42625,1,683,xlsr_linear
runs,xlsr_linear_asv19_sweep,asvspoof2019_la,codec,128.0,-128.0,128.0,0.0437499999999999,0.98944375,0.2762499999999999,0.3148938663606707,0.0037499999999999,-0.0025161005957939,0.010655333967323,0.0937499999999988,0.0424971412438909,0.025625,22,57,xlsr_linear
runs,xlsr_linear_asv19_sweep,asvspoof2019_la,codec,64.0,-64.0,64.0,0.0437499999999999,0.9892609375,0.2975,0.3214316196892378,0.0037499999999999,-0.0025000003906274,0.0125019871357952,0.0937499999999988,0.0467551185866052,0.029375,23,60,xlsr_linear
runs,xlsr_linear_asv19_sweep,asvspoof2019_la,codec,32.0,-32.0,32.0,0.04625,0.9862390625,0.3037499999999999,0.3660857345325476,0.0062499999999999,-0.0025010106639589,0.0156196555455114,0.1562499999999995,0.0757364023687594,0.05625,19,95,xlsr_linear
runs,xlsr_linear_asv19_sweep,asvspoof2019_la,codec,24.0,-24.0,24.0,0.061875,0.980703125,0.36625,0.4141886677315779,0.0218749999999999,0.009351265703184,0.0306259258634697,0.5468749999999991,0.1033348829365669,0.105625,19,172,xlsr_linear
runs,xlsr_linear_asv19_sweep,asvspoof2019_la,codec,16.0,-16.0,16.0,0.071875,0.9773703125,0.4274999999999999,0.4972663335672718,0.0318749999999999,0.0212415742828491,0.0450493742691782,0.7968749999999989,0.1601784144880479,0.22,6,356,xlsr_linear
runs,xlsr_linear_asv19_sweep,asvspoof2019_la,codec,8.0,-8.0,8.0,0.1156249999999999,0.9521234375,0.65,0.9959620367248204,0.0756249999999999,0.0606123910388487,0.091244629136044,1.8906249999999976,0.334660228570754,0.483125,0,773,xlsr_linear
runs,xlsr_linear_asv19_sweep,asvspoof2019_la,gain,-3.0,3.0,-3.0,0.04125,0.9908046875,0.28875,0.2965222874225831,0.0012499999999999,-0.0050025554109963,0.0100045939289696,0.0312499999999996,0.034209942362297,0.020625,32,37,xlsr_linear
runs,xlsr_linear_asv19_sweep,asvspoof2019_la,gain,3.0,3.0,3.0,0.0431249999999999,0.9905109375,0.2925,0.3085227149202192,0.0031249999999999,-0.0037507161528798,0.0112740212024584,0.0781249999999989,0.0355541091108322,0.02375,21,49,xlsr_linear
runs,xlsr_linear_asv19_sweep,asvspoof2019_la,gain,-10.0,10.0,-10.0,0.0643749999999999,0.9822546875,0.39375,0.35248062260666,0.0243749999999999,0.0137585781522573,0.0374941317915305,0.6093749999999984,0.1020844655886545,0.085625,16,125,xlsr_linear
runs,xlsr_linear_asv19_sweep,asvspoof2019_la,gain,10.0,10.0,10.0,0.05625,0.98380625,0.3375,0.4038103766626463,0.0162499999999999,0.0068600123274334,0.0281215621562156,0.4062499999999994,0.1234988286935822,0.13125,7,213,xlsr_linear
runs,xlsr_linear_asv19_sweep,asvspoof2019_la,gain,-20.0,20.0,-20.0,0.08625,0.968696875,0.4424999999999999,0.8247423280931593,0.04625,0.0331050117901848,0.0618735185221958,1.1562499999999991,0.29791756069582,0.43625,1,695,xlsr_linear
runs,xlsr_linear_asv19_sweep,asvspoof2019_la,gain,20.0,20.0,20.0,0.0943749999999999,0.9655984375,0.49625,0.8748128341059842,0.0543749999999999,0.0400072184840868,0.0693680768558107,1.3593749999999984,0.310239512613446,0.44875,0,718,xlsr_linear
runs,xlsr_linear_asv19_sweep,asvspoof2019_la,noise,30.0,-30.0,29.99999964169418,0.0424999999999999,0.9878890625,0.255,0.3885435684469642,0.0024999999999999,-0.0068840473073899,0.0150029555018336,0.0624999999999993,0.079822381228667,0.0475,59,11,xlsr_linear
runs,xlsr_linear_asv19_sweep,asvspoof2019_la,noise,20.0,-20.0,19.99999996417316,0.108125,0.9572,0.68375,0.5563736280128678,0.068125,0.0500073537267238,0.0812800504449899,1.7031249999999991,0.1513588933901441,0.11875,131,49,xlsr_linear
runs,xlsr_linear_asv19_sweep,asvspoof2019_la,noise,15.0,-15.0,14.99999998867341,0.0887499999999999,0.9681796875,0.5,0.5527873676509757,0.0487499999999999,0.0312434077641346,0.0624938834916849,1.2187499999999984,0.1497317090838193,0.105,119,43,xlsr_linear
runs,xlsr_linear_asv19_sweep,asvspoof2019_la,noise,10.0,-10.0,9.999999996421058,0.09875,0.9569046875,0.53125,0.5972838754435709,0.0587499999999999,0.0437640707943297,0.0756237726496455,1.468749999999999,0.1663073648606659,0.106875,103,60,xlsr_linear
runs,xlsr_linear_asv19_sweep,asvspoof2019_la,noise,5.0,-5.0,4.999999998871092,0.1112499999999999,0.946634375,0.6137499999999999,0.6084540241448171,0.0712499999999999,0.0568794601736234,0.0881309773022737,1.7812499999999982,0.1734522986050282,0.11875,78,108,xlsr_linear
runs,xlsr_linear_asv19_sweep,asvspoof2019_la,noise,0.0,-0.0,-3.541433498798661e-10,0.1831249999999999,0.9009578125,0.8962500000000001,0.7327756784699386,0.1431249999999999,0.1237465151985137,0.1618770298448989,3.578124999999997,0.2408220990350776,0.3775,11,583,xlsr_linear
runs,xlsr_linear_asv19_sweep,asvspoof2019_la,reverb,0.1,0.1,0.1,0.081875,0.9750640625,0.41375,0.4694552794156339,0.041875,0.0268713513617572,0.0543847637641916,1.0468749999999998,0.1466714654915049,0.19,10,306,xlsr_linear
runs,xlsr_linear_asv19_sweep,asvspoof2019_la,reverb,0.3,0.3,0.2999999999999999,0.12375,0.9482875,0.5425,0.6763754724320685,0.0837499999999999,0.0668844490736614,0.0999955137177334,2.0937499999999987,0.2315348909489676,0.36625,4,584,xlsr_linear
runs,xlsr_linear_asv19_sweep,asvspoof2019_la,reverb,0.5,0.5,0.5,0.1574999999999999,0.9229874999999998,0.59375,0.9394887800811512,0.1174999999999999,0.0981323047722597,0.1350263379456328,2.9374999999999973,0.3121212808167877,0.46625,2,744,xlsr_linear
runs,xlsr_linear_asv19_sweep,asvspoof2019_la,reverb,0.7,0.7,0.7,0.1987499999999999,0.8818718750000001,0.7412500000000001,1.2426419770397152,0.1587499999999999,0.1387472612418207,0.1818800352527521,3.968749999999997,0.3738576728772627,0.49375,1,789,xlsr_linear
runs,xlsr_linear_asv19_sweep,asvspoof2019_la,reverb,0.9,0.9,0.9000000000000002,0.25,0.8454359375,0.7962500000000001,1.5187789608374582,0.2099999999999999,0.1887478283363698,0.2318714217855446,5.2499999999999964,0.4128673092027999,0.499375,0,799,xlsr_linear
runs,xlsr_linear_asv19_sweep,asvspoof2019_la,transcode_identity,320.0,-320.0,320.0,0.0437499999999999,0.98945,0.2712499999999999,0.3147454299527437,0.0037499999999999,-0.0025045305595266,0.0106177428584007,0.0937499999999988,0.0426312749230209,0.02625,21,55,xlsr_linear
runs,xlsr_linear_asv19_sweep,asvspoof2019_la,transcode_identity,256.0,-256.0,256.0,0.0437499999999999,0.98945,0.2712499999999999,0.3147454299527437,0.0037499999999999,-0.0025045305595266,0.0106177428584007,0.0937499999999988,0.0426312749230209,0.02625,21,55,xlsr_linear
runs,xlsr_linear_asv19_sweep,asvspoof2019_la,transcode_identity,192.0,-192.0,192.0,0.0437499999999999,0.98945,0.2712499999999999,0.3147454299527437,0.0037499999999999,-0.0025045305595266,0.0106177428584007,0.0937499999999988,0.0426312749230209,0.02625,21,55,xlsr_linear
runs,xlsr_linear_asv19_sweep,asvspoof2019_la,transmission,0.0,0.0,0.0,0.04,0.9917984375,0.2962499999999999,0.2982084061431244,0.0,0.0,0.0,0.0,3.151992555849859e-17,0.0,32,32,xlsr_linear
runs,xlsr_linear_asv19_sweep,asvspoof2019_la,transmission,0.01,0.01,0.010027788770389,0.04,0.991215625,0.2962499999999999,0.298277681998688,0.0,-0.0043945724315736,0.007484624436346,0.0,0.0184037274501245,0.0125,28,42,xlsr_linear
runs,xlsr_linear_asv19_sweep,asvspoof2019_la,transmission,0.05,0.05,0.050213066383787,0.0474999999999999,0.987690625,0.3125,0.3264454159053669,0.0074999999999999,-0.0012500734607275,0.016919351898107,0.1874999999999992,0.0736288329239678,0.063125,13,112,xlsr_linear
runs,xlsr_linear_asv19_sweep,asvspoof2019_la,transmission,0.1,0.1,0.1000086190221701,0.06,0.98523125,0.255,0.3884711622641448,0.02,0.009364612860825,0.0293378670598625,0.4999999999999998,0.1263293644967248,0.1475,11,245,xlsr_linear
runs,xlsr_linear_asv19_sweep,asvspoof2019_la,transmission,0.2,0.2,0.1990158402005855,0.0699999999999999,0.9765171875,0.3650000000000001,0.5951154041176592,0.0299999999999999,0.020003374132694,0.0425053088436173,0.7499999999999986,0.2242233887922511,0.3175,4,512,xlsr_linear
runs,xlsr_linear_asv21_sweep,asvspoof2021_la,bandpass,8000.0,-8000.0,7920.0,0.155,0.9141484375,0.95375,0.7310661550514828,0.0006249999999999,-0.0119276662570016,0.0112651025888712,0.0040485829959513,0.0335063808148955,0.041875,114,142,xlsr_linear
runs,xlsr_linear_asv21_sweep,asvspoof2021_la,bandpass,6000.0,-6000.0,6000.0,0.1468749999999999,0.921434375,0.94625,0.75243691970953,-0.0075,-0.0206381759291469,0.0043607119288671,-0.0485829959514173,0.0488395041763805,0.05625,91,148,xlsr_linear
runs,xlsr_linear_asv21_sweep,asvspoof2021_la,bandpass,4000.0,-4000.0,4000.0,0.1374999999999999,0.9290984375,0.9325,0.780001235540782,-0.016875,-0.0306356714496413,-0.0043550895977572,-0.1093117408906886,0.0696988975942967,0.06625,76,149,xlsr_linear
runs,xlsr_linear_asv21_sweep,asvspoof2021_la,bandpass,3400.0,-3400.0,3400.0,0.130625,0.9350609375,0.91875,0.8065820136061475,-0.02375,-0.0400227676753436,-0.0112085129454374,-0.1538461538461541,0.0855423866008994,0.08,63,158,xlsr_linear
runs,xlsr_linear_asv21_sweep,asvspoof2021_la,bandpass,2000.0,-2000.0,2000.0,0.1262499999999999,0.9315203125,0.96375,0.806952095673296,-0.028125,-0.0431155049119483,-0.0112508556804259,-0.1821862348178141,0.1077052822875184,0.1125,65,150,xlsr_linear
runs,xlsr_linear_asv21_sweep,asvspoof2021_la,chirp,25.0,-25.0,24.999999890185787,0.16625,0.9049796875,0.97875,0.7998570035178523,0.0118749999999999,-0.0056266182967204,0.0268719396215562,0.0769230769230767,0.1018825440232014,0.1,147,124,xlsr_linear
runs,xlsr_linear_asv21_sweep,asvspoof2021_la,chirp,20.0,-20.0,19.999999965276665,0.1637499999999999,0.9018546875,0.96625,0.8349834807325415,0.0093749999999999,-0.0068613743912178,0.0243866624532074,0.0607287449392708,0.1083685922793705,0.111875,121,137,xlsr_linear
runs,xlsr_linear_asv21_sweep,asvspoof2021_la,chirp,15.0,-15.0,14.999999989022488,0.1687499999999999,0.9037859375,0.95625,0.902020188469292,0.0143749999999999,-0.0012319889650843,0.0318720137638763,0.0931174089068822,0.1221927561943973,0.1225,95,184,xlsr_linear
runs,xlsr_linear_asv21_sweep,asvspoof2021_la,chirp,10.0,-10.0,9.999999996531574,0.1587499999999999,0.9012671875,0.94,0.9757898018849028,0.0043749999999999,-0.0112504566113472,0.0225004220200925,0.0283400809716594,0.1368434396502522,0.12625,72,201,xlsr_linear
runs,xlsr_linear_asv21_sweep,asvspoof2021_la,chirp,5.0,-5.0,4.999999998906158,0.168125,0.9007296875,0.95125,1.098677744472472,0.0137499999999999,-0.0018766751912345,0.0331226787342132,0.0890688259109308,0.1671967900622509,0.185,50,287,xlsr_linear
runs,xlsr_linear_asv21_sweep,asvspoof2021_la,codec,128.0,-128.0,128.0,0.1418749999999999,0.9221828125,0.90875,0.699150314707284,-0.0125,-0.0212327393748898,-0.0025004671776128,-0.0809716599190287,0.0198666639938254,0.029375,99,129,xlsr_linear
runs,xlsr_linear_asv21_sweep,asvspoof2021_la,codec,64.0,-64.0,64.0,0.1424999999999999,0.922853125,0.90625,0.6994596580554501,-0.011875,-0.0225000140628515,-0.0037299776288383,-0.0769230769230774,0.0232611240192229,0.030625,101,129,xlsr_linear
runs,xlsr_linear_asv21_sweep,asvspoof2021_la,codec,32.0,-32.0,32.0,0.1524999999999999,0.920615625,0.93875,0.7286272027226904,-0.001875,-0.0150160238222911,0.0068726691362807,-0.0121457489878547,0.0443334611087867,0.04625,102,137,xlsr_linear
runs,xlsr_linear_asv21_sweep,asvspoof2021_la,codec,24.0,-24.0,24.0,0.14625,0.9173515625,0.945,0.7680970124473931,-0.008125,-0.0187325272284017,0.0068635587557499,-0.0526315789473687,0.0608424637848698,0.0575,94,141,xlsr_linear
runs,xlsr_linear_asv21_sweep,asvspoof2021_la,codec,16.0,-16.0,16.0,0.15125,0.918771875,0.93625,0.8401480221086215,-0.003125,-0.0175023299251299,0.0118670309347849,-0.0202429149797573,0.097302933552294,0.095,79,164,xlsr_linear
runs,xlsr_linear_asv21_sweep,asvspoof2021_la,codec,8.0,-8.0,8.0,0.149375,0.9181625,0.93125,1.118323748479875,-0.005,-0.023123899383365,0.0168712658280199,-0.0323886639676113,0.1811232810206776,0.21125,30,303,xlsr_linear
runs,xlsr_linear_asv21_sweep,asvspoof2021_la,gain,-3.0,3.0,-3.0,0.144375,0.9178796875,0.92625,0.6892285756818386,-0.01,-0.0212780604604934,0.0018649320611369,-0.0647773279352229,0.037441182872743,0.048125,110,126,xlsr_linear
runs,xlsr_linear_asv21_sweep,asvspoof2021_la,gain,3.0,3.0,3.0,0.161875,0.9115453125,0.9762500000000002,0.7261935075494357,0.0074999999999999,-0.0069265536735674,0.0181200487316477,0.0485829959514168,0.0397017605267538,0.04875,119,134,xlsr_linear
runs,xlsr_linear_asv21_sweep,asvspoof2021_la,gain,-10.0,10.0,-10.0,0.1674999999999999,0.9031859375,0.92625,0.8898889685627254,0.0131249999999999,-0.0037502893290121,0.0300226330041119,0.0850202429149793,0.1014384744077428,0.1325,67,210,xlsr_linear
runs,xlsr_linear_asv21_sweep,asvspoof2021_la,gain,10.0,10.0,10.0,0.1875,0.8878828125,0.9675,0.9625520501166258,0.0331249999999999,0.0162496557529845,0.0524985749980041,0.2145748987854248,0.1089436700768081,0.140625,68,230,xlsr_linear
runs,xlsr_linear_asv21_sweep,asvspoof2021_la,gain,-20.0,20.0,-20.0,0.205625,0.8714828124999999,0.94375,1.493254335737116,0.0512499999999999,0.0274748939641251,0.0706221614849517,0.3319838056680159,0.212517863471381,0.304375,15,485,xlsr_linear
runs,xlsr_linear_asv21_sweep,asvspoof2021_la,gain,20.0,20.0,20.0,0.233125,0.8408296874999999,1.0,1.6473704108874987,0.0787499999999999,0.0556237117009854,0.098117813852256,0.5101214574898784,0.2222822579272167,0.311875,17,501,xlsr_linear
runs,xlsr_linear_asv21_sweep,asvspoof2021_la,noise,30.0,-30.0,29.9999996527274,0.12375,0.9351546875,1.0,0.5162351347713966,-0.030625,-0.0481534256493342,-0.0143706670970933,-0.1983805668016195,0.1559962592062496,0.19375,334,43,xlsr_linear
runs,xlsr_linear_asv21_sweep,asvspoof2021_la,noise,20.0,-20.0,19.99999996527648,0.176875,0.8938609375,1.0,0.6503986759379714,0.0224999999999999,0.0012832501909295,0.0431056105581534,0.1457489878542507,0.2435128389771479,0.35625,574,25,xlsr_linear
runs,xlsr_linear_asv21_sweep,asvspoof2021_la,noise,15.0,-15.0,14.9999999890223,0.1525,0.912315625,0.95875,0.6288210040920053,-0.001875,-0.019385056646848,0.0206271235413496,-0.0121457489878545,0.2397454072358617,0.3625,587,16,xlsr_linear
runs,xlsr_linear_asv21_sweep,asvspoof2021_la,noise,10.0,-10.0,9.9999999965314,0.181875,0.8890703125,1.0,0.7003860941388058,0.0274999999999999,0.0037520846159656,0.0468954121143108,0.1781376518218621,0.2416049497623858,0.385,619,24,xlsr_linear
runs,xlsr_linear_asv21_sweep,asvspoof2021_la,noise,5.0,-5.0,4.99999999890598,0.1893749999999999,0.860821875,0.9975,0.7441052639943477,0.0349999999999999,0.0168841079802147,0.0587440435249506,0.2267206477732787,0.2269025839545685,0.374375,596,42,xlsr_linear
runs,xlsr_linear_asv21_sweep,asvspoof2021_la,noise,0.0,-0.0,-3.431197944373468e-10,0.2574999999999999,0.8071734375,0.9975,0.9438833504402828,0.1031249999999999,0.0793502362941963,0.1287658022951105,0.668016194331983,0.1857109329639003,0.251875,315,125,xlsr_linear
runs,xlsr_linear_asv21_sweep,asvspoof2021_la,reverb,0.1,0.1,0.1,0.191875,0.879609375,0.98375,1.0528803291970514,0.0374999999999999,0.0181045490040195,0.0556102520058058,0.2429149797570848,0.1292967959218765,0.1675,68,281,xlsr_linear
runs,xlsr_linear_asv21_sweep,asvspoof2021_la,reverb,0.3,0.3,0.2999999999999999,0.2299999999999999,0.84140625,0.9562500000000002,1.3627855304287582,0.0756249999999999,0.0543988686173638,0.0950013359562868,0.489878542510121,0.1912594376695353,0.279375,55,463,xlsr_linear
runs,xlsr_linear_asv21_sweep,asvspoof2021_la,reverb,0.5,0.5,0.5,0.268125,0.8005703124999999,0.9512500000000002,1.7005987136337442,0.11375,0.0906303084836915,0.1344112016212136,0.7368421052631579,0.2363942607693967,0.355625,25,577,xlsr_linear
runs,xlsr_linear_asv21_sweep,asvspoof2021_la,reverb,0.7,0.7,0.7,0.298125,0.771225,0.9725,2.0006672492693567,0.1437499999999999,0.119383463936667,0.1681260073901229,0.9311740890688252,0.2654903377307118,0.415,14,671,xlsr_linear
runs,xlsr_linear_asv21_sweep,asvspoof2021_la,reverb,0.9,0.9,0.9000000000000002,0.325625,0.743471875,0.99125,2.2568564028616658,0.17125,0.1462502245783244,0.1943632813035892,1.109311740890688,0.2832809693322844,0.455,10,729,xlsr_linear
runs,xlsr_linear_asv21_sweep,asvspoof2021_la,transcode_identity,320.0,-320.0,320.0,0.1424999999999999,0.9221515625,0.90875,0.6992526452342673,-0.011875,-0.0206205827859054,-0.0024999405271959,-0.0769230769230774,0.0198858710156201,0.028125,100,128,xlsr_linear
runs,xlsr_linear_asv21_sweep,asvspoof2021_la,transcode_identity,256.0,-256.0,256.0,0.1424999999999999,0.9221515625,0.90875,0.6992526452342673,-0.011875,-0.0206205827859054,-0.0024999405271959,-0.0769230769230774,0.0198858710156201,0.028125,100,128,xlsr_linear
runs,xlsr_linear_asv21_sweep,asvspoof2021_la,transcode_identity,192.0,-192.0,192.0,0.1424999999999999,0.9221515625,0.90875,0.6992526452342673,-0.011875,-0.0206205827859054,-0.0024999405271959,-0.0769230769230774,0.0198858710156201,0.028125,100,128,xlsr_linear
runs,xlsr_linear_asv21_sweep,asvspoof2021_la,transmission,0.0,0.0,0.0,0.154375,0.916834375,0.93375,0.6916982853299068,0.0,0.0,0.0,0.0,3.0457407429462786e-17,0.0,123,124,xlsr_linear
runs,xlsr_linear_asv21_sweep,asvspoof2021_la,transmission,0.01,0.01,0.0097006507993345,0.14875,0.9173546875,0.93375,0.7157700239331322,-0.005625,-0.0137786552671259,0.0037784332432119,-0.036437246963563,0.0165569771927422,0.025625,105,139,xlsr_linear
runs,xlsr_linear_asv21_sweep,asvspoof2021_la,transmission,0.05,0.05,0.0497335622430416,0.145,0.91643125,0.90625,0.8237616144196497,-0.009375,-0.0249958425101572,0.0012509663844329,-0.0607287449392715,0.0624612726119754,0.07875,70,189,xlsr_linear
runs,xlsr_linear_asv21_sweep,asvspoof2021_la,transmission,0.1,0.1,0.1007261153878,0.15625,0.9082,0.97875,0.998604795075822,0.0018749999999999,-0.0118698899518506,0.014370342938834,0.0121457489878539,0.1088059934582715,0.138125,50,268,xlsr_linear
runs,xlsr_linear_asv21_sweep,asvspoof2021_la,transmission,0.2,0.2,0.2011269319384755,0.1725,0.892834375,0.96875,1.3256363036427046,0.0181249999999999,0.0030992658349827,0.0344237963786318,0.1174089068825907,0.1774406652432856,0.24125,23,404,xlsr_linear
runs,xlsr_linear_itw_sweep,in_the_wild,bandpass,8000.0,-8000.0,7920.0,0.280625,0.8061843750000001,0.97125,1.532894966602218,0.008125,-0.005625081642666,0.0206441879796994,0.029816513761468,0.0216522257250517,0.0675,204,242,xlsr_linear
runs,xlsr_linear_itw_sweep,in_the_wild,bandpass,6000.0,-6000.0,6000.0,0.276875,0.8098812499999999,0.96875,1.5702511394462284,0.004375,-0.0137500650025239,0.0193700187186089,0.0160550458715597,0.0333691969672564,0.1175,168,272,xlsr_linear
runs,xlsr_linear_itw_sweep,in_the_wild,bandpass,4000.0,-4000.0,4000.0,0.271875,0.8021265625,0.98125,1.825771636544681,-0.0006249999999999,-0.0187531801124679,0.0193756121119693,-0.0022935779816513,0.0549437320755878,0.210625,91,386,xlsr_linear
runs,xlsr_linear_itw_sweep,in_the_wild,bandpass,3400.0,-3400.0,3400.0,0.2774999999999999,0.794925,0.985,1.986752771579676,0.005,-0.0156207478779126,0.0250214713834937,0.018348623853211,0.0669825049192785,0.26125,61,445,xlsr_linear
runs,xlsr_linear_itw_sweep,in_the_wild,bandpass,2000.0,-2000.0,2000.0,0.286875,0.7890671875,0.96875,2.012154500116684,0.014375,-0.008721697851313,0.0343754132368216,0.0527522935779817,0.0708336651843869,0.276875,54,463,xlsr_linear
runs,xlsr_linear_itw_sweep,in_the_wild,chirp,25.0,-25.0,24.999993921179307,0.3275,0.7487890625,0.9825,1.5020320785611976,0.055,0.0337411183886048,0.0781410178822786,0.2018348623853213,0.0488379523534223,0.181875,312,231,xlsr_linear
runs,xlsr_linear_itw_sweep,in_the_wild,chirp,20.0,-20.0,19.999998077429662,0.3256249999999999,0.73928125,0.98875,1.5684780243845162,0.0531249999999999,0.0368777803099165,0.0763235671854749,0.1949541284403669,0.0505052793648862,0.164375,264,259,xlsr_linear
runs,xlsr_linear_itw_sweep,in_the_wild,chirp,15.0,-15.0,14.99999939200469,0.334375,0.7331828125,1.0,1.682357450043795,0.061875,0.0424996633107428,0.0862509142625508,0.2270642201834863,0.055260430622165,0.2,217,317,xlsr_linear
runs,xlsr_linear_itw_sweep,in_the_wild,chirp,10.0,-10.0,9.999999807735156,0.33625,0.7330890625,0.97125,1.7510429577386124,0.06375,0.0425000445146284,0.0868653305204068,0.2339449541284407,0.0598449344746137,0.2275,197,353,xlsr_linear
runs,xlsr_linear_itw_sweep,in_the_wild,chirp,5.0,-5.0,4.999999939203206,0.3512499999999999,0.7174328125,1.0,1.9172151059459228,0.0787499999999999,0.0568590307636818,0.1037746465177457,0.2889908256880734,0.0680089802645909,0.254375,150,437,xlsr_linear
runs,xlsr_linear_itw_sweep,in_the_wild,codec,128.0,-128.0,128.0,0.266875,0.810503125,0.9612500000000002,1.541531919671028,-0.0056249999999999,-0.0156258986807774,0.0056159745911737,-0.0206422018348623,0.0175269330495247,0.059375,182,247,xlsr_linear
runs,xlsr_linear_itw_sweep,in_the_wild,codec,64.0,-64.0,64.0,0.27,0.8054546875000002,0.9575,1.5435781614431952,-0.0024999999999999,-0.0143754945348368,0.0099699449282588,-0.0091743119266053,0.0194394411435207,0.059375,186,243,xlsr_linear
runs,xlsr_linear_itw_sweep,in_the_wild,codec,32.0,-32.0,32.0,0.303125,0.783853125,0.9675,1.5758840682274782,0.030625,0.0143534950835532,0.0431499361534455,0.1123853211009174,0.0297456140893279,0.095625,207,274,xlsr_linear
runs,xlsr_linear_itw_sweep,in_the_wild,codec,24.0,-24.0,24.0,0.29,0.7960640625000001,0.9825,1.540299100710447,0.0175,0.003136898175066,0.0362729671718207,0.0642201834862388,0.0390626503511176,0.12125,194,262,xlsr_linear
runs,xlsr_linear_itw_sweep,in_the_wild,codec,16.0,-16.0,16.0,0.3225,0.7591453125000001,0.975,1.763589516270706,0.05,0.0281029437344341,0.0668410000633697,0.1834862385321102,0.0507015785467043,0.1825,155,365,xlsr_linear
runs,xlsr_linear_itw_sweep,in_the_wild,codec,8.0,-8.0,8.0,0.355,0.7031546875,0.995,2.2652249740945916,0.0825,0.0587330417586231,0.1074971270128237,0.3027522935779818,0.0853265833896222,0.34875,60,568,xlsr_linear
runs,xlsr_linear_itw_sweep,in_the_wild,gain,-3.0,3.0,-3.0,0.25375,0.8219156249999999,0.95375,1.644147845984078,-0.0187499999999999,-0.0324917657196462,-0.0018570597130656,-0.068807339449541,0.0380605440703092,0.1275,127,289,xlsr_linear
runs,xlsr_linear_itw_sweep,in_the_wild,gain,3.0,3.0,3.0,0.2837499999999999,0.7911703125,0.99875,1.3436471453783296,0.0112499999999999,-0.0043695912883841,0.0268424088703081,0.0412844036697247,0.0426927245045691,0.115,306,168,xlsr_linear
runs,xlsr_linear_itw_sweep,in_the_wild,gain,-10.0,10.0,-10.0,0.2875,0.7961625,0.94375,2.0565347472106863,0.015,-0.0069003504799558,0.04125522252116,0.055045871559633,0.0824433271796295,0.311875,56,485,xlsr_linear
runs,xlsr_linear_itw_sweep,in_the_wild,gain,10.0,10.0,10.0,0.298125,0.7625703125,1.0,1.2037471521322065,0.025625,0.0068856132361318,0.0507029354514014,0.0940366972477064,0.1033454105726594,0.284375,470,91,xlsr_linear
runs,xlsr_linear_itw_sweep,in_the_wild,gain,-20.0,20.0,-20.0,0.4175,0.6264609375,0.99625,2.2966784399099636,0.145,0.1155948609215782,0.1744022365196289,0.5321100917431194,0.1068688068107887,0.42875,133,555,xlsr_linear
runs,xlsr_linear_itw_sweep,in_the_wild,gain,20.0,20.0,20.0,0.36875,0.6802953125,0.9975,1.4661194491230607,0.09625,0.0693485665066319,0.1225133099926973,0.3532110091743122,0.1198004647046282,0.3425,419,185,xlsr_linear
runs,xlsr_linear_itw_sweep,in_the_wild,noise,30.0,-30.0,29.99998078595794,0.285,0.7936453125,0.9925,1.2982840395804756,0.0125,-0.0075272077989048,0.0287038720669746,0.0458715596330277,0.0608652706114549,0.165,326,138,xlsr_linear
runs,xlsr_linear_itw_sweep,in_the_wild,noise,20.0,-20.0,19.999998077429485,0.330625,0.7396296875,0.9875,1.152339133059515,0.058125,0.0344595797136291,0.0794049585418242,0.2133027522935783,0.1258039749462933,0.29125,513,77,xlsr_linear
runs,xlsr_linear_itw_sweep,in_the_wild,noise,15.0,-15.0,14.999999392004517,0.3506249999999999,0.7228921875000001,1.0,1.1120066810457114,0.078125,0.0556084505300364,0.1037753710242355,0.2866972477064221,0.16045308751965,0.31875,538,70,xlsr_linear
runs,xlsr_linear_itw_sweep,in_the_wild,noise,10.0,-10.0,9.999999807734977,0.41,0.6460625,1.0,1.0992442393992925,0.1375,0.1125001757815246,0.1644036156793264,0.5045871559633031,0.2347078473967362,0.39625,647,49,xlsr_linear
runs,xlsr_linear_itw_sweep,in_the_wild,noise,5.0,-5.0,4.999999939203029,0.39875,0.6286171875,1.0,1.1088801527096572,0.12625,0.1012460012717146,0.1581423814882398,0.4633027522935781,0.2286254752650119,0.441875,718,45,xlsr_linear
runs,xlsr_linear_itw_sweep,in_the_wild,noise,0.0,-0.0,-1.922287020471135e-08,0.416875,0.6083921875,1.0,1.2886401499018747,0.144375,0.1168733521324038,0.1756309533968344,0.5298165137614681,0.149771757603746,0.419375,668,81,xlsr_linear
runs,xlsr_linear_itw_sweep,in_the_wild,reverb,0.1,0.1,0.1,0.360625,0.711709375,0.96,1.8788932342063545,0.088125,0.0656375427535581,0.1100315235531927,0.3233944954128441,0.0636750408721166,0.22125,175,409,xlsr_linear
runs,xlsr_linear_itw_sweep,in_the_wild,reverb,0.3,0.3,0.2999999999999999,0.328125,0.7396546875,0.9662500000000002,2.1290421164891273,0.055625,0.0306259946586141,0.0781208086050901,0.2041284403669726,0.0797118897597171,0.30125,77,499,xlsr_linear
runs,xlsr_linear_itw_sweep,in_the_wild,reverb,0.5,0.5,0.5,0.326875,0.7267609374999999,0.98875,2.4088348606455487,0.054375,0.0299984156211914,0.0793740482202876,0.1995412844036699,0.0950429832429612,0.38875,39,621,xlsr_linear
runs,xlsr_linear_itw_sweep,in_the_wild,reverb,0.7,0.7,0.7,0.3562499999999999,0.6937234375,0.99875,2.6583417646085676,0.0837499999999999,0.0581301783664174,0.1124822078101892,0.3073394495412844,0.1047105535210541,0.429375,30,693,xlsr_linear
runs,xlsr_linear_itw_sweep,in_the_wild,reverb,0.9,0.9,0.9000000000000002,0.385,0.649834375,0.98625,2.8744866038937373,0.1125,0.0868588669247847,0.1418822527992292,0.4128440366972479,0.1110392522559724,0.458125,32,727,xlsr_linear
runs,xlsr_linear_itw_sweep,in_the_wild,transcode_identity,320.0,-320.0,320.0,0.26875,0.8107203125000001,0.9612500000000002,1.541484967647684,-0.0037499999999999,-0.0156276125818858,0.0062199732276695,-0.0137614678899079,0.0175514961015392,0.06,181,247,xlsr_linear
runs,xlsr_linear_itw_sweep,in_the_wild,transcode_identity,256.0,-256.0,256.0,0.26875,0.8107203125000001,0.9612500000000002,1.541484967647684,-0.0037499999999999,-0.0156276125818858,0.0062199732276695,-0.0137614678899079,0.0175514961015392,0.06,181,247,xlsr_linear
runs,xlsr_linear_itw_sweep,in_the_wild,transcode_identity,192.0,-192.0,192.0,0.26875,0.8107203125000001,0.9612500000000002,1.541484967647684,-0.0037499999999999,-0.0156276125818858,0.0062199732276695,-0.0137614678899079,0.0175514961015392,0.06,181,247,xlsr_linear
runs,xlsr_linear_itw_sweep,in_the_wild,transmission,0.0,0.0,0.0,0.2724999999999999,0.8066171875,0.97,1.4864862132496113,0.0,0.0,0.0,0.0,0.0,0.0,218,218,xlsr_linear
runs,xlsr_linear_itw_sweep,in_the_wild,transmission,0.01,0.01,0.0098224418608785,0.273125,0.8051671874999999,0.9612500000000002,1.5367467461797373,0.000625,-0.0106164269559097,0.0125024145368573,0.0022935779816517,0.0113875312993652,0.041875,190,239,xlsr_linear
runs,xlsr_linear_itw_sweep,in_the_wild,transmission,0.05,0.05,0.0504099734556357,0.2875,0.7894343750000001,0.94,1.7219245596586534,0.015,0.0012503231319273,0.0324884308733349,0.055045871559633,0.0378546560487039,0.135625,135,330,xlsr_linear
runs,xlsr_linear_itw_sweep,in_the_wild,transmission,0.1,0.1,0.098551582663714,0.286875,0.7871640625,0.965,1.9121995301435375,0.014375,-0.0018983757044445,0.0318939488722634,0.0527522935779817,0.0585863579056346,0.21625,86,420,xlsr_linear
runs,xlsr_linear_itw_sweep,in_the_wild,transmission,0.2,0.2,0.2000974472388898,0.3037499999999999,0.76886875,0.93875,2.255201834437029,0.03125,0.0124997055750281,0.0512839835037728,0.1146788990825688,0.0823892485835261,0.33,50,560,xlsr_linear
runs,xlsr_mamba_asv19_sweep,asvspoof2019_la,bandpass,8000.0,-8000.0,7920.0,0.0024999999999999,0.999990625,0.0024999999999999,0.0198316138422667,0.000625,-0.0031019916454264,0.0006394066561657,0.3333333333333381,0.0014653690807394,0.0,2,1,xlsr_mamba
runs,xlsr_mamba_asv19_sweep,asvspoof2019_la,bandpass,6000.0,-6000.0,6000.0,0.0006249999999999,0.9999953125,0.0012499999999999,0.0096062451195443,-0.0012499999999999,-0.0037539729064076,0.0006453507959235,-0.6666666666666691,0.0041132773110335,0.00125,1,0,xlsr_mamba
runs,xlsr_mamba_asv19_sweep,asvspoof2019_la,bandpass,4000.0,-4000.0,4000.0,0.0,1.0,0.0,0.0045705565305911,-0.0018749999999999,-0.0050113373750652,0.0,-1.0,0.006163984030936,0.003125,0,2,xlsr_mamba
runs,xlsr_mamba_asv19_sweep,asvspoof2019_la,bandpass,3400.0,-3400.0,3400.0,0.0,1.0,0.0,0.0045353429046069,-0.0018749999999999,-0.0050113373750652,0.0,-1.0,0.0064393106200112,0.003125,0,2,xlsr_mamba
runs,xlsr_mamba_asv19_sweep,asvspoof2019_la,bandpass,2000.0,-2000.0,2000.0,0.00125,0.9999203125,0.02875,0.0095215889477371,-0.0006249999999999,-0.0037506000980732,0.0037911378182462,-0.3333333333333239,0.0073992558026209,0.003125,0,2,xlsr_mamba
runs,xlsr_mamba_asv19_sweep,asvspoof2019_la,chirp,25.0,-25.0,24.999999886696777,0.00375,0.9999671875,0.0062499999999999,0.0211771152019203,0.001875,-0.0025002500250024,0.0050020213279178,1.0000000000000366,0.0045748995344549,0.003125,2,4,xlsr_mamba
runs,xlsr_mamba_asv19_sweep,asvspoof2019_la,chirp,20.0,-20.0,19.999999964173345,0.0024999999999999,0.999959375,0.00875,0.0216578481566481,0.000625,-0.0025026713204678,0.0056149640670679,0.3333333333333381,0.0066202301442696,0.004375,2,6,xlsr_mamba
runs,xlsr_mamba_asv19_sweep,asvspoof2019_la,chirp,15.0,-15.0,14.999999988673585,0.003125,0.999940625,0.0162499999999999,0.0202913451051998,0.00125,-0.0018848636598689,0.0062508008844585,0.6666666666666987,0.0092055256672565,0.008125,0,12,xlsr_mamba
runs,xlsr_mamba_asv19_sweep,asvspoof2019_la,chirp,10.0,-10.0,9.999999996421243,0.005,0.9998125,0.01,0.0280821843912569,0.003125,-0.0006330121744739,0.0087440052713017,1.6666666666667058,0.0126398609577812,0.020625,1,31,xlsr_mamba
runs,xlsr_mamba_asv19_sweep,asvspoof2019_la,chirp,5.0,-5.0,4.999999998871267,0.00875,0.9990234375,0.1012499999999999,0.0592677943062156,0.006875,0.0006319726306917,0.0106334618176832,3.666666666666742,0.025231925090658,0.0425,2,67,xlsr_mamba
runs,xlsr_mamba_asv19_sweep,asvspoof2019_la,codec,128.0,-128.0,128.0,0.0006249999999999,0.999996875,0.0012499999999999,0.0132842785048523,-0.0012499999999999,-0.0037891618269464,0.0006281407035175,-0.6666666666666691,0.0028557741352581,0.00125,1,0,xlsr_mamba
runs,xlsr_mamba_asv19_sweep,asvspoof2019_la,codec,64.0,-64.0,64.0,0.0012499999999999,0.9999984375,0.0012499999999999,0.0116365530642526,-0.0006249999999999,-0.004388389232148,0.0006032278039982,-0.3333333333333309,0.0032158212442242,0.00125,1,0,xlsr_mamba
runs,xlsr_mamba_asv19_sweep,asvspoof2019_la,codec,32.0,-32.0,32.0,0.0012499999999999,0.9999984375,0.0012499999999999,0.0055651845254749,-0.0006249999999999,-0.005000389093081,0.001253685125922,-0.3333333333333309,0.0056227296506512,0.0025,0,1,xlsr_mamba
runs,xlsr_mamba_asv19_sweep,asvspoof2019_la,codec,24.0,-24.0,24.0,0.000625,0.999990625,0.0074999999999999,0.006517581639403,-0.0012499999999999,-0.0043742646472885,0.0025239078086299,-0.6666666666666619,0.0071858932900129,0.004375,0,4,xlsr_mamba
runs,xlsr_mamba_asv19_sweep,asvspoof2019_la,codec,16.0,-16.0,16.0,0.0031249999999999,0.99943125,0.0737499999999999,0.0265161589492056,0.0012499999999999,-0.0025001433677128,0.0069191904489039,0.666666666666676,0.0107785011658145,0.010625,1,13,xlsr_mamba
runs,xlsr_mamba_asv19_sweep,asvspoof2019_la,codec,8.0,-8.0,8.0,0.0949999999999999,0.9678046875,0.76125,1.4044223862309015,0.093125,0.0774795355650717,0.106246382424191,49.666666666667375,0.2414424068356392,0.313125,0,500,xlsr_mamba
runs,xlsr_mamba_asv19_sweep,asvspoof2019_la,gain,-3.0,3.0,-3.0,0.0018749999999999,0.9999828125,0.00375,0.0272548547327582,0.0,-0.0018727405199838,0.0031333919808651,0.0,0.0022183739066749,0.0025,5,0,xlsr_mamba
runs,xlsr_mamba_asv19_sweep,asvspoof2019_la,gain,3.0,3.0,3.0,0.0024999999999999,0.9999828125,0.005,0.0205610646983056,0.000625,-0.0012225312955442,0.0031235351470946,0.3333333333333381,0.0026171074583918,0.00125,3,2,xlsr_mamba
runs,xlsr_mamba_asv19_sweep,asvspoof2019_la,gain,-10.0,10.0,-10.0,0.00375,0.9999671875,0.005,0.0301340752338391,0.001875,-0.0018992253130683,0.0043835920135562,1.0000000000000366,0.0050838306086827,0.003125,6,0,xlsr_mamba
runs,xlsr_mamba_asv19_sweep,asvspoof2019_la,gain,10.0,10.0,10.0,0.005625,0.999846875,0.0124999999999999,0.0313879744224929,0.00375,0.0006319334702907,0.0093593641662004,2.0000000000000435,0.0137652033024404,0.0125,3,18,xlsr_mamba
runs,xlsr_mamba_asv19_sweep,asvspoof2019_la,gain,-20.0,20.0,-20.0,0.0056249999999999,0.9997125,0.025,0.0530004326852284,0.00375,0.0,0.0106323672539546,2.0000000000000293,0.0173869974262333,0.02125,1,30,xlsr_mamba
runs,xlsr_mamba_asv19_sweep,asvspoof2019_la,gain,20.0,20.0,20.0,0.0331249999999999,0.9926453125,0.215,0.4191362975023305,0.03125,0.0218799237371035,0.0406228989958111,16.666666666666902,0.1797143840698022,0.315,0,503,xlsr_mamba
runs,xlsr_mamba_asv19_sweep,asvspoof2019_la,noise,30.0,-30.0,29.99999964169418,0.00375,0.9999046875,0.0262499999999999,0.0420751437852084,0.001875,-0.0006250982704402,0.0075062043470305,1.0000000000000295,0.0080225402966947,0.003125,4,2,xlsr_mamba
runs,xlsr_mamba_asv19_sweep,asvspoof2019_la,noise,20.0,-20.0,19.99999996417316,0.0118749999999999,0.9982359375,0.0462499999999999,0.0809844421053738,0.01,0.0018990392449624,0.0156801509558383,5.333333333333418,0.0380284365234366,0.065625,4,102,xlsr_mamba
runs,xlsr_mamba_asv19_sweep,asvspoof2019_la,noise,15.0,-15.0,14.99999998867341,0.015,0.9952328125,0.0412499999999999,0.1742609277004642,0.013125,0.0062438692288355,0.0206349207090156,7.000000000000116,0.0943534464378046,0.238125,3,377,xlsr_mamba
runs,xlsr_mamba_asv19_sweep,asvspoof2019_la,noise,10.0,-10.0,9.999999996421058,0.0225,0.995471875,0.0862499999999999,0.2153457143416183,0.020625,0.0143534822505336,0.0306546526691029,11.000000000000185,0.1194367513427383,0.314375,1,501,xlsr_mamba
runs,xlsr_mamba_asv19_sweep,asvspoof2019_la,noise,5.0,-5.0,4.999999998871092,0.045625,0.9922984375,0.1225,0.2299922377671243,0.04375,0.0325001911512622,0.054416904770293,23.33333333333368,0.123903360464031,0.271875,1,431,xlsr_mamba
runs,xlsr_mamba_asv19_sweep,asvspoof2019_la,noise,0.0,-0.0,-3.541433498798661e-10,0.061875,0.98086875,0.2425,0.2879991721480134,0.06,0.0500151296041398,0.0749797505761064,32.00000000000047,0.1438548493381332,0.30625,2,487,xlsr_mamba
runs,xlsr_mamba_asv19_sweep,asvspoof2019_la,reverb,0.1,0.1,0.1,0.0068749999999999,0.9995953125,0.0362499999999999,0.0338541099516895,0.005,0.0005958660120714,0.0112158650382306,2.6666666666667123,0.0151005016562286,0.020625,0,32,xlsr_mamba
runs,xlsr_mamba_asv19_sweep,asvspoof2019_la,reverb,0.3,0.3,0.2999999999999999,0.09875,0.943490625,0.9725,0.81720950479172,0.096875,0.080590788769197,0.1162476796729979,51.66666666666741,0.1791176046617636,0.273125,1,435,xlsr_mamba
runs,xlsr_mamba_asv19_sweep,asvspoof2019_la,reverb,0.5,0.5,0.5,0.2987499999999999,0.7755390624999999,0.99625,2.212179412988157,0.296875,0.2731376217949164,0.3224796675441003,158.33333333333556,0.3666977143055385,0.45125,1,720,xlsr_mamba
runs,xlsr_mamba_asv19_sweep,asvspoof2019_la,reverb,0.7,0.7,0.7,0.441875,0.618809375,0.9925,3.2487132778992405,0.44,0.4137093566715542,0.4612224066605493,234.66666666667,0.4537030898730056,0.4925,1,786,xlsr_mamba
runs,xlsr_mamba_asv19_sweep,asvspoof2019_la,reverb,0.9,0.9,0.9000000000000002,0.519375,0.5044593749999999,0.99875,3.872636343153395,0.5175000000000001,0.4918733254071317,0.5456118434532121,276.0000000000039,0.4867904379304728,0.49875,1,796,xlsr_mamba
runs,xlsr_mamba_asv19_sweep,asvspoof2019_la,transcode_identity,320.0,-320.0,320.0,0.0006249999999999,0.999996875,0.0012499999999999,0.0133474077241033,-0.0012499999999999,-0.0037891618269464,0.0006281407035175,-0.6666666666666691,0.0028524346247078,0.00125,1,0,xlsr_mamba
runs,xlsr_mamba_asv19_sweep,asvspoof2019_la,transcode_identity,256.0,-256.0,256.0,0.0006249999999999,0.999996875,0.0012499999999999,0.0133474077241033,-0.0012499999999999,-0.0037891618269464,0.0006281407035175,-0.6666666666666691,0.0028524346247078,0.00125,1,0,xlsr_mamba
runs,xlsr_mamba_asv19_sweep,asvspoof2019_la,transcode_identity,192.0,-192.0,192.0,0.0006249999999999,0.999996875,0.0012499999999999,0.0133474077241033,-0.0012499999999999,-0.0037891618269464,0.0006281407035175,-0.6666666666666691,0.0028524346247078,0.00125,1,0,xlsr_mamba
runs,xlsr_mamba_asv19_sweep,asvspoof2019_la,transmission,0.0,0.0,0.0,0.0018749999999999,0.9999875,0.00375,0.0237951569423324,0.0,0.0,0.0,0.0,0.0,0.0,2,1,xlsr_mamba
runs,xlsr_mamba_asv19_sweep,asvspoof2019_la,transmission,0.01,0.01,0.010027788770389,0.00375,0.9999453125,0.0174999999999999,0.0251447897611172,0.001875,-0.0012674673331917,0.0050314970794007,1.0000000000000366,0.0031731473560585,0.00125,2,3,xlsr_mamba
runs,xlsr_mamba_asv19_sweep,asvspoof2019_la,transmission,0.05,0.05,0.050213066383787,0.005625,0.9993984375,0.0537499999999999,0.0415028541079313,0.00375,-0.0018640432565531,0.0075047024590381,2.0000000000000435,0.0164220556243523,0.018125,0,28,xlsr_mamba
runs,xlsr_mamba_asv19_sweep,asvspoof2019_la,transmission,0.1,0.1,0.1000086190221701,0.019375,0.99700625,0.1962499999999999,0.3277705799206771,0.0175,0.0100012439065773,0.0262510828620676,9.333333333333492,0.0723568124048171,0.1025,0,163,xlsr_mamba
runs,xlsr_mamba_asv19_sweep,asvspoof2019_la,transmission,0.2,0.2,0.1990158402005855,0.0687499999999999,0.97505859375,0.69875,2.184533128181561,0.066875,0.0550064872923707,0.0812500126953918,35.66666666666718,0.3238348463580316,0.379375,0,606,xlsr_mamba
runs,xlsr_mamba_asv21_sweep,asvspoof2021_la,bandpass,8000.0,-8000.0,7920.0,0.0537499999999999,0.989175,0.3949999999999999,0.3562215184993722,-0.00125,-0.0031243231209364,0.0075030108766871,-0.0227272727272732,0.0026599115385636,0.009375,44,43,xlsr_mamba
runs,xlsr_mamba_asv21_sweep,asvspoof2021_la,bandpass,6000.0,-6000.0,6000.0,0.0531249999999999,0.9891046875,0.3862499999999999,0.3608599258487852,-0.001875,-0.004395739603337,0.0068963531253505,-0.0340909090909093,0.0034775479219294,0.014375,38,45,xlsr_mamba
runs,xlsr_mamba_asv21_sweep,asvspoof2021_la,bandpass,4000.0,-4000.0,4000.0,0.055625,0.989878125,0.3662499999999999,0.3614194762133429,0.000625,-0.0069083039613704,0.0087500054688867,0.0113636363636366,0.0043160992386589,0.01625,35,49,xlsr_mamba
runs,xlsr_mamba_asv21_sweep,asvspoof2021_la,bandpass,3400.0,-3400.0,3400.0,0.0537499999999999,0.990096875,0.36875,0.3628788944217446,-0.00125,-0.0069824069163309,0.0087991418697915,-0.0227272727272732,0.0044271460161386,0.01875,33,51,xlsr_mamba
runs,xlsr_mamba_asv21_sweep,asvspoof2021_la,bandpass,2000.0,-2000.0,2000.0,0.0524999999999999,0.9908015625,0.3699999999999999,0.3999706638619832,-0.0025,-0.0081175041898115,0.0081384880543642,-0.045454545454546,0.0065313520479375,0.035625,11,64,xlsr_mamba
runs,xlsr_mamba_asv21_sweep,asvspoof2021_la,chirp,25.0,-25.0,24.999999890185787,0.0618749999999999,0.987859375,0.4362499999999999,0.3535303696566303,0.0068749999999999,-7.205464405857463e-05,0.0137518344983069,0.1249999999999995,0.0104280535787421,0.02,64,40,xlsr_mamba
runs,xlsr_mamba_asv21_sweep,asvspoof2021_la,chirp,20.0,-20.0,19.999999965276665,0.06125,0.985934375,0.44625,0.3826013293417278,0.00625,0.0,0.0137517506626162,0.1136363636363637,0.0198952046404136,0.01875,57,45,xlsr_mamba
runs,xlsr_mamba_asv21_sweep,asvspoof2021_la,chirp,15.0,-15.0,14.999999989022488,0.06,0.986915625,0.4724999999999999,0.406532186171315,0.005,-0.0012513669866428,0.0137698130181303,0.0909090909090912,0.0316242158256296,0.031875,67,38,xlsr_mamba
runs,xlsr_mamba_asv21_sweep,asvspoof2021_la,chirp,10.0,-10.0,9.999999996531574,0.0643749999999999,0.9858484375,0.44125,0.4414480777399132,0.0093749999999999,0.0018726825845988,0.0187861334499084,0.1704545454545448,0.0413217483767274,0.030625,61,44,xlsr_mamba
runs,xlsr_mamba_asv21_sweep,asvspoof2021_la,chirp,5.0,-5.0,4.999999998906158,0.070625,0.984734375,0.47375,0.5323013581516461,0.015625,0.009369137479084,0.0293459802465356,0.2840909090909093,0.0675451925198643,0.038125,67,52,xlsr_mamba
runs,xlsr_mamba_asv21_sweep,asvspoof2021_la,codec,128.0,-128.0,128.0,0.0506249999999999,0.9897078125,0.3949999999999999,0.3616170314654036,-0.004375,-0.0056193281711209,0.005005354983876,-0.0795454545454551,0.001738621826877,0.0075,36,46,xlsr_mamba
runs,xlsr_mamba_asv21_sweep,asvspoof2021_la,codec,64.0,-64.0,64.0,0.0524999999999999,0.9897859375,0.3874999999999999,0.3593179416128113,-0.0025,-0.0050201015223748,0.0050006563281592,-0.0454545454545457,0.002345079855865,0.0075,37,45,xlsr_mamba
runs,xlsr_mamba_asv21_sweep,asvspoof2021_la,codec,32.0,-32.0,32.0,0.0518749999999999,0.9898203125,0.3624999999999999,0.365820564392784,-0.003125,-0.0069685277765548,0.0068871738290982,-0.0568181818181821,0.0039111308111631,0.0125,35,47,xlsr_mamba
runs,xlsr_mamba_asv21_sweep,asvspoof2021_la,codec,24.0,-24.0,24.0,0.055625,0.9891390625,0.40375,0.3887619032753577,0.000625,-0.0056135852341797,0.0093654449412043,0.0113636363636363,0.0062803766816339,0.02,28,56,xlsr_mamba
runs,xlsr_mamba_asv21_sweep,asvspoof2021_la,codec,16.0,-16.0,16.0,0.061875,0.9868140625,0.45375,0.499948378214048,0.0068749999999999,-0.0012545210298711,0.0187810022214461,0.1249999999999998,0.028381906545252,0.039375,20,71,xlsr_mamba
runs,xlsr_mamba_asv21_sweep,asvspoof2021_la,codec,8.0,-8.0,8.0,0.149375,0.9237015625,0.93625,2.17473508357486,0.094375,0.0756289269040458,0.1137552904143351,1.7159090909090906,0.2486237417464182,0.18875,2,302,xlsr_mamba
runs,xlsr_mamba_asv21_sweep,asvspoof2021_la,gain,-3.0,3.0,-3.0,0.055,0.9900109375,0.3575,0.3929865663816438,1.3877787807814457e-17,-0.0043802176642064,0.006250000244141,2.5232341468753555e-16,0.0034475205798431,0.020625,27,56,xlsr_mamba
runs,xlsr_mamba_asv21_sweep,asvspoof2021_la,gain,3.0,3.0,3.0,0.0525,0.9888046875,0.41,0.3293021887498533,-0.0025,-0.0031343005369762,0.0062759809653772,-0.0454545454545454,0.0033667500863372,0.013125,59,38,xlsr_mamba
runs,xlsr_mamba_asv21_sweep,asvspoof2021_la,gain,-10.0,10.0,-10.0,0.0574999999999999,0.9897453125,0.33625,0.5379993625869742,0.0024999999999999,-0.0043570864703863,0.0125050020008003,0.0454545454545452,0.0182499451316595,0.046875,10,81,xlsr_mamba
runs,xlsr_mamba_asv21_sweep,asvspoof2021_la,gain,10.0,10.0,10.0,0.06625,0.983521875,0.51625,0.3346288190080823,0.01125,0.006230897090503,0.0225102280918374,0.2045454545454547,0.0213431144440232,0.065625,127,28,xlsr_mamba
runs,xlsr_mamba_asv21_sweep,asvspoof2021_la,gain,-20.0,20.0,-20.0,0.0687499999999999,0.9823,0.46125,1.1353657384571645,0.0137499999999999,0.0050020008003201,0.0262554308904127,0.2499999999999997,0.099825487183232,0.09375,4,152,xlsr_mamba
runs,xlsr_mamba_asv21_sweep,asvspoof2021_la,gain,20.0,20.0,20.0,0.105625,0.95335625,0.83625,0.7724840334067001,0.0506249999999999,0.0412502578141113,0.0680961182106301,0.9204545454545452,0.173130348031828,0.159375,261,48,xlsr_mamba
runs,xlsr_mamba_asv21_sweep,asvspoof2021_la,noise,30.0,-30.0,29.9999996527274,0.0637499999999999,0.9846296875,0.5537500000000001,0.3184867254150651,0.0087499999999999,0.0037509868320268,0.0187605804580293,0.1590909090909087,0.0097288857798608,0.040625,98,33,xlsr_mamba
runs,xlsr_mamba_asv21_sweep,asvspoof2021_la,noise,20.0,-20.0,19.99999996527648,0.0699999999999999,0.9809734375,0.5499999999999999,0.3290946050275149,0.0149999999999999,0.0087781944516071,0.0256233047750013,0.2727272727272721,0.0515160071339053,0.15625,267,17,xlsr_mamba
runs,xlsr_mamba_asv21_sweep,asvspoof2021_la,noise,15.0,-15.0,14.9999999890223,0.076875,0.9748171875,0.6425,0.4040489217262621,0.021875,0.0143813113040266,0.0349591579346394,0.397727272727273,0.1068033750309778,0.24125,393,7,xlsr_mamba
runs,xlsr_mamba_asv21_sweep,asvspoof2021_la,noise,10.0,-10.0,9.9999999965314,0.08125,0.97201875,0.6812499999999999,0.4064257800330271,0.02625,0.0193987080115495,0.0406432263033366,0.4772727272727274,0.1236029428095519,0.320625,516,3,xlsr_mamba
runs,xlsr_mamba_asv21_sweep,asvspoof2021_la,noise,5.0,-5.0,4.99999999890598,0.1025,0.9573640625,0.7625000000000001,0.4222202597283971,0.0475,0.0362434982807554,0.0631162573922166,0.8636363636363635,0.1305500951186533,0.375,602,2,xlsr_mamba
runs,xlsr_mamba_asv21_sweep,asvspoof2021_la,noise,0.0,-0.0,-3.431197944373468e-10,0.1149999999999999,0.934384375,0.9075,0.5263157218612095,0.0599999999999999,0.0492730098166486,0.0781829065534646,1.0909090909090904,0.1556295170718497,0.39375,637,7,xlsr_mamba
runs,xlsr_mamba_asv21_sweep,asvspoof2021_la,reverb,0.1,0.1,0.1,0.1524999999999999,0.91789375,0.98125,1.4023099770282843,0.0974999999999999,0.0794561814332867,0.1175222429649014,1.7727272727272718,0.1429313751185562,0.123125,17,200,xlsr_mamba
runs,xlsr_mamba_asv21_sweep,asvspoof2021_la,reverb,0.3,0.3,0.2999999999999999,0.370625,0.6821953125,0.9925,3.1004384643068077,0.315625,0.2949957851468179,0.3481183359387544,5.738636363636362,0.3358221375549945,0.286875,39,446,xlsr_mamba
runs,xlsr_mamba_asv21_sweep,asvspoof2021_la,reverb,0.5,0.5,0.5,0.5175000000000001,0.5044328124999999,1.0,3.9982471091200553,0.4625000000000001,0.4355916168668861,0.4906217762132486,8.40909090909091,0.40970731436031,0.394375,49,594,xlsr_mamba
runs,xlsr_mamba_asv21_sweep,asvspoof2021_la,reverb,0.7,0.7,0.7,0.60375,0.4029140625,0.9975,4.425704082723586,0.54875,0.5243716690344972,0.5819247631216595,9.977272727272725,0.4343940061516131,0.448125,51,684,xlsr_mamba
runs,xlsr_mamba_asv21_sweep,asvspoof2021_la,reverb,0.9,0.9,0.9000000000000002,0.649375,0.333971875,1.0,4.6475961594042134,0.594375,0.5712172410989448,0.6262450653276102,10.80681818181818,0.4443436246550684,0.4775,44,730,xlsr_mamba
runs,xlsr_mamba_asv21_sweep,asvspoof2021_la,transcode_identity,320.0,-320.0,320.0,0.0506249999999999,0.9897015625,0.3924999999999999,0.361570749891805,-0.004375,-0.0056099714230133,0.0050034560987616,-0.0795454545454551,0.0017696932035471,0.0075,36,46,xlsr_mamba
runs,xlsr_mamba_asv21_sweep,asvspoof2021_la,transcode_identity,256.0,-256.0,256.0,0.0506249999999999,0.9897015625,0.3924999999999999,0.361570749891805,-0.004375,-0.0056099714230133,0.0050034560987616,-0.0795454545454551,0.0017696932035471,0.0075,36,46,xlsr_mamba
runs,xlsr_mamba_asv21_sweep,asvspoof2021_la,transcode_identity,192.0,-192.0,192.0,0.0506249999999999,0.9897015625,0.3924999999999999,0.361570749891805,-0.004375,-0.0056099714230133,0.0050034560987616,-0.0795454545454551,0.0017696932035471,0.0075,36,46,xlsr_mamba
runs,xlsr_mamba_asv21_sweep,asvspoof2021_la,transmission,0.0,0.0,0.0,0.055,0.9897484375,0.3924999999999999,0.3548166957746994,0.0,0.0,0.0,0.0,0.0,0.0,45,43,xlsr_mamba
runs,xlsr_mamba_asv21_sweep,asvspoof2021_la,transmission,0.01,0.01,0.0097006507993345,0.055,0.9901,0.3175,0.4175313929742845,1.3877787807814457e-17,-0.0056644849288689,0.0094007758719302,2.5232341468753555e-16,0.0092721749823334,0.02,25,55,xlsr_mamba
runs,xlsr_mamba_asv21_sweep,asvspoof2021_la,transmission,0.05,0.05,0.0497335622430416,0.0806249999999999,0.9776625,0.63125,0.9114693107195296,0.0256249999999999,0.0150194626449078,0.0412437675908825,0.4659090909090903,0.0736820581843907,0.083125,4,135,xlsr_mamba
runs,xlsr_mamba_asv21_sweep,asvspoof2021_la,transmission,0.1,0.1,0.1007261153878,0.10875,0.951778125,0.875,1.8606744258374153,0.05375,0.0412563697325851,0.0737764387412274,0.9772727272727272,0.1955629036441226,0.159375,2,255,xlsr_mamba
runs,xlsr_mamba_asv21_sweep,asvspoof2021_la,transmission,0.2,0.2,0.2011269319384755,0.24375,0.8330328125,0.9512500000000002,3.9812115999478417,0.18875,0.1667858914356723,0.2162743300401894,3.431818181818182,0.3760595927258209,0.354375,0,565,xlsr_mamba
runs,xlsr_mamba_itw_sweep,in_the_wild,bandpass,8000.0,-8000.0,7920.0,0.071875,0.9752171875,0.48375,1.7480189580255625,0.0037499999999999,-0.0044536700361498,0.0087580643375888,0.0550458715596328,0.0177827407548642,0.015625,49,63,xlsr_mamba
runs,xlsr_mamba_itw_sweep,in_the_wild,bandpass,6000.0,-6000.0,6000.0,0.0799999999999999,0.9722515625,0.55375,1.9502090126995837,0.0118749999999999,0.0018726635649349,0.0181209335894408,0.1743119266055043,0.0400204158885432,0.02875,43,80,xlsr_mamba
runs,xlsr_mamba_itw_sweep,in_the_wild,bandpass,4000.0,-4000.0,4000.0,0.0775,0.9710578125,0.55,2.193440288630182,0.009375,0.0005873493975903,0.0194077633726466,0.1376146788990827,0.0707608795298347,0.039375,36,94,xlsr_mamba
runs,xlsr_mamba_itw_sweep,in_the_wild,bandpass,3400.0,-3400.0,3400.0,0.0787499999999999,0.9706765625,0.5449999999999999,2.261490375968473,0.0106249999999999,0.0,0.0206278803686105,0.1559633027522933,0.078778385039681,0.04625,37,104,xlsr_mamba
runs,xlsr_mamba_itw_sweep,in_the_wild,bandpass,2000.0,-2000.0,2000.0,0.0956249999999999,0.9622875,0.61125,2.8343682191292583,0.0274999999999999,0.0125012232664802,0.0381225347706168,0.4036697247706417,0.1123219927724378,0.09,29,164,xlsr_mamba
runs,xlsr_mamba_itw_sweep,in_the_wild,chirp,25.0,-25.0,24.999993921179307,0.08625,0.96096875,0.68375,1.7094238469637322,0.018125,0.0061989400809156,0.0275062759544093,0.2660550458715598,0.065227822753806,0.0525,119,40,xlsr_mamba
runs,xlsr_mamba_itw_sweep,in_the_wild,chirp,20.0,-20.0,19.999998077429662,0.0925,0.9613,0.6325,1.850211449237018,0.024375,0.0137513670794504,0.0349898542359725,0.3577981651376147,0.0823534700992915,0.065,129,40,xlsr_mamba
runs,xlsr_mamba_itw_sweep,in_the_wild,chirp,15.0,-15.0,14.99999939200469,0.0999999999999999,0.9502578125,0.75875,2.005065132111294,0.0318749999999999,0.0193718998756995,0.0437998291048276,0.4678899082568805,0.0982446340726594,0.085,149,44,xlsr_mamba
runs,xlsr_mamba_itw_sweep,in_the_wild,chirp,10.0,-10.0,9.999999807735156,0.1099999999999999,0.9473578125,0.8462500000000001,2.1301738184618255,0.0418749999999999,0.0281088719774232,0.0556251368884525,0.6146788990825685,0.1024170828146702,0.096875,164,60,xlsr_mamba
runs,xlsr_mamba_itw_sweep,in_the_wild,chirp,5.0,-5.0,4.999999939203206,0.124375,0.93950625,0.815,2.3382489364143395,0.0562499999999999,0.0399901860372196,0.0669098035195794,0.8256880733944952,0.1263840755921975,0.109375,190,60,xlsr_mamba
runs,xlsr_mamba_itw_sweep,in_the_wild,codec,128.0,-128.0,128.0,0.0687499999999999,0.9758,0.5025,1.8618790115708117,0.0006249999999999,-0.0043686265435282,0.0069200491170479,0.0091743119266053,0.0190041794482102,0.01875,46,73,xlsr_mamba
runs,xlsr_mamba_itw_sweep,in_the_wild,codec,64.0,-64.0,64.0,0.0687499999999999,0.9754984375,0.50625,1.8830406111852176,0.0006249999999999,-0.0043966028170159,0.0075051715322589,0.0091743119266053,0.0220884582752174,0.019375,43,75,xlsr_mamba
runs,xlsr_mamba_itw_sweep,in_the_wild,codec,32.0,-32.0,32.0,0.079375,0.9729234375,0.52875,2.165480850689276,0.0112499999999999,0.0018636181157267,0.0212419146377177,0.165137614678899,0.0551430618084123,0.041875,37,103,xlsr_mamba
runs,xlsr_mamba_itw_sweep,in_the_wild,codec,24.0,-24.0,24.0,0.0849999999999999,0.9683828125,0.57875,2.4271021337095378,0.0168749999999999,0.0068800745041908,0.0262423149968933,0.2477064220183484,0.0799873598867167,0.063125,33,123,xlsr_mamba
runs,xlsr_mamba_itw_sweep,in_the_wild,codec,16.0,-16.0,16.0,0.091875,0.961978125,0.5912499999999999,2.8306148413351773,0.02375,0.0112583018345713,0.0362972665885195,0.3486238532110094,0.115605065275309,0.085,29,156,xlsr_mamba
runs,xlsr_mamba_itw_sweep,in_the_wild,codec,8.0,-8.0,8.0,0.154375,0.91848125,0.8799999999999999,4.642047980233631,0.08625,0.0687516999934073,0.1069317182862432,1.26605504587156,0.1794116983717023,0.303125,9,491,xlsr_mamba
runs,xlsr_mamba_itw_sweep,in_the_wild,gain,-3.0,3.0,-3.0,0.078125,0.973334375,0.5275,2.0796553467646306,0.0099999999999999,-0.0006362872760525,0.0169090732955638,0.146788990825688,0.0407157149259516,0.049375,36,114,xlsr_mamba
runs,xlsr_mamba_itw_sweep,in_the_wild,gain,3.0,3.0,3.0,0.0687499999999999,0.9766890625000002,0.4524999999999999,1.3955547367599437,0.0006249999999999,-0.0100006895635628,0.0062761087273839,0.0091743119266053,0.0417793157163986,0.031875,80,32,xlsr_mamba
runs,xlsr_mamba_itw_sweep,in_the_wild,gain,-10.0,10.0,-10.0,0.108125,0.9546828125,0.645,3.3920679249028933,0.0399999999999999,0.025621289491868,0.055649964128877,0.5871559633027522,0.1300572567396785,0.203125,14,332,xlsr_mamba
runs,xlsr_mamba_itw_sweep,in_the_wild,gain,10.0,10.0,10.0,0.0687499999999999,0.9708234375,0.485,1.1853870807173266,0.0006249999999999,-0.0118716609628677,0.0118677039985918,0.0091743119266053,0.1084903667308366,0.146875,244,12,xlsr_mamba
runs,xlsr_mamba_itw_sweep,in_the_wild,gain,-20.0,20.0,-20.0,0.31125,0.752928125,0.98625,4.700299508762666,0.243125,0.2156258950295785,0.2669067389976484,3.5688073394495414,0.1821327760581493,0.399375,66,578,xlsr_mamba
runs,xlsr_mamba_itw_sweep,in_the_wild,gain,20.0,20.0,20.0,0.1087499999999999,0.9481453124999998,0.67,1.3000189254835106,0.0406249999999999,0.0243840616283831,0.0544131893991251,0.5963302752293574,0.1524077147834585,0.3725,594,5,xlsr_mamba
runs,xlsr_mamba_itw_sweep,in_the_wild,noise,30.0,-30.0,29.99998078595794,0.0749999999999999,0.97105625,0.53,1.4572530893781752,0.0068749999999999,-0.0025031235777532,0.0143981378566287,0.1009174311926602,0.0444138033072208,0.04375,101,34,xlsr_mamba
runs,xlsr_mamba_itw_sweep,in_the_wild,noise,20.0,-20.0,19.999998077429485,0.091875,0.955403125,0.68875,1.6019239986227265,0.02375,0.0125150070920021,0.0375028932901212,0.3486238532110092,0.0973097128612718,0.134375,237,25,xlsr_mamba
runs,xlsr_mamba_itw_sweep,in_the_wild,noise,15.0,-15.0,14.999999392004517,0.13375,0.9325609375,0.7875,1.818668636133687,0.065625,0.0518140895254572,0.0818839477955613,0.9633027522935784,0.1338141973363022,0.208125,344,20,xlsr_mamba
runs,xlsr_mamba_itw_sweep,in_the_wild,noise,10.0,-10.0,9.999999807734977,0.1574999999999999,0.9082078125,0.925,1.8861607497595592,0.0893749999999999,0.0749978225903713,0.1081748873536627,1.3119266055045866,0.1469043120697814,0.28875,480,23,xlsr_mamba
runs,xlsr_mamba_itw_sweep,in_the_wild,noise,5.0,-5.0,4.999999939203029,0.1781249999999999,0.8905593749999999,0.9475,1.886675787356149,0.1099999999999999,0.0918737881516537,0.1281250841286605,1.6146788990825682,0.1534831514955156,0.34625,564,21,xlsr_mamba
runs,xlsr_mamba_itw_sweep,in_the_wild,noise,0.0,-0.0,-1.9222870206218113e-08,0.2375,0.8374781250000001,0.98125,2.1980176474179696,0.169375,0.1450404744463591,0.1862512669799148,2.4862385321100917,0.1635815873496238,0.365625,589,31,xlsr_mamba
runs,xlsr_mamba_itw_sweep,in_the_wild,reverb,0.1,0.1,0.1,0.175625,0.8985406249999999,0.8962500000000001,3.979993088422305,0.1075,0.0887504321768704,0.1243800521839302,1.577981651376147,0.1637276383915533,0.215625,32,358,xlsr_mamba
runs,xlsr_mamba_itw_sweep,in_the_wild,reverb,0.3,0.3,0.2999999999999999,0.27,0.7945749999999999,1.0,4.878573332467729,0.201875,0.1787511150086673,0.2250710963500749,2.963302752293578,0.1826318802990579,0.33875,18,553,xlsr_mamba
runs,xlsr_mamba_itw_sweep,in_the_wild,reverb,0.5,0.5,0.5,0.2975,0.7573890624999999,1.0,4.937728647750831,0.229375,0.2062186339671562,0.2537846055643997,3.36697247706422,0.1836530417457722,0.36625,23,588,xlsr_mamba
runs,xlsr_mamba_itw_sweep,in_the_wild,reverb,0.7,0.7,0.7,0.3193749999999999,0.7318921875,1.0,4.924403516550336,0.25125,0.2256715059389605,0.2743841454720915,3.688073394495412,0.1843646246405914,0.373125,33,587,xlsr_mamba
runs,xlsr_mamba_itw_sweep,in_the_wild,reverb,0.9,0.9,0.9000000000000002,0.33375,0.7165046875,1.0,4.868080639414616,0.265625,0.2400023865652414,0.2893781646337798,3.899082568807339,0.1846133528286225,0.38,47,578,xlsr_mamba
runs,xlsr_mamba_itw_sweep,in_the_wild,transcode_identity,320.0,-320.0,320.0,0.0687499999999999,0.9757953125,0.5025,1.8617114554404617,0.0006249999999999,-0.0037783843350485,0.0069200491170479,0.0091743119266053,0.0190178780002054,0.01875,46,73,xlsr_mamba
runs,xlsr_mamba_itw_sweep,in_the_wild,transcode_identity,256.0,-256.0,256.0,0.0687499999999999,0.9757953125,0.5025,1.8617114554404617,0.0006249999999999,-0.0037783843350485,0.0069200491170479,0.0091743119266053,0.0190178780002054,0.01875,46,73,xlsr_mamba
runs,xlsr_mamba_itw_sweep,in_the_wild,transcode_identity,192.0,-192.0,192.0,0.0687499999999999,0.9757953125,0.5025,1.8617114554404617,0.0006249999999999,-0.0037783843350485,0.0069200491170479,0.0091743119266053,0.0190178780002054,0.01875,46,73,xlsr_mamba
runs,xlsr_mamba_itw_sweep,in_the_wild,transmission,0.0,0.0,0.0,0.068125,0.976971875,0.4599999999999999,1.6708370308954756,0.0,0.0,0.0,0.0,0.0,0.0,54,55,xlsr_mamba
runs,xlsr_mamba_itw_sweep,in_the_wild,transmission,0.01,0.01,0.0098224418608785,0.075625,0.9748890625,0.4725,2.03355582011101,0.0074999999999999,-0.0043706500249273,0.015000215042189,0.1100917431192659,0.0324423078386334,0.0325,43,96,xlsr_mamba
runs,xlsr_mamba_itw_sweep,in_the_wild,transmission,0.05,0.05,0.0504099734556357,0.086875,0.9654625,0.5825,3.275925858259637,0.01875,0.0056179950737193,0.030602058357633,0.2752293577981654,0.1179130022651682,0.15375,14,261,xlsr_mamba
runs,xlsr_mamba_itw_sweep,in_the_wild,transmission,0.1,0.1,0.098551582663714,0.1287499999999999,0.941840625,0.84,4.317991941078225,0.0606249999999999,0.0411617567499938,0.0755950878119915,0.8899082568807335,0.1618181801820409,0.2725,9,444,xlsr_mamba
runs,xlsr_mamba_itw_sweep,in_the_wild,transmission,0.2,0.2,0.2000974472388898,0.1899999999999999,0.8957375000000001,0.9875,5.280353865319551,0.1218749999999999,0.098751310062795,0.138157611040861,1.7889908256880729,0.1818663427608363,0.41875,4,675,xlsr_mamba
runs_large,large_asv19_sweep,asvspoof2019_la,gain,-3.0,3.0,-3.0,0.2641249999999999,0.8107003125000001,0.801,1.3137558066876718,0.0001249999999999,-0.0003753220301879,0.0011255549726873,0.0004734848484845,0.0035672505717124,0.003875,1052,1081,reference_lfcc_logreg
runs_large,large_asv19_sweep,asvspoof2019_la,gain,3.0,3.0,3.0,0.265,0.811662125,0.79925,1.3507888785739592,0.001,-0.0042479811619194,0.0055015289004269,0.0037878787878787,0.0246462236286451,0.031,1129,977,reference_lfcc_logreg
runs_large,large_asv19_sweep,asvspoof2019_la,gain,-10.0,10.0,-10.0,0.265,0.809867875,0.8015,1.2894343117661289,0.001,-0.0004993938212123,0.0021249419540877,0.0037878787878787,0.0119322332093225,0.01725,1014,1146,reference_lfcc_logreg
runs_large,large_asv19_sweep,asvspoof2019_la,gain,10.0,10.0,10.0,0.291,0.79055025,0.8540000000000001,1.86652178116691,0.027,0.0186256561456841,0.0338830170365127,0.1022727272727273,0.1455315273461546,0.172375,1787,500,reference_lfcc_logreg
runs_large,large_asv19_sweep,asvspoof2019_la,gain,-20.0,20.0,-20.0,0.26875,0.806439125,0.8042499999999999,1.2708723334409804,0.00475,0.0013743239930304,0.0062550553162898,0.0179924242424243,0.0237095983449544,0.033125,977,1214,reference_lfcc_logreg
runs_large,large_asv19_sweep,asvspoof2019_la,gain,20.0,20.0,20.0,0.398125,0.65155875,0.961,4.128080118298654,0.134125,0.1223691491729093,0.1445040854942859,0.5080492424242424,0.3070796619533132,0.447875,3598,15,reference_lfcc_logreg
runs_large,large_asv19_sweep,asvspoof2019_la,gain,-3.0,3.0,-3.0,0.00875,0.9995484375,0.0737499999999999,0.132190432968292,0.00175,-0.0005000091501685,0.0032503477351756,0.2499999999999996,0.0155840426921713,0.00625,42,32,aasist
runs_large,large_asv19_sweep,asvspoof2019_la,gain,3.0,3.0,3.0,0.011125,0.9991093125,0.1085,0.1449447549347551,0.0041249999999999,0.0013765038058891,0.0051246861065161,0.5892857142857112,0.0129715059152285,0.0055,43,45,aasist
runs_large,large_asv19_sweep,asvspoof2019_la,gain,-10.0,10.0,-10.0,0.045,0.9909750625,0.19125,0.3921794655503378,0.038,0.0323710968336606,0.0426323005784265,5.428571428571416,0.0802383135278195,0.049875,148,261,aasist
runs_large,large_asv19_sweep,asvspoof2019_la,gain,10.0,10.0,10.0,0.03175,0.995309625,0.26475,0.1964841383254075,0.0247499999999999,0.0209963625573499,0.0287494671173308,3.535714285714277,0.0387385539692427,0.035125,46,253,aasist
runs_large,large_asv19_sweep,asvspoof2019_la,gain,-20.0,20.0,-20.0,0.1836249999999999,0.8987780625,0.59,1.367787202156592,0.1766249999999999,0.168371652644331,0.1854992733384411,25.232142857142794,0.2895282584272982,0.237875,369,1518,aasist
runs_large,large_asv19_sweep,asvspoof2019_la,gain,20.0,20.0,20.0,0.093,0.9718853125,0.5089999999999999,0.3663204406891641,0.0859999999999999,0.0779982633846698,0.0914993287268621,12.285714285714253,0.1146513437426179,0.196125,31,1536,aasist
runs_large,large_asv19_sweep,asvspoof2019_la,gain,-3.0,3.0,-3.0,0.1817499999999999,0.8978244375,0.7217500000000001,3.767204179752538,0.0,0.0,0.0,0.0,7.758874601520486e-08,0.000125,727,726,aasist3_kan
runs_large,large_asv19_sweep,asvspoof2019_la,gain,3.0,3.0,3.0,0.1777499999999999,0.903857125,0.6949999999999998,3.5346206394907336,-0.004,-0.0097540664462299,0.0,-0.0220082530949106,0.0312874102488508,0.0455,773,631,aasist3_kan
runs_large,large_asv19_sweep,asvspoof2019_la,gain,-10.0,10.0,-10.0,0.1817499999999999,0.8978245,0.7217500000000001,3.767203994468052,0.0,0.0,0.0,0.0,7.097057114570458e-08,0.000125,727,726,aasist3_kan
runs_large,large_asv19_sweep,asvspoof2019_la,gain,10.0,10.0,10.0,0.179375,0.8991389374999998,0.6642499999999999,3.6383050588989394,-0.0023749999999999,-0.0106257608227206,0.0052500471113773,-0.0130674002751029,0.0934546171768679,0.133,891,491,aasist3_kan
runs_large,large_asv19_sweep,asvspoof2019_la,gain,-20.0,20.0,-20.0,0.1817499999999999,0.8978244375,0.7217500000000001,3.767204459015316,0.0,0.0,0.0,0.0,8.00480264292751e-08,0.000125,727,726,aasist3_kan
runs_large,large_asv19_sweep,asvspoof2019_la,gain,20.0,20.0,20.0,0.2925,0.7747529375,0.904,6.401984278836792,0.11075,0.1001215962078473,0.1227561621749825,0.6093535075653372,0.1032578995327222,0.25925,1173,1169,aasist3_kan
runs_large,large_asv19_sweep,asvspoof2019_la,gain,-3.0,3.0,-3.0,0.014875,0.9911515625,0.2569999999999999,0.1292888330439128,0.00775,0.0054941082061933,0.009877326082064,1.087719298245618,0.0105354017290408,0.0095,68,55,spectra_aasist3
runs_large,large_asv19_sweep,asvspoof2019_la,gain,3.0,3.0,3.0,0.00275,0.9984468125,0.0467499999999999,0.0355636695573848,-0.0043749999999999,-0.0063747319043919,-0.002875571807344,-0.6140350877192956,0.0073199480466185,0.0055,18,9,spectra_aasist3
runs_large,large_asv19_sweep,asvspoof2019_la,gain,-10.0,10.0,-10.0,0.0404999999999999,0.98143525,0.55775,0.3616388170504946,0.033375,0.0285037537122142,0.0376268039727323,4.684210526315797,0.0415058218395944,0.042125,241,117,spectra_aasist3
runs_large,large_asv19_sweep,asvspoof2019_la,gain,10.0,10.0,10.0,0.0013749999999999,0.999976,0.0167499999999999,0.0320468145185468,-0.00575,-0.0080098179379987,-0.0038740394953404,-0.8070175438596525,0.0141912479608228,0.011375,53,1,spectra_aasist3
runs_large,large_asv19_sweep,asvspoof2019_la,gain,-20.0,20.0,-20.0,0.031,0.9939473125,0.2004999999999999,0.3647630008485478,0.023875,0.0197499856361681,0.0277532653677457,3.350877192982465,0.0423909359604319,0.041625,303,29,spectra_aasist3
runs_large,large_asv19_sweep,asvspoof2019_la,gain,20.0,20.0,20.0,0.0393749999999999,0.99450225,0.165,0.7251962314865247,0.03225,0.0275073943417611,0.0366296602180052,4.526315789473691,0.0838772163775522,0.098,761,4,spectra_aasist3
runs_large,large_asv19_sweep,asvspoof2019_la,gain,-3.0,3.0,-3.0,0.04325,0.9922734375,0.19575,0.3415334798273927,-0.0024999999999999,-0.0058744411975617,-0.0004943042678299,-0.0546448087431688,0.0118062607856575,0.0165,150,230,rawnet2
runs_large,large_asv19_sweep,asvspoof2019_la,gain,3.0,3.0,3.0,0.054,0.9871560625,0.2274999999999999,0.533830151056846,0.00825,0.0051165457830375,0.0101246429073989,0.18032786885246,0.0119716633557319,0.01375,239,179,rawnet2
runs_large,large_asv19_sweep,asvspoof2019_la,gain,-10.0,10.0,-10.0,0.083375,0.9757531875,0.45575,0.6245949390878173,0.037625,0.0306209778690754,0.0437500037597668,0.822404371584701,0.0949782503558596,0.09025,217,515,rawnet2
runs_large,large_asv19_sweep,asvspoof2019_la,gain,10.0,10.0,10.0,0.0874999999999999,0.968222875,0.3937499999999999,0.8676716443246494,0.04175,0.0351275171520008,0.0456297984868325,0.9125683060109294,0.0450035459362953,0.052125,372,303,rawnet2
runs_large,large_asv19_sweep,asvspoof2019_la,gain,-20.0,20.0,-20.0,0.3555,0.706588125,0.8845,3.0077013676280084,0.3097500000000001,0.2981230629359722,0.321249532594582,6.770491803278693,0.3534858622036544,0.359125,1513,1302,rawnet2
runs_large,large_asv19_sweep,asvspoof2019_la,gain,20.0,20.0,20.0,0.145,0.91209303125,0.94,1.4843824390931162,0.09925,0.0912495930641167,0.1072499048163581,2.169398907103827,0.1131264856592194,0.131,538,676,rawnet2
runs_large,large_asv19_sweep,asvspoof2019_la,gain,-3.0,3.0,-3.0,0.002125,0.9997431875,0.02475,0.0271900820302101,0.0,-0.0007500007734383,0.0006246952373712,0.0,0.0005141760822737,0.000375,11,9,ssl_aasist
runs_large,large_asv19_sweep,asvspoof2019_la,gain,3.0,3.0,3.0,0.002125,0.99986775,0.02575,0.0234328441492055,0.0,-0.000500016646649,0.0005000000500001,0.0,0.0005520982610896,0.000125,8,10,ssl_aasist
runs_large,large_asv19_sweep,asvspoof2019_la,gain,-10.0,10.0,-10.0,0.0022499999999999,0.9995300625,0.0254999999999999,0.0302069222928111,0.0001249999999999,-0.0008744852815482,0.0008754835406786,0.0588235294117581,0.0016630256682157,0.00075,10,7,ssl_aasist
runs_large,large_asv19_sweep,asvspoof2019_la,gain,10.0,10.0,10.0,0.0034999999999999,0.999464375,0.0437499999999999,0.0286710731800299,0.0013749999999999,0.0001251789416412,0.002000656216488,0.6470588235293986,0.0027566145286132,0.002125,7,23,ssl_aasist
runs_large,large_asv19_sweep,asvspoof2019_la,gain,-20.0,20.0,-20.0,0.00425,0.998951875,0.0399999999999999,0.0309551121585997,0.002125,0.0002500208767847,0.0031239281479009,1.0,0.0044914443229997,0.004,10,31,ssl_aasist
runs_large,large_asv19_sweep,asvspoof2019_la,gain,20.0,20.0,20.0,0.016875,0.9968755625,0.14425,0.122660698530387,0.01475,0.0119986101342809,0.0177501753514869,6.941176470588235,0.0310513320265947,0.091375,13,727,ssl_aasist
runs_large,large_asv19_sweep,asvspoof2019_la,gain,-3.0,3.0,-3.0,0.0044999999999999,0.9999185,0.0247499999999999,0.0366737338270107,0.0006249999999999,-0.0007478360432265,0.0012501512683034,0.1612903225806339,0.0022568320030687,0.000625,18,18,xlsr_mamba
runs_large,large_asv19_sweep,asvspoof2019_la,gain,3.0,3.0,3.0,0.0044999999999999,0.999885625,0.0267499999999999,0.0333963914813962,0.0006249999999999,-0.0007474607288389,0.0012493389071097,0.1612903225806339,0.0027887314131878,0.001875,9,23,xlsr_mamba
runs_large,large_asv19_sweep,asvspoof2019_la,gain,-10.0,10.0,-10.0,0.0034999999999999,0.9999225,0.0229999999999999,0.0283667067561014,-0.000375,-0.0016229892875339,0.0010012571534236,-0.0967741935483975,0.0059481292933456,0.003125,14,18,xlsr_mamba
runs_large,large_asv19_sweep,asvspoof2019_la,gain,10.0,10.0,10.0,0.00975,0.9994221875,0.0452499999999999,0.0474238463214179,0.005875,0.0034976200069441,0.0075008637314845,1.5161290322580594,0.0144068299749929,0.03325,6,265,xlsr_mamba
runs_large,large_asv19_sweep,asvspoof2019_la,gain,-20.0,20.0,-20.0,0.00675,0.9996224375,0.04875,0.0604702968077488,0.002875,0.0003744056732033,0.0048755554201989,0.741935483870965,0.0208473468169445,0.043,2,337,xlsr_mamba
runs_large,large_asv19_sweep,asvspoof2019_la,gain,20.0,20.0,20.0,0.0397499999999999,0.9884983125,0.25725,0.4261753747616055,0.0358749999999999,0.0316205887291949,0.0411283807502345,9.258064516128986,0.1765844299446034,0.3975,1,3178,xlsr_mamba
runs_large,large_asv19_sweep,asvspoof2019_la,gain,-3.0,3.0,-3.0,0.16025,0.91023209375,0.4919999999999999,1.8329903652402528,0.0,-0.0002503160255102,0.0003705713144188,0.0,0.0001131919679435,0.0,641,641,nes2net
runs_large,large_asv19_sweep,asvspoof2019_la,gain,3.0,3.0,3.0,0.156875,0.91316028125,0.49025,1.801700176305734,-0.003375,-0.0064989510961828,-0.0008706437221381,-0.0210608424336974,0.0076877363512042,0.01125,624,630,nes2net
runs_large,large_asv19_sweep,asvspoof2019_la,gain,-10.0,10.0,-10.0,0.16025,0.910434875,0.4919999999999999,1.8315200053915464,0.0,-0.0009959671786775,0.0006260097329929,0.0,0.0005389474945266,0.000625,638,643,nes2net
runs_large,large_asv19_sweep,asvspoof2019_la,gain,10.0,10.0,10.0,0.135875,0.9322520937499998,0.456,1.5691410282165652,-0.0243749999999999,-0.0297463709285195,-0.0181266026276841,-0.1521060842433696,0.0516469091270315,0.05375,473,717,nes2net
runs_large,large_asv19_sweep,asvspoof2019_la,gain,-20.0,20.0,-20.0,0.16,0.91045009375,0.4617499999999999,1.8181411656495063,-0.0002499999999999,-0.0018737953037337,0.0015003128986978,-0.0015600624024959,0.0026234473520636,0.007,625,681,nes2net
runs_large,large_asv19_sweep,asvspoof2019_la,gain,20.0,20.0,20.0,0.1112499999999999,0.9458693749999998,0.5632499999999999,1.182303991303668,-0.049,-0.0573735218201795,-0.0400010075607669,-0.3057722308892356,0.1255067622862769,0.16975,196,1458,nes2net
runs_large,large_asv19_sweep,asvspoof2019_la,gain,-3.0,3.0,-3.0,0.0451249999999999,0.9884833125,0.3344999999999999,0.3100923542672515,0.0026249999999999,-0.0013749711861313,0.00562454405223,0.0617647058823528,0.0339564963765766,0.021625,180,171,xlsr_linear
runs_large,large_asv19_sweep,asvspoof2019_la,gain,3.0,3.0,3.0,0.0457499999999999,0.9873933125,0.3794999999999999,0.3239179821024526,0.0032499999999999,0.000376477349995,0.0065006079911745,0.076470588235294,0.0360886724964954,0.024625,137,266,xlsr_linear
runs_large,large_asv19_sweep,asvspoof2019_la,gain,-10.0,10.0,-10.0,0.0628749999999999,0.9812288125,0.41125,0.3637881451730731,0.020375,0.015625025270618,0.0265076188551529,0.4794117647058826,0.1037802987501799,0.095625,100,667,xlsr_linear
runs_large,large_asv19_sweep,asvspoof2019_la,gain,10.0,10.0,10.0,0.062,0.9797221875,0.4532499999999999,0.426099107326554,0.0195,0.0157474185560683,0.0253759439885303,0.4588235294117659,0.1271588525968817,0.14125,47,1139,xlsr_linear
runs_large,large_asv19_sweep,asvspoof2019_la,gain,-20.0,20.0,-20.0,0.0929999999999999,0.966580875,0.527,0.8240392928146619,0.0505,0.0438684211538028,0.058124558960766,1.1882352941176475,0.2957526701042653,0.427,4,3384,xlsr_linear
runs_large,large_asv19_sweep,asvspoof2019_la,gain,20.0,20.0,20.0,0.1042499999999999,0.956561,0.6039999999999999,0.9093664300936036,0.06175,0.0553713945047788,0.0686290657213209,1.4529411764705888,0.3115483379315161,0.443875,3,3550,xlsr_linear
runs_large,large_asv19_sweep,asvspoof2019_la,gain,-3.0,3.0,-3.0,0.0416249999999999,0.9931405625,0.1704999999999999,0.1609380647803973,0.0032499999999999,0.0005000405032807,0.006124577167926,0.084690553745928,0.0192055715731045,0.016625,143,209,wavlm_linear
runs_large,large_asv19_sweep,asvspoof2019_la,gain,3.0,3.0,3.0,0.0426249999999999,0.9927685625,0.216,0.1691965786096999,0.0042499999999999,0.001999910392625,0.0078753097080251,0.1107491856677521,0.0190233059541706,0.018,138,213,wavlm_linear
runs_large,large_asv19_sweep,asvspoof2019_la,gain,-10.0,10.0,-10.0,0.06525,0.98368825,0.31875,0.3294252668205205,0.026875,0.0218764371570023,0.0317495601060971,0.700325732899023,0.1093435999846341,0.11325,74,893,wavlm_linear
runs_large,large_asv19_sweep,asvspoof2019_la,gain,10.0,10.0,10.0,0.08225,0.9753196875,0.51225,0.4814844759660922,0.043875,0.0378764939357189,0.0507549490703819,1.1433224755700326,0.1474018333492942,0.15725,43,1260,wavlm_linear
runs_large,large_asv19_sweep,asvspoof2019_la,gain,-20.0,20.0,-20.0,0.108875,0.9581009375,0.497,1.9661417767907328,0.0705,0.0641191354240321,0.077120570392613,1.8371335504885988,0.4047569261174468,0.447875,6,3570,wavlm_linear
runs_large,large_asv19_sweep,asvspoof2019_la,gain,20.0,20.0,20.0,0.139625,0.9382578125,0.59075,3.742735622410316,0.10125,0.0926252553500215,0.1088824121223939,2.638436482084691,0.4685942118721092,0.477125,0,3818,wavlm_linear
runs_large,large_asv19_sweep,asvspoof2019_la,gain,-3.0,3.0,-3.0,0.0012499999999999,0.9999865625,0.0115,0.0183851593949791,0.000125,-0.0008736011451762,0.0007500317348545,0.1111111111111125,0.0022208083089203,0.0005,5,4,nes2net_v2
runs_large,large_asv19_sweep,asvspoof2019_la,gain,3.0,3.0,3.0,0.0012499999999999,0.9999754375,0.01075,0.0315862646683562,0.000125,-0.0007519222052326,0.0006243950982957,0.1111111111111125,0.0034591119014262,0.000375,5,3,nes2net_v2
runs_large,large_asv19_sweep,asvspoof2019_la,gain,-10.0,10.0,-10.0,0.0016249999999999,0.9999862500000002,0.0104999999999999,0.0116948549828947,0.0004999999999999,-0.0007502757737805,0.0011261808794131,0.4444444444444373,0.0048041576798324,0.001375,5,9,nes2net_v2
runs_large,large_asv19_sweep,asvspoof2019_la,gain,10.0,10.0,10.0,0.003,0.999942125,0.0209999999999999,0.0912256527264608,0.001875,0.0007436363449563,0.0031294452207571,1.6666666666666994,0.0183574033145802,0.002875,22,6,nes2net_v2
runs_large,large_asv19_sweep,asvspoof2019_la,gain,-20.0,20.0,-20.0,0.00375,0.999657125,0.02725,0.0280167519786074,0.002625,0.0010000383514905,0.0036265209948306,2.3333333333333863,0.0088349263653187,0.015375,6,120,nes2net_v2
runs_large,large_asv19_sweep,asvspoof2019_la,gain,20.0,20.0,20.0,0.023875,0.9970911875,0.1235,0.39413150039111,0.02275,0.0190000953754749,0.0257497027044708,20.222222222222495,0.0603691835894424,0.025375,177,33,nes2net_v2
runs_large,large_asv21_sweep,asvspoof2021_la,gain,-3.0,3.0,-3.0,0.34775,0.6906394375,0.99275,2.621505244325202,-0.000375,-0.0010001108122897,0.0012476492379634,-0.0010771992818671,0.0053007286761389,0.0055,1374,1417,reference_lfcc_logreg
runs_large,large_asv21_sweep,asvspoof2021_la,gain,3.0,3.0,3.0,0.3405,0.6962968125,0.9895,2.571643073688575,-0.0076249999999999,-0.0112509126072341,-0.0027501921194439,-0.0219030520646319,0.0437449360188699,0.049,1541,1180,reference_lfcc_logreg
runs_large,large_asv21_sweep,asvspoof2021_la,gain,-10.0,10.0,-10.0,0.349875,0.688163125,0.993,2.6343451491702305,0.0017499999999999,0.0003726731839893,0.005124605964177,0.0050269299820466,0.0231464990192461,0.0265,1314,1527,reference_lfcc_logreg
runs_large,large_asv21_sweep,asvspoof2021_la,gain,10.0,10.0,10.0,0.335625,0.689246375,0.997,2.8598616667175074,-0.0125,-0.0191286135032216,-0.0036243751936539,-0.0359066427289048,0.2557959935633441,0.255125,2721,687,reference_lfcc_logreg
runs_large,large_asv21_sweep,asvspoof2021_la,gain,-20.0,20.0,-20.0,0.365,0.680974875,0.9935,2.597091375253701,0.0168749999999999,0.0123729576594217,0.0208793374774042,0.0484739676840214,0.0469992357539883,0.049625,1286,1636,reference_lfcc_logreg
runs_large,large_asv21_sweep,asvspoof2021_la,gain,20.0,20.0,20.0,0.394125,0.6280094999999999,1.0,4.427432731197995,0.0459999999999999,0.0371232974908981,0.057379072031603,0.1321364452423697,0.4293187828053934,0.378,3530,507,reference_lfcc_logreg
runs_large,large_asv21_sweep,asvspoof2021_la,gain,-3.0,3.0,-3.0,0.1323749999999999,0.9366275,0.938,1.1696397385379502,-0.024875,-0.0327498923437044,-0.0193756330433775,-0.1581875993640701,0.0356473177639837,0.0675,848,410,aasist
runs_large,large_asv21_sweep,asvspoof2021_la,gain,3.0,3.0,3.0,0.132625,0.94065934375,0.8765000000000001,1.2850281156841266,-0.024625,-0.0326234924388346,-0.018875026976541,-0.1565977742448331,0.0459083119726983,0.07375,684,460,aasist
runs_large,large_asv21_sweep,asvspoof2021_la,gain,-10.0,10.0,-10.0,0.1644999999999999,0.9003254374999999,0.99975,1.0913209596186744,0.0072499999999999,-0.0003802419139905,0.015122821487516,0.0461049284578694,0.1283983333264853,0.259625,2217,254,aasist
runs_large,large_asv21_sweep,asvspoof2021_la,gain,10.0,10.0,10.0,0.151875,0.920335625,0.9295,1.3856902007316556,-0.0053749999999999,-0.0150027087022116,0.0031247329330287,-0.0341812400635927,0.0922597592238084,0.149,948,472,aasist
runs_large,large_asv21_sweep,asvspoof2021_la,gain,-20.0,20.0,-20.0,0.256125,0.8116902500000001,1.0,1.6959968467148314,0.0988749999999999,0.0863753079702969,0.1096264434988624,0.6287758346581875,0.4489999611230871,0.487375,3924,27,aasist
runs_large,large_asv21_sweep,asvspoof2021_la,gain,20.0,20.0,20.0,0.17525,0.8896243125000001,0.999,1.42480739018432,0.018,0.0072504291236622,0.0269996970227654,0.1144674085850557,0.1477512824347605,0.236375,1605,406,aasist
runs_large,large_asv21_sweep,asvspoof2021_la,gain,-3.0,3.0,-3.0,0.344375,0.72262590625,0.99775,8.20421927365288,-0.000375,-0.0046247207359437,0.0031245556171496,-0.0010877447425671,0.0012932123616292,0.0155,1334,1418,aasist3_kan
runs_large,large_asv21_sweep,asvspoof2021_la,gain,3.0,3.0,3.0,0.3385,0.7249636875,0.9915000000000002,8.283838628709136,-0.0062499999999999,-0.0132538542496142,0.0003732482715137,-0.0181290790427845,0.0101776768535483,0.08675,1255,1495,aasist3_kan
runs_large,large_asv21_sweep,asvspoof2021_la,gain,-10.0,10.0,-10.0,0.3455,0.72152075,0.99825,8.182395879245227,0.00075,-0.0018731060813646,0.0030004457285505,0.0021754894851342,0.0003056360847992,0.007,1371,1393,aasist3_kan
runs_large,large_asv21_sweep,asvspoof2021_la,gain,10.0,10.0,10.0,0.3219999999999999,0.736566125,0.99775,8.658962291204896,-0.02275,-0.0343781560759056,-0.0144971383006469,-0.0659898477157361,0.0209156988906284,0.201625,1401,1152,aasist3_kan
runs_large,large_asv21_sweep,asvspoof2021_la,gain,-20.0,20.0,-20.0,0.343875,0.7205745312499999,0.9985,8.18279487081023,-0.000875,-0.0017505716545499,0.0003734914147426,-0.0025380710659898,5.368215007859123e-05,0.001375,1375,1378,aasist3_kan
runs_large,large_asv21_sweep,asvspoof2021_la,gain,20.0,20.0,20.0,0.370375,0.67015359375,1.0,8.848189457878224,0.025625,0.011496985492268,0.037882868863217,0.0743292240754169,0.0204859784354393,0.387875,2926,485,aasist3_kan
runs_large,large_asv21_sweep,asvspoof2021_la,gain,-3.0,3.0,-3.0,0.056375,0.981532375,0.4345,0.4266338856907856,0.0128749999999999,0.0089988838688042,0.0157491525190165,0.2959770114942525,0.0206684952919007,0.02175,202,262,spectra_aasist3
runs_large,large_asv21_sweep,asvspoof2021_la,gain,3.0,3.0,3.0,0.0427499999999999,0.9870540625,0.4367499999999999,0.3436815022720878,-0.00075,-0.0038774080507476,0.0020000024781325,-0.0172413793103454,0.0180590424205452,0.018125,162,183,spectra_aasist3
runs_large,large_asv21_sweep,asvspoof2021_la,gain,-10.0,10.0,-10.0,0.0809999999999999,0.964363625,0.5752499999999999,0.607399041977343,0.0374999999999999,0.0327526910644845,0.0437516600875308,0.8620689655172403,0.0683767715644664,0.073375,257,506,spectra_aasist3
runs_large,large_asv21_sweep,asvspoof2021_la,gain,10.0,10.0,10.0,0.061125,0.979781125,0.68075,0.4931437234924228,0.0176249999999999,0.0132532054732775,0.0225024299834055,0.4051724137931031,0.0519517773224143,0.048125,214,271,spectra_aasist3
runs_large,large_asv21_sweep,asvspoof2021_la,gain,-20.0,20.0,-20.0,0.081625,0.9610665,0.56175,0.6655845787818346,0.0381249999999999,0.0325012740007814,0.0446305263392677,0.8764367816091947,0.0771758686140228,0.07975,323,331,spectra_aasist3
runs_large,large_asv21_sweep,asvspoof2021_la,gain,20.0,20.0,20.0,0.131875,0.946147125,0.7055,1.2272227607047248,0.088375,0.0812457252672972,0.0961256621803534,2.0316091954022983,0.1448351680682478,0.131375,794,337,spectra_aasist3
runs_large,large_asv21_sweep,asvspoof2021_la,gain,-3.0,3.0,-3.0,0.142125,0.92048696875,0.9675,1.7182052397679664,-0.0073749999999999,-0.0123722473141589,-0.0031240315581378,-0.0493311036789295,0.0311625868771819,0.0405,701,529,rawnet2
runs_large,large_asv21_sweep,asvspoof2021_la,gain,3.0,3.0,3.0,0.1332499999999999,0.92520625,0.98475,1.6449401307194615,-0.0162499999999999,-0.0207492972733939,-0.0115003136531231,-0.1086956521739129,0.0322342004057043,0.042875,609,502,rawnet2
runs_large,large_asv21_sweep,asvspoof2021_la,gain,-10.0,10.0,-10.0,0.197125,0.8790673124999999,0.99475,1.592975799070275,0.047625,0.039749706946658,0.0552578231793622,0.3185618729096993,0.1168830169093345,0.27175,2328,220,rawnet2
runs_large,large_asv21_sweep,asvspoof2021_la,gain,10.0,10.0,10.0,0.141625,0.9136120625,0.991,1.6242942251482144,-0.0078749999999999,-0.0151231514256026,-0.0022509957819044,-0.0526755852842807,0.0815247726381695,0.1155,976,418,rawnet2
runs_large,large_asv21_sweep,asvspoof2021_la,gain,-20.0,20.0,-20.0,0.40575,0.6372845625,1.0,3.3769010091990395,0.2562500000000001,0.2432454912974475,0.2693814437990305,1.714046822742476,0.4600605777951098,0.4785,3855,27,rawnet2
runs_large,large_asv21_sweep,asvspoof2021_la,gain,20.0,20.0,20.0,0.188125,0.8657809375000001,0.99375,1.8812904712654253,0.038625,0.0292523138457211,0.0475045203268101,0.2583612040133781,0.1622579247709988,0.2955,2217,261,rawnet2
runs_large,large_asv21_sweep,asvspoof2021_la,gain,-3.0,3.0,-3.0,0.0839999999999999,0.9780041875,0.61625,0.9340718686543674,-0.0008749999999999,-0.00350067287444,0.0020000431010606,-0.0103092783505153,0.0015440350366756,0.020125,364,322,ssl_aasist
runs_large,large_asv21_sweep,asvspoof2021_la,gain,3.0,3.0,3.0,0.085625,0.977552625,0.6252500000000001,0.9575563144747662,0.00075,-0.0021247014975564,0.003874857616965,0.0088365243004421,0.0018217524488496,0.017875,306,358,ssl_aasist
runs_large,large_asv21_sweep,asvspoof2021_la,gain,-10.0,10.0,-10.0,0.0845,0.97742053125,0.6157499999999999,0.92139650426196,-0.0003749999999999,-0.0033714945376188,0.0037500076879896,-0.0044182621502204,0.0055730176232568,0.039125,407,319,ssl_aasist
runs_large,large_asv21_sweep,asvspoof2021_la,gain,10.0,10.0,10.0,0.0955,0.9711676875,0.6997500000000001,1.013599732391708,0.010625,0.0070000108390793,0.0146258357379086,0.1251840942562596,0.0069730705717468,0.042375,310,408,ssl_aasist
runs_large,large_asv21_sweep,asvspoof2021_la,gain,-20.0,20.0,-20.0,0.0857499999999999,0.973537375,0.673,0.9367969669872114,0.000875,-0.0031263999044106,0.00587847597737,0.0103092783505156,0.0196906366035317,0.065,531,290,ssl_aasist
runs_large,large_asv21_sweep,asvspoof2021_la,gain,20.0,20.0,20.0,0.1146249999999999,0.952831125,0.9335,1.2788655380624718,0.02975,0.0247422207503787,0.0347572427332772,0.3505154639175258,0.0577539659481093,0.06925,390,465,ssl_aasist
runs_large,large_asv21_sweep,asvspoof2021_la,gain,-3.0,3.0,-3.0,0.0637499999999999,0.987201875,0.398,0.4456879070505479,-0.0004999999999999,-0.0035064337191497,0.0012501262022375,-0.0077821011673149,0.0039190583771889,0.022125,159,326,xlsr_mamba
runs_large,large_asv21_sweep,asvspoof2021_la,gain,3.0,3.0,3.0,0.0659999999999999,0.9858428125,0.4297499999999999,0.3777787217409253,0.00175,-0.000622859059122,0.0035038229641217,0.0272373540856031,0.0038971653773847,0.01875,356,220,xlsr_mamba
runs_large,large_asv21_sweep,asvspoof2021_la,gain,-10.0,10.0,-10.0,0.0635,0.9868296875,0.4112499999999999,0.5896023596123059,-0.0007499999999999,-0.0038791046462444,0.0021254710050645,-0.0116731517509723,0.0184795745705956,0.052125,58,459,xlsr_mamba
runs_large,large_asv21_sweep,asvspoof2021_la,gain,10.0,10.0,10.0,0.0778749999999999,0.9795489375,0.5315,0.3850229336682068,0.0136249999999999,0.0100003902040248,0.0179998516614129,0.2120622568093385,0.021764093566177,0.070875,675,162,xlsr_mamba
runs_large,large_asv21_sweep,asvspoof2021_la,gain,-20.0,20.0,-20.0,0.07625,0.97890875,0.55,1.1914485217043858,0.012,0.0067446151192831,0.0168748268852467,0.1867704280155648,0.1023796995162704,0.097,25,795,xlsr_mamba
runs_large,large_asv21_sweep,asvspoof2021_la,gain,20.0,20.0,20.0,0.119,0.9476659375,0.8807499999999999,0.7814419333340128,0.05475,0.0481215380300428,0.0607459926222154,0.8521400778210123,0.1598986527132731,0.14925,1215,269,xlsr_mamba
runs_large,large_asv21_sweep,asvspoof2021_la,gain,-3.0,3.0,-3.0,0.1727499999999999,0.8976333750000001,0.701,1.8453620453061277,-0.000875,-0.0027472856410258,0.0012501425103689,-0.0050395968322535,0.001363380105391,0.00425,704,675,nes2net
runs_large,large_asv21_sweep,asvspoof2021_la,gain,3.0,3.0,3.0,0.1694999999999999,0.89935715625,0.6939999999999998,1.8309895307058337,-0.0041249999999999,-0.006504733151232,-0.0007499671985444,-0.0237580993520517,0.0094515941075387,0.017125,671,687,nes2net
runs_large,large_asv21_sweep,asvspoof2021_la,gain,-10.0,10.0,-10.0,0.1727499999999999,0.8977338124999998,0.701,1.8413453020524404,-0.000875,-0.0029990168775548,0.0005013559733355,-0.0050395968322535,0.0013093162380183,0.003375,699,677,nes2net
runs_large,large_asv21_sweep,asvspoof2021_la,gain,10.0,10.0,10.0,0.1624999999999999,0.9121241875,0.6557499999999999,1.6054792755145617,-0.0111249999999999,-0.0159990434389631,-0.0043743703588254,-0.0640748740100791,0.0507639199577657,0.06725,517,934,nes2net
runs_large,large_asv21_sweep,asvspoof2021_la,gain,-20.0,20.0,-20.0,0.173,0.8981475937500001,0.6814999999999999,1.8243158848866168,-0.0006249999999999,-0.0025012062423277,0.0007532698859777,-0.0035997120230379,0.0028330543075114,0.00475,683,702,nes2net
runs_large,large_asv21_sweep,asvspoof2021_la,gain,20.0,20.0,20.0,0.1627499999999999,0.915503375,0.7829999999999999,1.216229361574442,-0.0108749999999999,-0.0198756912795699,-0.0019999738713159,-0.0626349892008639,0.120982596066295,0.206125,194,1786,nes2net
runs_large,large_asv21_sweep,asvspoof2021_la,gain,-3.0,3.0,-3.0,0.159,0.9106596875,0.96875,0.7172406908799259,-0.0003749999999999,-0.0055032691970127,0.0052475691119928,-0.0023529411764703,0.0371820507616416,0.04925,614,657,xlsr_linear
runs_large,large_asv21_sweep,asvspoof2021_la,gain,3.0,3.0,3.0,0.1679999999999999,0.90619759375,0.9707500000000002,0.7401635860134553,0.0086249999999999,0.0037391041666742,0.0146280409189776,0.0541176470588234,0.039481888534386,0.054375,621,707,xlsr_linear
runs_large,large_asv21_sweep,asvspoof2021_la,gain,-10.0,10.0,-10.0,0.17425,0.8948724375000001,0.9745,0.9284912866969228,0.014875,0.008250452242012,0.0235033716367756,0.0933333333333335,0.1024263394536225,0.132375,380,1084,xlsr_linear
runs_large,large_asv21_sweep,asvspoof2021_la,gain,10.0,10.0,10.0,0.1907499999999999,0.882887375,0.99475,0.9816736951627816,0.0313749999999999,0.0236247948657541,0.0394997395528401,0.1968627450980391,0.1097147889119913,0.14475,378,1159,xlsr_linear
runs_large,large_asv21_sweep,asvspoof2021_la,gain,-20.0,20.0,-20.0,0.2095,0.8656517499999999,0.9762500000000002,1.5123768102743136,0.050125,0.0408686575242678,0.0585036006996112,0.3145098039215687,0.2097150649493009,0.293375,97,2337,xlsr_linear
runs_large,large_asv21_sweep,asvspoof2021_la,gain,20.0,20.0,20.0,0.223625,0.8417445625,1.0,1.65294979520147,0.06425,0.0553712973254589,0.0733786676686053,0.403137254901961,0.2190517187953705,0.305875,78,2452,xlsr_linear
runs_large,large_asv21_sweep,asvspoof2021_la,gain,-3.0,3.0,-3.0,0.18825,0.901567875,0.95025,1.392053520171638,0.006875,0.003750084299528,0.0102500722693666,0.0379048931771193,0.0266545114311628,0.029,636,845,wavlm_linear
runs_large,large_asv21_sweep,asvspoof2021_la,gain,3.0,3.0,3.0,0.1704999999999999,0.9159411875,0.94575,1.1191255116343095,-0.010875,-0.0148782955180338,-0.0071251296143866,-0.0599586492074432,0.0216725546387438,0.03375,781,620,wavlm_linear
runs_large,large_asv21_sweep,asvspoof2021_la,gain,-10.0,10.0,-10.0,0.197375,0.8898283125,0.9515,2.039957204236973,0.016,0.0105003110296383,0.0211248509786091,0.0882150241212957,0.1184642797733517,0.116,388,1293,wavlm_linear
runs_large,large_asv21_sweep,asvspoof2021_la,gain,10.0,10.0,10.0,0.170375,0.908570125,0.974,1.7146943978044291,-0.011,-0.018624797100028,-0.003374122793609,-0.0606478290833908,0.1080091937946297,0.123625,396,996,wavlm_linear
runs_large,large_asv21_sweep,asvspoof2021_la,gain,-20.0,20.0,-20.0,0.20475,0.8786573125000001,0.96725,3.9944274437227887,0.0233749999999999,0.0157431917222625,0.0308780934696713,0.1288766368022052,0.2743855365771013,0.329,72,2687,wavlm_linear
runs_large,large_asv21_sweep,asvspoof2021_la,gain,20.0,20.0,20.0,0.196625,0.8783889375,0.995,5.366073030141003,0.0152499999999999,0.0056249307466697,0.0243806254675535,0.0840799448656098,0.288327548854442,0.408125,19,3271,wavlm_linear
runs_large,large_asv21_sweep,asvspoof2021_la,gain,-3.0,3.0,-3.0,0.069375,0.9636545625,0.99925,0.6428142244938607,0.006125,0.0031218897126873,0.0088751714136554,0.0968379446640324,0.0102921000231769,0.0175,180,310,nes2net_v2
runs_large,large_asv21_sweep,asvspoof2021_la,gain,3.0,3.0,3.0,0.0596249999999999,0.9728279375,0.8862500000000001,0.4871260007205324,-0.0036249999999999,-0.0065035562362376,-0.0014999484719126,-0.0573122529644267,0.0119986700517779,0.019875,348,205,nes2net_v2
runs_large,large_asv21_sweep,asvspoof2021_la,gain,-10.0,10.0,-10.0,0.089375,0.952748125,0.99875,0.8134757271834496,0.026125,0.0203751202965195,0.0311251672567825,0.4130434782608705,0.0297146378048049,0.0455,96,430,nes2net_v2
runs_large,large_asv21_sweep,asvspoof2021_la,gain,10.0,10.0,10.0,0.0625,0.9792195625,0.665,0.4027460022702387,-0.0007499999999999,-0.0047511613724051,0.0031253320333251,-0.0118577075098809,0.033061236861952,0.075875,709,124,nes2net_v2
runs_large,large_asv21_sweep,asvspoof2021_la,gain,-20.0,20.0,-20.0,0.1093749999999999,0.9420885,0.9885,1.0501594628951811,0.046125,0.0397499296408355,0.0536251883219182,0.7292490118577079,0.0691285863273205,0.0715,121,549,nes2net_v2
runs_large,large_asv21_sweep,asvspoof2021_la,gain,20.0,20.0,20.0,0.0971249999999999,0.9619284375,0.8200000000000002,0.6094111612389969,0.033875,0.0276189609742907,0.0382493864686689,0.5355731225296445,0.0585954486059151,0.162,1323,143,nes2net_v2
runs_large,large_itw_sweep,in_the_wild,gain,-3.0,3.0,-3.0,0.6395,0.3196315625,0.9985,5.849045642097102,0.0024999999999999,0.0012499868746663,0.0051243767922196,0.0039246467817895,0.0051358475043704,0.003375,2561,2556,reference_lfcc_logreg
runs_large,large_itw_sweep,in_the_wild,gain,3.0,3.0,3.0,0.6311249999999999,0.332661125,0.9985,5.757861047842384,-0.005875,-0.0076244555386478,-0.0029973713362165,-0.0092229199372057,0.0082490636845001,0.007625,2542,2503,reference_lfcc_logreg
runs_large,large_itw_sweep,in_the_wild,gain,-10.0,10.0,-10.0,0.65325,0.299766375,0.9985,5.906940106734789,0.0162499999999999,0.0128747881042483,0.0204993299578485,0.0255102040816326,0.0242116347675128,0.0215,2651,2549,reference_lfcc_logreg
runs_large,large_itw_sweep,in_the_wild,gain,10.0,10.0,10.0,0.616625,0.354685,0.99875,5.307303165787712,-0.020375,-0.0248763350119803,-0.0147499744141021,-0.0319858712715856,0.0347251385759121,0.05475,2605,2225,reference_lfcc_logreg
runs_large,large_itw_sweep,in_the_wild,gain,-20.0,20.0,-20.0,0.6739999999999999,0.263628,0.99975,5.85210142922081,0.0369999999999999,0.0313719254001372,0.0438742645704917,0.0580847723704865,0.0695628223049796,0.066,2855,2449,reference_lfcc_logreg
runs_large,large_itw_sweep,in_the_wild,gain,20.0,20.0,20.0,0.583,0.3747629999999999,0.9905,4.467713279557177,-0.054,-0.0627560293519658,-0.0442466436861893,-0.0847723704866562,0.2501525736498566,0.266375,3189,1082,reference_lfcc_logreg
runs_large,large_itw_sweep,in_the_wild,gain,-3.0,3.0,-3.0,0.431375,0.59233125,0.99825,2.0155739344194012,-0.0009999999999999,-0.008501618304809,0.0064990785575744,-0.0023128071697021,0.1138924560653626,0.1375,2352,1373,aasist
runs_large,large_itw_sweep,in_the_wild,gain,3.0,3.0,3.0,0.43425,0.6020773749999999,0.999,2.7239312568185015,0.001875,-0.0067532966505469,0.0090017054204243,0.0043365134431918,0.1062438047784969,0.123125,1223,2047,aasist
runs_large,large_itw_sweep,in_the_wild,gain,-10.0,10.0,-10.0,0.503,0.5195248750000001,0.99975,2.0275834804468182,0.070625,0.0596244096589932,0.081256268677388,0.1633420063602198,0.3747864962352158,0.397875,3539,441,aasist
runs_large,large_itw_sweep,in_the_wild,gain,10.0,10.0,10.0,0.38175,0.6806455625,0.999,3.288711921241357,-0.0506249999999999,-0.0626276580449947,-0.0373809597109991,-0.117085862966175,0.2750233595229318,0.335875,471,2697,aasist
runs_large,large_itw_sweep,in_the_wild,gain,-20.0,20.0,-20.0,0.578625,0.4176319375,1.0,2.851862364764491,0.14625,0.1343712486583814,0.1600000139538236,0.3382480485689506,0.5688341816393597,0.496,3994,27,aasist
runs_large,large_itw_sweep,in_the_wild,gain,20.0,20.0,20.0,0.315625,0.757798875,0.99275,3.682134075688466,-0.1167499999999999,-0.1297525328667923,-0.1008785751061165,-0.2700202370627348,0.3587758696220053,0.4495,108,3423,aasist
runs_large,large_itw_sweep,in_the_wild,gain,-3.0,3.0,-3.0,0.31575,0.7428540625,0.9795,8.217611641531297,0.0,0.0,0.0,0.0,1.5184279868294892e-08,0.000125,1266,1261,aasist3_kan
runs_large,large_itw_sweep,in_the_wild,gain,3.0,3.0,3.0,0.31625,0.7424554375,0.98,8.22866737550244,0.0005,-0.0002536880034896,0.0016266818946128,0.0015835312747428,6.2481568382283e-05,0.001375,1266,1265,aasist3_kan
runs_large,large_itw_sweep,in_the_wild,gain,-10.0,10.0,-10.0,0.31575,0.7428539062499999,0.9795,8.217612824579419,0.0,0.0,0.0,0.0,8.623570299984458e-09,0.000125,1266,1261,aasist3_kan
runs_large,large_itw_sweep,in_the_wild,gain,10.0,10.0,10.0,0.3249999999999999,0.739106625,0.94925,8.404127600757645,0.0092499999999999,0.0038763367513073,0.0117566263977727,0.0292953285827394,0.0019524885089598,0.03975,1306,1276,aasist3_kan
runs_large,large_itw_sweep,in_the_wild,gain,-20.0,20.0,-20.0,0.31575,0.7428540312499999,0.9795,8.217612822426537,0.0,0.0,0.0,0.0,1.0807611873977964e-08,0.000125,1266,1261,aasist3_kan
runs_large,large_itw_sweep,in_the_wild,gain,20.0,20.0,20.0,0.3295,0.7398953125,0.9715,8.730033808181199,0.01375,0.0022428694029521,0.0220055412414539,0.0435471100554237,0.0064156063085786,0.209375,1741,892,aasist3_kan
runs_large,large_itw_sweep,in_the_wild,gain,-3.0,3.0,-3.0,0.007875,0.99485575,0.1244999999999999,0.1052445462566457,-0.0006249999999999,-0.0012501692030548,0.0008752085397529,-0.0735294117647012,0.0049377915975167,0.001875,31,38,spectra_aasist3
runs_large,large_itw_sweep,in_the_wild,gain,3.0,3.0,3.0,0.0093749999999999,0.9952083125,0.1044999999999999,0.1007114422148761,0.000875,-0.0008742902590721,0.001875530886453,0.1029411764705902,0.0046850494582336,0.002125,37,38,spectra_aasist3
runs_large,large_itw_sweep,in_the_wild,gain,-10.0,10.0,-10.0,0.01125,0.993039,0.19475,0.1216113767458379,0.00275,-0.0003795228825347,0.0053748591038796,0.3235294117647103,0.0158680475216851,0.00775,30,60,spectra_aasist3
runs_large,large_itw_sweep,in_the_wild,gain,10.0,10.0,10.0,0.01175,0.99320225,0.1642499999999999,0.1223293733904123,0.00325,0.0013753084581963,0.0055000615921827,0.3823529411764766,0.0143896206193389,0.0075,48,46,spectra_aasist3
runs_large,large_itw_sweep,in_the_wild,gain,-20.0,20.0,-20.0,0.0262499999999999,0.981717,0.514,0.2057467247809428,0.01775,0.0131231062263419,0.0225105149138511,2.088235294117655,0.0369242487964154,0.023375,45,162,spectra_aasist3
runs_large,large_itw_sweep,in_the_wild,gain,20.0,20.0,20.0,0.0346249999999999,0.99033,0.22275,0.2809931089104878,0.026125,0.0222515888809908,0.0302570012399034,3.073529411764716,0.0447363302308193,0.033875,220,63,spectra_aasist3
runs_large,large_itw_sweep,in_the_wild,gain,-3.0,3.0,-3.0,0.502,0.4906585625,0.9995,3.832345002719532,0.0122499999999999,0.0053756097877225,0.0173798385041744,0.0250127616130678,0.1471606625992467,0.16425,2747,1461,rawnet2
runs_large,large_itw_sweep,in_the_wild,gain,3.0,3.0,3.0,0.47075,0.540655875,0.99975,4.630650237218555,-0.019,-0.0276239216421624,-0.0151312386518649,-0.038795303726391,0.1225155411538136,0.165125,1167,2434,rawnet2
runs_large,large_itw_sweep,in_the_wild,gain,-10.0,10.0,-10.0,0.53275,0.4722231249999999,0.99975,3.460857060498592,0.0429999999999999,0.0311228589641598,0.0544985909012399,0.0877998979070953,0.4451631160757855,0.4115,3736,470,rawnet2
runs_large,large_itw_sweep,in_the_wild,gain,10.0,10.0,10.0,0.38325,0.6436435312500001,1.0,5.636330063180636,-0.1065,-0.1185032343813432,-0.0957442072112143,-0.217457886676876,0.2655276637345523,0.376875,338,3039,rawnet2
runs_large,large_itw_sweep,in_the_wild,gain,-20.0,20.0,-20.0,0.5077499999999999,0.5297384375,1.0,2.9968825183695467,0.0179999999999999,0.0012483341627681,0.0335031858599748,0.0367534456355281,0.6310962643714383,0.498875,3999,10,rawnet2
runs_large,large_itw_sweep,in_the_wild,gain,20.0,20.0,20.0,0.348,0.68889496875,1.0,5.39811529357864,-0.14175,-0.156375017163653,-0.1271247915458836,-0.2894333843797856,0.3428524005793432,0.469125,412,2953,rawnet2
runs_large,large_itw_sweep,in_the_wild,gain,-3.0,3.0,-3.0,0.12275,0.9525685625,0.57125,1.916103146071409,0.008625,0.0042502332052994,0.012750304892572,0.0755750273822566,0.0363777595640625,0.027625,519,465,ssl_aasist
runs_large,large_itw_sweep,in_the_wild,gain,3.0,3.0,3.0,0.1128749999999999,0.959514375,0.46975,1.8742905029901584,-0.00125,-0.0041243505772534,0.0028740007087037,-0.0109529025191675,0.0322015541281759,0.020625,422,488,ssl_aasist
runs_large,large_itw_sweep,in_the_wild,gain,-10.0,10.0,-10.0,0.18225,0.9049896875,0.7655000000000001,2.625338470619981,0.068125,0.0607497956966156,0.0761251506889353,0.5969331872946336,0.1228037137929027,0.12125,818,641,ssl_aasist
runs_large,large_itw_sweep,in_the_wild,gain,10.0,10.0,10.0,0.12075,0.9557563125,0.45175,2.384636869264595,0.006625,0.0014969302505605,0.0116254336690616,0.0580503833515884,0.0954861843514579,0.068375,338,716,ssl_aasist
runs_large,large_itw_sweep,in_the_wild,gain,-20.0,20.0,-20.0,0.3685,0.68643215625,0.9855,3.4304079607513667,0.2543750000000001,0.2431168400566669,0.2668750854923535,2.2289156626506035,0.2123754130112773,0.336125,2243,811,ssl_aasist
runs_large,large_itw_sweep,in_the_wild,gain,20.0,20.0,20.0,0.16025,0.9217664375,0.5834999999999999,4.435770104898185,0.046125,0.0391252148425202,0.0531253915651438,0.404162102957284,0.1900558427715405,0.21975,193,1860,ssl_aasist
runs_large,large_itw_sweep,in_the_wild,gain,-3.0,3.0,-3.0,0.073625,0.977368125,0.44575,2.0517919048200395,0.0054999999999999,0.0022504955646606,0.0090003419159404,0.080733944954128,0.043619176569803,0.0445,162,507,xlsr_mamba
runs_large,large_itw_sweep,in_the_wild,gain,3.0,3.0,3.0,0.0655,0.9806169375,0.3972499999999999,1.393257553217555,-0.002625,-0.0056300915772687,0.0005000000500002,-0.0385321100917433,0.0399143704640641,0.042125,458,134,xlsr_mamba
runs_large,large_itw_sweep,in_the_wild,gain,-10.0,10.0,-10.0,0.107625,0.956113875,0.62725,3.414296536675212,0.0394999999999999,0.0334964308105315,0.0465030315450784,0.5798165137614675,0.1338941379578115,0.1905,84,1547,xlsr_mamba
runs_large,large_itw_sweep,in_the_wild,gain,10.0,10.0,10.0,0.0739999999999999,0.9727027500000002,0.49875,1.201364382086394,0.0058749999999999,0.0007500022687569,0.0110064434101586,0.0862385321100911,0.1031210302803516,0.1655,1351,44,xlsr_mamba
runs_large,large_itw_sweep,in_the_wild,gain,-20.0,20.0,-20.0,0.296375,0.76717678125,0.99475,4.6589173672151425,0.2282499999999999,0.2176250711472348,0.2392502878805957,3.350458715596329,0.1860200615951793,0.38775,347,2728,xlsr_mamba
runs_large,large_itw_sweep,in_the_wild,gain,20.0,20.0,20.0,0.1109999999999999,0.952693,0.6782499999999999,1.2859345332817995,0.0428749999999999,0.0357498883342651,0.0493761965431795,0.6293577981651369,0.152054020957081,0.390625,3109,17,xlsr_mamba
runs_large,large_itw_sweep,in_the_wild,gain,-3.0,3.0,-3.0,0.1879999999999999,0.8970286875,0.8157499999999999,1.857420343882013,-0.0005,-0.0016236577293798,0.0006248486081619,-0.0026525198938993,0.0003698574745093,0.000625,751,754,nes2net
runs_large,large_itw_sweep,in_the_wild,gain,3.0,3.0,3.0,0.1887499999999999,0.8966061562499998,0.8162499999999998,1.8607318508552264,0.0002499999999999,-0.0005169780281781,0.0015026755207855,0.0013262599469494,0.0002544640994101,0.000375,757,754,nes2net
runs_large,large_itw_sweep,in_the_wild,gain,-10.0,10.0,-10.0,0.186125,0.8982434374999999,0.80425,1.8418046416560807,-0.0023749999999999,-0.0037541336459782,0.000125603698383,-0.0125994694960211,0.0023074278269446,0.0065,724,772,nes2net
runs_large,large_itw_sweep,in_the_wild,gain,10.0,10.0,10.0,0.19125,0.8949874062500001,0.82475,1.857348319881422,0.00275,0.0012500563931789,0.0061247841641124,0.0145888594164456,0.0041698055932426,0.0105,756,784,nes2net
runs_large,large_itw_sweep,in_the_wild,gain,-20.0,20.0,-20.0,0.183875,0.90237553125,0.7899999999999999,1.747503275627798,-0.0046249999999999,-0.0089995972897359,-0.0006243914608887,-0.0245358090185675,0.0128659112575181,0.03725,604,890,nes2net
runs_large,large_itw_sweep,in_the_wild,gain,20.0,20.0,20.0,0.2291249999999999,0.8627216875000001,0.8705000000000002,1.6755250228943064,0.0406249999999999,0.0335004597939595,0.0478774653168834,0.2155172413793101,0.0485940779883357,0.103625,587,1288,nes2net
runs_large,large_itw_sweep,in_the_wild,gain,-3.0,3.0,-3.0,0.26075,0.8166346250000001,0.978,1.6431020570545165,-0.0082499999999999,-0.0143795203995288,-0.0004969985275967,-0.0306691449814125,0.0371901289850739,0.1245,672,1478,xlsr_linear
runs_large,large_itw_sweep,in_the_wild,gain,3.0,3.0,3.0,0.275,0.80117890625,0.99875,1.3222105498522505,0.006,-3.0704986489811156e-06,0.0142491972823845,0.0223048327137546,0.0425054375700977,0.122375,1506,761,xlsr_linear
runs_large,large_itw_sweep,in_the_wild,gain,-10.0,10.0,-10.0,0.27125,0.8009802187499999,0.9610000000000002,2.0454288404229586,0.0022499999999999,-0.0066286608134183,0.0130000222625495,0.0083643122676578,0.0822260881514764,0.302625,326,2403,xlsr_linear
runs_large,large_itw_sweep,in_the_wild,gain,10.0,10.0,10.0,0.2907499999999999,0.777413375,0.99925,1.1713065137210663,0.0217499999999999,0.011619774641404,0.0318739019157827,0.0808550185873603,0.1063008522064421,0.270125,2284,435,xlsr_linear
runs_large,large_itw_sweep,in_the_wild,gain,-20.0,20.0,-20.0,0.403875,0.6353448749999999,0.9975,2.3079757714062112,0.134875,0.1221205266547115,0.1468719871192113,0.5013940520446097,0.106898229249574,0.421,633,2793,xlsr_linear
runs_large,large_itw_sweep,in_the_wild,gain,20.0,20.0,20.0,0.350875,0.7009906250000001,1.0,1.4296453983790056,0.0818749999999999,0.0704997831180771,0.0955025265435238,0.3043680297397768,0.1225072991584191,0.339625,2064,895,xlsr_linear
runs_large,large_itw_sweep,in_the_wild,gain,-3.0,3.0,-3.0,0.1969999999999999,0.87339996875,0.989,3.5561717680900085,0.0004999999999999,-0.0026252962671475,0.005000125003125,0.0025445292620863,0.0131444168348377,0.043625,621,940,wavlm_linear
runs_large,large_itw_sweep,in_the_wild,gain,3.0,3.0,3.0,0.195375,0.8709325625,0.98275,2.9875501973773297,-0.0011249999999999,-0.0035031553803223,0.0042466725480957,-0.0057251908396945,0.0128141360497729,0.03625,930,670,wavlm_linear
runs_large,large_itw_sweep,in_the_wild,gain,-10.0,10.0,-10.0,0.212375,0.8576041875000001,0.9925,4.802502877999892,0.015875,0.0097505791968086,0.0236287441122691,0.0807888040712468,0.0395190864646912,0.1995,294,1850,wavlm_linear
runs_large,large_itw_sweep,in_the_wild,gain,10.0,10.0,10.0,0.2201249999999999,0.8493133749999999,0.98875,2.822234432536143,0.0236249999999999,0.0173718873177057,0.0301282511066406,0.1202290076335875,0.0383279272675815,0.09825,1210,654,wavlm_linear
runs_large,large_itw_sweep,in_the_wild,gain,-20.0,20.0,-20.0,0.273375,0.7969634999999999,0.9955,7.271564145960405,0.0768749999999999,0.0667535375754376,0.0882510611955754,0.3912213740458014,0.0531005637158588,0.416375,62,3291,wavlm_linear
runs_large,large_itw_sweep,in_the_wild,gain,20.0,20.0,20.0,0.33825,0.7064951875,0.99875,4.7967494059924665,0.14175,0.1311190957765219,0.1536319438879786,0.7213740458015269,0.0577557889450464,0.229875,752,1757,wavlm_linear
runs_large,large_itw_sweep,in_the_wild,gain,-3.0,3.0,-3.0,0.1002499999999999,0.94584175,0.9995,1.4496778008097615,0.0197499999999999,0.0156255027952132,0.0251245265962665,0.2453416149068319,0.0502369333748073,0.035375,265,478,nes2net_v2
runs_large,large_itw_sweep,in_the_wild,gain,3.0,3.0,3.0,0.071375,0.97053721875,0.80125,0.8002118034750004,-0.0091249999999999,-0.0129977684344104,-0.0060007082731609,-0.1133540372670806,0.0446288476690043,0.02725,385,221,nes2net_v2
runs_large,large_itw_sweep,in_the_wild,gain,-10.0,10.0,-10.0,0.18875,0.8662249062500001,0.9995,2.513436958757755,0.10825,0.0997452324703513,0.1186311424000256,1.3447204968944098,0.1737151481152307,0.14975,273,1107,nes2net_v2
runs_large,large_itw_sweep,in_the_wild,gain,10.0,10.0,10.0,0.06425,0.9775005625,0.56075,0.4803310205353895,-0.01625,-0.021124820673832,-0.0110000570522679,-0.201863354037267,0.1155286625394687,0.077625,646,107,nes2net_v2
runs_large,large_itw_sweep,in_the_wild,gain,-20.0,20.0,-20.0,0.35475,0.6705087187500001,0.99975,3.2737423534866155,0.27425,0.262373855655388,0.2858747658077728,3.4068322981366452,0.3010775392110038,0.357625,1412,1429,nes2net_v2
runs_large,large_itw_sweep,in_the_wild,gain,20.0,20.0,20.0,0.1059999999999999,0.9608770625,0.6115,0.526466362226804,0.0254999999999999,0.0190071022627323,0.0327503675998096,0.3167701863354032,0.1663798376611211,0.18575,1475,61,nes2net_v2
