run_group,run,dataset,source_model,transfer_model,distortion_type,level,eer,delta_eer,auc,cllr,min_cllr,calibration_loss
runs,aasist3_asv19_attack,asvspoof2019_la,aasist3_kan,aasist,fgsm,10.0,0.291875,0.285625,,,,
runs,aasist3_asv19_attack,asvspoof2019_la,aasist3_kan,aasist,fgsm,20.0,0.0837499999999999,0.0775,,,,
runs,aasist3_asv19_attack,asvspoof2019_la,aasist3_kan,aasist,fgsm,30.0,0.0112499999999999,0.005,,,,
runs,aasist3_asv19_attack,asvspoof2019_la,aasist3_kan,aasist,fgsm,40.0,0.0062499999999999,0.0,,,,
runs,aasist3_asv19_attack,asvspoof2019_la,aasist3_kan,aasist,pgd,10.0,0.1212499999999999,0.1149999999999999,,,,
runs,aasist3_asv19_attack,asvspoof2019_la,aasist3_kan,aasist,pgd,20.0,0.0262499999999999,0.0199999999999999,,,,
runs,aasist3_asv19_attack,asvspoof2019_la,aasist3_kan,aasist,pgd,30.0,0.00875,0.0025,,,,
runs,aasist3_asv19_attack,asvspoof2019_la,aasist3_kan,aasist,pgd,40.0,0.0068749999999999,0.0006249999999999,,,,
runs,aasist3_asv19_attack_matrix,asvspoof2019_la,aasist3_kan,aasist,fgsm,10.0,0.294375,0.2881250000000001,0.7947890625,4.558416370018151,0.7537462356493866,3.804670134368764
runs,aasist3_asv19_attack_matrix,asvspoof2019_la,aasist3_kan,aasist,fgsm,20.0,0.0837499999999999,0.0775,0.9778765625,0.8363735249900098,0.2572395834121078,0.579133941577902
runs,aasist3_asv19_attack_matrix,asvspoof2019_la,aasist3_kan,aasist,fgsm,30.0,0.0112499999999999,0.005,0.99958125,0.0738702031175601,0.0318154318500466,0.0420547712675134
runs,aasist3_asv19_attack_matrix,asvspoof2019_la,aasist3_kan,aasist,fgsm,40.0,0.0062499999999999,0.0,0.9997078125,0.1061779248283879,0.0236848316019689,0.082493093226419
runs,aasist3_asv19_attack_matrix,asvspoof2019_la,aasist3_kan,aasist,pgd,10.0,0.1212499999999999,0.1149999999999999,0.9571234375,1.158981038156131,0.358153607580615,0.800827430575516
runs,aasist3_asv19_attack_matrix,asvspoof2019_la,aasist3_kan,aasist,pgd,20.0,0.0274999999999999,0.0212499999999999,0.996871875,0.1039436678319073,0.089300874760169,0.0146427930717382
runs,aasist3_asv19_attack_matrix,asvspoof2019_la,aasist3_kan,aasist,pgd,30.0,0.009375,0.003125,0.9997328125,0.0989357715769793,0.0221965510249199,0.0767392205520594
runs,aasist3_asv19_attack_matrix,asvspoof2019_la,aasist3_kan,aasist,pgd,40.0,0.0062499999999999,0.0,0.999703125,0.1066971973778028,0.0244040463829016,0.0822931509949012
runs,aasist3_asv19_attack_matrix,asvspoof2019_la,aasist3_kan,aasist,pgd_l2,10.0,0.2299999999999999,0.22375,0.853596875,4.1494237808528975,0.646950355035395,3.5024734258175023
runs,aasist3_asv19_attack_matrix,asvspoof2019_la,aasist3_kan,aasist,pgd_l2,20.0,0.0743749999999999,0.0681249999999999,0.9825828125,0.4510646092390723,0.2306519593345074,0.2204126499045648
runs,aasist3_asv19_attack_matrix,asvspoof2019_la,aasist3_kan,aasist,pgd_l2,30.0,0.0174999999999999,0.0112499999999999,0.9986359375,0.092391098317927,0.056742991511601,0.035648106806326
runs,aasist3_asv19_attack_matrix,asvspoof2019_la,aasist3_kan,aasist,pgd_l2,40.0,0.0074999999999999,0.0012499999999999,0.9997015625,0.1040766830556753,0.0259229418811499,0.0781537411745253
runs,aasist3_asv19_attack_matrix,asvspoof2019_la,aasist3_kan,spectra_aasist3,fgsm,10.0,0.0699999999999999,0.0631249999999999,0.9715328125,0.5658191275384122,0.2559938429281629,0.3098252846102493
runs,aasist3_asv19_attack_matrix,asvspoof2019_la,aasist3_kan,spectra_aasist3,fgsm,20.0,0.02875,0.021875,0.9935515625,0.1364912741779609,0.112553778572601,0.0239374956053599
runs,aasist3_asv19_attack_matrix,asvspoof2019_la,aasist3_kan,spectra_aasist3,fgsm,30.0,0.030625,0.02375,0.99149375,0.1725245822612638,0.1193965267625591,0.0531280554987047
runs,aasist3_asv19_attack_matrix,asvspoof2019_la,aasist3_kan,spectra_aasist3,fgsm,40.0,0.0374999999999999,0.030625,0.9869046875,0.2477129775363849,0.1514106064575179,0.096302371078867
runs,aasist3_asv19_attack_matrix,asvspoof2019_la,aasist3_kan,spectra_aasist3,pgd,10.0,0.023125,0.01625,0.9956453125,0.1053263605145326,0.0940806564565905,0.0112457040579421
runs,aasist3_asv19_attack_matrix,asvspoof2019_la,aasist3_kan,spectra_aasist3,pgd,20.0,0.02,0.013125,0.997521875,0.0852850933182643,0.065130845377471,0.0201542479407932
runs,aasist3_asv19_attack_matrix,asvspoof2019_la,aasist3_kan,spectra_aasist3,pgd,30.0,0.015625,0.00875,0.9985609375,0.1021464118147373,0.0455608057801247,0.0565856060346126
runs,aasist3_asv19_attack_matrix,asvspoof2019_la,aasist3_kan,spectra_aasist3,pgd,40.0,0.00875,0.001875,0.99938125,0.1020217918432329,0.0341786528324288,0.067843139010804
runs,aasist3_asv19_attack_matrix,asvspoof2019_la,aasist3_kan,spectra_aasist3,pgd_l2,10.0,0.0218749999999999,0.0149999999999999,0.9980109375,0.1651850934798588,0.0703368572719613,0.0948482362078974
runs,aasist3_asv19_attack_matrix,asvspoof2019_la,aasist3_kan,spectra_aasist3,pgd_l2,20.0,0.025,0.018125,0.996853125,0.1805564085773906,0.0834710379819709,0.0970853705954197
runs,aasist3_asv19_attack_matrix,asvspoof2019_la,aasist3_kan,spectra_aasist3,pgd_l2,30.0,0.04,0.033125,0.99153125,0.2638214822498304,0.138408174065591,0.1254133081842393
runs,aasist3_asv19_attack_matrix,asvspoof2019_la,aasist3_kan,spectra_aasist3,pgd_l2,40.0,0.0374999999999999,0.030625,0.9884921875,0.2728015221317118,0.1407813598310764,0.1320201623006354
runs,aasist3_asv19_attack_matrix,asvspoof2019_la,aasist3_kan,rawnet2,fgsm,10.0,0.365625,0.3193749999999999,0.6944734375,7.14007996628079,0.877118791689748,6.262961174591042
runs,aasist3_asv19_attack_matrix,asvspoof2019_la,aasist3_kan,rawnet2,fgsm,20.0,0.09375,0.0475,0.9671265625,1.259350400959975,0.295801662328271,0.963548738631704
runs,aasist3_asv19_attack_matrix,asvspoof2019_la,aasist3_kan,rawnet2,fgsm,30.0,0.05625,0.01,0.9875015625,0.6416946747004562,0.1853076451276367,0.4563870295728194
runs,aasist3_asv19_attack_matrix,asvspoof2019_la,aasist3_kan,rawnet2,fgsm,40.0,0.04625,0.0,0.990465625,0.4574718142101484,0.1604666156158316,0.2970051985943167
runs,aasist3_asv19_attack_matrix,asvspoof2019_la,aasist3_kan,rawnet2,pgd,10.0,0.13375,0.0875,0.9306390625,2.91855160746531,0.4556504438401184,2.4629011636251916
runs,aasist3_asv19_attack_matrix,asvspoof2019_la,aasist3_kan,rawnet2,pgd,20.0,0.0699999999999999,0.0237499999999999,0.982390625,0.8010671478164959,0.2178740397596288,0.5831931080568671
runs,aasist3_asv19_attack_matrix,asvspoof2019_la,aasist3_kan,rawnet2,pgd,30.0,0.05,0.00375,0.9899671875,0.4908821555504319,0.166971031558938,0.3239111239914939
runs,aasist3_asv19_attack_matrix,asvspoof2019_la,aasist3_kan,rawnet2,pgd,40.0,0.045625,-0.000625,0.9909515625,0.4251568193382774,0.1551509417333542,0.2700058776049232
runs,aasist3_asv19_attack_matrix,asvspoof2019_la,aasist3_kan,rawnet2,pgd_l2,10.0,0.1518749999999999,0.1056249999999999,0.9089406249999998,2.3898158980148865,0.5075714568737735,1.882244441141113
runs,aasist3_asv19_attack_matrix,asvspoof2019_la,aasist3_kan,rawnet2,pgd_l2,20.0,0.073125,0.0268749999999999,0.977365625,0.8521581139803701,0.2423403417190854,0.6098177722612846
runs,aasist3_asv19_attack_matrix,asvspoof2019_la,aasist3_kan,rawnet2,pgd_l2,30.0,0.0543749999999999,0.0081249999999999,0.987515625,0.5164716592411825,0.1790993270020449,0.3373723322391376
runs,aasist3_asv19_attack_matrix,asvspoof2019_la,aasist3_kan,rawnet2,pgd_l2,40.0,0.0468749999999999,0.0006249999999999,0.9894671875,0.4603968313783627,0.165902111002255,0.2944947203761076
runs,aasist3_asv19_attack_matrix,asvspoof2019_la,aasist3_kan,ssl_aasist,fgsm,10.0,0.0124999999999999,0.0112499999999999,0.998490625,0.0818707277434725,0.0403447304420244,0.0415259973014481
runs,aasist3_asv19_attack_matrix,asvspoof2019_la,aasist3_kan,ssl_aasist,fgsm,20.0,0.005,0.00375,0.999671875,0.0577082254395357,0.0198408618984263,0.0378673635411093
runs,aasist3_asv19_attack_matrix,asvspoof2019_la,aasist3_kan,ssl_aasist,fgsm,30.0,0.0031249999999999,0.0018749999999999,0.99991875,0.0438976535244448,0.0105813690064924,0.0333162845179524
runs,aasist3_asv19_attack_matrix,asvspoof2019_la,aasist3_kan,ssl_aasist,fgsm,40.0,0.0018749999999999,0.0006249999999999,0.9999453125,0.0252633790604405,0.0080600195261249,0.0172033595343155
runs,aasist3_asv19_attack_matrix,asvspoof2019_la,aasist3_kan,ssl_aasist,pgd,10.0,0.01375,0.0125,0.99828125,0.1675321924990413,0.0515368582133231,0.1159953342857182
runs,aasist3_asv19_attack_matrix,asvspoof2019_la,aasist3_kan,ssl_aasist,pgd,20.0,0.0062499999999999,0.005,0.9997296875,0.0725883018269884,0.0211483876758734,0.051439914151115
runs,aasist3_asv19_attack_matrix,asvspoof2019_la,aasist3_kan,ssl_aasist,pgd,30.0,0.00375,0.0025,0.9999328125,0.0387959773676284,0.0097150849901546,0.0290808923774737
runs,aasist3_asv19_attack_matrix,asvspoof2019_la,aasist3_kan,ssl_aasist,pgd,40.0,0.0012499999999999,0.0,0.9999328125,0.021541008521299,0.0064508289586339,0.0150901795626651
runs,aasist3_asv19_attack_matrix,asvspoof2019_la,aasist3_kan,ssl_aasist,pgd_l2,10.0,0.005,0.00375,0.9984984375,0.0443812299139345,0.0270508937694765,0.017330336144458
runs,aasist3_asv19_attack_matrix,asvspoof2019_la,aasist3_kan,ssl_aasist,pgd_l2,20.0,0.00375,0.0025,0.9996,0.0455757473079042,0.0150696168938386,0.0305061304140655
runs,aasist3_asv19_attack_matrix,asvspoof2019_la,aasist3_kan,ssl_aasist,pgd_l2,30.0,0.0049999999999999,0.00375,0.9998359375,0.0338591804392694,0.0104327453740603,0.023426435065209
runs,aasist3_asv19_attack_matrix,asvspoof2019_la,aasist3_kan,ssl_aasist,pgd_l2,40.0,0.0049999999999999,0.00375,0.999896875,0.0246149768470196,0.0092116113558621,0.0154033654911574
runs,aasist3_asv19_attack_matrix,asvspoof2019_la,aasist3_kan,xlsr_mamba,fgsm,10.0,0.0193749999999999,0.0175,0.996525,0.1383321165982833,0.0757876068244928,0.0625445097737904
runs,aasist3_asv19_attack_matrix,asvspoof2019_la,aasist3_kan,xlsr_mamba,fgsm,20.0,0.0224999999999999,0.020625,0.996046875,0.1395948724036014,0.0785478720596822,0.0610470003439192
runs,aasist3_asv19_attack_matrix,asvspoof2019_la,aasist3_kan,xlsr_mamba,fgsm,30.0,0.0118749999999999,0.01,0.99930625,0.104488599633038,0.0404269115398977,0.0640616880931402
runs,aasist3_asv19_attack_matrix,asvspoof2019_la,aasist3_kan,xlsr_mamba,fgsm,40.0,0.0056249999999999,0.00375,0.9998796875,0.0561058654288655,0.0163637514406662,0.0397421139881992
runs,aasist3_asv19_attack_matrix,asvspoof2019_la,aasist3_kan,xlsr_mamba,pgd,10.0,0.0262499999999999,0.024375,0.9955796875,0.1476215188929758,0.0882159566443023,0.0594055622486735
runs,aasist3_asv19_attack_matrix,asvspoof2019_la,aasist3_kan,xlsr_mamba,pgd,20.0,0.0125,0.010625,0.996990625,0.10407007652313,0.0594733164397895,0.0445967600833405
runs,aasist3_asv19_attack_matrix,asvspoof2019_la,aasist3_kan,xlsr_mamba,pgd,30.0,0.013125,0.01125,0.999509375,0.0809443010210342,0.0327738035190258,0.0481704975020083
runs,aasist3_asv19_attack_matrix,asvspoof2019_la,aasist3_kan,xlsr_mamba,pgd,40.0,0.004375,0.0025,0.9999390625,0.0368425341260545,0.010323951887299,0.0265185822387555
runs,aasist3_asv19_attack_matrix,asvspoof2019_la,aasist3_kan,xlsr_mamba,pgd_l2,10.0,0.0199999999999999,0.018125,0.996215625,0.1253970271508837,0.0717150620108874,0.0536819651399962
runs,aasist3_asv19_attack_matrix,asvspoof2019_la,aasist3_kan,xlsr_mamba,pgd_l2,20.0,0.0193749999999999,0.0175,0.997821875,0.1103964434968338,0.0545226542814749,0.0558737892153589
runs,aasist3_asv19_attack_matrix,asvspoof2019_la,aasist3_kan,xlsr_mamba,pgd_l2,30.0,0.00875,0.006875,0.9996296875,0.0912995525675069,0.0283897017800138,0.0629098507874931
runs,aasist3_asv19_attack_matrix,asvspoof2019_la,aasist3_kan,xlsr_mamba,pgd_l2,40.0,0.005,0.003125,0.999896875,0.0537127517556351,0.0149751599832542,0.0387375917723808
runs,aasist3_asv19_attack_matrix,asvspoof2019_la,aasist3_kan,nes2net,fgsm,10.0,0.21625,0.050625,0.8685406250000001,1.0491050129966075,0.6145542107432267,0.434550802253381
runs,aasist3_asv19_attack_matrix,asvspoof2019_la,aasist3_kan,nes2net,fgsm,20.0,0.2312499999999999,0.0656249999999999,0.837365625,1.5811227942161687,0.6619433151242623,0.9191794790919064
runs,aasist3_asv19_attack_matrix,asvspoof2019_la,aasist3_kan,nes2net,fgsm,30.0,0.215625,0.0499999999999999,0.85729140625,1.861923418812785,0.6152350337517621,1.2466883850610229
runs,aasist3_asv19_attack_matrix,asvspoof2019_la,aasist3_kan,nes2net,fgsm,40.0,0.1875,0.0218749999999999,0.8829484375000001,1.9180764247110849,0.5426501549578886,1.375426269753196
runs,aasist3_asv19_attack_matrix,asvspoof2019_la,aasist3_kan,nes2net,pgd,10.0,0.365,0.1993749999999999,0.68821875,1.3470483779119562,0.8868017287883132,0.460246649123643
runs,aasist3_asv19_attack_matrix,asvspoof2019_la,aasist3_kan,nes2net,pgd,20.0,0.341875,0.17625,0.7118234375000001,1.771928479093441,0.8286734538873095,0.9432550252061316
runs,aasist3_asv19_attack_matrix,asvspoof2019_la,aasist3_kan,nes2net,pgd,30.0,0.258125,0.0925,0.8050460937499999,1.923206789025742,0.715557734256681,1.207649054769061
runs,aasist3_asv19_attack_matrix,asvspoof2019_la,aasist3_kan,nes2net,pgd,40.0,0.1937499999999999,0.0281249999999999,0.8744796874999999,1.94584355101823,0.5697554165348522,1.376088134483378
runs,aasist3_asv19_attack_matrix,asvspoof2019_la,aasist3_kan,nes2net,pgd_l2,10.0,0.255,0.0893749999999999,0.8296468750000001,2.0166425176681173,0.7013308961809535,1.315311621487164
runs,aasist3_asv19_attack_matrix,asvspoof2019_la,aasist3_kan,nes2net,pgd_l2,20.0,0.211875,0.04625,0.8609609375,2.298318339488514,0.6343920116505546,1.6639263278379592
runs,aasist3_asv19_attack_matrix,asvspoof2019_la,aasist3_kan,nes2net,pgd_l2,30.0,0.1725,0.0068749999999999,0.906421875,2.341316436185728,0.5132930706711163,1.8280233655146116
runs,aasist3_asv19_attack_matrix,asvspoof2019_la,aasist3_kan,nes2net,pgd_l2,40.0,0.164375,-0.00125,0.9082484375,2.2376780849298936,0.4955979008739202,1.7420801840559734
runs,aasist3_asv19_attack_matrix,asvspoof2019_la,aasist3_kan,xlsr_linear,fgsm,10.0,0.18,0.14,0.889140625,0.6764044915686085,0.5842900881656758,0.0921144034029326
runs,aasist3_asv19_attack_matrix,asvspoof2019_la,aasist3_kan,xlsr_linear,fgsm,20.0,0.0875,0.0474999999999999,0.967059375,0.612499238516081,0.311765905268924,0.300733333247157
runs,aasist3_asv19_attack_matrix,asvspoof2019_la,aasist3_kan,xlsr_linear,fgsm,30.0,0.0487499999999999,0.0087499999999999,0.9869359375,0.5390552114831861,0.1848513684555506,0.3542038430276354
runs,aasist3_asv19_attack_matrix,asvspoof2019_la,aasist3_kan,xlsr_linear,fgsm,40.0,0.04125,0.0012499999999999,0.99043125,0.4329680187472012,0.1501498338224236,0.2828181849247775
runs,aasist3_asv19_attack_matrix,asvspoof2019_la,aasist3_kan,xlsr_linear,pgd,10.0,0.165625,0.125625,0.894559375,0.8004941130108436,0.5401931552102566,0.260300957800587
runs,aasist3_asv19_attack_matrix,asvspoof2019_la,aasist3_kan,xlsr_linear,pgd,20.0,0.13,0.0899999999999999,0.93750625,0.7133731889940047,0.4346367136791685,0.2787364753148361
runs,aasist3_asv19_attack_matrix,asvspoof2019_la,aasist3_kan,xlsr_linear,pgd,30.0,0.0725,0.0324999999999999,0.973928125,0.5255255750432911,0.2692600367875054,0.2562655382557857
runs,aasist3_asv19_attack_matrix,asvspoof2019_la,aasist3_kan,xlsr_linear,pgd,40.0,0.050625,0.0106249999999999,0.986296875,0.3906733577202629,0.1874079841551225,0.2032653735651404
runs,aasist3_asv19_attack_matrix,asvspoof2019_la,aasist3_kan,xlsr_linear,pgd_l2,10.0,0.344375,0.3043749999999999,0.6956109375,1.2926811001356795,0.8992809959739585,0.393400104161721
runs,aasist3_asv19_attack_matrix,asvspoof2019_la,aasist3_kan,xlsr_linear,pgd_l2,20.0,0.2325,0.1925,0.843934375,0.8053682628818313,0.6881582788324564,0.1172099840493748
runs,aasist3_asv19_attack_matrix,asvspoof2019_la,aasist3_kan,xlsr_linear,pgd_l2,30.0,0.104375,0.0643749999999999,0.9570875,0.5406560503932145,0.357015846693909,0.1836402036993054
runs,aasist3_asv19_attack_matrix,asvspoof2019_la,aasist3_kan,xlsr_linear,pgd_l2,40.0,0.0531249999999999,0.0131249999999999,0.983521875,0.4197800301850669,0.2021171635167301,0.2176628666683367
runs,aasist3_asv19_attack_matrix,asvspoof2019_la,aasist3_kan,wavlm_linear,fgsm,10.0,0.0787499999999999,0.05125,0.96945625,2.7981607165291114,0.2664276977226071,2.5317330188065044
runs,aasist3_asv19_attack_matrix,asvspoof2019_la,aasist3_kan,wavlm_linear,fgsm,20.0,0.0437499999999999,0.0162499999999999,0.989959375,1.0278206628501865,0.1620384335264638,0.8657822293237226
runs,aasist3_asv19_attack_matrix,asvspoof2019_la,aasist3_kan,wavlm_linear,fgsm,30.0,0.04125,0.01375,0.9939234375,0.3121211927641166,0.1285507470462449,0.1835704457178716
runs,aasist3_asv19_attack_matrix,asvspoof2019_la,aasist3_kan,wavlm_linear,fgsm,40.0,0.0262499999999999,-0.0012499999999999,0.996353125,0.1296381556819268,0.0958179679966547,0.033820187685272
runs,aasist3_asv19_attack_matrix,asvspoof2019_la,aasist3_kan,wavlm_linear,pgd,10.0,0.081875,0.054375,0.96701875,1.6292596385540246,0.2766702951233191,1.3525893434307057
runs,aasist3_asv19_attack_matrix,asvspoof2019_la,aasist3_kan,wavlm_linear,pgd,20.0,0.0531249999999999,0.0256249999999999,0.9867546875,0.7236001385459669,0.186430313804236,0.5371698247417309
runs,aasist3_asv19_attack_matrix,asvspoof2019_la,aasist3_kan,wavlm_linear,pgd,30.0,0.0424999999999999,0.015,0.991690625,0.2235460198905363,0.1511094081913747,0.0724366116991616
runs,aasist3_asv19_attack_matrix,asvspoof2019_la,aasist3_kan,wavlm_linear,pgd,40.0,0.03125,0.00375,0.9950578125,0.1535189650425765,0.1116394910783607,0.0418794739642157
runs,aasist3_asv19_attack_matrix,asvspoof2019_la,aasist3_kan,wavlm_linear,pgd_l2,10.0,0.078125,0.050625,0.9717234375,2.170718997424008,0.2637311776717044,1.9069878197523031
runs,aasist3_asv19_attack_matrix,asvspoof2019_la,aasist3_kan,wavlm_linear,pgd_l2,20.0,0.0512499999999999,0.02375,0.9891578125,0.7031562928441257,0.1739998804121529,0.5291564124319729
runs,aasist3_asv19_attack_matrix,asvspoof2019_la,aasist3_kan,wavlm_linear,pgd_l2,30.0,0.0374999999999999,0.01,0.9946328125,0.1699669893830422,0.1209616284379771,0.049005360945065
runs,aasist3_asv19_attack_matrix,asvspoof2019_la,aasist3_kan,wavlm_linear,pgd_l2,40.0,0.03,0.0025,0.9966640625,0.1231649688810263,0.0854414937698933,0.037723475111133
runs,aasist3_asv19_attack_matrix,asvspoof2019_la,aasist3_kan,nes2net_v2,fgsm,10.0,0.0062499999999999,0.0062499999999999,0.99988125,0.0318145117901404,0.0145894230132692,0.0172250887768712
runs,aasist3_asv19_attack_matrix,asvspoof2019_la,aasist3_kan,nes2net_v2,fgsm,20.0,0.00375,0.00375,0.999984375,0.0248427808612077,0.0043118094791181,0.0205309713820895
runs,aasist3_asv19_attack_matrix,asvspoof2019_la,aasist3_kan,nes2net_v2,fgsm,30.0,0.0018749999999999,0.0018749999999999,0.999996875,0.0164767991226793,0.0017232446795598,0.0147535544431194
runs,aasist3_asv19_attack_matrix,asvspoof2019_la,aasist3_kan,nes2net_v2,fgsm,40.0,0.0,0.0,1.0,0.0117249768917468,1.4426957622577083e-06,0.0117235341959845
runs,aasist3_asv19_attack_matrix,asvspoof2019_la,aasist3_kan,nes2net_v2,pgd,10.0,0.0074999999999999,0.0074999999999999,0.9998921875,0.0542537237364787,0.0143808829446679,0.0398728407918108
runs,aasist3_asv19_attack_matrix,asvspoof2019_la,aasist3_kan,nes2net_v2,pgd,20.0,0.0018749999999999,0.0018749999999999,0.9999734375,0.0218630761748917,0.0062352862557573,0.0156277899191343
runs,aasist3_asv19_attack_matrix,asvspoof2019_la,aasist3_kan,nes2net_v2,pgd,30.0,0.0,0.0,1.0,0.0103222671495282,1.4426957622577083e-06,0.010320824453766
runs,aasist3_asv19_attack_matrix,asvspoof2019_la,aasist3_kan,nes2net_v2,pgd,40.0,0.0,0.0,1.0,0.0163858938035605,1.4426957622577083e-06,0.0163844511077982
runs,aasist3_asv19_attack_matrix,asvspoof2019_la,aasist3_kan,nes2net_v2,pgd_l2,10.0,0.0074999999999999,0.0074999999999999,0.9997015625,0.0320332009959049,0.0207263914774685,0.0113068095184363
runs,aasist3_asv19_attack_matrix,asvspoof2019_la,aasist3_kan,nes2net_v2,pgd_l2,20.0,0.00375,0.00375,0.9999515625,0.0294874819925984,0.0088238510553156,0.0206636309372828
runs,aasist3_asv19_attack_matrix,asvspoof2019_la,aasist3_kan,nes2net_v2,pgd_l2,30.0,0.0006249999999999,0.0006249999999999,0.999996875,0.0102295345202361,0.0017232446795598,0.0085062898406762
runs,aasist3_asv19_attack_matrix,asvspoof2019_la,aasist3_kan,nes2net_v2,pgd_l2,40.0,0.0012499999999999,0.0012499999999999,0.9999984375,0.0100379087960083,0.0012514408923925,0.0087864679036158
runs,aasist_asv19_attack,asvspoof2019_la,aasist,aasist3_kan,fgsm,10.0,0.32625,0.165,,,,
runs,aasist_asv19_attack,asvspoof2019_la,aasist,aasist3_kan,fgsm,20.0,0.44375,0.2825,,,,
runs,aasist_asv19_attack,asvspoof2019_la,aasist,aasist3_kan,fgsm,30.0,0.338125,0.176875,,,,
runs,aasist_asv19_attack,asvspoof2019_la,aasist,aasist3_kan,fgsm,40.0,0.1975,0.03625,,,,
runs,aasist_asv19_attack,asvspoof2019_la,aasist,aasist3_kan,pgd,10.0,0.2125,0.0512499999999999,,,,
runs,aasist_asv19_attack,asvspoof2019_la,aasist,aasist3_kan,pgd,20.0,0.316875,0.155625,,,,
runs,aasist_asv19_attack,asvspoof2019_la,aasist,aasist3_kan,pgd,30.0,0.2987499999999999,0.1374999999999999,,,,
runs,aasist_asv19_attack,asvspoof2019_la,aasist,aasist3_kan,pgd,40.0,0.26875,0.1075,,,,
runs,aasist_asv19_attack_matrix,asvspoof2019_la,aasist,aasist3_kan,fgsm,10.0,0.32625,0.165,0.7327937499999999,8.83308955439158,0.8335965127818574,7.999493041609723
runs,aasist_asv19_attack_matrix,asvspoof2019_la,aasist,aasist3_kan,fgsm,20.0,0.44375,0.2825,0.572059375,5.045534301755905,0.9418945988265096,4.103639702929395
runs,aasist_asv19_attack_matrix,asvspoof2019_la,aasist,aasist3_kan,fgsm,30.0,0.339375,0.1781249999999999,0.7197453125,1.4906953309729511,0.8486260462086236,0.6420692847643276
runs,aasist_asv19_attack_matrix,asvspoof2019_la,aasist,aasist3_kan,fgsm,40.0,0.1975,0.03625,0.8745499999999999,0.8716433062232527,0.6112162204753271,0.2604270857479256
runs,aasist_asv19_attack_matrix,asvspoof2019_la,aasist,aasist3_kan,pgd,10.0,0.2199999999999999,0.0587499999999999,0.8581062499999998,5.164109235282381,0.6492702518478972,4.514838983434483
runs,aasist_asv19_attack_matrix,asvspoof2019_la,aasist,aasist3_kan,pgd,20.0,0.3125,0.15125,0.7639031249999999,1.8508296286679125,0.787060766630088,1.0637688620378245
runs,aasist_asv19_attack_matrix,asvspoof2019_la,aasist,aasist3_kan,pgd,30.0,0.300625,0.139375,0.7923906249999999,1.1724920446454552,0.7630895286190826,0.4094025160263725
runs,aasist_asv19_attack_matrix,asvspoof2019_la,aasist,aasist3_kan,pgd,40.0,0.285625,0.124375,0.8069484375,1.283806103129452,0.7391793275774371,0.5446267755520148
runs,aasist_asv19_attack_matrix,asvspoof2019_la,aasist,aasist3_kan,pgd_l2,10.0,0.62625,0.4649999999999999,0.3344671875,2.4389753551808098,0.9981224619522748,1.440852893228535
runs,aasist_asv19_attack_matrix,asvspoof2019_la,aasist,aasist3_kan,pgd_l2,20.0,0.395625,0.234375,0.66113125,1.7099115188834992,0.9227665273151028,0.7871449915683963
runs,aasist_asv19_attack_matrix,asvspoof2019_la,aasist,aasist3_kan,pgd_l2,30.0,0.26375,0.1025,0.8109921874999999,1.1156344563099316,0.7337115030826027,0.3819229532273289
runs,aasist_asv19_attack_matrix,asvspoof2019_la,aasist,aasist3_kan,pgd_l2,40.0,0.2462499999999999,0.0849999999999999,0.8305843749999999,1.2276115021128402,0.700087483240353,0.5275240188724872
runs,aasist_asv19_attack_matrix,asvspoof2019_la,aasist,spectra_aasist3,fgsm,10.0,0.0318749999999999,0.0249999999999999,0.9957859375,0.2788698617566399,0.1042751038033291,0.1745947579533108
runs,aasist_asv19_attack_matrix,asvspoof2019_la,aasist,spectra_aasist3,fgsm,20.0,0.0124999999999999,0.0056249999999999,0.998840625,0.0886439861670747,0.043892687274268,0.0447512988928066
runs,aasist_asv19_attack_matrix,asvspoof2019_la,aasist,spectra_aasist3,fgsm,30.0,0.01375,0.006875,0.999365625,0.1053015625541348,0.0362359932844016,0.0690655692697331
runs,aasist_asv19_attack_matrix,asvspoof2019_la,aasist,spectra_aasist3,fgsm,40.0,0.008125,0.00125,0.9997515625,0.0870161110820811,0.021486821521162,0.0655292895609191
runs,aasist_asv19_attack_matrix,asvspoof2019_la,aasist,spectra_aasist3,pgd,10.0,0.01375,0.006875,0.999253125,0.0553314541986256,0.0428137590349941,0.0125176951636314
runs,aasist_asv19_attack_matrix,asvspoof2019_la,aasist,spectra_aasist3,pgd,20.0,0.01,0.003125,0.9978734375,0.0696051620325751,0.0434270869869005,0.0261780750456745
runs,aasist_asv19_attack_matrix,asvspoof2019_la,aasist,spectra_aasist3,pgd,30.0,0.00875,0.001875,0.9994984375,0.0825379973481401,0.0307841811439461,0.051753816204194
runs,aasist_asv19_attack_matrix,asvspoof2019_la,aasist,spectra_aasist3,pgd,40.0,0.0062499999999999,-0.0006249999999999,0.9998671875,0.0758969172574651,0.0157543245864288,0.0601425926710362
runs,aasist_asv19_attack_matrix,asvspoof2019_la,aasist,spectra_aasist3,pgd_l2,10.0,0.0124999999999999,0.0056249999999999,0.9979234375,0.0623444956895468,0.0495380121725379,0.0128064835170088
runs,aasist_asv19_attack_matrix,asvspoof2019_la,aasist,spectra_aasist3,pgd_l2,20.0,0.0074999999999999,0.0006249999999999,0.9983484375,0.0461956596315523,0.0293876153248275,0.0168080443067248
runs,aasist_asv19_attack_matrix,asvspoof2019_la,aasist,spectra_aasist3,pgd_l2,30.0,0.005,-0.0018749999999999,0.9996609375,0.0415509062237581,0.0193639635652166,0.0221869426585414
runs,aasist_asv19_attack_matrix,asvspoof2019_la,aasist,spectra_aasist3,pgd_l2,40.0,0.0024999999999999,-0.004375,0.9999625,0.0329617524466086,0.0071950403515635,0.025766712095045
runs,aasist_asv19_attack_matrix,asvspoof2019_la,aasist,rawnet2,fgsm,10.0,0.206875,0.160625,0.867671875,2.4156110255412298,0.624175333574938,1.7914356919662917
runs,aasist_asv19_attack_matrix,asvspoof2019_la,aasist,rawnet2,fgsm,20.0,0.0993749999999999,0.0531249999999999,0.95893125,0.9853504555845892,0.3221840151035802,0.6631664404810091
runs,aasist_asv19_attack_matrix,asvspoof2019_la,aasist,rawnet2,fgsm,30.0,0.0687499999999999,0.0224999999999999,0.9811421875000002,0.652922289137991,0.2211604592069174,0.4317618299310736
runs,aasist_asv19_attack_matrix,asvspoof2019_la,aasist,rawnet2,fgsm,40.0,0.05125,0.0049999999999999,0.9877890625,0.495286465981187,0.1803950907704595,0.3148913752107274
runs,aasist_asv19_attack_matrix,asvspoof2019_la,aasist,rawnet2,pgd,10.0,0.145,0.0987499999999999,0.919990625,1.5635710153661688,0.4708053660492551,1.0927656493169136
runs,aasist_asv19_attack_matrix,asvspoof2019_la,aasist,rawnet2,pgd,20.0,0.08625,0.04,0.9710625,0.8604357456594312,0.275226803102621,0.5852089425568101
runs,aasist_asv19_attack_matrix,asvspoof2019_la,aasist,rawnet2,pgd,30.0,0.066875,0.020625,0.982828125,0.6074659725686501,0.2140317115711532,0.3934342609974969
runs,aasist_asv19_attack_matrix,asvspoof2019_la,aasist,rawnet2,pgd,40.0,0.0524999999999999,0.0062499999999999,0.987828125,0.4900475157748498,0.1805163644232107,0.309531151351639
runs,aasist_asv19_attack_matrix,asvspoof2019_la,aasist,rawnet2,pgd_l2,10.0,0.143125,0.0968749999999999,0.9026421875,1.4472391791285957,0.4926698339640396,0.954569345164556
runs,aasist_asv19_attack_matrix,asvspoof2019_la,aasist,rawnet2,pgd_l2,20.0,0.1068749999999999,0.0606249999999999,0.957359375,0.9315762895974192,0.3218745285116905,0.6097017610857287
runs,aasist_asv19_attack_matrix,asvspoof2019_la,aasist,rawnet2,pgd_l2,30.0,0.0775,0.03125,0.976653125,0.6658663953020268,0.2458352801191024,0.4200311151829244
runs,aasist_asv19_attack_matrix,asvspoof2019_la,aasist,rawnet2,pgd_l2,40.0,0.0625,0.0162499999999999,0.9845921875,0.5383788379446004,0.2019044616504267,0.3364743762941736
runs,aasist_asv19_attack_matrix,asvspoof2019_la,aasist,ssl_aasist,fgsm,10.0,0.02875,0.0275,0.995503125,0.274084958170785,0.0927816143349497,0.1813033438358353
runs,aasist_asv19_attack_matrix,asvspoof2019_la,aasist,ssl_aasist,fgsm,20.0,0.0068749999999999,0.0056249999999999,0.9987453125,0.0403384408464545,0.0249217526718733,0.0154166881745812
runs,aasist_asv19_attack_matrix,asvspoof2019_la,aasist,ssl_aasist,fgsm,30.0,0.00375,0.0025,0.9996375,0.0308335140140915,0.0138505888608037,0.0169829251532878
runs,aasist_asv19_attack_matrix,asvspoof2019_la,aasist,ssl_aasist,fgsm,40.0,0.00375,0.0025,0.9999265625,0.029759406299077,0.0086498448695575,0.0211095614295195
runs,aasist_asv19_attack_matrix,asvspoof2019_la,aasist,ssl_aasist,pgd,10.0,0.03125,0.03,0.993903125,0.3003168705600036,0.1063938856704271,0.1939229848895765
runs,aasist_asv19_attack_matrix,asvspoof2019_la,aasist,ssl_aasist,pgd,20.0,0.005,0.00375,0.99964375,0.0886865142655304,0.0230003230357499,0.0656861912297804
runs,aasist_asv19_attack_matrix,asvspoof2019_la,aasist,ssl_aasist,pgd,30.0,0.00375,0.0025,0.999903125,0.0451509970543209,0.0120382676212724,0.0331127294330484
runs,aasist_asv19_attack_matrix,asvspoof2019_la,aasist,ssl_aasist,pgd,40.0,0.0024999999999999,0.0012499999999999,0.9999171875,0.0255011346284948,0.0076432314990044,0.0178579031294904
runs,aasist_asv19_attack_matrix,asvspoof2019_la,aasist,ssl_aasist,pgd_l2,10.0,0.0318749999999999,0.030625,0.9946625,0.1484959088327971,0.105211231603884,0.043284677228913
runs,aasist_asv19_attack_matrix,asvspoof2019_la,aasist,ssl_aasist,pgd_l2,20.0,0.00375,0.0025,0.99873125,0.0416636913480919,0.0212983347756353,0.0203653565724566
runs,aasist_asv19_attack_matrix,asvspoof2019_la,aasist,ssl_aasist,pgd_l2,30.0,0.00375,0.0025,0.9994859375,0.0289764295444074,0.0121090432561247,0.0168673862882826
runs,aasist_asv19_attack_matrix,asvspoof2019_la,aasist,ssl_aasist,pgd_l2,40.0,0.0018749999999999,0.0006249999999999,0.9997578125,0.020031158363552,0.0091497095203345,0.0108814488432175
runs,aasist_asv19_attack_matrix,asvspoof2019_la,aasist,xlsr_mamba,fgsm,10.0,0.01875,0.016875,0.9963,0.2004692863469349,0.0802023695117139,0.1202669168352209
runs,aasist_asv19_attack_matrix,asvspoof2019_la,aasist,xlsr_mamba,fgsm,20.0,0.014375,0.0125,0.998971875,0.0826006483168668,0.0420944743970534,0.0405061739198133
runs,aasist_asv19_attack_matrix,asvspoof2019_la,aasist,xlsr_mamba,fgsm,30.0,0.011875,0.01,0.999078125,0.0967824389613062,0.0420643874316717,0.0547180515296344
runs,aasist_asv19_attack_matrix,asvspoof2019_la,aasist,xlsr_mamba,fgsm,40.0,0.005,0.003125,0.999890625,0.0562892453456371,0.0145106504603842,0.0417785948852528
runs,aasist_asv19_attack_matrix,asvspoof2019_la,aasist,xlsr_mamba,pgd,10.0,0.03625,0.034375,0.9892546875,0.1917938354959314,0.1328565904643199,0.0589372450316115
runs,aasist_asv19_attack_matrix,asvspoof2019_la,aasist,xlsr_mamba,pgd,20.0,0.0168749999999999,0.015,0.99705,0.1037946907022131,0.0665384361156046,0.0372562545866085
runs,aasist_asv19_attack_matrix,asvspoof2019_la,aasist,xlsr_mamba,pgd,30.0,0.015625,0.01375,0.9994234375,0.0866996421803135,0.0354767649643005,0.051222877216013
runs,aasist_asv19_attack_matrix,asvspoof2019_la,aasist,xlsr_mamba,pgd,40.0,0.0024999999999999,0.000625,0.9999203125,0.0433968504453887,0.011388074264065,0.0320087761813236
runs,aasist_asv19_attack_matrix,asvspoof2019_la,aasist,xlsr_mamba,pgd_l2,10.0,0.0574999999999999,0.055625,0.9779390625,0.526806469213907,0.2354006843524921,0.2914057848614148
runs,aasist_asv19_attack_matrix,asvspoof2019_la,aasist,xlsr_mamba,pgd_l2,20.0,0.0212499999999999,0.019375,0.99738125,0.0948350049924407,0.0659273125043024,0.0289076924881382
runs,aasist_asv19_attack_matrix,asvspoof2019_la,aasist,xlsr_mamba,pgd_l2,30.0,0.01,0.008125,0.9995,0.0660053150625812,0.0310956876784066,0.0349096273841745
runs,aasist_asv19_attack_matrix,asvspoof2019_la,aasist,xlsr_mamba,pgd_l2,40.0,0.0024999999999999,0.000625,0.9999234375,0.0343505331360237,0.0099118462033309,0.0244386869326928
runs,aasist_asv19_attack_matrix,asvspoof2019_la,aasist,nes2net,fgsm,10.0,0.238125,0.0724999999999999,0.839159375,0.7963683205127375,0.6878148359099833,0.1085534846027542
runs,aasist_asv19_attack_matrix,asvspoof2019_la,aasist,nes2net,fgsm,20.0,0.211875,0.04625,0.8598234375,1.126148688050465,0.6166998362906266,0.5094488517598383
runs,aasist_asv19_attack_matrix,asvspoof2019_la,aasist,nes2net,fgsm,30.0,0.18125,0.015625,0.8908359374999999,1.508213751069553,0.5303925207033122,0.9778212303662408
runs,aasist_asv19_attack_matrix,asvspoof2019_la,aasist,nes2net,fgsm,40.0,0.15375,-0.0118749999999999,0.916609375,1.6549967241070125,0.4540856285866375,1.2009110955203748
runs,aasist_asv19_attack_matrix,asvspoof2019_la,aasist,nes2net,pgd,10.0,0.2362499999999999,0.0706249999999999,0.8438,1.085945797502649,0.6480528747825327,0.4378929227201162
runs,aasist_asv19_attack_matrix,asvspoof2019_la,aasist,nes2net,pgd,20.0,0.220625,0.0549999999999999,0.8489828125000001,1.5173289224880755,0.6086462838580188,0.9086826386300568
runs,aasist_asv19_attack_matrix,asvspoof2019_la,aasist,nes2net,pgd,30.0,0.1856249999999999,0.0199999999999999,0.8831,1.806637795688884,0.5443549646003856,1.2622828310884984
runs,aasist_asv19_attack_matrix,asvspoof2019_la,aasist,nes2net,pgd,40.0,0.1725,0.0068749999999999,0.90348125,1.9058488380707803,0.4884742839495647,1.4173745541212155
runs,aasist_asv19_attack_matrix,asvspoof2019_la,aasist,nes2net,pgd_l2,10.0,0.1518749999999999,-0.01375,0.9218625,2.133209559204188,0.480420804928008,1.6527887542761797
runs,aasist_asv19_attack_matrix,asvspoof2019_la,aasist,nes2net,pgd_l2,20.0,0.126875,-0.03875,0.942459375,2.2207880660612984,0.4040665335773783,1.81672153248392
runs,aasist_asv19_attack_matrix,asvspoof2019_la,aasist,nes2net,pgd_l2,30.0,0.1424999999999999,-0.023125,0.9366078125,2.228816350083704,0.4137623266337711,1.8150540234499328
runs,aasist_asv19_attack_matrix,asvspoof2019_la,aasist,nes2net,pgd_l2,40.0,0.1418749999999999,-0.02375,0.9338765625,2.136217706315201,0.4151702438074211,1.7210474625077796
runs,aasist_asv19_attack_matrix,asvspoof2019_la,aasist,xlsr_linear,fgsm,10.0,0.5175000000000001,0.4775,0.4618328124999999,1.667052744678757,0.9957092117998064,0.6713435328789508
runs,aasist_asv19_attack_matrix,asvspoof2019_la,aasist,xlsr_linear,fgsm,20.0,0.348125,0.308125,0.6970078125000001,1.0420982481688863,0.8922451933569511,0.1498530548119354
runs,aasist_asv19_attack_matrix,asvspoof2019_la,aasist,xlsr_linear,fgsm,30.0,0.21625,0.1762499999999999,0.8616546875,0.7432679411819546,0.6515857206661718,0.0916822205157827
runs,aasist_asv19_attack_matrix,asvspoof2019_la,aasist,xlsr_linear,fgsm,40.0,0.074375,0.0343749999999999,0.976084375,0.4328760544423836,0.2595396251464283,0.1733364292959553
runs,aasist_asv19_attack_matrix,asvspoof2019_la,aasist,xlsr_linear,pgd,10.0,0.1049999999999999,0.0649999999999999,0.9518828125,0.6396670963906224,0.3720383087893323,0.26762878760129
runs,aasist_asv19_attack_matrix,asvspoof2019_la,aasist,xlsr_linear,pgd,20.0,0.0699999999999999,0.0299999999999999,0.9771765625,0.5538916330787619,0.2450478309181457,0.3088438021606161
runs,aasist_asv19_attack_matrix,asvspoof2019_la,aasist,xlsr_linear,pgd,30.0,0.0574999999999999,0.0174999999999999,0.98165625,0.4490532551845518,0.2193938047113492,0.2296594504732025
runs,aasist_asv19_attack_matrix,asvspoof2019_la,aasist,xlsr_linear,pgd,40.0,0.0581249999999999,0.0181249999999999,0.9854578125,0.3755418226343028,0.202959904945938,0.1725819176883647
runs,aasist_asv19_attack_matrix,asvspoof2019_la,aasist,xlsr_linear,pgd_l2,10.0,0.338125,0.298125,0.7144828125,1.2910027773143156,0.8807528313779985,0.410249945936317
runs,aasist_asv19_attack_matrix,asvspoof2019_la,aasist,xlsr_linear,pgd_l2,20.0,0.3025,0.2624999999999999,0.7672796875,1.0108696963996318,0.8190628640316019,0.1918068323680298
runs,aasist_asv19_attack_matrix,asvspoof2019_la,aasist,xlsr_linear,pgd_l2,30.0,0.145,0.105,0.9228375,0.6580562977469493,0.4916859169894492,0.1663703807575001
runs,aasist_asv19_attack_matrix,asvspoof2019_la,aasist,xlsr_linear,pgd_l2,40.0,0.0837499999999999,0.0437499999999999,0.9707421875,0.4757640385096869,0.2934939826898086,0.1822700558198783
runs,aasist_asv19_attack_matrix,asvspoof2019_la,aasist,wavlm_linear,fgsm,10.0,0.1218749999999999,0.094375,0.930953125,3.882473807918843,0.3790483183024346,3.5034254896164083
runs,aasist_asv19_attack_matrix,asvspoof2019_la,aasist,wavlm_linear,fgsm,20.0,0.0675,0.04,0.9807078125,1.217198711122477,0.2259373084240059,0.9912614026984709
runs,aasist_asv19_attack_matrix,asvspoof2019_la,aasist,wavlm_linear,fgsm,30.0,0.045,0.0175,0.990034375,0.4471109341131247,0.1658414497326763,0.2812694843804483
runs,aasist_asv19_attack_matrix,asvspoof2019_la,aasist,wavlm_linear,fgsm,40.0,0.0381249999999999,0.0106249999999999,0.9938265625,0.1630941849736812,0.1272319321342417,0.0358622528394395
runs,aasist_asv19_attack_matrix,asvspoof2019_la,aasist,wavlm_linear,pgd,10.0,0.09375,0.06625,0.9559828125,2.1834704096984177,0.3207369365417177,1.8627334731567
runs,aasist_asv19_attack_matrix,asvspoof2019_la,aasist,wavlm_linear,pgd,20.0,0.0537499999999999,0.0262499999999999,0.9855984375,0.8739277214931167,0.1931446182578207,0.680783103235296
runs,aasist_asv19_attack_matrix,asvspoof2019_la,aasist,wavlm_linear,pgd,30.0,0.049375,0.021875,0.9915015625,0.2457189883582837,0.1518459451541674,0.0938730432041163
runs,aasist_asv19_attack_matrix,asvspoof2019_la,aasist,wavlm_linear,pgd,40.0,0.0374999999999999,0.01,0.9937296875,0.1648197343314945,0.1283459134783091,0.0364738208531854
runs,aasist_asv19_attack_matrix,asvspoof2019_la,aasist,wavlm_linear,pgd_l2,10.0,0.083125,0.055625,0.9663625,2.60900597525028,0.2851555442095028,2.323850431040777
runs,aasist_asv19_attack_matrix,asvspoof2019_la,aasist,wavlm_linear,pgd_l2,20.0,0.049375,0.021875,0.9909234375,0.8441370000145952,0.1574572886435429,0.6866797113710523
runs,aasist_asv19_attack_matrix,asvspoof2019_la,aasist,wavlm_linear,pgd_l2,30.0,0.0399999999999999,0.0124999999999999,0.994128125,0.2439726405793787,0.1241972780817551,0.1197753624976235
runs,aasist_asv19_attack_matrix,asvspoof2019_la,aasist,wavlm_linear,pgd_l2,40.0,0.0324999999999999,0.005,0.9953640625,0.1445606234346442,0.1090973224077758,0.0354633010268683
runs,aasist_asv19_attack_matrix,asvspoof2019_la,aasist,nes2net_v2,fgsm,10.0,0.0181249999999999,0.0181249999999999,0.9977,0.1169402655314823,0.0650549570171599,0.0518853085143223
runs,aasist_asv19_attack_matrix,asvspoof2019_la,aasist,nes2net_v2,fgsm,20.0,0.00375,0.00375,0.9999453125,0.015329936266634,0.0093624927333645,0.0059674435332694
runs,aasist_asv19_attack_matrix,asvspoof2019_la,aasist,nes2net_v2,fgsm,30.0,0.0006249999999999,0.0006249999999999,0.99999375,0.0115087522422929,0.002257463483861,0.0092512887584319
runs,aasist_asv19_attack_matrix,asvspoof2019_la,aasist,nes2net_v2,fgsm,40.0,0.0012499999999999,0.0012499999999999,0.9999984375,0.0157094041841426,0.0012514408923925,0.01445796329175
runs,aasist_asv19_attack_matrix,asvspoof2019_la,aasist,nes2net_v2,pgd,10.0,0.0106249999999999,0.0106249999999999,0.998940625,0.0977810634234614,0.0336293205440715,0.0641517428793899
runs,aasist_asv19_attack_matrix,asvspoof2019_la,aasist,nes2net_v2,pgd,20.0,0.0012499999999999,0.0012499999999999,0.9999828125,0.0152446271084785,0.0045540646975092,0.0106905624109693
runs,aasist_asv19_attack_matrix,asvspoof2019_la,aasist,nes2net_v2,pgd,30.0,0.000625,0.000625,0.9999953125,0.0127355824215579,0.0020296344001706,0.0107059480213872
runs,aasist_asv19_attack_matrix,asvspoof2019_la,aasist,nes2net_v2,pgd,40.0,0.0012499999999999,0.0012499999999999,0.9999953125,0.0196936657670861,0.0025014390890228,0.0171922266780633
runs,aasist_asv19_attack_matrix,asvspoof2019_la,aasist,nes2net_v2,pgd_l2,10.0,0.01625,0.01625,0.998071875,0.1523541371075557,0.0639575096649082,0.0883966274426474
runs,aasist_asv19_attack_matrix,asvspoof2019_la,aasist,nes2net_v2,pgd_l2,20.0,0.005,0.005,0.9998890625,0.0408472225744876,0.0147247443115506,0.0261224782629369
runs,aasist_asv19_attack_matrix,asvspoof2019_la,aasist,nes2net_v2,pgd_l2,30.0,0.0012499999999999,0.0012499999999999,0.99999375,0.0143136129017703,0.0029732428761901,0.0113403700255801
runs,aasist_asv19_attack_matrix,asvspoof2019_la,aasist,nes2net_v2,pgd_l2,40.0,0.0018749999999999,0.0018749999999999,0.999996875,0.0154439788020728,0.0017232446795598,0.0137207341225129
runs,nes2net_asv19_attack,asvspoof2019_la,nes2net,aasist,fgsm,10.0,0.18625,0.18,,,,
runs,nes2net_asv19_attack,asvspoof2019_la,nes2net,aasist,fgsm,20.0,0.1575,0.15125,,,,
runs,nes2net_asv19_attack,asvspoof2019_la,nes2net,aasist,fgsm,30.0,0.0825,0.07625,,,,
runs,nes2net_asv19_attack,asvspoof2019_la,nes2net,aasist,fgsm,40.0,0.0581249999999999,0.051875,,,,
runs,nes2net_asv19_attack,asvspoof2019_la,nes2net,aasist,pgd,10.0,0.145,0.13875,,,,
runs,nes2net_asv19_attack,asvspoof2019_la,nes2net,aasist,pgd,20.0,0.12,0.11375,,,,
runs,nes2net_asv19_attack,asvspoof2019_la,nes2net,aasist,pgd,30.0,0.0568749999999999,0.050625,,,,
runs,nes2net_asv19_attack,asvspoof2019_la,nes2net,aasist,pgd,40.0,0.0593749999999999,0.0531249999999999,,,,
runs,nes2net_asv19_attack_matrix,asvspoof2019_la,nes2net,aasist,fgsm,10.0,0.18625,0.18,0.8894578124999999,1.933939406180819,0.544061841212754,1.389877564968065
runs,nes2net_asv19_attack_matrix,asvspoof2019_la,nes2net,aasist,fgsm,20.0,0.1575,0.15125,0.9185125,0.7226584612138954,0.4620709341011987,0.2605875271126967
runs,nes2net_asv19_attack_matrix,asvspoof2019_la,nes2net,aasist,fgsm,30.0,0.0825,0.07625,0.97826875,1.360729162364638,0.2475941780925813,1.1131349842720568
runs,nes2net_asv19_attack_matrix,asvspoof2019_la,nes2net,aasist,fgsm,40.0,0.0581249999999999,0.051875,0.9892671875,1.2207811992560145,0.1735338935791573,1.0472473056768572
runs,nes2net_asv19_attack_matrix,asvspoof2019_la,nes2net,aasist,pgd,10.0,0.1581249999999999,0.1518749999999999,0.9329875,0.9861020106053364,0.4485872927404434,0.537514717864893
runs,nes2net_asv19_attack_matrix,asvspoof2019_la,nes2net,aasist,pgd,20.0,0.110625,0.104375,0.9614328125,0.9319747278523376,0.338553052687758,0.5934216751645796
runs,nes2net_asv19_attack_matrix,asvspoof2019_la,nes2net,aasist,pgd,30.0,0.0574999999999999,0.05125,0.9896390625,1.1977963149947468,0.1716987108182684,1.0260976041764784
runs,nes2net_asv19_attack_matrix,asvspoof2019_la,nes2net,aasist,pgd,40.0,0.0587499999999999,0.0524999999999999,0.990096875,1.2022033954942049,0.1652247866425063,1.0369786088516986
runs,nes2net_asv19_attack_matrix,asvspoof2019_la,nes2net,aasist,pgd_l2,10.0,0.2581249999999999,0.2518749999999999,0.830221875,2.536819102549299,0.693997793172706,1.842821309376593
runs,nes2net_asv19_attack_matrix,asvspoof2019_la,nes2net,aasist,pgd_l2,20.0,0.16625,0.16,0.9135765625,0.688344995335998,0.4997598559166692,0.1885851394193287
runs,nes2net_asv19_attack_matrix,asvspoof2019_la,nes2net,aasist,pgd_l2,30.0,0.07125,0.065,0.9839796875,1.1669364829166642,0.2143218011225038,0.9526146817941604
runs,nes2net_asv19_attack_matrix,asvspoof2019_la,nes2net,aasist,pgd_l2,40.0,0.05375,0.0475,0.99008125,1.2021118651566705,0.1658307112053204,1.03628115395135
runs,nes2net_asv19_attack_matrix,asvspoof2019_la,nes2net,aasist3_kan,fgsm,10.0,0.4975,0.33625,0.4940234375,9.964325416742614,0.9870054794164388,8.977319937326175
runs,nes2net_asv19_attack_matrix,asvspoof2019_la,nes2net,aasist3_kan,fgsm,20.0,0.5,0.33875,0.5023625,9.940319969529146,0.9747164817948236,8.965603487734322
runs,nes2net_asv19_attack_matrix,asvspoof2019_la,nes2net,aasist3_kan,fgsm,30.0,0.469375,0.308125,0.555259375,9.740318586855324,0.9549816262047292,8.785336960650595
runs,nes2net_asv19_attack_matrix,asvspoof2019_la,nes2net,aasist3_kan,fgsm,40.0,0.375,0.21375,0.6686046875,9.261549867977202,0.8947172121817591,8.366832655795443
runs,nes2net_asv19_attack_matrix,asvspoof2019_la,nes2net,aasist3_kan,pgd,10.0,0.593125,0.431875,0.36535625,9.63517086935,1.0,8.635170869349999
runs,nes2net_asv19_attack_matrix,asvspoof2019_la,nes2net,aasist3_kan,pgd,20.0,0.50125,0.3399999999999999,0.5043859374999999,7.639711795348709,0.9974603316562878,6.642251463692421
runs,nes2net_asv19_attack_matrix,asvspoof2019_la,nes2net,aasist3_kan,pgd,30.0,0.4175,0.25625,0.6172546875,5.072879909292008,0.9404956697297648,4.132384239562244
runs,nes2net_asv19_attack_matrix,asvspoof2019_la,nes2net,aasist3_kan,pgd,40.0,0.343125,0.181875,0.7255609375000001,3.835106247877055,0.8503648067126224,2.9847414411644326
runs,nes2net_asv19_attack_matrix,asvspoof2019_la,nes2net,aasist3_kan,pgd_l2,10.0,0.554375,0.3931249999999999,0.4166812499999999,9.70134189327485,0.9998465216742698,8.701495371600581
runs,nes2net_asv19_attack_matrix,asvspoof2019_la,nes2net,aasist3_kan,pgd_l2,20.0,0.50125,0.3399999999999999,0.5069484375,8.057413431956263,0.993397276660055,7.064016155296208
runs,nes2net_asv19_attack_matrix,asvspoof2019_la,nes2net,aasist3_kan,pgd_l2,30.0,0.45625,0.295,0.5661203125,7.362999050895332,0.9675611909843326,6.395437859911
runs,nes2net_asv19_attack_matrix,asvspoof2019_la,nes2net,aasist3_kan,pgd_l2,40.0,0.3737499999999999,0.2124999999999999,0.68050625,7.628243401163101,0.8891175882897412,6.73912581287336
runs,nes2net_asv19_attack_matrix,asvspoof2019_la,nes2net,spectra_aasist3,fgsm,10.0,0.144375,0.1375,0.9336390625,0.7815149791060303,0.4345414978892646,0.3469734812167656
runs,nes2net_asv19_attack_matrix,asvspoof2019_la,nes2net,spectra_aasist3,fgsm,20.0,0.095625,0.08875,0.966265625,0.4270474771403987,0.2945143854541489,0.1325330916862497
runs,nes2net_asv19_attack_matrix,asvspoof2019_la,nes2net,spectra_aasist3,fgsm,30.0,0.0531249999999999,0.04625,0.98663125,0.3096563979042486,0.1800597027180763,0.1295966951861722
runs,nes2net_asv19_attack_matrix,asvspoof2019_la,nes2net,spectra_aasist3,fgsm,40.0,0.024375,0.0175,0.99605,0.2854249877899877,0.0862787365766028,0.1991462512133848
runs,nes2net_asv19_attack_matrix,asvspoof2019_la,nes2net,spectra_aasist3,pgd,10.0,0.41,0.403125,0.6186312500000001,2.5523127595414694,0.939585079612812,1.6127276799286574
runs,nes2net_asv19_attack_matrix,asvspoof2019_la,nes2net,spectra_aasist3,pgd,20.0,0.378125,0.3712500000000001,0.6539375000000001,2.867010450137179,0.9261440516147428,1.940866398522436
runs,nes2net_asv19_attack_matrix,asvspoof2019_la,nes2net,spectra_aasist3,pgd,30.0,0.20875,0.201875,0.855125,1.597859724465791,0.6561872772281583,0.9416724472376328
runs,nes2net_asv19_attack_matrix,asvspoof2019_la,nes2net,spectra_aasist3,pgd,40.0,0.074375,0.0675,0.9769296875,0.9566690959109057,0.2479004674594414,0.7087686284514642
runs,nes2net_asv19_attack_matrix,asvspoof2019_la,nes2net,spectra_aasist3,pgd_l2,10.0,0.5275000000000001,0.5206250000000001,0.4565828125,3.255165133990706,0.9892404759146716,2.2659246580760346
runs,nes2net_asv19_attack_matrix,asvspoof2019_la,nes2net,spectra_aasist3,pgd_l2,20.0,0.3868749999999999,0.38,0.660671875,2.465262677414771,0.8841197196336918,1.5811429577810792
runs,nes2net_asv19_attack_matrix,asvspoof2019_la,nes2net,spectra_aasist3,pgd_l2,30.0,0.175625,0.16875,0.8946890625000001,1.2813229659399843,0.5400246103492742,0.7412983555907101
runs,nes2net_asv19_attack_matrix,asvspoof2019_la,nes2net,spectra_aasist3,pgd_l2,40.0,0.089375,0.0825,0.969925,0.7440345269404821,0.281689117676346,0.4623454092641361
runs,nes2net_asv19_attack_matrix,asvspoof2019_la,nes2net,rawnet2,fgsm,10.0,0.355,0.3087499999999999,0.707084375,6.38276398738562,0.8794257318253045,5.503338255560315
runs,nes2net_asv19_attack_matrix,asvspoof2019_la,nes2net,rawnet2,fgsm,20.0,0.1312499999999999,0.0849999999999999,0.93901875,2.560600378696635,0.4319474581036974,2.1286529205929376
runs,nes2net_asv19_attack_matrix,asvspoof2019_la,nes2net,rawnet2,fgsm,30.0,0.08625,0.04,0.9699328125,1.3885345981993429,0.2991891391167447,1.089345459082598
runs,nes2net_asv19_attack_matrix,asvspoof2019_la,nes2net,rawnet2,fgsm,40.0,0.078125,0.0318749999999999,0.9773015625,1.0016280325148847,0.2611668854889691,0.7404611470259157
runs,nes2net_asv19_attack_matrix,asvspoof2019_la,nes2net,rawnet2,pgd,10.0,0.15,0.10375,0.913825,2.9449701322670316,0.5199742706473933,2.4249958616196383
runs,nes2net_asv19_attack_matrix,asvspoof2019_la,nes2net,rawnet2,pgd,20.0,0.1049999999999999,0.0587499999999999,0.961684375,1.5937705474792203,0.3407842604495862,1.2529862870296342
runs,nes2net_asv19_attack_matrix,asvspoof2019_la,nes2net,rawnet2,pgd,30.0,0.0856249999999999,0.0393749999999999,0.9738328125,1.1409603827697363,0.281609343679512,0.8593510390902246
runs,nes2net_asv19_attack_matrix,asvspoof2019_la,nes2net,rawnet2,pgd,40.0,0.076875,0.030625,0.977896875,0.9485299647930168,0.2589519551260011,0.6895780096670158
runs,nes2net_asv19_attack_matrix,asvspoof2019_la,nes2net,rawnet2,pgd_l2,10.0,0.134375,0.088125,0.9249140625,2.8520675291641933,0.4825756167160173,2.3694919124481757
runs,nes2net_asv19_attack_matrix,asvspoof2019_la,nes2net,rawnet2,pgd_l2,20.0,0.108125,0.0618749999999999,0.96025625,1.5937066054313975,0.3509904178010894,1.242716187630308
runs,nes2net_asv19_attack_matrix,asvspoof2019_la,nes2net,rawnet2,pgd_l2,30.0,0.0899999999999999,0.0437499999999999,0.9698109375,1.2357224222140564,0.3061049233312993,0.929617498882757
runs,nes2net_asv19_attack_matrix,asvspoof2019_la,nes2net,rawnet2,pgd_l2,40.0,0.0849999999999999,0.0387499999999999,0.975428125,1.0726115759175665,0.2740835468105336,0.7985280291070327
runs,nes2net_asv19_attack_matrix,asvspoof2019_la,nes2net,ssl_aasist,fgsm,10.0,0.1225,0.12125,0.9401,1.67457913006586,0.3699143974283115,1.304664732637549
runs,nes2net_asv19_attack_matrix,asvspoof2019_la,nes2net,ssl_aasist,fgsm,20.0,0.1006249999999999,0.0993749999999999,0.9521125,1.8536563835463944,0.3003187198266961,1.5533376637196985
runs,nes2net_asv19_attack_matrix,asvspoof2019_la,nes2net,ssl_aasist,fgsm,30.0,0.0925,0.09125,0.954590625,2.1406236260142055,0.2793315430413479,1.8612920829728576
runs,nes2net_asv19_attack_matrix,asvspoof2019_la,nes2net,ssl_aasist,fgsm,40.0,0.06,0.05875,0.9852703125,1.670984304990592,0.1820650593011748,1.4889192456894171
runs,nes2net_asv19_attack_matrix,asvspoof2019_la,nes2net,ssl_aasist,pgd,10.0,0.16125,0.16,0.9125390625,2.0434552306729445,0.4865606079392974,1.556894622733647
runs,nes2net_asv19_attack_matrix,asvspoof2019_la,nes2net,ssl_aasist,pgd,20.0,0.1212499999999999,0.12,0.9426875,2.129660142588739,0.3832897832905724,1.7463703592981663
runs,nes2net_asv19_attack_matrix,asvspoof2019_la,nes2net,ssl_aasist,pgd,30.0,0.111875,0.110625,0.9519234375,2.3866477347905017,0.333794326237367,2.0528534085531347
runs,nes2net_asv19_attack_matrix,asvspoof2019_la,nes2net,ssl_aasist,pgd,40.0,0.060625,0.059375,0.98469375,1.829523300722052,0.1888913778485959,1.640631922873456
runs,nes2net_asv19_attack_matrix,asvspoof2019_la,nes2net,ssl_aasist,pgd_l2,10.0,0.229375,0.228125,0.8523890625,2.129564021057762,0.633921194442052,1.49564282661571
runs,nes2net_asv19_attack_matrix,asvspoof2019_la,nes2net,ssl_aasist,pgd_l2,20.0,0.135625,0.134375,0.923978125,1.901604426352115,0.4243896561374926,1.4772147702146223
runs,nes2net_asv19_attack_matrix,asvspoof2019_la,nes2net,ssl_aasist,pgd_l2,30.0,0.1137499999999999,0.1125,0.93625625,2.339537172660147,0.365440985203243,1.974096187456904
runs,nes2net_asv19_attack_matrix,asvspoof2019_la,nes2net,ssl_aasist,pgd_l2,40.0,0.0687499999999999,0.0675,0.97970625,2.0335779259435975,0.2154947571863004,1.8180831687572971
runs,nes2net_asv19_attack_matrix,asvspoof2019_la,nes2net,xlsr_mamba,fgsm,10.0,0.155625,0.15375,0.9237765625,0.6426335480906645,0.4520044928147352,0.1906290552759293
runs,nes2net_asv19_attack_matrix,asvspoof2019_la,nes2net,xlsr_mamba,fgsm,20.0,0.1475,0.145625,0.921725,0.7365131612430404,0.4203808207639689,0.3161323404790715
runs,nes2net_asv19_attack_matrix,asvspoof2019_la,nes2net,xlsr_mamba,fgsm,30.0,0.113125,0.11125,0.951134375,0.9178893545514794,0.3445980974473304,0.573291257104149
runs,nes2net_asv19_attack_matrix,asvspoof2019_la,nes2net,xlsr_mamba,fgsm,40.0,0.0743749999999999,0.0725,0.9622164062499998,1.0337057607004414,0.2591126553973083,0.7745931053031331
runs,nes2net_asv19_attack_matrix,asvspoof2019_la,nes2net,xlsr_mamba,pgd,10.0,0.31,0.3081250000000001,0.7617609375,1.1649569160722495,0.7654769360375508,0.3994799800346988
runs,nes2net_asv19_attack_matrix,asvspoof2019_la,nes2net,xlsr_mamba,pgd,20.0,0.3093749999999999,0.3075,0.770396875,1.859966636479894,0.7312303586611255,1.1287362778187686
runs,nes2net_asv19_attack_matrix,asvspoof2019_la,nes2net,xlsr_mamba,pgd,30.0,0.2375,0.235625,0.84981796875,1.9976722439070864,0.5908783442551134,1.4067938996519729
runs,nes2net_asv19_attack_matrix,asvspoof2019_la,nes2net,xlsr_mamba,pgd,40.0,0.09875,0.096875,0.943475,1.3959338409567166,0.3262364983173396,1.069697342639377
runs,nes2net_asv19_attack_matrix,asvspoof2019_la,nes2net,xlsr_mamba,pgd_l2,10.0,0.32375,0.321875,0.7550859375,1.188214867347475,0.8087463267262587,0.3794685406212164
runs,nes2net_asv19_attack_matrix,asvspoof2019_la,nes2net,xlsr_mamba,pgd_l2,20.0,0.236875,0.235,0.83684375,1.4166575452019523,0.6548593691844463,0.761798176017506
runs,nes2net_asv19_attack_matrix,asvspoof2019_la,nes2net,xlsr_mamba,pgd_l2,30.0,0.19125,0.189375,0.889446875,1.8349437053928623,0.5410751015557675,1.293868603837095
runs,nes2net_asv19_attack_matrix,asvspoof2019_la,nes2net,xlsr_mamba,pgd_l2,40.0,0.1237499999999999,0.121875,0.93741875,1.6792680763499288,0.3872997120132279,1.2919683643367008
runs,nes2net_asv19_attack_matrix,asvspoof2019_la,nes2net,xlsr_linear,fgsm,10.0,0.26875,0.22875,0.8009109375,0.8093643881420294,0.7561030567918507,0.0532613313501786
runs,nes2net_asv19_attack_matrix,asvspoof2019_la,nes2net,xlsr_linear,fgsm,20.0,0.208125,0.1681249999999999,0.8639359375,0.8465093611221348,0.6453838353423432,0.2011255257797916
runs,nes2net_asv19_attack_matrix,asvspoof2019_la,nes2net,xlsr_linear,fgsm,30.0,0.200625,0.160625,0.8859765625,0.9177507071338744,0.5898993682894998,0.3278513388443747
runs,nes2net_asv19_attack_matrix,asvspoof2019_la,nes2net,xlsr_linear,fgsm,40.0,0.2275,0.1875,0.85864375,1.064125085158331,0.6481319571416088,0.4159931280167223
runs,nes2net_asv19_attack_matrix,asvspoof2019_la,nes2net,xlsr_linear,pgd,10.0,0.1274999999999999,0.0874999999999999,0.942909375,0.6189938609895149,0.4190902319250152,0.1999036290644996
runs,nes2net_asv19_attack_matrix,asvspoof2019_la,nes2net,xlsr_linear,pgd,20.0,0.154375,0.1143749999999999,0.9234,0.6294967274124905,0.4899730402837209,0.1395236871287696
runs,nes2net_asv19_attack_matrix,asvspoof2019_la,nes2net,xlsr_linear,pgd,30.0,0.159375,0.119375,0.923103125,0.6917374807327761,0.4894830655618586,0.2022544151709174
runs,nes2net_asv19_attack_matrix,asvspoof2019_la,nes2net,xlsr_linear,pgd,40.0,0.1949999999999999,0.1549999999999999,0.8894921874999999,0.7204723147073355,0.5763766750499395,0.144095639657396
runs,nes2net_asv19_attack_matrix,asvspoof2019_la,nes2net,xlsr_linear,pgd_l2,10.0,0.275,0.235,0.806146875,0.8874795108897353,0.7425484912330171,0.1449310196567181
runs,nes2net_asv19_attack_matrix,asvspoof2019_la,nes2net,xlsr_linear,pgd_l2,20.0,0.19625,0.15625,0.8836484374999999,0.7282931543383715,0.6029463394035819,0.1253468149347896
runs,nes2net_asv19_attack_matrix,asvspoof2019_la,nes2net,xlsr_linear,pgd_l2,30.0,0.1431249999999999,0.1031249999999999,0.936040625,0.6310849516379627,0.4413618317429844,0.1897231198949783
runs,nes2net_asv19_attack_matrix,asvspoof2019_la,nes2net,xlsr_linear,pgd_l2,40.0,0.1162499999999999,0.0762499999999999,0.95166875,0.6009165040021811,0.387230824063529,0.2136856799386521
runs,nes2net_asv19_attack_matrix,asvspoof2019_la,nes2net,wavlm_linear,fgsm,10.0,0.2143749999999999,0.186875,0.8699734374999999,2.446281874551206,0.5737968673700072,1.872485007181199
runs,nes2net_asv19_attack_matrix,asvspoof2019_la,nes2net,wavlm_linear,fgsm,20.0,0.1112499999999999,0.08375,0.95064375,1.9462268203453643,0.3742941106321274,1.5719327097132372
runs,nes2net_asv19_attack_matrix,asvspoof2019_la,nes2net,wavlm_linear,fgsm,30.0,0.093125,0.065625,0.964809375,1.621867867287202,0.3137545507415722,1.3081133165456298
runs,nes2net_asv19_attack_matrix,asvspoof2019_la,nes2net,wavlm_linear,fgsm,40.0,0.13,0.1025,0.9463015625,1.350276254777531,0.3922264672134402,0.9580497875640908
runs,nes2net_asv19_attack_matrix,asvspoof2019_la,nes2net,wavlm_linear,pgd,10.0,0.339375,0.311875,0.7475609375,1.9171545614972905,0.7792155336648233,1.1379390278324673
runs,nes2net_asv19_attack_matrix,asvspoof2019_la,nes2net,wavlm_linear,pgd,20.0,0.27875,0.2512500000000001,0.7866921874999999,1.7765389052313283,0.7697653196886756,1.006773585542653
runs,nes2net_asv19_attack_matrix,asvspoof2019_la,nes2net,wavlm_linear,pgd,30.0,0.2325,0.205,0.8464999999999999,1.4555074464635975,0.6790362950686182,0.7764711513949794
runs,nes2net_asv19_attack_matrix,asvspoof2019_la,nes2net,wavlm_linear,pgd,40.0,0.174375,0.146875,0.9132375,1.2456364089158871,0.5142049535669406,0.7314314553489467
runs,nes2net_asv19_attack_matrix,asvspoof2019_la,nes2net,wavlm_linear,pgd_l2,10.0,0.3518749999999999,0.3243749999999999,0.7065734375,2.720832509337082,0.8509106173695238,1.8699218919675584
runs,nes2net_asv19_attack_matrix,asvspoof2019_la,nes2net,wavlm_linear,pgd_l2,20.0,0.31375,0.28625,0.746790625,2.005688977595815,0.82470895650594,1.180980021089875
runs,nes2net_asv19_attack_matrix,asvspoof2019_la,nes2net,wavlm_linear,pgd_l2,30.0,0.24875,0.22125,0.8227671875,1.6324048242120432,0.7244935534067591,0.907911270805284
runs,nes2net_asv19_attack_matrix,asvspoof2019_la,nes2net,wavlm_linear,pgd_l2,40.0,0.1725,0.145,0.9167671875,1.2216642657929513,0.5072273682063341,0.7144368975866172
runs,nes2net_asv19_attack_matrix,asvspoof2019_la,nes2net,nes2net_v2,fgsm,10.0,0.0212499999999999,0.0212499999999999,0.9980515625,1.0866280781552633,0.0683482047423639,1.0182798734128995
runs,nes2net_asv19_attack_matrix,asvspoof2019_la,nes2net,nes2net_v2,fgsm,20.0,0.0131249999999999,0.0131249999999999,0.9991890625,0.8221553637181357,0.041790064256644,0.7803652994614917
runs,nes2net_asv19_attack_matrix,asvspoof2019_la,nes2net,nes2net_v2,fgsm,30.0,0.0025,0.0025,0.9998390625,0.6286079623519178,0.0128590952893525,0.6157488670625653
runs,nes2net_asv19_attack_matrix,asvspoof2019_la,nes2net,nes2net_v2,fgsm,40.0,0.00375,0.00375,0.99985,0.6446551296912346,0.0149677040465505,0.629687425644684
runs,nes2net_asv19_attack_matrix,asvspoof2019_la,nes2net,nes2net_v2,pgd,10.0,0.1887499999999999,0.1887499999999999,0.9234890625,2.7007979624882665,0.4563508417753723,2.2444471207128944
runs,nes2net_asv19_attack_matrix,asvspoof2019_la,nes2net,nes2net_v2,pgd,20.0,0.1368749999999999,0.1368749999999999,0.9618875,1.8010157777879616,0.3126910657411068,1.4883247120468548
runs,nes2net_asv19_attack_matrix,asvspoof2019_la,nes2net,nes2net_v2,pgd,30.0,0.0631249999999999,0.0631249999999999,0.988428125,1.3333115772780202,0.1774606077155,1.15585096956252
runs,nes2net_asv19_attack_matrix,asvspoof2019_la,nes2net,nes2net_v2,pgd,40.0,0.01875,0.01875,0.9989703125,0.885534475976596,0.0498055293283613,0.8357289466482347
runs,nes2net_asv19_attack_matrix,asvspoof2019_la,nes2net,nes2net_v2,pgd_l2,10.0,0.28125,0.28125,0.8337703125,3.5175116389866967,0.6637239095885124,2.853787729398184
runs,nes2net_asv19_attack_matrix,asvspoof2019_la,nes2net,nes2net_v2,pgd_l2,20.0,0.155,0.155,0.9427671875,1.9656840589096591,0.4013747978540615,1.5643092610555978
runs,nes2net_asv19_attack_matrix,asvspoof2019_la,nes2net,nes2net_v2,pgd_l2,30.0,0.071875,0.071875,0.9874203125,1.3528850290524812,0.1892402382699367,1.1636447907825445
runs,nes2net_asv19_attack_matrix,asvspoof2019_la,nes2net,nes2net_v2,pgd_l2,40.0,0.0174999999999999,0.0174999999999999,0.9988546875,0.871189899769928,0.0545093829236163,0.8166805168463116
runs,nes2net_v2_asv19_attack_matrix,asvspoof2019_la,nes2net_v2,aasist,fgsm,10.0,0.1424999999999999,0.1362499999999999,0.9413484375,2.815681927582101,0.4295113333662127,2.386170594215888
runs,nes2net_v2_asv19_attack_matrix,asvspoof2019_la,nes2net_v2,aasist,fgsm,20.0,0.0681249999999999,0.061875,0.9841859375,0.4868511324614654,0.2166159062156882,0.2702352262457772
runs,nes2net_v2_asv19_attack_matrix,asvspoof2019_la,nes2net_v2,aasist,fgsm,30.0,0.01375,0.0075,0.9992046875,0.0845673486239283,0.0438775346997102,0.040689813924218
runs,nes2net_v2_asv19_attack_matrix,asvspoof2019_la,nes2net_v2,aasist,fgsm,40.0,0.0062499999999999,0.0,0.9996828125,0.1069037495676796,0.0245032221814851,0.0824005273861944
runs,nes2net_v2_asv19_attack_matrix,asvspoof2019_la,nes2net_v2,aasist,pgd,10.0,0.14875,0.1425,0.931378125,2.09082159843891,0.4630886968563433,1.6277329015825668
runs,nes2net_v2_asv19_attack_matrix,asvspoof2019_la,nes2net_v2,aasist,pgd,20.0,0.04,0.03375,0.9931484375,0.1764590373678019,0.1397551872599117,0.0367038501078902
runs,nes2net_v2_asv19_attack_matrix,asvspoof2019_la,nes2net_v2,aasist,pgd,30.0,0.013125,0.006875,0.99955,0.1029064450074389,0.0314499867126087,0.0714564582948301
runs,nes2net_v2_asv19_attack_matrix,asvspoof2019_la,nes2net_v2,aasist,pgd,40.0,0.0062499999999999,0.0,0.99971875,0.1035843321463022,0.0234558441592313,0.0801284879870709
runs,nes2net_v2_asv19_attack_matrix,asvspoof2019_la,nes2net_v2,aasist,pgd_l2,10.0,0.2149999999999999,0.20875,0.8714343750000001,3.400399600360123,0.6152476878882889,2.785151912471834
runs,nes2net_v2_asv19_attack_matrix,asvspoof2019_la,nes2net_v2,aasist,pgd_l2,20.0,0.109375,0.103125,0.9640921875,0.8405899148077176,0.3333486933374401,0.5072412214702775
runs,nes2net_v2_asv19_attack_matrix,asvspoof2019_la,nes2net_v2,aasist,pgd_l2,30.0,0.0181249999999999,0.0118749999999999,0.9981140625,0.090161267705628,0.0664719572219604,0.0236893104836676
runs,nes2net_v2_asv19_attack_matrix,asvspoof2019_la,nes2net_v2,aasist,pgd_l2,40.0,0.0062499999999999,0.0,0.9997359375,0.1039730988414722,0.0225093977130007,0.0814637011284714
runs,nes2net_v2_asv19_attack_matrix,asvspoof2019_la,nes2net_v2,aasist3_kan,fgsm,10.0,0.3506249999999999,0.1893749999999999,0.68391875,9.955562095809851,0.8766388659393001,9.07892322987055
runs,nes2net_v2_asv19_attack_matrix,asvspoof2019_la,nes2net_v2,aasist3_kan,fgsm,20.0,0.37,0.20875,0.6629906250000001,9.618174201392716,0.8764418483825216,8.741732353010194
runs,nes2net_v2_asv19_attack_matrix,asvspoof2019_la,nes2net_v2,aasist3_kan,fgsm,30.0,0.38875,0.2275,0.64648125,8.212994407790823,0.8809176201193631,7.33207678767146
runs,nes2net_v2_asv19_attack_matrix,asvspoof2019_la,nes2net_v2,aasist3_kan,fgsm,40.0,0.363125,0.201875,0.6900796874999999,6.367101334613177,0.8320113443305084,5.5350899902826685
runs,nes2net_v2_asv19_attack_matrix,asvspoof2019_la,nes2net_v2,aasist3_kan,pgd,10.0,0.375625,0.2143749999999999,0.6739593749999999,9.775922999392384,0.9044643755603656,8.87145862383202
runs,nes2net_v2_asv19_attack_matrix,asvspoof2019_la,nes2net_v2,aasist3_kan,pgd,20.0,0.3087499999999999,0.1474999999999999,0.7461546875,8.150871539652234,0.8297785987768886,7.321092940875346
runs,nes2net_v2_asv19_attack_matrix,asvspoof2019_la,nes2net_v2,aasist3_kan,pgd,30.0,0.295625,0.134375,0.7701421875000001,5.578750320592942,0.7769847411615002,4.801765579431442
runs,nes2net_v2_asv19_attack_matrix,asvspoof2019_la,nes2net_v2,aasist3_kan,pgd,40.0,0.275,0.11375,0.8088578125000001,3.362414695950843,0.7305103156383966,2.6319043803124464
runs,nes2net_v2_asv19_attack_matrix,asvspoof2019_la,nes2net_v2,aasist3_kan,pgd_l2,10.0,0.35875,0.1975,0.6910078125000001,9.682228257836409,0.8968839394820185,8.785344318354388
runs,nes2net_v2_asv19_attack_matrix,asvspoof2019_la,nes2net_v2,aasist3_kan,pgd_l2,20.0,0.341875,0.180625,0.7157031249999999,7.887252172688398,0.8677456945783412,7.019506478110057
runs,nes2net_v2_asv19_attack_matrix,asvspoof2019_la,nes2net_v2,aasist3_kan,pgd_l2,30.0,0.318125,0.156875,0.7352109375,5.813718806358364,0.8237897252317558,4.989929081126608
runs,nes2net_v2_asv19_attack_matrix,asvspoof2019_la,nes2net_v2,aasist3_kan,pgd_l2,40.0,0.369375,0.208125,0.693709375,5.304876514108191,0.8440960534283357,4.460780460679855
runs,nes2net_v2_asv19_attack_matrix,asvspoof2019_la,nes2net_v2,spectra_aasist3,fgsm,10.0,0.0574999999999999,0.050625,0.9825015625,0.3435545763014299,0.213687107131032,0.1298674691703978
runs,nes2net_v2_asv19_attack_matrix,asvspoof2019_la,nes2net_v2,spectra_aasist3,fgsm,20.0,0.0225,0.015625,0.9944,0.1292532877180837,0.1014701342752037,0.02778315344288
runs,nes2net_v2_asv19_attack_matrix,asvspoof2019_la,nes2net_v2,spectra_aasist3,fgsm,30.0,0.0212499999999999,0.014375,0.994425,0.1373993791245416,0.0897279437437559,0.0476714353807856
runs,nes2net_v2_asv19_attack_matrix,asvspoof2019_la,nes2net_v2,spectra_aasist3,fgsm,40.0,0.025625,0.01875,0.99429375,0.1947854942877133,0.1030420065442865,0.0917434877434268
runs,nes2net_v2_asv19_attack_matrix,asvspoof2019_la,nes2net_v2,spectra_aasist3,pgd,10.0,0.353125,0.34625,0.7013859375,2.043575719427378,0.8771381179491073,1.16643760147827
runs,nes2net_v2_asv19_attack_matrix,asvspoof2019_la,nes2net_v2,spectra_aasist3,pgd,20.0,0.186875,0.18,0.8697640625,1.2303358258048522,0.6176695037501244,0.6126663220547278
runs,nes2net_v2_asv19_attack_matrix,asvspoof2019_la,nes2net_v2,spectra_aasist3,pgd,30.0,0.1162499999999999,0.109375,0.94095625,0.8264628341394412,0.3910041190244107,0.4354587151150305
runs,nes2net_v2_asv19_attack_matrix,asvspoof2019_la,nes2net_v2,spectra_aasist3,pgd,40.0,0.0531249999999999,0.0462499999999999,0.9845515625,0.5451229012194696,0.1920775707580281,0.3530453304614415
runs,nes2net_v2_asv19_attack_matrix,asvspoof2019_la,nes2net_v2,spectra_aasist3,pgd_l2,10.0,0.3349999999999999,0.328125,0.7246515625000001,2.080942865728086,0.8290612367908093,1.2518816289372765
runs,nes2net_v2_asv19_attack_matrix,asvspoof2019_la,nes2net_v2,spectra_aasist3,pgd_l2,20.0,0.1837499999999999,0.1768749999999999,0.8885203125,1.3571197385387077,0.5475835451617014,0.8095361933770061
runs,nes2net_v2_asv19_attack_matrix,asvspoof2019_la,nes2net_v2,spectra_aasist3,pgd_l2,30.0,0.0925,0.085625,0.9655140624999998,0.8311224904170895,0.2919132903436256,0.5392092000734638
runs,nes2net_v2_asv19_attack_matrix,asvspoof2019_la,nes2net_v2,spectra_aasist3,pgd_l2,40.0,0.0637499999999999,0.0568749999999999,0.9810359375,0.5843353363751674,0.2161144022214345,0.3682209341537329
runs,nes2net_v2_asv19_attack_matrix,asvspoof2019_la,nes2net_v2,rawnet2,fgsm,10.0,0.318125,0.271875,0.7515093749999999,5.983285332425968,0.8216899272814351,5.161595405144533
runs,nes2net_v2_asv19_attack_matrix,asvspoof2019_la,nes2net_v2,rawnet2,fgsm,20.0,0.088125,0.041875,0.9710734375,1.0706623353067766,0.2830121812233305,0.787650154083446
runs,nes2net_v2_asv19_attack_matrix,asvspoof2019_la,nes2net_v2,rawnet2,fgsm,30.0,0.056875,0.010625,0.98705625,0.6106052338500791,0.1894340800998368,0.4211711537502423
runs,nes2net_v2_asv19_attack_matrix,asvspoof2019_la,nes2net_v2,rawnet2,fgsm,40.0,0.0468749999999999,0.0006249999999999,0.9900796875,0.4574337659000569,0.1639266875250494,0.2935070783750074
runs,nes2net_v2_asv19_attack_matrix,asvspoof2019_la,nes2net_v2,rawnet2,pgd,10.0,0.13875,0.0925,0.9330234375,2.0060147098263923,0.447354925798717,1.5586597840276752
runs,nes2net_v2_asv19_attack_matrix,asvspoof2019_la,nes2net_v2,rawnet2,pgd,20.0,0.0699999999999999,0.0237499999999999,0.9788015625,0.7857545839687669,0.2408082711819154,0.5449463127868515
runs,nes2net_v2_asv19_attack_matrix,asvspoof2019_la,nes2net_v2,rawnet2,pgd,30.0,0.0531249999999999,0.0068749999999999,0.987615625,0.5186633878247218,0.1819664044376952,0.3366969833870266
runs,nes2net_v2_asv19_attack_matrix,asvspoof2019_la,nes2net_v2,rawnet2,pgd,40.0,0.0474999999999999,0.0012499999999999,0.9901234375,0.4426702715772286,0.1631154128175068,0.2795548587597217
runs,nes2net_v2_asv19_attack_matrix,asvspoof2019_la,nes2net_v2,rawnet2,pgd_l2,10.0,0.139375,0.093125,0.9290796875,2.156669218931644,0.4652990103023355,1.6913702086293083
runs,nes2net_v2_asv19_attack_matrix,asvspoof2019_la,nes2net_v2,rawnet2,pgd_l2,20.0,0.073125,0.0268749999999999,0.97725,0.7268215116870249,0.2421690084955586,0.4846525031914663
runs,nes2net_v2_asv19_attack_matrix,asvspoof2019_la,nes2net_v2,rawnet2,pgd_l2,30.0,0.055625,0.009375,0.9851796875,0.5324754644414837,0.1947359650916892,0.3377394993497944
runs,nes2net_v2_asv19_attack_matrix,asvspoof2019_la,nes2net_v2,rawnet2,pgd_l2,40.0,0.05,0.00375,0.988765625,0.4672396253240714,0.1721722584140141,0.2950673669100572
runs,nes2net_v2_asv19_attack_matrix,asvspoof2019_la,nes2net_v2,ssl_aasist,fgsm,10.0,0.0481249999999999,0.046875,0.9848375,0.4140309420601169,0.1692703193661983,0.2447606226939186
runs,nes2net_v2_asv19_attack_matrix,asvspoof2019_la,nes2net_v2,ssl_aasist,fgsm,20.0,0.035625,0.034375,0.9926421875,0.3776061035188203,0.118995899825119,0.2586102036937012
runs,nes2net_v2_asv19_attack_matrix,asvspoof2019_la,nes2net_v2,ssl_aasist,fgsm,30.0,0.019375,0.018125,0.9979015625,0.2819635488255232,0.0645084290970934,0.2174551197284297
runs,nes2net_v2_asv19_attack_matrix,asvspoof2019_la,nes2net_v2,ssl_aasist,fgsm,40.0,0.0068749999999999,0.0056249999999999,0.9994953125,0.1131955475967567,0.0301228145139769,0.0830727330827797
runs,nes2net_v2_asv19_attack_matrix,asvspoof2019_la,nes2net_v2,ssl_aasist,pgd,10.0,0.70625,0.7050000000000001,0.27795625,8.248643942416557,0.998093901764714,7.250550040651843
runs,nes2net_v2_asv19_attack_matrix,asvspoof2019_la,nes2net_v2,ssl_aasist,pgd,20.0,0.445625,0.4443750000000001,0.5710640625,5.423054468241483,0.9606763015780558,4.462378166663427
runs,nes2net_v2_asv19_attack_matrix,asvspoof2019_la,nes2net_v2,ssl_aasist,pgd,30.0,0.24875,0.2475,0.8072703125,2.373433317556615,0.6874630952940877,1.6859702222625277
runs,nes2net_v2_asv19_attack_matrix,asvspoof2019_la,nes2net_v2,ssl_aasist,pgd,40.0,0.0787499999999999,0.0775,0.980509375,0.5147779350120127,0.2248780296285304,0.2898999053834822
runs,nes2net_v2_asv19_attack_matrix,asvspoof2019_la,nes2net_v2,ssl_aasist,pgd_l2,10.0,0.735,0.73375,0.2121421875,8.905454093281985,0.9999999999999996,7.9054540932819855
runs,nes2net_v2_asv19_attack_matrix,asvspoof2019_la,nes2net_v2,ssl_aasist,pgd_l2,20.0,0.534375,0.5331250000000001,0.4774203124999999,6.38516626607143,0.981039711942732,5.404126554128698
runs,nes2net_v2_asv19_attack_matrix,asvspoof2019_la,nes2net_v2,ssl_aasist,pgd_l2,30.0,0.2975,0.29625,0.7307296875,3.568288637687364,0.8026127121423235,2.7656759255450405
runs,nes2net_v2_asv19_attack_matrix,asvspoof2019_la,nes2net_v2,ssl_aasist,pgd_l2,40.0,0.123125,0.121875,0.9422109375,0.8880163141107719,0.3619677474448456,0.5260485666659263
runs,nes2net_v2_asv19_attack_matrix,asvspoof2019_la,nes2net_v2,xlsr_mamba,fgsm,10.0,0.0581249999999999,0.05625,0.976728125,0.2632841565091842,0.2313164058477831,0.031967750661401
runs,nes2net_v2_asv19_attack_matrix,asvspoof2019_la,nes2net_v2,xlsr_mamba,fgsm,20.0,0.055,0.053125,0.9786703125,0.2611674890792545,0.2033971401593666,0.0577703489198878
runs,nes2net_v2_asv19_attack_matrix,asvspoof2019_la,nes2net_v2,xlsr_mamba,fgsm,30.0,0.048125,0.04625,0.988071875,0.2677260691406475,0.1567617170084891,0.1109643521321583
runs,nes2net_v2_asv19_attack_matrix,asvspoof2019_la,nes2net_v2,xlsr_mamba,fgsm,40.0,0.028125,0.02625,0.99718125,0.2114986450481119,0.082479110901654,0.1290195341464579
runs,nes2net_v2_asv19_attack_matrix,asvspoof2019_la,nes2net_v2,xlsr_mamba,pgd,10.0,0.7675,0.765625,0.1793,4.503218562124201,1.0,3.503218562124201
runs,nes2net_v2_asv19_attack_matrix,asvspoof2019_la,nes2net_v2,xlsr_mamba,pgd,20.0,0.6287499999999999,0.626875,0.32253125,4.0294592676920935,1.0,3.0294592676920935
runs,nes2net_v2_asv19_attack_matrix,asvspoof2019_la,nes2net_v2,xlsr_mamba,pgd,30.0,0.47875,0.476875,0.53759375,3.1245879983164135,0.9486460546746128,2.175941943641801
runs,nes2net_v2_asv19_attack_matrix,asvspoof2019_la,nes2net_v2,xlsr_mamba,pgd,40.0,0.29375,0.291875,0.7864484375000002,1.882207100797476,0.7478287017549989,1.134378399042477
runs,nes2net_v2_asv19_attack_matrix,asvspoof2019_la,nes2net_v2,xlsr_mamba,pgd_l2,10.0,0.81125,0.8093750000000001,0.111471875,4.863522528384576,1.0,3.863522528384576
runs,nes2net_v2_asv19_attack_matrix,asvspoof2019_la,nes2net_v2,xlsr_mamba,pgd_l2,20.0,0.69,0.688125,0.2490187499999999,4.477510241404512,0.9999999999999998,3.477510241404512
runs,nes2net_v2_asv19_attack_matrix,asvspoof2019_la,nes2net_v2,xlsr_mamba,pgd_l2,30.0,0.56375,0.561875,0.4368515625,3.649852569180976,0.9900455937469704,2.6598069754340052
runs,nes2net_v2_asv19_attack_matrix,asvspoof2019_la,nes2net_v2,xlsr_mamba,pgd_l2,40.0,0.36875,0.366875,0.7117015625,2.33707492756083,0.8448577740987847,1.4922171534620443
runs,nes2net_v2_asv19_attack_matrix,asvspoof2019_la,nes2net_v2,nes2net,fgsm,10.0,0.2624999999999999,0.0968749999999999,0.8229187499999999,1.1077847587388865,0.693990332843144,0.4137944258957424
runs,nes2net_v2_asv19_attack_matrix,asvspoof2019_la,nes2net_v2,nes2net,fgsm,20.0,0.243125,0.0775,0.8238515625,1.5481845363153588,0.6738057975306833,0.8743787387846755
runs,nes2net_v2_asv19_attack_matrix,asvspoof2019_la,nes2net_v2,nes2net,fgsm,30.0,0.2049999999999999,0.0393749999999999,0.8543140625,1.7920807374635757,0.6112728662006346,1.180807871262941
runs,nes2net_v2_asv19_attack_matrix,asvspoof2019_la,nes2net_v2,nes2net,fgsm,40.0,0.1806249999999999,0.0149999999999999,0.898021875,1.8657846029354943,0.5120131931971766,1.3537714097383176
runs,nes2net_v2_asv19_attack_matrix,asvspoof2019_la,nes2net_v2,nes2net,pgd,10.0,0.4599999999999999,0.2943749999999999,0.564234375,2.222302964370549,0.9603124032843456,1.2619905610862037
runs,nes2net_v2_asv19_attack_matrix,asvspoof2019_la,nes2net_v2,nes2net,pgd,20.0,0.349375,0.1837499999999999,0.703859375,2.3396568553528136,0.8567726819996686,1.482884173353145
runs,nes2net_v2_asv19_attack_matrix,asvspoof2019_la,nes2net_v2,nes2net,pgd,30.0,0.280625,0.1149999999999999,0.7797890625,2.362669519770568,0.7552877211988367,1.6073817985717311
runs,nes2net_v2_asv19_attack_matrix,asvspoof2019_la,nes2net_v2,nes2net,pgd,40.0,0.235,0.0693749999999999,0.8430328125,2.277331274436297,0.648498885577826,1.6288323888584706
runs,nes2net_v2_asv19_attack_matrix,asvspoof2019_la,nes2net_v2,nes2net,pgd_l2,10.0,0.4187499999999999,0.2531249999999999,0.61435234375,2.5744221708328725,0.9452296612791942,1.6291925095536783
runs,nes2net_v2_asv19_attack_matrix,asvspoof2019_la,nes2net_v2,nes2net,pgd_l2,20.0,0.32625,0.160625,0.7401609375,2.726605400206146,0.8336301697168265,1.8929752304893197
runs,nes2net_v2_asv19_attack_matrix,asvspoof2019_la,nes2net_v2,nes2net,pgd_l2,30.0,0.231875,0.06625,0.8489265625,2.742173602887535,0.6657427245613382,2.076430878326197
runs,nes2net_v2_asv19_attack_matrix,asvspoof2019_la,nes2net_v2,nes2net,pgd_l2,40.0,0.1987499999999999,0.0331249999999999,0.8826328125,2.64536859085088,0.5849817147439742,2.060386876106906
runs,nes2net_v2_asv19_attack_matrix,asvspoof2019_la,nes2net_v2,xlsr_linear,fgsm,10.0,0.176875,0.1368749999999999,0.89101875,0.7153270865113757,0.576294693556936,0.1390323929544397
runs,nes2net_v2_asv19_attack_matrix,asvspoof2019_la,nes2net_v2,xlsr_linear,fgsm,20.0,0.1268749999999999,0.0868749999999999,0.9325328125,0.6167808615993062,0.4488374712174253,0.1679433903818808
runs,nes2net_v2_asv19_attack_matrix,asvspoof2019_la,nes2net_v2,xlsr_linear,fgsm,30.0,0.0962499999999999,0.0562499999999999,0.967690625,0.5272250589856542,0.3108318641863524,0.2163931947993017
runs,nes2net_v2_asv19_attack_matrix,asvspoof2019_la,nes2net_v2,xlsr_linear,fgsm,40.0,0.055625,0.0156249999999999,0.9850515625,0.4138714638386719,0.207060081914816,0.2068113819238559
runs,nes2net_v2_asv19_attack_matrix,asvspoof2019_la,nes2net_v2,xlsr_linear,pgd,10.0,0.69,0.6499999999999999,0.3253749999999999,1.760812007977096,0.9602060803395712,0.8006059276375249
runs,nes2net_v2_asv19_attack_matrix,asvspoof2019_la,nes2net_v2,xlsr_linear,pgd,20.0,0.5662499999999999,0.5262499999999999,0.3964765624999999,1.5653653571303612,0.9811777934268748,0.5841875637034865
runs,nes2net_v2_asv19_attack_matrix,asvspoof2019_la,nes2net_v2,xlsr_linear,pgd,30.0,0.431875,0.391875,0.604765625,1.044606651456649,0.8827534637359878,0.1618531877206611
runs,nes2net_v2_asv19_attack_matrix,asvspoof2019_la,nes2net_v2,xlsr_linear,pgd,40.0,0.245,0.2049999999999999,0.8505109375,0.6903693895329532,0.6459585405747463,0.0444108489582069
runs,nes2net_v2_asv19_attack_matrix,asvspoof2019_la,nes2net_v2,xlsr_linear,pgd_l2,10.0,0.67875,0.6387499999999999,0.287434375,2.250204202191049,0.9862379846762966,1.2639662175147524
runs,nes2net_v2_asv19_attack_matrix,asvspoof2019_la,nes2net_v2,xlsr_linear,pgd_l2,20.0,0.62375,0.58375,0.3296140624999999,1.8564202894277997,0.9963352351108724,0.8600850543169272
runs,nes2net_v2_asv19_attack_matrix,asvspoof2019_la,nes2net_v2,xlsr_linear,pgd_l2,30.0,0.473125,0.433125,0.54599375,1.2127167236255811,0.939492962414758,0.2732237612108232
runs,nes2net_v2_asv19_attack_matrix,asvspoof2019_la,nes2net_v2,xlsr_linear,pgd_l2,40.0,0.27,0.2299999999999999,0.805421875,0.7871691345623886,0.7313767230747137,0.0557924114876748
runs,nes2net_v2_asv19_attack_matrix,asvspoof2019_la,nes2net_v2,wavlm_linear,fgsm,10.0,0.105625,0.078125,0.9427671875,3.0373543725083287,0.3614497001486734,2.675904672359655
runs,nes2net_v2_asv19_attack_matrix,asvspoof2019_la,nes2net_v2,wavlm_linear,fgsm,20.0,0.076875,0.049375,0.9754453125,1.2127552113415372,0.260342637917589,0.952412573423948
runs,nes2net_v2_asv19_attack_matrix,asvspoof2019_la,nes2net_v2,wavlm_linear,fgsm,30.0,0.060625,0.033125,0.9836546875,0.4564880456524902,0.2167667080059818,0.2397213376465083
runs,nes2net_v2_asv19_attack_matrix,asvspoof2019_la,nes2net_v2,wavlm_linear,fgsm,40.0,0.04125,0.01375,0.9934125,0.1623269934314571,0.1328004574090944,0.0295265360223626
runs,nes2net_v2_asv19_attack_matrix,asvspoof2019_la,nes2net_v2,wavlm_linear,pgd,10.0,0.165625,0.138125,0.9022796875,3.878185297188318,0.506189433049218,3.3719958641391
runs,nes2net_v2_asv19_attack_matrix,asvspoof2019_la,nes2net_v2,wavlm_linear,pgd,20.0,0.118125,0.090625,0.9461828125,2.0105408963072877,0.3882470785172066,1.622293817790081
runs,nes2net_v2_asv19_attack_matrix,asvspoof2019_la,nes2net_v2,wavlm_linear,pgd,30.0,0.0893749999999999,0.061875,0.9690859375,0.6698113565683225,0.2949125348149586,0.3748988217533638
runs,nes2net_v2_asv19_attack_matrix,asvspoof2019_la,nes2net_v2,wavlm_linear,pgd,40.0,0.05625,0.02875,0.9869078125,0.2276791254795571,0.1935917043315543,0.0340874211480027
runs,nes2net_v2_asv19_attack_matrix,asvspoof2019_la,nes2net_v2,wavlm_linear,pgd_l2,10.0,0.18125,0.15375,0.8825156249999999,4.020219029038586,0.5213586769336898,3.498860352104896
runs,nes2net_v2_asv19_attack_matrix,asvspoof2019_la,nes2net_v2,wavlm_linear,pgd_l2,20.0,0.12375,0.09625,0.9404953125,1.74179294339212,0.3991597598263722,1.3426331835657477
runs,nes2net_v2_asv19_attack_matrix,asvspoof2019_la,nes2net_v2,wavlm_linear,pgd_l2,30.0,0.0775,0.05,0.9757765625,0.5297227993116396,0.2557820739741792,0.2739407253374604
runs,nes2net_v2_asv19_attack_matrix,asvspoof2019_la,nes2net_v2,wavlm_linear,pgd_l2,40.0,0.0524999999999999,0.025,0.98799375,0.235267896078026,0.1818624750741861,0.0534054210038398
runs,rawnet2_asv19_attack,asvspoof2019_la,rawnet2,aasist,fgsm,10.0,0.1687499999999999,0.1625,,,,
runs,rawnet2_asv19_attack,asvspoof2019_la,rawnet2,aasist,fgsm,20.0,0.065625,0.059375,,,,
runs,rawnet2_asv19_attack,asvspoof2019_la,rawnet2,aasist,fgsm,30.0,0.0168749999999999,0.0106249999999999,,,,
runs,rawnet2_asv19_attack,asvspoof2019_la,rawnet2,aasist,fgsm,40.0,0.0081249999999999,0.0018749999999999,,,,
runs,rawnet2_asv19_attack,asvspoof2019_la,rawnet2,aasist,pgd,10.0,0.2199999999999999,0.21375,,,,
runs,rawnet2_asv19_attack,asvspoof2019_la,rawnet2,aasist,pgd,20.0,0.0743749999999999,0.0681249999999999,,,,
runs,rawnet2_asv19_attack,asvspoof2019_la,rawnet2,aasist,pgd,30.0,0.015,0.00875,,,,
runs,rawnet2_asv19_attack,asvspoof2019_la,rawnet2,aasist,pgd,40.0,0.0106249999999999,0.004375,,,,
runs,rawnet2_asv19_attack_matrix,asvspoof2019_la,rawnet2,aasist,fgsm,10.0,0.1687499999999999,0.1625,0.912678125,2.792738615086951,0.5237011950508094,2.269037420036142
runs,rawnet2_asv19_attack_matrix,asvspoof2019_la,rawnet2,aasist,fgsm,20.0,0.065625,0.059375,0.985446875,0.3586557196957052,0.209455486584175,0.1492002331115302
runs,rawnet2_asv19_attack_matrix,asvspoof2019_la,rawnet2,aasist,fgsm,30.0,0.0168749999999999,0.0106249999999999,0.999225,0.1049039602116165,0.0449867033492095,0.059917256862407
runs,rawnet2_asv19_attack_matrix,asvspoof2019_la,rawnet2,aasist,fgsm,40.0,0.0081249999999999,0.0018749999999999,0.999640625,0.1121745249175622,0.0280297798237458,0.0841447450938164
runs,rawnet2_asv19_attack_matrix,asvspoof2019_la,rawnet2,aasist,pgd,10.0,0.2225,0.21625,0.8632562500000001,2.8923385005453066,0.6294589279609719,2.2628795725843345
runs,rawnet2_asv19_attack_matrix,asvspoof2019_la,rawnet2,aasist,pgd,20.0,0.0737499999999999,0.0674999999999999,0.9794078125,0.3398957820335197,0.2459124541834938,0.0939833278500258
runs,rawnet2_asv19_attack_matrix,asvspoof2019_la,rawnet2,aasist,pgd,30.0,0.0162499999999999,0.01,0.99920625,0.136528070397912,0.0429842441218571,0.0935438262760548
runs,rawnet2_asv19_attack_matrix,asvspoof2019_la,rawnet2,aasist,pgd,40.0,0.0081249999999999,0.0018749999999999,0.999609375,0.1165885725354626,0.0287406713940332,0.0878479011414293
runs,rawnet2_asv19_attack_matrix,asvspoof2019_la,rawnet2,aasist,pgd_l2,10.0,0.4725,0.46625,0.5490609375,5.240377407140905,0.967446769709784,4.272930637431121
runs,rawnet2_asv19_attack_matrix,asvspoof2019_la,rawnet2,aasist,pgd_l2,20.0,0.1787499999999999,0.1725,0.907678125,1.2146918442950452,0.5292061214777679,0.6854857228172773
runs,rawnet2_asv19_attack_matrix,asvspoof2019_la,rawnet2,aasist,pgd_l2,30.0,0.03625,0.03,0.9943890625,0.1815589929962807,0.1241042600143191,0.0574547329819615
runs,rawnet2_asv19_attack_matrix,asvspoof2019_la,rawnet2,aasist,pgd_l2,40.0,0.01875,0.0125,0.99873125,0.1915250413489315,0.0548818019208637,0.1366432394280678
runs,rawnet2_asv19_attack_matrix,asvspoof2019_la,rawnet2,aasist3_kan,fgsm,10.0,0.4525,0.29125,0.5649546875,9.958394549914388,0.9687509940591932,8.989643555855196
runs,rawnet2_asv19_attack_matrix,asvspoof2019_la,rawnet2,aasist3_kan,fgsm,20.0,0.4081249999999999,0.2468749999999999,0.6318984375000001,9.401032246867665,0.9141504077290316,8.486881839138631
runs,rawnet2_asv19_attack_matrix,asvspoof2019_la,rawnet2,aasist3_kan,fgsm,30.0,0.38125,0.2199999999999999,0.6644390625000001,5.708965362530353,0.8528944917893264,4.856070870741027
runs,rawnet2_asv19_attack_matrix,asvspoof2019_la,rawnet2,aasist3_kan,fgsm,40.0,0.3025,0.14125,0.7776171875,2.5524272983445826,0.7597492442189706,1.792678054125612
runs,rawnet2_asv19_attack_matrix,asvspoof2019_la,rawnet2,aasist3_kan,pgd,10.0,0.119375,-0.041875,0.9506109375,9.092120893232956,0.381726167659936,8.71039472557302
runs,rawnet2_asv19_attack_matrix,asvspoof2019_la,rawnet2,aasist3_kan,pgd,20.0,0.14625,-0.015,0.9234484375,5.212143952316338,0.4788398428889546,4.733304109427383
runs,rawnet2_asv19_attack_matrix,asvspoof2019_la,rawnet2,aasist3_kan,pgd,30.0,0.181875,0.020625,0.8992703125,1.9003070256353145,0.5538280253220677,1.3464790003132467
runs,rawnet2_asv19_attack_matrix,asvspoof2019_la,rawnet2,aasist3_kan,pgd,40.0,0.180625,0.019375,0.9113125,0.905363339939438,0.5194048198230213,0.3859585201164165
runs,rawnet2_asv19_attack_matrix,asvspoof2019_la,rawnet2,aasist3_kan,pgd_l2,10.0,0.175625,0.014375,0.8987546875,9.41467870850144,0.538453889937015,8.876224818564424
runs,rawnet2_asv19_attack_matrix,asvspoof2019_la,rawnet2,aasist3_kan,pgd_l2,20.0,0.26875,0.1074999999999999,0.8100640625000001,7.771754358907059,0.7280175715251034,7.043736787381956
runs,rawnet2_asv19_attack_matrix,asvspoof2019_la,rawnet2,aasist3_kan,pgd_l2,30.0,0.253125,0.091875,0.8195234374999999,4.412893108303016,0.711800489568414,3.701092618734602
runs,rawnet2_asv19_attack_matrix,asvspoof2019_la,rawnet2,aasist3_kan,pgd_l2,40.0,0.19125,0.03,0.8948015625000001,1.4706581442366906,0.5507568908407542,0.9199012533959364
runs,rawnet2_asv19_attack_matrix,asvspoof2019_la,rawnet2,spectra_aasist3,fgsm,10.0,0.0337499999999999,0.0268749999999999,0.9938,0.1625371141111842,0.1165249405549234,0.0460121735562608
runs,rawnet2_asv19_attack_matrix,asvspoof2019_la,rawnet2,spectra_aasist3,fgsm,20.0,0.01,0.003125,0.997971875,0.0666605540447582,0.0489827475871057,0.0176778064576524
runs,rawnet2_asv19_attack_matrix,asvspoof2019_la,rawnet2,spectra_aasist3,fgsm,30.0,0.0112499999999999,0.004375,0.99811875,0.0690881634270724,0.049629349520363,0.0194588139067093
runs,rawnet2_asv19_attack_matrix,asvspoof2019_la,rawnet2,spectra_aasist3,fgsm,40.0,0.0068749999999999,0.0,0.999784375,0.0843497234834412,0.0222747557126819,0.0620749677707593
runs,rawnet2_asv19_attack_matrix,asvspoof2019_la,rawnet2,spectra_aasist3,pgd,10.0,0.015625,0.00875,0.9989515625,0.0590252607109458,0.0486214046173742,0.0104038560935716
runs,rawnet2_asv19_attack_matrix,asvspoof2019_la,rawnet2,spectra_aasist3,pgd,20.0,0.00875,0.001875,0.9994328125,0.0437574968277911,0.0312849254942544,0.0124725713335366
runs,rawnet2_asv19_attack_matrix,asvspoof2019_la,rawnet2,spectra_aasist3,pgd,30.0,0.0081249999999999,0.0012499999999999,0.9993734375,0.071454401184544,0.0270624562104816,0.0443919449740623
runs,rawnet2_asv19_attack_matrix,asvspoof2019_la,rawnet2,spectra_aasist3,pgd,40.0,0.00375,-0.0031249999999999,0.9998671875,0.0776530260463697,0.0142454440471433,0.0634075819992264
runs,rawnet2_asv19_attack_matrix,asvspoof2019_la,rawnet2,spectra_aasist3,pgd_l2,10.0,0.01,0.003125,0.9988125,0.0555016016011075,0.0385501068562907,0.0169514947448167
runs,rawnet2_asv19_attack_matrix,asvspoof2019_la,rawnet2,spectra_aasist3,pgd_l2,20.0,0.0074999999999999,0.0006249999999999,0.9995625,0.0858601095491644,0.0276561073870154,0.058204002162149
runs,rawnet2_asv19_attack_matrix,asvspoof2019_la,rawnet2,spectra_aasist3,pgd_l2,30.0,0.00875,0.001875,0.9994515625,0.1127856835390086,0.0328159167647417,0.0799697667742668
runs,rawnet2_asv19_attack_matrix,asvspoof2019_la,rawnet2,spectra_aasist3,pgd_l2,40.0,0.014375,0.0075,0.9994765625,0.1181694618407177,0.0347754243288309,0.0833940375118867
runs,rawnet2_asv19_attack_matrix,asvspoof2019_la,rawnet2,ssl_aasist,fgsm,10.0,0.0212499999999999,0.02,0.996928125,0.202464373053499,0.0714220331448528,0.1310423399086462
runs,rawnet2_asv19_attack_matrix,asvspoof2019_la,rawnet2,ssl_aasist,fgsm,20.0,0.0068749999999999,0.0056249999999999,0.99964375,0.0662270711833909,0.0216817439090108,0.04454532727438
runs,rawnet2_asv19_attack_matrix,asvspoof2019_la,rawnet2,ssl_aasist,fgsm,30.0,0.00375,0.0025,0.9999078125,0.0290528537283767,0.0097620017326503,0.0192908519957263
runs,rawnet2_asv19_attack_matrix,asvspoof2019_la,rawnet2,ssl_aasist,fgsm,40.0,0.0012499999999999,0.0,0.9999421875,0.0252360322326636,0.006298062440029,0.0189379697926346
runs,rawnet2_asv19_attack_matrix,asvspoof2019_la,rawnet2,ssl_aasist,pgd,10.0,0.0056249999999999,0.004375,0.9988015625,0.0657890030100714,0.0290699978774065,0.0367190051326649
runs,rawnet2_asv19_attack_matrix,asvspoof2019_la,rawnet2,ssl_aasist,pgd,20.0,0.0031249999999999,0.0018749999999999,0.9996734375,0.0408107070566729,0.0139327133367939,0.0268779937198789
runs,rawnet2_asv19_attack_matrix,asvspoof2019_la,rawnet2,ssl_aasist,pgd,30.0,0.00375,0.0025,0.999915625,0.0304168382591689,0.008812124955659,0.0216047133035098
runs,rawnet2_asv19_attack_matrix,asvspoof2019_la,rawnet2,ssl_aasist,pgd,40.0,0.0012499999999999,0.0,0.9999359375,0.0207361361491085,0.006199269500262,0.0145368666488464
runs,rawnet2_asv19_attack_matrix,asvspoof2019_la,rawnet2,ssl_aasist,pgd_l2,10.0,0.009375,0.008125,0.9982234375,0.0649222851853073,0.0430721698602676,0.0218501153250397
runs,rawnet2_asv19_attack_matrix,asvspoof2019_la,rawnet2,ssl_aasist,pgd_l2,20.0,0.00375,0.0025,0.999625,0.02900726057799,0.0122070505662028,0.0168002100117872
runs,rawnet2_asv19_attack_matrix,asvspoof2019_la,rawnet2,ssl_aasist,pgd_l2,30.0,0.0018749999999999,0.0006249999999999,0.9998078125,0.0200958014562344,0.0086289668030367,0.0114668346531976
runs,rawnet2_asv19_attack_matrix,asvspoof2019_la,rawnet2,ssl_aasist,pgd_l2,40.0,0.0012499999999999,0.0,0.9999296875,0.0204964342321455,0.0062906587590109,0.0142057754731345
runs,rawnet2_asv19_attack_matrix,asvspoof2019_la,rawnet2,xlsr_mamba,fgsm,10.0,0.024375,0.0225,0.9964703125,0.141324461647813,0.0835794827879125,0.0577449788599005
runs,rawnet2_asv19_attack_matrix,asvspoof2019_la,rawnet2,xlsr_mamba,fgsm,20.0,0.015625,0.01375,0.9980625,0.0914126993566132,0.0544415218236713,0.0369711775329419
runs,rawnet2_asv19_attack_matrix,asvspoof2019_la,rawnet2,xlsr_mamba,fgsm,30.0,0.009375,0.0075,0.999590625,0.0553959544534782,0.0291699205525323,0.0262260339009459
runs,rawnet2_asv19_attack_matrix,asvspoof2019_la,rawnet2,xlsr_mamba,fgsm,40.0,0.00375,0.001875,0.99991875,0.0346747920124234,0.0125591874472339,0.0221156045651895
runs,rawnet2_asv19_attack_matrix,asvspoof2019_la,rawnet2,xlsr_mamba,pgd,10.0,0.02,0.018125,0.9982140625,0.1155787888079705,0.0631592194991597,0.0524195693088108
runs,rawnet2_asv19_attack_matrix,asvspoof2019_la,rawnet2,xlsr_mamba,pgd,20.0,0.0068749999999999,0.005,0.9994046875,0.0641540239675041,0.0268820347930232,0.0372719891744809
runs,rawnet2_asv19_attack_matrix,asvspoof2019_la,rawnet2,xlsr_mamba,pgd,30.0,0.0062499999999999,0.004375,0.999815625,0.0489208486479624,0.0185195614801464,0.030401287167816
runs,rawnet2_asv19_attack_matrix,asvspoof2019_la,rawnet2,xlsr_mamba,pgd,40.0,0.00375,0.001875,0.999953125,0.0355484249693086,0.0096823516104447,0.0258660733588639
runs,rawnet2_asv19_attack_matrix,asvspoof2019_la,rawnet2,xlsr_mamba,pgd_l2,10.0,0.0193749999999999,0.0175,0.9963828125,0.1288534671450558,0.087158609469097,0.0416948576759588
runs,rawnet2_asv19_attack_matrix,asvspoof2019_la,rawnet2,xlsr_mamba,pgd_l2,20.0,0.0068749999999999,0.005,0.999703125,0.0529211747728477,0.0233452887871859,0.0295758859856618
runs,rawnet2_asv19_attack_matrix,asvspoof2019_la,rawnet2,xlsr_mamba,pgd_l2,30.0,0.00375,0.001875,0.999928125,0.0482151333559528,0.0119366241847433,0.0362785091712095
runs,rawnet2_asv19_attack_matrix,asvspoof2019_la,rawnet2,xlsr_mamba,pgd_l2,40.0,0.0018749999999999,1.3227266504323154e-17,0.9999765625,0.0365943351014377,0.0060860178089875,0.0305083172924502
runs,rawnet2_asv19_attack_matrix,asvspoof2019_la,rawnet2,nes2net,fgsm,10.0,0.22875,0.0631249999999999,0.8462890625,0.7181766122011406,0.6634851783412339,0.0546914338599067
runs,rawnet2_asv19_attack_matrix,asvspoof2019_la,rawnet2,nes2net,fgsm,20.0,0.2143749999999999,0.0487499999999999,0.8488671875,1.0343934767164444,0.6391203354627341,0.3952731412537104
runs,rawnet2_asv19_attack_matrix,asvspoof2019_la,rawnet2,nes2net,fgsm,30.0,0.1962499999999999,0.0306249999999999,0.8681140624999999,1.3821999486816954,0.5764115895834447,0.8057883590982506
runs,rawnet2_asv19_attack_matrix,asvspoof2019_la,rawnet2,nes2net,fgsm,40.0,0.165,-0.000625,0.89585625,1.5577314551607044,0.5054975591491553,1.0522338960115492
runs,rawnet2_asv19_attack_matrix,asvspoof2019_la,rawnet2,nes2net,pgd,10.0,0.111875,-0.0537499999999999,0.9480921875,0.6870928717123784,0.3610675030547549,0.3260253686576235
runs,rawnet2_asv19_attack_matrix,asvspoof2019_la,rawnet2,nes2net,pgd,20.0,0.14125,-0.024375,0.916521875,1.1766448468163475,0.4399607280711322,0.7366841187452153
runs,rawnet2_asv19_attack_matrix,asvspoof2019_la,rawnet2,nes2net,pgd,30.0,0.14375,-0.021875,0.9219203125,1.4654513388028187,0.4280496805860316,1.037401658216787
runs,rawnet2_asv19_attack_matrix,asvspoof2019_la,rawnet2,nes2net,pgd,40.0,0.139375,-0.0262499999999999,0.9275421875,1.580956726226864,0.4156376679199138,1.1653190583069502
runs,rawnet2_asv19_attack_matrix,asvspoof2019_la,rawnet2,nes2net,pgd_l2,10.0,0.0893749999999999,-0.07625,0.967884375,0.8702731661141252,0.2982017744392173,0.5720713916749078
runs,rawnet2_asv19_attack_matrix,asvspoof2019_la,rawnet2,nes2net,pgd_l2,20.0,0.1018749999999999,-0.06375,0.9618031249999998,1.1825296545346475,0.3178103276647847,0.8647193268698629
runs,rawnet2_asv19_attack_matrix,asvspoof2019_la,rawnet2,nes2net,pgd_l2,30.0,0.09125,-0.074375,0.9635265625,1.3956922267035206,0.3028876854590498,1.092804541244471
runs,rawnet2_asv19_attack_matrix,asvspoof2019_la,rawnet2,nes2net,pgd_l2,40.0,0.108125,-0.0574999999999999,0.9553890625,1.514074382512136,0.3329108747473622,1.1811635077647735
runs,rawnet2_asv19_attack_matrix,asvspoof2019_la,rawnet2,xlsr_linear,fgsm,10.0,0.098125,0.0581249999999999,0.957934375,0.5949844618901503,0.3406107725713471,0.2543736893188032
runs,rawnet2_asv19_attack_matrix,asvspoof2019_la,rawnet2,xlsr_linear,fgsm,20.0,0.063125,0.0231249999999999,0.9774968750000002,0.5984676126422388,0.2465211098627452,0.3519465027794935
runs,rawnet2_asv19_attack_matrix,asvspoof2019_la,rawnet2,xlsr_linear,fgsm,30.0,0.0625,0.0224999999999999,0.978315625,0.5122679393935519,0.2409093088152107,0.2713586305783411
runs,rawnet2_asv19_attack_matrix,asvspoof2019_la,rawnet2,xlsr_linear,fgsm,40.0,0.045625,0.0056249999999999,0.98980625,0.375022977398611,0.159286892097858,0.2157360853007529
runs,rawnet2_asv19_attack_matrix,asvspoof2019_la,rawnet2,xlsr_linear,pgd,10.0,0.2225,0.1825,0.8486500000000001,0.7667118695746502,0.6746383516732619,0.0920735179013882
runs,rawnet2_asv19_attack_matrix,asvspoof2019_la,rawnet2,xlsr_linear,pgd,20.0,0.1781249999999999,0.1381249999999999,0.890790625,0.7013439046209369,0.5823752988218835,0.1189686057990533
runs,rawnet2_asv19_attack_matrix,asvspoof2019_la,rawnet2,xlsr_linear,pgd,30.0,0.0837499999999999,0.0437499999999999,0.9694875,0.4832614131927146,0.3031115939715136,0.180149819221201
runs,rawnet2_asv19_attack_matrix,asvspoof2019_la,rawnet2,xlsr_linear,pgd,40.0,0.0481249999999999,0.0081249999999999,0.986728125,0.3698183588210544,0.1886243340590574,0.1811940247619969
runs,rawnet2_asv19_attack_matrix,asvspoof2019_la,rawnet2,xlsr_linear,pgd_l2,10.0,0.404375,0.364375,0.6269484375000001,1.2382091916115163,0.9514148164228398,0.2867943751886768
runs,rawnet2_asv19_attack_matrix,asvspoof2019_la,rawnet2,xlsr_linear,pgd_l2,20.0,0.31,0.27,0.742775,1.008185593484765,0.8484921749335064,0.1596934185512586
runs,rawnet2_asv19_attack_matrix,asvspoof2019_la,rawnet2,xlsr_linear,pgd_l2,30.0,0.135625,0.0956249999999999,0.9372515625,0.5986554324120125,0.4458839774736944,0.152771454938318
runs,rawnet2_asv19_attack_matrix,asvspoof2019_la,rawnet2,xlsr_linear,pgd_l2,40.0,0.060625,0.0206249999999999,0.9804203125,0.3896115680040841,0.2325262107183014,0.1570853572857826
runs,rawnet2_asv19_attack_matrix,asvspoof2019_la,rawnet2,wavlm_linear,fgsm,10.0,0.0975,0.07,0.952825,1.9483840660186689,0.3173411054436551,1.6310429605750136
runs,rawnet2_asv19_attack_matrix,asvspoof2019_la,rawnet2,wavlm_linear,fgsm,20.0,0.0506249999999999,0.023125,0.9890828125,0.694720819402723,0.1684344040552928,0.5262864153474301
runs,rawnet2_asv19_attack_matrix,asvspoof2019_la,rawnet2,wavlm_linear,fgsm,30.0,0.0424999999999999,0.015,0.9930515625,0.2507321036030032,0.1351275345566395,0.1156045690463636
runs,rawnet2_asv19_attack_matrix,asvspoof2019_la,rawnet2,wavlm_linear,fgsm,40.0,0.025625,-0.0018749999999999,0.9963937500000002,0.1356484713312656,0.0906012825996497,0.0450471887316158
runs,rawnet2_asv19_attack_matrix,asvspoof2019_la,rawnet2,wavlm_linear,pgd,10.0,0.086875,0.059375,0.9587578125,1.9954573498820205,0.3110917536624772,1.684365596219543
runs,rawnet2_asv19_attack_matrix,asvspoof2019_la,rawnet2,wavlm_linear,pgd,20.0,0.0524999999999999,0.025,0.98770625,0.8412341709184478,0.1801466966650604,0.6610874742533874
runs,rawnet2_asv19_attack_matrix,asvspoof2019_la,rawnet2,wavlm_linear,pgd,30.0,0.039375,0.011875,0.992275,0.259983696347962,0.139571526905411,0.1204121694425509
runs,rawnet2_asv19_attack_matrix,asvspoof2019_la,rawnet2,wavlm_linear,pgd,40.0,0.0262499999999999,-0.0012499999999999,0.9956390625,0.1412163895092719,0.1005354523042087,0.0406809372050631
runs,rawnet2_asv19_attack_matrix,asvspoof2019_la,rawnet2,wavlm_linear,pgd_l2,10.0,0.10875,0.08125,0.952578125,3.243743425405196,0.3469841539225282,2.896759271482668
runs,rawnet2_asv19_attack_matrix,asvspoof2019_la,rawnet2,wavlm_linear,pgd_l2,20.0,0.0643749999999999,0.036875,0.9832765625,1.5721226261561208,0.2182434580225709,1.3538791681335498
runs,rawnet2_asv19_attack_matrix,asvspoof2019_la,rawnet2,wavlm_linear,pgd_l2,30.0,0.0374999999999999,0.0099999999999999,0.9919265625,0.4202357005544037,0.1445616530556742,0.2756740474987294
runs,rawnet2_asv19_attack_matrix,asvspoof2019_la,rawnet2,wavlm_linear,pgd_l2,40.0,0.0368749999999999,0.009375,0.993621875,0.1790508441394867,0.1311567734629404,0.0478940706765463
runs,rawnet2_asv19_attack_matrix,asvspoof2019_la,rawnet2,nes2net_v2,fgsm,10.0,0.0062499999999999,0.0062499999999999,0.9998609375,0.0696231396408257,0.0170605886933599,0.0525625509474657
runs,rawnet2_asv19_attack_matrix,asvspoof2019_la,rawnet2,nes2net_v2,fgsm,20.0,0.0024999999999999,0.0024999999999999,0.999975,0.0209245630544562,0.0066608197438926,0.0142637433105635
runs,rawnet2_asv19_attack_matrix,asvspoof2019_la,rawnet2,nes2net_v2,fgsm,30.0,0.000625,0.000625,0.99999375,0.0120165488676405,0.002257463483861,0.0097590853837795
runs,rawnet2_asv19_attack_matrix,asvspoof2019_la,rawnet2,nes2net_v2,fgsm,40.0,0.0012499999999999,0.0012499999999999,0.9999953125,0.0228847602164875,0.0025014390890228,0.0203833211274647
runs,rawnet2_asv19_attack_matrix,asvspoof2019_la,rawnet2,nes2net_v2,pgd,10.0,0.0056249999999999,0.0056249999999999,0.9998421875,0.0457980739467626,0.0188566556794167,0.0269414182673458
runs,rawnet2_asv19_attack_matrix,asvspoof2019_la,rawnet2,nes2net_v2,pgd,20.0,0.0012499999999999,0.0012499999999999,0.9999828125,0.0113317442993394,0.004182654335477,0.0071490899638623
runs,rawnet2_asv19_attack_matrix,asvspoof2019_la,rawnet2,nes2net_v2,pgd,30.0,0.0012499999999999,0.0012499999999999,0.9999984375,0.0089726527027749,0.0012514408923925,0.0077212118103824
runs,rawnet2_asv19_attack_matrix,asvspoof2019_la,rawnet2,nes2net_v2,pgd,40.0,0.0018749999999999,0.0018749999999999,0.999996875,0.0206988155512541,0.0017232446795598,0.0189755708716942
runs,rawnet2_asv19_attack_matrix,asvspoof2019_la,rawnet2,nes2net_v2,pgd_l2,10.0,0.0262499999999999,0.0262499999999999,0.9975171875,0.1216034954404528,0.0808000569331178,0.0408034385073349
runs,rawnet2_asv19_attack_matrix,asvspoof2019_la,rawnet2,nes2net_v2,pgd_l2,20.0,0.003125,0.003125,0.9999125,0.0253057928529555,0.0122996259559885,0.0130061668969669
runs,rawnet2_asv19_attack_matrix,asvspoof2019_la,rawnet2,nes2net_v2,pgd_l2,30.0,0.003125,0.003125,0.999984375,0.0171311495854648,0.0042856551882694,0.0128454943971954
runs,rawnet2_asv19_attack_matrix,asvspoof2019_la,rawnet2,nes2net_v2,pgd_l2,40.0,0.0006249999999999,0.0006249999999999,0.999996875,0.0155001579426971,0.0017232446795598,0.0137769132631372
runs,spectra_aasist3_asv19_attack_matrix,asvspoof2019_la,spectra_aasist3,aasist,fgsm,10.0,0.166875,0.160625,0.8998109375000001,1.0932793171581014,0.5445273207380301,0.5487519964200713
runs,spectra_aasist3_asv19_attack_matrix,asvspoof2019_la,spectra_aasist3,aasist,fgsm,20.0,0.0875,0.08125,0.9762203125,0.7366241381295454,0.2596404036179521,0.4769837345115932
runs,spectra_aasist3_asv19_attack_matrix,asvspoof2019_la,spectra_aasist3,aasist,fgsm,30.0,0.045625,0.039375,0.9923234375,0.8915006478356131,0.1453724528537588,0.7461281949818543
runs,spectra_aasist3_asv19_attack_matrix,asvspoof2019_la,spectra_aasist3,aasist,fgsm,40.0,0.04625,0.04,0.9925046875,0.8866425876961902,0.1441466858217153,0.7424959018744748
runs,spectra_aasist3_asv19_attack_matrix,asvspoof2019_la,spectra_aasist3,aasist,pgd,10.0,0.145,0.13875,0.9269499999999998,0.7036074756011634,0.4620019223724632,0.2416055532287002
runs,spectra_aasist3_asv19_attack_matrix,asvspoof2019_la,spectra_aasist3,aasist,pgd,20.0,0.0518749999999999,0.045625,0.9897046875,0.9437484427537746,0.1692550612368638,0.7744933815169107
runs,spectra_aasist3_asv19_attack_matrix,asvspoof2019_la,spectra_aasist3,aasist,pgd,30.0,0.0474999999999999,0.04125,0.992515625,0.9031449261944868,0.1449732522596968,0.7581716739347899
runs,spectra_aasist3_asv19_attack_matrix,asvspoof2019_la,spectra_aasist3,aasist,pgd,40.0,0.0474999999999999,0.04125,0.99245625,0.8866841745859455,0.1451796354487751,0.7415045391371704
runs,spectra_aasist3_asv19_attack_matrix,asvspoof2019_la,spectra_aasist3,aasist,pgd_l2,10.0,0.170625,0.164375,0.8890140624999999,0.959539107553004,0.5722934099745948,0.3872456975784091
runs,spectra_aasist3_asv19_attack_matrix,asvspoof2019_la,spectra_aasist3,aasist,pgd_l2,20.0,0.079375,0.073125,0.9796796875,0.758371803437526,0.2422125735915752,0.5161592298459508
runs,spectra_aasist3_asv19_attack_matrix,asvspoof2019_la,spectra_aasist3,aasist,pgd_l2,30.0,0.0481249999999999,0.041875,0.9925546875,0.8759745717524962,0.1469052663625051,0.729069305389991
runs,spectra_aasist3_asv19_attack_matrix,asvspoof2019_la,spectra_aasist3,aasist,pgd_l2,40.0,0.0487499999999999,0.0424999999999999,0.99245,0.8833853109150647,0.143847012612611,0.7395382983024537
runs,spectra_aasist3_asv19_attack_matrix,asvspoof2019_la,spectra_aasist3,aasist3_kan,fgsm,10.0,0.355,0.1937499999999999,0.7076234375000001,9.891568721066388,0.8821734361471875,9.0093952849192
runs,spectra_aasist3_asv19_attack_matrix,asvspoof2019_la,spectra_aasist3,aasist3_kan,fgsm,20.0,0.3199999999999999,0.1587499999999999,0.74835,9.030541494277992,0.82771568095291,8.202825813325083
runs,spectra_aasist3_asv19_attack_matrix,asvspoof2019_la,spectra_aasist3,aasist3_kan,fgsm,30.0,0.27375,0.1125,0.8041859375,6.719380350375173,0.7387032290765537,5.980677121298619
runs,spectra_aasist3_asv19_attack_matrix,asvspoof2019_la,spectra_aasist3,aasist3_kan,fgsm,40.0,0.20875,0.0474999999999999,0.8772046875,2.3978687053179466,0.6026273274294907,1.795241377888456
runs,spectra_aasist3_asv19_attack_matrix,asvspoof2019_la,spectra_aasist3,aasist3_kan,pgd,10.0,0.46125,0.3,0.5573234375,9.644107352570844,0.9727235945464404,8.671383758024403
runs,spectra_aasist3_asv19_attack_matrix,asvspoof2019_la,spectra_aasist3,aasist3_kan,pgd,20.0,0.45625,0.295,0.562978125,8.574808574424141,0.939103390591646,7.635705183832496
runs,spectra_aasist3_asv19_attack_matrix,asvspoof2019_la,spectra_aasist3,aasist3_kan,pgd,30.0,0.3675,0.20625,0.7022796874999999,4.949740709489695,0.8317750561983642,4.11796565329133
runs,spectra_aasist3_asv19_attack_matrix,asvspoof2019_la,spectra_aasist3,aasist3_kan,pgd,40.0,0.2262499999999999,0.0649999999999999,0.8607578124999999,1.5374277794784017,0.6295414944320101,0.9078862850463914
runs,spectra_aasist3_asv19_attack_matrix,asvspoof2019_la,spectra_aasist3,aasist3_kan,pgd_l2,10.0,0.489375,0.328125,0.5256703125000001,9.87097317904136,0.9727844491946332,8.898188729846728
runs,spectra_aasist3_asv19_attack_matrix,asvspoof2019_la,spectra_aasist3,aasist3_kan,pgd_l2,20.0,0.4649999999999999,0.3037499999999999,0.568240625,9.010847335104309,0.9329561623477602,8.077891172756546
runs,spectra_aasist3_asv19_attack_matrix,asvspoof2019_la,spectra_aasist3,aasist3_kan,pgd_l2,30.0,0.390625,0.229375,0.662640625,6.41856435523221,0.8566373745203342,5.561926980711876
runs,spectra_aasist3_asv19_attack_matrix,asvspoof2019_la,spectra_aasist3,aasist3_kan,pgd_l2,40.0,0.308125,0.1468749999999999,0.7740421875,3.2361612983567003,0.744291867571837,2.4918694307848632
runs,spectra_aasist3_asv19_attack_matrix,asvspoof2019_la,spectra_aasist3,rawnet2,fgsm,10.0,0.5349999999999999,0.4887499999999999,0.46225,6.838731087564929,0.9800104523408204,5.858720635224108
runs,spectra_aasist3_asv19_attack_matrix,asvspoof2019_la,spectra_aasist3,rawnet2,fgsm,20.0,0.199375,0.1531249999999999,0.87024375,4.207973491656465,0.5849569709347532,3.623016520721712
runs,spectra_aasist3_asv19_attack_matrix,asvspoof2019_la,spectra_aasist3,rawnet2,fgsm,30.0,0.15,0.10375,0.9121703125,2.5615500663895747,0.4621170688975878,2.099432997491987
runs,spectra_aasist3_asv19_attack_matrix,asvspoof2019_la,spectra_aasist3,rawnet2,fgsm,40.0,0.14125,0.0949999999999999,0.91756875,2.212424898426518,0.4417615180795214,1.7706633803469969
runs,spectra_aasist3_asv19_attack_matrix,asvspoof2019_la,spectra_aasist3,rawnet2,pgd,10.0,0.331875,0.285625,0.7332234375,5.719827083075792,0.8188398639543151,4.900987219121477
runs,spectra_aasist3_asv19_attack_matrix,asvspoof2019_la,spectra_aasist3,rawnet2,pgd,20.0,0.1624999999999999,0.1162499999999999,0.9023015625,3.1742909469957494,0.4946847082884519,2.6796062387072976
runs,spectra_aasist3_asv19_attack_matrix,asvspoof2019_la,spectra_aasist3,rawnet2,pgd,30.0,0.1475,0.1012499999999999,0.9152484374999998,2.328092701275895,0.4484753181966165,1.8796173830792784
runs,spectra_aasist3_asv19_attack_matrix,asvspoof2019_la,spectra_aasist3,rawnet2,pgd,40.0,0.14125,0.0949999999999999,0.918403125,2.1780814979878484,0.4417359560425289,1.7363455419453195
runs,spectra_aasist3_asv19_attack_matrix,asvspoof2019_la,spectra_aasist3,rawnet2,pgd_l2,10.0,0.375,0.32875,0.69030625,6.2271738952840145,0.8611867809935242,5.3659871142904905
runs,spectra_aasist3_asv19_attack_matrix,asvspoof2019_la,spectra_aasist3,rawnet2,pgd_l2,20.0,0.17,0.12375,0.8953078124999999,3.610202896341358,0.5107604606530713,3.099442435688287
runs,spectra_aasist3_asv19_attack_matrix,asvspoof2019_la,spectra_aasist3,rawnet2,pgd_l2,30.0,0.1425,0.09625,0.91534296875,2.4383801030860086,0.4470327127965893,1.9913473902894192
runs,spectra_aasist3_asv19_attack_matrix,asvspoof2019_la,spectra_aasist3,rawnet2,pgd_l2,40.0,0.14125,0.0949999999999999,0.91782578125,2.203141760909398,0.4424198031824052,1.760721957726993
runs,spectra_aasist3_asv19_attack_matrix,asvspoof2019_la,spectra_aasist3,ssl_aasist,fgsm,10.0,0.025625,0.024375,0.993725,0.244524632313834,0.1021002173507403,0.1424244149630937
runs,spectra_aasist3_asv19_attack_matrix,asvspoof2019_la,spectra_aasist3,ssl_aasist,fgsm,20.0,0.0112499999999999,0.01,0.9980859375,0.2282767448463398,0.0466155140273304,0.1816612308190093
runs,spectra_aasist3_asv19_attack_matrix,asvspoof2019_la,spectra_aasist3,ssl_aasist,fgsm,30.0,0.005,0.00375,0.999353125,0.159295002387679,0.0215589304963521,0.1377360718913269
runs,spectra_aasist3_asv19_attack_matrix,asvspoof2019_la,spectra_aasist3,ssl_aasist,fgsm,40.0,0.003125,0.001875,0.9994765625,0.0990748942513595,0.0147614149282083,0.0843134793231511
runs,spectra_aasist3_asv19_attack_matrix,asvspoof2019_la,spectra_aasist3,ssl_aasist,pgd,10.0,0.03,0.02875,0.9951546875,0.3356248472826404,0.1049381498843186,0.2306866973983217
runs,spectra_aasist3_asv19_attack_matrix,asvspoof2019_la,spectra_aasist3,ssl_aasist,pgd,20.0,0.0074999999999999,0.0062499999999999,0.9990890625000002,0.2305350939437426,0.0318646256224877,0.1986704683212549
runs,spectra_aasist3_asv19_attack_matrix,asvspoof2019_la,spectra_aasist3,ssl_aasist,pgd,30.0,0.0062499999999999,0.0049999999999999,0.999340625,0.1297513031192471,0.0155693000831952,0.1141820030360518
runs,spectra_aasist3_asv19_attack_matrix,asvspoof2019_la,spectra_aasist3,ssl_aasist,pgd,40.0,0.004375,0.003125,0.999521875,0.0885368899676023,0.0136792842517734,0.0748576057158288
runs,spectra_aasist3_asv19_attack_matrix,asvspoof2019_la,spectra_aasist3,ssl_aasist,pgd_l2,10.0,0.086875,0.085625,0.966721875,0.5879189660306866,0.2946254734039534,0.2932934926267332
runs,spectra_aasist3_asv19_attack_matrix,asvspoof2019_la,spectra_aasist3,ssl_aasist,pgd_l2,20.0,0.0149999999999999,0.01375,0.997184375,0.212804994911667,0.065261596222661,0.1475433986890059
runs,spectra_aasist3_asv19_attack_matrix,asvspoof2019_la,spectra_aasist3,ssl_aasist,pgd_l2,30.0,0.0062499999999999,0.005,0.9990921875,0.1518872083501289,0.0222852937611163,0.1296019145890126
runs,spectra_aasist3_asv19_attack_matrix,asvspoof2019_la,spectra_aasist3,ssl_aasist,pgd_l2,40.0,0.00375,0.0025,0.9994171875,0.1104044810427576,0.0155056424429906,0.094898838599767
runs,spectra_aasist3_asv19_attack_matrix,asvspoof2019_la,spectra_aasist3,xlsr_mamba,fgsm,10.0,0.025625,0.02375,0.992721875,0.1358380732590918,0.1066446954144953,0.0291933778445965
runs,spectra_aasist3_asv19_attack_matrix,asvspoof2019_la,spectra_aasist3,xlsr_mamba,fgsm,20.0,0.01875,0.016875,0.9980640625,0.1222675049322273,0.0653462624941527,0.0569212424380746
runs,spectra_aasist3_asv19_attack_matrix,asvspoof2019_la,spectra_aasist3,xlsr_mamba,fgsm,30.0,0.00875,0.006875,0.99970625,0.1037169173005899,0.0240997942794417,0.0796171230211482
runs,spectra_aasist3_asv19_attack_matrix,asvspoof2019_la,spectra_aasist3,xlsr_mamba,fgsm,40.0,0.0062499999999999,0.004375,0.9998953125,0.0779403246653627,0.0142233199018129,0.0637170047635497
runs,spectra_aasist3_asv19_attack_matrix,asvspoof2019_la,spectra_aasist3,xlsr_mamba,pgd,10.0,0.04125,0.039375,0.989915625,0.1752804356625353,0.147094428667858,0.0281860069946773
runs,spectra_aasist3_asv19_attack_matrix,asvspoof2019_la,spectra_aasist3,xlsr_mamba,pgd,20.0,0.0124999999999999,0.010625,0.9988,0.162123536170492,0.05108072084357,0.1110428153269219
runs,spectra_aasist3_asv19_attack_matrix,asvspoof2019_la,spectra_aasist3,xlsr_mamba,pgd,30.0,0.0074999999999999,0.005625,0.99979375,0.0978176390185708,0.0210391595097438,0.0767784795088269
runs,spectra_aasist3_asv19_attack_matrix,asvspoof2019_la,spectra_aasist3,xlsr_mamba,pgd,40.0,0.0056249999999999,0.00375,0.9997328125,0.0749723957129998,0.0158223538708862,0.0591500418421135
runs,spectra_aasist3_asv19_attack_matrix,asvspoof2019_la,spectra_aasist3,xlsr_mamba,pgd_l2,10.0,0.0849999999999999,0.083125,0.951034375,0.4917633772134596,0.3567137663977259,0.1350496108157337
runs,spectra_aasist3_asv19_attack_matrix,asvspoof2019_la,spectra_aasist3,xlsr_mamba,pgd_l2,20.0,0.0331249999999999,0.03125,0.99499375,0.1998857277617129,0.1016225867105876,0.0982631410511253
runs,spectra_aasist3_asv19_attack_matrix,asvspoof2019_la,spectra_aasist3,xlsr_mamba,pgd_l2,30.0,0.01125,0.009375,0.9995,0.1320212304080053,0.0310729930631011,0.1009482373449042
runs,spectra_aasist3_asv19_attack_matrix,asvspoof2019_la,spectra_aasist3,xlsr_mamba,pgd_l2,40.0,0.0056249999999999,0.00375,0.9997890625,0.0864438532614341,0.0199048668347703,0.0665389864266638
runs,spectra_aasist3_asv19_attack_matrix,asvspoof2019_la,spectra_aasist3,nes2net,fgsm,10.0,0.306875,0.14125,0.7542828125,1.015739247616304,0.7973587996036007,0.2183804480127034
runs,spectra_aasist3_asv19_attack_matrix,asvspoof2019_la,spectra_aasist3,nes2net,fgsm,20.0,0.22375,0.0581249999999999,0.8445609374999999,1.320521890295559,0.6368112873956358,0.6837106028999234
runs,spectra_aasist3_asv19_attack_matrix,asvspoof2019_la,spectra_aasist3,nes2net,fgsm,30.0,0.1875,0.0218749999999999,0.88310625,1.57932764130434,0.5456595543778502,1.0336680869264898
runs,spectra_aasist3_asv19_attack_matrix,asvspoof2019_la,spectra_aasist3,nes2net,fgsm,40.0,0.146875,-0.01875,0.91500625,1.6630823053279158,0.4600502020144562,1.2030321033134594
runs,spectra_aasist3_asv19_attack_matrix,asvspoof2019_la,spectra_aasist3,nes2net,pgd,10.0,0.175625,0.01,0.894028125,0.6472684589235569,0.5516519390798102,0.0956165198437466
runs,spectra_aasist3_asv19_attack_matrix,asvspoof2019_la,spectra_aasist3,nes2net,pgd,20.0,0.1374999999999999,-0.028125,0.923703125,1.0624462800520746,0.4398734127649532,0.6225728672871214
runs,spectra_aasist3_asv19_attack_matrix,asvspoof2019_la,spectra_aasist3,nes2net,pgd,30.0,0.1318749999999999,-0.03375,0.9283640625,1.3416171591016042,0.4176688664582473,0.9239482926433568
runs,spectra_aasist3_asv19_attack_matrix,asvspoof2019_la,spectra_aasist3,nes2net,pgd,40.0,0.13375,-0.031875,0.9305234375,1.4994475675076715,0.4041714020973939,1.0952761654102778
runs,spectra_aasist3_asv19_attack_matrix,asvspoof2019_la,spectra_aasist3,nes2net,pgd_l2,10.0,0.310625,0.145,0.7678625,0.976303650395089,0.790208903398808,0.186094746996281
runs,spectra_aasist3_asv19_attack_matrix,asvspoof2019_la,spectra_aasist3,nes2net,pgd_l2,20.0,0.1893749999999999,0.0237499999999999,0.8824562499999999,1.3274548921076974,0.5599659784737948,0.7674889136339026
runs,spectra_aasist3_asv19_attack_matrix,asvspoof2019_la,spectra_aasist3,nes2net,pgd_l2,30.0,0.149375,-0.0162499999999999,0.915878125,1.620570514993117,0.454542095416677,1.1660284195764403
runs,spectra_aasist3_asv19_attack_matrix,asvspoof2019_la,spectra_aasist3,nes2net,pgd_l2,40.0,0.1262499999999999,-0.039375,0.9349796875,1.7183665337064502,0.4035240123758502,1.3148425213306
runs,spectra_aasist3_asv19_attack_matrix,asvspoof2019_la,spectra_aasist3,xlsr_linear,fgsm,10.0,0.236875,0.1968749999999999,0.843496875,0.7651275703380263,0.6932135693737558,0.0719140009642704
runs,spectra_aasist3_asv19_attack_matrix,asvspoof2019_la,spectra_aasist3,xlsr_linear,fgsm,20.0,0.1474999999999999,0.1074999999999999,0.9312812500000002,0.6062762514955284,0.4628999173206793,0.143376334174849
runs,spectra_aasist3_asv19_attack_matrix,asvspoof2019_la,spectra_aasist3,xlsr_linear,fgsm,30.0,0.060625,0.0206249999999999,0.983165625,0.4169965410312004,0.2137393494832306,0.2032571915479698
runs,spectra_aasist3_asv19_attack_matrix,asvspoof2019_la,spectra_aasist3,xlsr_linear,fgsm,40.0,0.060625,0.0206249999999999,0.982503125,0.3685974680742461,0.2195561754016892,0.1490412926725569
runs,spectra_aasist3_asv19_attack_matrix,asvspoof2019_la,spectra_aasist3,xlsr_linear,pgd,10.0,0.2425,0.2025,0.8297875,0.7880789912360489,0.7224370637122673,0.0656419275237815
runs,spectra_aasist3_asv19_attack_matrix,asvspoof2019_la,spectra_aasist3,xlsr_linear,pgd,20.0,0.101875,0.0618749999999999,0.958384375,0.5190987087871743,0.3561067304982255,0.1629919782889488
runs,spectra_aasist3_asv19_attack_matrix,asvspoof2019_la,spectra_aasist3,xlsr_linear,pgd,30.0,0.071875,0.031875,0.9778171875,0.4255621652071172,0.2515135790501945,0.1740485861569227
runs,spectra_aasist3_asv19_attack_matrix,asvspoof2019_la,spectra_aasist3,xlsr_linear,pgd,40.0,0.06125,0.0212499999999999,0.9837890625,0.3640316093270654,0.2128804651714121,0.1511511441556532
runs,spectra_aasist3_asv19_attack_matrix,asvspoof2019_la,spectra_aasist3,xlsr_linear,pgd_l2,10.0,0.44125,0.4012499999999999,0.5759249999999999,1.374624334931271,0.979793079308176,0.3948312556230949
runs,spectra_aasist3_asv19_attack_matrix,asvspoof2019_la,spectra_aasist3,xlsr_linear,pgd_l2,20.0,0.23875,0.1987499999999999,0.837053125,0.8228041966618236,0.7040626936733568,0.1187415029884667
runs,spectra_aasist3_asv19_attack_matrix,asvspoof2019_la,spectra_aasist3,xlsr_linear,pgd_l2,30.0,0.086875,0.0468749999999999,0.9689375,0.4975536157767175,0.3089909025611327,0.1885627132155847
runs,spectra_aasist3_asv19_attack_matrix,asvspoof2019_la,spectra_aasist3,xlsr_linear,pgd_l2,40.0,0.060625,0.020625,0.9838703125,0.3825415003206124,0.2139492828288363,0.168592217491776
runs,spectra_aasist3_asv19_attack_matrix,asvspoof2019_la,spectra_aasist3,wavlm_linear,fgsm,10.0,0.0862499999999999,0.05875,0.966225,2.3511755177488443,0.30065889156524,2.050516626183604
runs,spectra_aasist3_asv19_attack_matrix,asvspoof2019_la,spectra_aasist3,wavlm_linear,fgsm,20.0,0.0587499999999999,0.03125,0.985153125,1.076667073975892,0.2012575667884948,0.8754095071873973
runs,spectra_aasist3_asv19_attack_matrix,asvspoof2019_la,spectra_aasist3,wavlm_linear,fgsm,30.0,0.0749999999999999,0.0475,0.9793453125,0.90860352974807,0.246219017268393,0.662384512479677
runs,spectra_aasist3_asv19_attack_matrix,asvspoof2019_la,spectra_aasist3,wavlm_linear,fgsm,40.0,0.09,0.0625,0.9700203125,1.0497214404362984,0.2976953614552788,0.7520260789810196
runs,spectra_aasist3_asv19_attack_matrix,asvspoof2019_la,spectra_aasist3,wavlm_linear,pgd,10.0,0.06625,0.03875,0.980090625,1.670503197384309,0.2296232093025349,1.440879988081774
runs,spectra_aasist3_asv19_attack_matrix,asvspoof2019_la,spectra_aasist3,wavlm_linear,pgd,20.0,0.0537499999999999,0.0262499999999999,0.986328125,0.8824532810406994,0.1916718780280509,0.6907814030126485
runs,spectra_aasist3_asv19_attack_matrix,asvspoof2019_la,spectra_aasist3,wavlm_linear,pgd,30.0,0.0824999999999999,0.055,0.9731015625,0.968876786357473,0.2822822773694706,0.6865945089880023
runs,spectra_aasist3_asv19_attack_matrix,asvspoof2019_la,spectra_aasist3,wavlm_linear,pgd,40.0,0.0943749999999999,0.066875,0.96836875,1.0469053203046574,0.3056931807305024,0.7412121395741551
runs,spectra_aasist3_asv19_attack_matrix,asvspoof2019_la,spectra_aasist3,wavlm_linear,pgd_l2,10.0,0.1068749999999999,0.0793749999999999,0.957690625,2.464689612702158,0.3534558655384789,2.1112337471636784
runs,spectra_aasist3_asv19_attack_matrix,asvspoof2019_la,spectra_aasist3,wavlm_linear,pgd_l2,20.0,0.0637499999999999,0.03625,0.983371875,1.1197138188761515,0.2145257632486457,0.905188055627506
runs,spectra_aasist3_asv19_attack_matrix,asvspoof2019_la,spectra_aasist3,wavlm_linear,pgd_l2,30.0,0.0824999999999999,0.055,0.9764125,1.0191697490692893,0.2618423682751937,0.7573273807940955
runs,spectra_aasist3_asv19_attack_matrix,asvspoof2019_la,spectra_aasist3,wavlm_linear,pgd_l2,40.0,0.0943749999999999,0.066875,0.9665125,1.1274052691369745,0.3188033389633062,0.8086019301736682
runs,spectra_aasist3_asv19_attack_matrix,asvspoof2019_la,spectra_aasist3,nes2net_v2,fgsm,10.0,0.0118749999999999,0.0118749999999999,0.998946875,0.0918369209883492,0.0433778061477434,0.0484591148406057
runs,spectra_aasist3_asv19_attack_matrix,asvspoof2019_la,spectra_aasist3,nes2net_v2,fgsm,20.0,0.005,0.005,0.9998859375,0.0566437401085174,0.0158088782251225,0.0408348618833949
runs,spectra_aasist3_asv19_attack_matrix,asvspoof2019_la,spectra_aasist3,nes2net_v2,fgsm,30.0,0.0056249999999999,0.0056249999999999,0.9999484375,0.0441929828685477,0.0094003679668824,0.0347926149016653
runs,spectra_aasist3_asv19_attack_matrix,asvspoof2019_la,spectra_aasist3,nes2net_v2,fgsm,40.0,0.0024999999999999,0.0024999999999999,0.999965625,0.0306461894336564,0.0076161491625813,0.023030040271075
runs,spectra_aasist3_asv19_attack_matrix,asvspoof2019_la,spectra_aasist3,nes2net_v2,pgd,10.0,0.0212499999999999,0.0212499999999999,0.9962578125,0.1682041858945775,0.0848777600797242,0.0833264258148533
runs,spectra_aasist3_asv19_attack_matrix,asvspoof2019_la,spectra_aasist3,nes2net_v2,pgd,20.0,0.0074999999999999,0.0074999999999999,0.999559375,0.0789832899467065,0.0238858532310769,0.0550974367156295
runs,spectra_aasist3_asv19_attack_matrix,asvspoof2019_la,spectra_aasist3,nes2net_v2,pgd,30.0,0.0024999999999999,0.0024999999999999,0.99995,0.0468807707302504,0.009137225216605,0.0377435455136453
runs,spectra_aasist3_asv19_attack_matrix,asvspoof2019_la,spectra_aasist3,nes2net_v2,pgd,40.0,0.00375,0.00375,0.999953125,0.0316420271480442,0.0096823516104447,0.0219596755375995
runs,spectra_aasist3_asv19_attack_matrix,asvspoof2019_la,spectra_aasist3,nes2net_v2,pgd_l2,10.0,0.0656249999999999,0.0656249999999999,0.9803859375,0.7175757012518986,0.2369336468644117,0.4806420543874868
runs,spectra_aasist3_asv19_attack_matrix,asvspoof2019_la,spectra_aasist3,nes2net_v2,pgd_l2,20.0,0.01,0.01,0.999125,0.0933688017128131,0.036614580122417,0.0567542215903961
runs,spectra_aasist3_asv19_attack_matrix,asvspoof2019_la,spectra_aasist3,nes2net_v2,pgd_l2,30.0,0.0062499999999999,0.0062499999999999,0.9998953125,0.077120502571276,0.0144481314080783,0.0626723711631976
runs,spectra_aasist3_asv19_attack_matrix,asvspoof2019_la,spectra_aasist3,nes2net_v2,pgd_l2,40.0,0.0024999999999999,0.0024999999999999,0.9999546875,0.0452842238864659,0.0083564683385264,0.0369277555479395
runs,spectra_asv19_attack,asvspoof2019_la,spectra_aasist3,aasist,fgsm,10.0,0.166875,0.160625,,,,
runs,spectra_asv19_attack,asvspoof2019_la,spectra_aasist3,aasist,fgsm,20.0,0.0875,0.08125,,,,
runs,spectra_asv19_attack,asvspoof2019_la,spectra_aasist3,aasist,fgsm,30.0,0.045625,0.039375,,,,
runs,spectra_asv19_attack,asvspoof2019_la,spectra_aasist3,aasist,fgsm,40.0,0.04625,0.04,,,,
runs,spectra_asv19_attack,asvspoof2019_la,spectra_aasist3,aasist,pgd,10.0,0.145,0.13875,,,,
runs,spectra_asv19_attack,asvspoof2019_la,spectra_aasist3,aasist,pgd,20.0,0.055,0.04875,,,,
runs,spectra_asv19_attack,asvspoof2019_la,spectra_aasist3,aasist,pgd,30.0,0.050625,0.044375,,,,
runs,spectra_asv19_attack,asvspoof2019_la,spectra_aasist3,aasist,pgd,40.0,0.0481249999999999,0.041875,,,,
runs,ssl_aasist_asv19_attack,asvspoof2019_la,ssl_aasist,aasist,fgsm,10.0,0.30625,0.3,,,,
runs,ssl_aasist_asv19_attack,asvspoof2019_la,ssl_aasist,aasist,fgsm,20.0,0.11875,0.1125,,,,
runs,ssl_aasist_asv19_attack,asvspoof2019_la,ssl_aasist,aasist,fgsm,30.0,0.0162499999999999,0.01,,,,
runs,ssl_aasist_asv19_attack,asvspoof2019_la,ssl_aasist,aasist,fgsm,40.0,0.0068749999999999,0.0006249999999999,,,,
runs,ssl_aasist_asv19_attack,asvspoof2019_la,ssl_aasist,aasist,pgd,10.0,0.254375,0.248125,,,,
runs,ssl_aasist_asv19_attack,asvspoof2019_la,ssl_aasist,aasist,pgd,20.0,0.0743749999999999,0.0681249999999999,,,,
runs,ssl_aasist_asv19_attack,asvspoof2019_la,ssl_aasist,aasist,pgd,30.0,0.0162499999999999,0.0099999999999999,,,,
runs,ssl_aasist_asv19_attack,asvspoof2019_la,ssl_aasist,aasist,pgd,40.0,0.009375,0.003125,,,,
runs,ssl_aasist_asv19_attack_matrix,asvspoof2019_la,ssl_aasist,aasist,fgsm,10.0,0.3075,0.30125,0.7771359375,3.959190965012453,0.7887296987399374,3.1704612662725156
runs,ssl_aasist_asv19_attack_matrix,asvspoof2019_la,ssl_aasist,aasist,fgsm,20.0,0.1162499999999999,0.11,0.957753125,0.9071592349120224,0.360574986570384,0.5465842483416383
runs,ssl_aasist_asv19_attack_matrix,asvspoof2019_la,ssl_aasist,aasist,fgsm,30.0,0.0162499999999999,0.01,0.998490625,0.1067051281820812,0.061733138175251,0.0449719900068302
runs,ssl_aasist_asv19_attack_matrix,asvspoof2019_la,ssl_aasist,aasist,fgsm,40.0,0.0068749999999999,0.0006249999999999,0.9996828125,0.1142481807498759,0.0261825964314171,0.0880655843184588
runs,ssl_aasist_asv19_attack_matrix,asvspoof2019_la,ssl_aasist,aasist,pgd,10.0,0.2568749999999999,0.250625,0.8252921875000001,2.849402007045472,0.7193458166006091,2.1300561904448627
runs,ssl_aasist_asv19_attack_matrix,asvspoof2019_la,ssl_aasist,aasist,pgd,20.0,0.0749999999999999,0.0687499999999999,0.979178125,0.3263143308667303,0.2522382997022554,0.0740760311644748
runs,ssl_aasist_asv19_attack_matrix,asvspoof2019_la,ssl_aasist,aasist,pgd,30.0,0.015,0.00875,0.99915625,0.1371752656326156,0.0413317215383979,0.0958435440942177
runs,ssl_aasist_asv19_attack_matrix,asvspoof2019_la,ssl_aasist,aasist,pgd,40.0,0.00875,0.0025,0.999621875,0.117053323668747,0.0276856190834631,0.0893677045852839
runs,ssl_aasist_asv19_attack_matrix,asvspoof2019_la,ssl_aasist,aasist,pgd_l2,10.0,0.30125,0.295,0.7692859375000001,3.685840568524669,0.8039167051650684,2.8819238633596003
runs,ssl_aasist_asv19_attack_matrix,asvspoof2019_la,ssl_aasist,aasist,pgd_l2,20.0,0.156875,0.150625,0.93149375,1.069209672811908,0.4590413079419564,0.6101683648699516
runs,ssl_aasist_asv19_attack_matrix,asvspoof2019_la,ssl_aasist,aasist,pgd_l2,30.0,0.0312499999999999,0.0249999999999999,0.995915625,0.1200452969806021,0.1032908473962168,0.0167544495843852
runs,ssl_aasist_asv19_attack_matrix,asvspoof2019_la,ssl_aasist,aasist,pgd_l2,40.0,0.01,0.00375,0.9995296875,0.1150960579752446,0.0282598019084085,0.086836256066836
runs,ssl_aasist_asv19_attack_matrix,asvspoof2019_la,ssl_aasist,aasist3_kan,fgsm,10.0,0.358125,0.196875,0.6956375,9.96527678657145,0.8786188852790331,9.086657901292416
runs,ssl_aasist_asv19_attack_matrix,asvspoof2019_la,ssl_aasist,aasist3_kan,fgsm,20.0,0.35,0.1887499999999999,0.700403125,9.76966925329346,0.8683090549255754,8.901360198367884
runs,ssl_aasist_asv19_attack_matrix,asvspoof2019_la,ssl_aasist,aasist3_kan,fgsm,30.0,0.348125,0.186875,0.7050953125,8.65357287314153,0.8526549159768715,7.800917957164658
runs,ssl_aasist_asv19_attack_matrix,asvspoof2019_la,ssl_aasist,aasist3_kan,fgsm,40.0,0.340625,0.179375,0.7190734375,7.154997144776219,0.8288601604147168,6.3261369843615025
runs,ssl_aasist_asv19_attack_matrix,asvspoof2019_la,ssl_aasist,aasist3_kan,pgd,10.0,0.4125,0.25125,0.6197671875,9.6851606492447,0.9551959712500586,8.72996467799464
runs,ssl_aasist_asv19_attack_matrix,asvspoof2019_la,ssl_aasist,aasist3_kan,pgd,20.0,0.3325,0.17125,0.7024421875,7.858926794430793,0.8825650053698171,6.9763617890609755
runs,ssl_aasist_asv19_attack_matrix,asvspoof2019_la,ssl_aasist,aasist3_kan,pgd,30.0,0.295625,0.134375,0.7672812499999999,5.023578076288284,0.7845299403116235,4.2390481359766605
runs,ssl_aasist_asv19_attack_matrix,asvspoof2019_la,ssl_aasist,aasist3_kan,pgd,40.0,0.3025,0.14125,0.7795640624999999,3.5760132597692627,0.7560900516077227,2.8199232081615397
runs,ssl_aasist_asv19_attack_matrix,asvspoof2019_la,ssl_aasist,aasist3_kan,pgd_l2,10.0,0.2825,0.1212499999999999,0.779253125,9.31782115573214,0.7997657949036927,8.518055360828447
runs,ssl_aasist_asv19_attack_matrix,asvspoof2019_la,ssl_aasist,aasist3_kan,pgd_l2,20.0,0.26125,0.0999999999999999,0.8103781250000001,6.784123304156166,0.7438473959675721,6.040275908188594
runs,ssl_aasist_asv19_attack_matrix,asvspoof2019_la,ssl_aasist,aasist3_kan,pgd_l2,30.0,0.2925,0.1312499999999999,0.770028125,4.998241048731091,0.7745273987878093,4.223713649943282
runs,ssl_aasist_asv19_attack_matrix,asvspoof2019_la,ssl_aasist,aasist3_kan,pgd_l2,40.0,0.328125,0.166875,0.723921875,5.087876014147918,0.8040844231435994,4.283791591004318
runs,ssl_aasist_asv19_attack_matrix,asvspoof2019_la,ssl_aasist,spectra_aasist3,fgsm,10.0,0.1218749999999999,0.1149999999999999,0.9433171875,0.6380345628375181,0.3934159108816251,0.244618651955893
runs,ssl_aasist_asv19_attack_matrix,asvspoof2019_la,ssl_aasist,spectra_aasist3,fgsm,20.0,0.0699999999999999,0.0631249999999999,0.9728046875,0.333770338239424,0.259285686680402,0.074484651559022
runs,ssl_aasist_asv19_attack_matrix,asvspoof2019_la,ssl_aasist,spectra_aasist3,fgsm,30.0,0.0562499999999999,0.049375,0.9769359375,0.3853540715627824,0.2310263997389615,0.1543276718238209
runs,ssl_aasist_asv19_attack_matrix,asvspoof2019_la,ssl_aasist,spectra_aasist3,fgsm,40.0,0.065625,0.05875,0.971534375,0.4572343663433114,0.2459226296551901,0.2113117366881212
runs,ssl_aasist_asv19_attack_matrix,asvspoof2019_la,ssl_aasist,spectra_aasist3,pgd,10.0,0.5475,0.540625,0.4287640625,3.841466185216909,0.9970668836043092,2.844399301612599
runs,ssl_aasist_asv19_attack_matrix,asvspoof2019_la,ssl_aasist,spectra_aasist3,pgd,20.0,0.339375,0.3325,0.6779296875,2.702435682128798,0.8835272039549937,1.8189084781738036
runs,ssl_aasist_asv19_attack_matrix,asvspoof2019_la,ssl_aasist,spectra_aasist3,pgd,30.0,0.2043749999999999,0.1974999999999999,0.8532421874999999,1.5063345230761829,0.6313673279742287,0.874967195101954
runs,ssl_aasist_asv19_attack_matrix,asvspoof2019_la,ssl_aasist,spectra_aasist3,pgd,40.0,0.08125,0.074375,0.96633125,0.681860541688508,0.2739964688692426,0.4078640728192653
runs,ssl_aasist_asv19_attack_matrix,asvspoof2019_la,ssl_aasist,spectra_aasist3,pgd_l2,10.0,0.4599999999999999,0.453125,0.5541796875,3.2772950635556284,0.9349577961257364,2.342337267429892
runs,ssl_aasist_asv19_attack_matrix,asvspoof2019_la,ssl_aasist,spectra_aasist3,pgd_l2,20.0,0.271875,0.265,0.7857515625,2.2354035280211355,0.6955426746445907,1.5398608533765448
runs,ssl_aasist_asv19_attack_matrix,asvspoof2019_la,ssl_aasist,spectra_aasist3,pgd_l2,30.0,0.111875,0.105,0.9457671875,1.0546518650764705,0.3632807058006082,0.6913711592758622
runs,ssl_aasist_asv19_attack_matrix,asvspoof2019_la,ssl_aasist,spectra_aasist3,pgd_l2,40.0,0.0825,0.075625,0.9713171875,0.6409221444348654,0.2635658275157672,0.3773563169190982
runs,ssl_aasist_asv19_attack_matrix,asvspoof2019_la,ssl_aasist,rawnet2,fgsm,10.0,0.31875,0.2724999999999999,0.7510375,6.0659706745391055,0.8263173365273775,5.239653338011728
runs,ssl_aasist_asv19_attack_matrix,asvspoof2019_la,ssl_aasist,rawnet2,fgsm,20.0,0.0875,0.0412499999999999,0.9672531250000002,1.087623202843581,0.2962666969259313,0.7913565059176497
runs,ssl_aasist_asv19_attack_matrix,asvspoof2019_la,ssl_aasist,rawnet2,fgsm,30.0,0.059375,0.013125,0.9855625,0.6173164865067222,0.1955604623505401,0.4217560241561821
runs,ssl_aasist_asv19_attack_matrix,asvspoof2019_la,ssl_aasist,rawnet2,fgsm,40.0,0.0481249999999999,0.0018749999999999,0.989459375,0.467046095381971,0.1677244781934757,0.2993216171884952
runs,ssl_aasist_asv19_attack_matrix,asvspoof2019_la,ssl_aasist,rawnet2,pgd,10.0,0.15625,0.1099999999999999,0.90931875,2.409301466635045,0.5169973176899819,1.8923041489450632
runs,ssl_aasist_asv19_attack_matrix,asvspoof2019_la,ssl_aasist,rawnet2,pgd,20.0,0.08625,0.04,0.97161875,0.8885124763015522,0.27255678619258,0.6159556901089721
runs,ssl_aasist_asv19_attack_matrix,asvspoof2019_la,ssl_aasist,rawnet2,pgd,30.0,0.0587499999999999,0.0124999999999999,0.9854359375,0.5795331114488275,0.1985153038468528,0.3810178076019747
runs,ssl_aasist_asv19_attack_matrix,asvspoof2019_la,ssl_aasist,rawnet2,pgd,40.0,0.049375,0.003125,0.989434375,0.4621804006040874,0.1684225484043858,0.2937578521997015
runs,ssl_aasist_asv19_attack_matrix,asvspoof2019_la,ssl_aasist,rawnet2,pgd_l2,10.0,0.1775,0.1312499999999999,0.9020828125,2.2311254922552792,0.5520612138360766,1.6790642784192027
runs,ssl_aasist_asv19_attack_matrix,asvspoof2019_la,ssl_aasist,rawnet2,pgd_l2,20.0,0.0775,0.03125,0.97593125,0.734395881959722,0.2507113753115935,0.4836845066481285
runs,ssl_aasist_asv19_attack_matrix,asvspoof2019_la,ssl_aasist,rawnet2,pgd_l2,30.0,0.05625,0.01,0.9858375,0.5298028510022074,0.1908751909975883,0.338927660004619
runs,ssl_aasist_asv19_attack_matrix,asvspoof2019_la,ssl_aasist,rawnet2,pgd_l2,40.0,0.050625,0.004375,0.98920625,0.4677826214408318,0.1699796251417623,0.2978029962990695
runs,ssl_aasist_asv19_attack_matrix,asvspoof2019_la,ssl_aasist,xlsr_mamba,fgsm,10.0,0.1175,0.115625,0.9283546875,0.4781047865930778,0.4059216470981343,0.0721831394949436
runs,ssl_aasist_asv19_attack_matrix,asvspoof2019_la,ssl_aasist,xlsr_mamba,fgsm,20.0,0.1262499999999999,0.124375,0.9360125,0.5349867951176734,0.3780057103917285,0.1569810847259449
runs,ssl_aasist_asv19_attack_matrix,asvspoof2019_la,ssl_aasist,xlsr_mamba,fgsm,30.0,0.1037499999999999,0.101875,0.956709375,0.6247892222891122,0.3052379216014803,0.3195513006876318
runs,ssl_aasist_asv19_attack_matrix,asvspoof2019_la,ssl_aasist,xlsr_mamba,fgsm,40.0,0.0524999999999999,0.050625,0.9874875,0.5060863093918724,0.1795200006837587,0.3265663087081136
runs,ssl_aasist_asv19_attack_matrix,asvspoof2019_la,ssl_aasist,xlsr_mamba,pgd,10.0,0.999375,0.9975,0.0010406249999999,6.901080046367778,1.0,5.901080046367778
runs,ssl_aasist_asv19_attack_matrix,asvspoof2019_la,ssl_aasist,xlsr_mamba,pgd,20.0,0.996875,0.995,0.0034578124999999,7.111549809811623,1.0,6.111549809811623
runs,ssl_aasist_asv19_attack_matrix,asvspoof2019_la,ssl_aasist,xlsr_mamba,pgd,30.0,0.98375,0.981875,0.0040078125,7.083740333589666,1.0,6.083740333589666
runs,ssl_aasist_asv19_attack_matrix,asvspoof2019_la,ssl_aasist,xlsr_mamba,pgd,40.0,0.743125,0.7412500000000001,0.203628125,5.077231780681045,0.9999999999999996,4.077231780681046
runs,ssl_aasist_asv19_attack_matrix,asvspoof2019_la,ssl_aasist,xlsr_mamba,pgd_l2,10.0,0.99875,0.996875,8.124999999999994e-05,6.749580696454663,1.0,5.749580696454663
runs,ssl_aasist_asv19_attack_matrix,asvspoof2019_la,ssl_aasist,xlsr_mamba,pgd_l2,20.0,0.994375,0.9925,0.0010796875,7.042824185316988,1.0,6.042824185316988
runs,ssl_aasist_asv19_attack_matrix,asvspoof2019_la,ssl_aasist,xlsr_mamba,pgd_l2,30.0,0.960625,0.95875,0.0117906249999999,6.513379453656134,1.0,5.513379453656134
runs,ssl_aasist_asv19_attack_matrix,asvspoof2019_la,ssl_aasist,xlsr_mamba,pgd_l2,40.0,0.6174999999999999,0.615625,0.34442109375,4.277666386435918,0.9967116142490142,3.2809547721869037
runs,ssl_aasist_asv19_attack_matrix,asvspoof2019_la,ssl_aasist,nes2net,fgsm,10.0,0.370625,0.2049999999999999,0.68145625,1.4882202700214116,0.8646214609520881,0.6235988090693234
runs,ssl_aasist_asv19_attack_matrix,asvspoof2019_la,ssl_aasist,nes2net,fgsm,20.0,0.3399999999999999,0.1743749999999999,0.705659375,1.9207102728927288,0.8191206022975117,1.1015896705952168
runs,ssl_aasist_asv19_attack_matrix,asvspoof2019_la,ssl_aasist,nes2net,fgsm,30.0,0.294375,0.12875,0.7680546874999999,2.143807028827736,0.7561978616983691,1.3876091671293669
runs,ssl_aasist_asv19_attack_matrix,asvspoof2019_la,ssl_aasist,nes2net,fgsm,40.0,0.2199999999999999,0.0543749999999999,0.8512382812499999,2.1770365373288247,0.6294754336796407,1.547561103649184
runs,ssl_aasist_asv19_attack_matrix,asvspoof2019_la,ssl_aasist,nes2net,pgd,10.0,0.666875,0.50125,0.29425625,2.4314754669588474,0.9999999999999996,1.431475466958848
runs,ssl_aasist_asv19_attack_matrix,asvspoof2019_la,ssl_aasist,nes2net,pgd,20.0,0.47875,0.313125,0.514740625,2.4551540725077765,0.9930088918474792,1.4621451806602974
runs,ssl_aasist_asv19_attack_matrix,asvspoof2019_la,ssl_aasist,nes2net,pgd,30.0,0.411875,0.2462499999999999,0.6276609375,2.5632202995290045,0.9432226296843408,1.619997669844664
runs,ssl_aasist_asv19_attack_matrix,asvspoof2019_la,ssl_aasist,nes2net,pgd,40.0,0.2987499999999999,0.1331249999999999,0.7724562499999998,2.553899567597336,0.7883589627431431,1.765540604854193
runs,ssl_aasist_asv19_attack_matrix,asvspoof2019_la,ssl_aasist,nes2net,pgd_l2,10.0,0.555625,0.39,0.4117296875,2.762839847556894,0.9984685737878252,1.7643712737690689
runs,ssl_aasist_asv19_attack_matrix,asvspoof2019_la,ssl_aasist,nes2net,pgd_l2,20.0,0.51,0.344375,0.4799,2.868324052430276,0.9962570733673533,1.8720669790629227
runs,ssl_aasist_asv19_attack_matrix,asvspoof2019_la,ssl_aasist,nes2net,pgd_l2,30.0,0.345,0.1793749999999999,0.70378125,2.897008507121965,0.8903926510857076,2.006615856036257
runs,ssl_aasist_asv19_attack_matrix,asvspoof2019_la,ssl_aasist,nes2net,pgd_l2,40.0,0.2456249999999999,0.0799999999999999,0.8304531250000001,2.780222981228172,0.703406232492322,2.07681674873585
runs,ssl_aasist_asv19_attack_matrix,asvspoof2019_la,ssl_aasist,xlsr_linear,fgsm,10.0,0.26125,0.2212499999999999,0.806728125,0.8386751623075679,0.7531015495462331,0.0855736127613348
runs,ssl_aasist_asv19_attack_matrix,asvspoof2019_la,ssl_aasist,xlsr_linear,fgsm,20.0,0.1887499999999999,0.1487499999999999,0.876021875,0.7478146353120116,0.6137878388695264,0.1340267964424852
runs,ssl_aasist_asv19_attack_matrix,asvspoof2019_la,ssl_aasist,xlsr_linear,fgsm,30.0,0.1199999999999999,0.0799999999999999,0.9452203125000002,0.6427724759240678,0.4105916871974196,0.2321807887266482
runs,ssl_aasist_asv19_attack_matrix,asvspoof2019_la,ssl_aasist,xlsr_linear,fgsm,40.0,0.0856249999999999,0.0456249999999999,0.9725984375,0.5113198714748344,0.2798212893234038,0.2314985821514306
runs,ssl_aasist_asv19_attack_matrix,asvspoof2019_la,ssl_aasist,xlsr_linear,pgd,10.0,0.645,0.605,0.31713125,1.6794250586241657,0.9987500018033698,0.6806750568207959
runs,ssl_aasist_asv19_attack_matrix,asvspoof2019_la,ssl_aasist,xlsr_linear,pgd,20.0,0.7012499999999999,0.6612499999999999,0.2236734375,1.5200194639750482,0.999374718595968,0.5206447453790801
runs,ssl_aasist_asv19_attack_matrix,asvspoof2019_la,ssl_aasist,xlsr_linear,pgd,30.0,0.546875,0.506875,0.438025,1.2091332855354744,0.9944764110227629,0.2146568745127116
runs,ssl_aasist_asv19_attack_matrix,asvspoof2019_la,ssl_aasist,xlsr_linear,pgd,40.0,0.328125,0.2881249999999999,0.731459375,0.8967029991760898,0.8372362813088143,0.0594667178672754
runs,ssl_aasist_asv19_attack_matrix,asvspoof2019_la,ssl_aasist,xlsr_linear,pgd_l2,10.0,0.808125,0.768125,0.1111640625,2.568719450066052,1.0,1.5687194500660522
runs,ssl_aasist_asv19_attack_matrix,asvspoof2019_la,ssl_aasist,xlsr_linear,pgd_l2,20.0,0.790625,0.750625,0.1301812499999999,1.9861587713177824,1.0,0.9861587713177824
runs,ssl_aasist_asv19_attack_matrix,asvspoof2019_la,ssl_aasist,xlsr_linear,pgd_l2,30.0,0.5775,0.5375,0.3927906249999999,1.3287135201810103,0.998940861558382,0.3297726586226284
runs,ssl_aasist_asv19_attack_matrix,asvspoof2019_la,ssl_aasist,xlsr_linear,pgd_l2,40.0,0.3299999999999999,0.2899999999999999,0.7352296875,0.8987246998837398,0.8526986329448947,0.0460260669388451
runs,ssl_aasist_asv19_attack_matrix,asvspoof2019_la,ssl_aasist,wavlm_linear,fgsm,10.0,0.14375,0.11625,0.9142375,3.572420070371381,0.4620843831264066,3.1103356872449743
runs,ssl_aasist_asv19_attack_matrix,asvspoof2019_la,ssl_aasist,wavlm_linear,fgsm,20.0,0.1275,0.1,0.9399609375,1.7455813672629827,0.41486914722549,1.3307122200374928
runs,ssl_aasist_asv19_attack_matrix,asvspoof2019_la,ssl_aasist,wavlm_linear,fgsm,30.0,0.0999999999999999,0.0725,0.96250625,0.6522462451102203,0.3303702957854502,0.3218759493247701
runs,ssl_aasist_asv19_attack_matrix,asvspoof2019_la,ssl_aasist,wavlm_linear,fgsm,40.0,0.0593749999999999,0.031875,0.98623125,0.2216209027339687,0.1961990710067369,0.0254218317272317
runs,ssl_aasist_asv19_attack_matrix,asvspoof2019_la,ssl_aasist,wavlm_linear,pgd,10.0,0.235625,0.208125,0.831596875,4.929043509311672,0.6563189058019796,4.272724603509692
runs,ssl_aasist_asv19_attack_matrix,asvspoof2019_la,ssl_aasist,wavlm_linear,pgd,20.0,0.209375,0.181875,0.865896875,2.7597813237223128,0.621830198490338,2.1379511252319747
runs,ssl_aasist_asv19_attack_matrix,asvspoof2019_la,ssl_aasist,wavlm_linear,pgd,30.0,0.14875,0.12125,0.927409375,0.8886122548395632,0.466198229675701,0.4224140251638622
runs,ssl_aasist_asv19_attack_matrix,asvspoof2019_la,ssl_aasist,wavlm_linear,pgd,40.0,0.0837499999999999,0.05625,0.9711359375,0.3107735777467564,0.2848764278418389,0.0258971499049174
runs,ssl_aasist_asv19_attack_matrix,asvspoof2019_la,ssl_aasist,wavlm_linear,pgd_l2,10.0,0.213125,0.185625,0.844309375,4.029082204476457,0.5971484327958433,3.4319337716806135
runs,ssl_aasist_asv19_attack_matrix,asvspoof2019_la,ssl_aasist,wavlm_linear,pgd_l2,20.0,0.168125,0.140625,0.8976828125,1.837524389330398,0.5324883040701295,1.3050360852602685
runs,ssl_aasist_asv19_attack_matrix,asvspoof2019_la,ssl_aasist,wavlm_linear,pgd_l2,30.0,0.1106249999999999,0.0831249999999999,0.9555953124999998,0.57668902208289,0.3593209042638776,0.2173681178190123
runs,ssl_aasist_asv19_attack_matrix,asvspoof2019_la,ssl_aasist,wavlm_linear,pgd_l2,40.0,0.0631249999999999,0.035625,0.98080625,0.257330224368512,0.2280557533285911,0.0292744710399208
runs,ssl_aasist_asv19_attack_matrix,asvspoof2019_la,ssl_aasist,nes2net_v2,fgsm,10.0,0.10875,0.10875,0.9488546875,0.8449778856725993,0.3808183706834369,0.4641595149891624
runs,ssl_aasist_asv19_attack_matrix,asvspoof2019_la,ssl_aasist,nes2net_v2,fgsm,20.0,0.118125,0.118125,0.9356593750000002,1.052071788355227,0.4306900327048003,0.6213817556504267
runs,ssl_aasist_asv19_attack_matrix,asvspoof2019_la,ssl_aasist,nes2net_v2,fgsm,30.0,0.0799999999999999,0.0799999999999999,0.9726203125,0.7673059525045727,0.2856255760620991,0.4816803764424736
runs,ssl_aasist_asv19_attack_matrix,asvspoof2019_la,ssl_aasist,nes2net_v2,fgsm,40.0,0.03,0.03,0.9956890625,0.3479920315319207,0.1047791052656841,0.2432129262662366
runs,ssl_aasist_asv19_attack_matrix,asvspoof2019_la,ssl_aasist,nes2net_v2,pgd,10.0,0.999375,0.999375,0.0005906249999999,12.797803591798148,1.0,11.797803591798148
runs,ssl_aasist_asv19_attack_matrix,asvspoof2019_la,ssl_aasist,nes2net_v2,pgd,20.0,0.995,0.995,0.0020796874999999,12.525383571280376,1.0,11.525383571280376
runs,ssl_aasist_asv19_attack_matrix,asvspoof2019_la,ssl_aasist,nes2net_v2,pgd,30.0,0.9425,0.9425,0.0432203125,10.60025366188795,0.9943520549957504,9.6059016068922
runs,ssl_aasist_asv19_attack_matrix,asvspoof2019_la,ssl_aasist,nes2net_v2,pgd,40.0,0.6481250000000001,0.6481250000000001,0.3471890625,5.638541266968583,0.9598440985431296,4.678697168425454
runs,ssl_aasist_asv19_attack_matrix,asvspoof2019_la,ssl_aasist,nes2net_v2,pgd_l2,10.0,0.9975,0.9975,0.0035828125,12.502021704674007,1.0,11.502021704674007
runs,ssl_aasist_asv19_attack_matrix,asvspoof2019_la,ssl_aasist,nes2net_v2,pgd_l2,20.0,0.966875,0.966875,0.0261921875,11.454913701585088,0.9974954782097664,10.457418223375322
runs,ssl_aasist_asv19_attack_matrix,asvspoof2019_la,ssl_aasist,nes2net_v2,pgd_l2,30.0,0.825625,0.825625,0.1394390625,8.394548948703564,0.989340527237858,7.405208421465706
runs,ssl_aasist_asv19_attack_matrix,asvspoof2019_la,ssl_aasist,nes2net_v2,pgd_l2,40.0,0.4493749999999999,0.4493749999999999,0.567225,3.859121079057653,0.8680868286477461,2.991034250409907
runs,wavlm_linear_asv19_attack_matrix,asvspoof2019_la,wavlm_linear,aasist,fgsm,10.0,0.0962499999999999,0.0899999999999999,0.9683359375,2.392587452258439,0.3117292126954958,2.080858239562943
runs,wavlm_linear_asv19_attack_matrix,asvspoof2019_la,wavlm_linear,aasist,fgsm,20.0,0.0537499999999999,0.0474999999999999,0.9891265625,0.3561706865313422,0.1788306538242264,0.1773400327071158
runs,wavlm_linear_asv19_attack_matrix,asvspoof2019_la,wavlm_linear,aasist,fgsm,30.0,0.0131249999999999,0.0068749999999999,0.9996359375,0.0854747705825483,0.0264304173076973,0.059044353274851
runs,wavlm_linear_asv19_attack_matrix,asvspoof2019_la,wavlm_linear,aasist,fgsm,40.0,0.0074999999999999,0.0012499999999999,0.9997375,0.1012328032021719,0.0241458991917279,0.0770869040104439
runs,wavlm_linear_asv19_attack_matrix,asvspoof2019_la,wavlm_linear,aasist,pgd,10.0,0.165,0.15875,0.92270625,1.8109510718632065,0.4875429383655119,1.3234081334976946
runs,wavlm_linear_asv19_attack_matrix,asvspoof2019_la,wavlm_linear,aasist,pgd,20.0,0.0443749999999999,0.0381249999999999,0.9930546875,0.1595210398123879,0.1379634570527504,0.0215575827596374
runs,wavlm_linear_asv19_attack_matrix,asvspoof2019_la,wavlm_linear,aasist,pgd,30.0,0.0074999999999999,0.0012499999999999,0.999659375,0.1043838602739533,0.0264088918797879,0.0779749683941654
runs,wavlm_linear_asv19_attack_matrix,asvspoof2019_la,wavlm_linear,aasist,pgd,40.0,0.0074999999999999,0.0012499999999999,0.9997140625,0.1029235995543746,0.0237716146192344,0.0791519849351402
runs,wavlm_linear_asv19_attack_matrix,asvspoof2019_la,wavlm_linear,aasist,pgd_l2,10.0,0.191875,0.185625,0.8947484374999998,3.160938773116744,0.5669315167655948,2.5940072563511496
runs,wavlm_linear_asv19_attack_matrix,asvspoof2019_la,wavlm_linear,aasist,pgd_l2,20.0,0.0968749999999999,0.0906249999999999,0.9681578125,0.6517230290139178,0.3136886382418506,0.3380343907720671
runs,wavlm_linear_asv19_attack_matrix,asvspoof2019_la,wavlm_linear,aasist,pgd_l2,30.0,0.020625,0.014375,0.99856875,0.0892326902719752,0.0590657086841196,0.0301669815878555
runs,wavlm_linear_asv19_attack_matrix,asvspoof2019_la,wavlm_linear,aasist,pgd_l2,40.0,0.0068749999999999,0.0006249999999999,0.999778125,0.1014085552933271,0.0215150373816304,0.0798935179116967
runs,wavlm_linear_asv19_attack_matrix,asvspoof2019_la,wavlm_linear,aasist3_kan,fgsm,10.0,0.34125,0.18,0.6982359375,9.952672131931427,0.8595584041822875,9.09311372774914
runs,wavlm_linear_asv19_attack_matrix,asvspoof2019_la,wavlm_linear,aasist3_kan,fgsm,20.0,0.3462499999999999,0.1849999999999999,0.7028609375,9.470899546334431,0.8309504533411278,8.639949092993305
runs,wavlm_linear_asv19_attack_matrix,asvspoof2019_la,wavlm_linear,aasist3_kan,fgsm,30.0,0.355,0.1937499999999999,0.6958859374999999,7.713865951420998,0.8226638897627236,6.891202061658275
runs,wavlm_linear_asv19_attack_matrix,asvspoof2019_la,wavlm_linear,aasist3_kan,fgsm,40.0,0.32875,0.1674999999999999,0.7368296875,5.681099525922238,0.7899797236338952,4.891119802288342
runs,wavlm_linear_asv19_attack_matrix,asvspoof2019_la,wavlm_linear,aasist3_kan,pgd,10.0,0.360625,0.1993749999999999,0.6862578125,9.657500147865324,0.8751233870142499,8.782376760851074
runs,wavlm_linear_asv19_attack_matrix,asvspoof2019_la,wavlm_linear,aasist3_kan,pgd,20.0,0.390625,0.229375,0.6564375,7.983266081809414,0.8950827952719178,7.088183286537496
runs,wavlm_linear_asv19_attack_matrix,asvspoof2019_la,wavlm_linear,aasist3_kan,pgd,30.0,0.318125,0.156875,0.7507843750000001,5.158552254969168,0.7920165788888538,4.366535676080314
runs,wavlm_linear_asv19_attack_matrix,asvspoof2019_la,wavlm_linear,aasist3_kan,pgd,40.0,0.259375,0.098125,0.8319281249999999,2.6262931031840706,0.6817483720940185,1.944544731090052
runs,wavlm_linear_asv19_attack_matrix,asvspoof2019_la,wavlm_linear,aasist3_kan,pgd_l2,10.0,0.39125,0.2299999999999999,0.6567343750000001,9.6309888914993,0.910787856837058,8.720201034662244
runs,wavlm_linear_asv19_attack_matrix,asvspoof2019_la,wavlm_linear,aasist3_kan,pgd_l2,20.0,0.406875,0.2456249999999999,0.62880625,8.174905010804412,0.9292639587483392,7.245641052056073
runs,wavlm_linear_asv19_attack_matrix,asvspoof2019_la,wavlm_linear,aasist3_kan,pgd_l2,30.0,0.3675,0.20625,0.69008125,6.05641248327095,0.8665183462193671,5.189894137051583
runs,wavlm_linear_asv19_attack_matrix,asvspoof2019_la,wavlm_linear,aasist3_kan,pgd_l2,40.0,0.356875,0.195625,0.701915625,4.878009426016031,0.8343390464587491,4.043670379557282
runs,wavlm_linear_asv19_attack_matrix,asvspoof2019_la,wavlm_linear,spectra_aasist3,fgsm,10.0,0.0656249999999999,0.0587499999999999,0.980446875,0.3996864207989693,0.22282424704398,0.1768621737549892
runs,wavlm_linear_asv19_attack_matrix,asvspoof2019_la,wavlm_linear,spectra_aasist3,fgsm,20.0,0.0281249999999999,0.0212499999999999,0.99584375,0.1077827363467061,0.0932593740346701,0.0145233623120359
runs,wavlm_linear_asv19_attack_matrix,asvspoof2019_la,wavlm_linear,spectra_aasist3,fgsm,30.0,0.0268749999999999,0.0199999999999999,0.9945390625,0.1632082753230919,0.1028804714386809,0.060327803884411
runs,wavlm_linear_asv19_attack_matrix,asvspoof2019_la,wavlm_linear,spectra_aasist3,fgsm,40.0,0.03,0.023125,0.99505,0.259013826094917,0.0989423354135301,0.1600714906813869
runs,wavlm_linear_asv19_attack_matrix,asvspoof2019_la,wavlm_linear,spectra_aasist3,pgd,10.0,0.2093749999999999,0.2024999999999999,0.8441296875,1.1399215133975065,0.6701476376839799,0.4697738757135266
runs,wavlm_linear_asv19_attack_matrix,asvspoof2019_la,wavlm_linear,spectra_aasist3,pgd,20.0,0.16125,0.154375,0.8958734374999999,1.0748750800443467,0.5376973271667733,0.5371777528775734
runs,wavlm_linear_asv19_attack_matrix,asvspoof2019_la,wavlm_linear,spectra_aasist3,pgd,30.0,0.06125,0.054375,0.9773390625,0.4596706225655624,0.2234263217689186,0.2362443007966438
runs,wavlm_linear_asv19_attack_matrix,asvspoof2019_la,wavlm_linear,spectra_aasist3,pgd,40.0,0.035,0.028125,0.9930203125,0.4385164491080859,0.1195279647979982,0.3189884843100877
runs,wavlm_linear_asv19_attack_matrix,asvspoof2019_la,wavlm_linear,spectra_aasist3,pgd_l2,10.0,0.17625,0.169375,0.8911125000000001,0.915529396127305,0.5407490085223859,0.374780387604919
runs,wavlm_linear_asv19_attack_matrix,asvspoof2019_la,wavlm_linear,spectra_aasist3,pgd_l2,20.0,0.109375,0.1025,0.94618125,0.7539895977380792,0.3540233097733539,0.3999662879647252
runs,wavlm_linear_asv19_attack_matrix,asvspoof2019_la,wavlm_linear,spectra_aasist3,pgd_l2,30.0,0.0524999999999999,0.045625,0.98619375,0.5386545828131062,0.1783187541718942,0.360335828641212
runs,wavlm_linear_asv19_attack_matrix,asvspoof2019_la,wavlm_linear,spectra_aasist3,pgd_l2,40.0,0.0387499999999999,0.0318749999999999,0.9902453125,0.3999864903278857,0.1524031282533665,0.2475833620745192
runs,wavlm_linear_asv19_attack_matrix,asvspoof2019_la,wavlm_linear,rawnet2,fgsm,10.0,0.3175,0.27125,0.7513218749999999,5.958019230528517,0.8263929515814903,5.131626278947027
runs,wavlm_linear_asv19_attack_matrix,asvspoof2019_la,wavlm_linear,rawnet2,fgsm,20.0,0.09125,0.045,0.970703125,1.0724300366635289,0.2830686280076829,0.7893614086558457
runs,wavlm_linear_asv19_attack_matrix,asvspoof2019_la,wavlm_linear,rawnet2,fgsm,30.0,0.05625,0.01,0.9872328125,0.6012885512018598,0.187113157159484,0.4141753940423757
runs,wavlm_linear_asv19_attack_matrix,asvspoof2019_la,wavlm_linear,rawnet2,fgsm,40.0,0.04625,0.0,0.99025625,0.4539914936595387,0.1610722881099755,0.2929192055495632
runs,wavlm_linear_asv19_attack_matrix,asvspoof2019_la,wavlm_linear,rawnet2,pgd,10.0,0.1212499999999999,0.0749999999999999,0.93859765625,1.8231237166323675,0.4173896327013455,1.405734083931022
runs,wavlm_linear_asv19_attack_matrix,asvspoof2019_la,wavlm_linear,rawnet2,pgd,20.0,0.0737499999999999,0.0274999999999999,0.980646875,0.773142700647645,0.2310377489385055,0.5421049517091394
runs,wavlm_linear_asv19_attack_matrix,asvspoof2019_la,wavlm_linear,rawnet2,pgd,30.0,0.0524999999999999,0.0062499999999999,0.9881609375,0.5195165328944747,0.1781238866084446,0.3413926462860301
runs,wavlm_linear_asv19_attack_matrix,asvspoof2019_la,wavlm_linear,rawnet2,pgd,40.0,0.04625,0.0,0.9904046875,0.4395033833181849,0.1598743898934172,0.2796289934247677
runs,wavlm_linear_asv19_attack_matrix,asvspoof2019_la,wavlm_linear,rawnet2,pgd_l2,10.0,0.1206249999999999,0.0743749999999999,0.944196875,1.717013658259846,0.4048148132966809,1.312198844963165
runs,wavlm_linear_asv19_attack_matrix,asvspoof2019_la,wavlm_linear,rawnet2,pgd_l2,20.0,0.0725,0.02625,0.9782890625,0.7310475616636727,0.2344250461839773,0.4966225154796954
runs,wavlm_linear_asv19_attack_matrix,asvspoof2019_la,wavlm_linear,rawnet2,pgd_l2,30.0,0.05375,0.0075,0.9862875,0.5256114853777756,0.1886656790376463,0.3369458063401292
runs,wavlm_linear_asv19_attack_matrix,asvspoof2019_la,wavlm_linear,rawnet2,pgd_l2,40.0,0.05,0.00375,0.9893296875,0.4548039488287622,0.1689670212510206,0.2858369275777416
runs,wavlm_linear_asv19_attack_matrix,asvspoof2019_la,wavlm_linear,ssl_aasist,fgsm,10.0,0.0387499999999999,0.0374999999999999,0.9882328125,0.3366884885486638,0.1410140080070549,0.1956744805416089
runs,wavlm_linear_asv19_attack_matrix,asvspoof2019_la,wavlm_linear,ssl_aasist,fgsm,20.0,0.0156249999999999,0.014375,0.99780625,0.2179564309661145,0.0611436621611619,0.1568127688049525
runs,wavlm_linear_asv19_attack_matrix,asvspoof2019_la,wavlm_linear,ssl_aasist,fgsm,30.0,0.004375,0.003125,0.99964375,0.129331339181732,0.0228044941483876,0.1065268450333443
runs,wavlm_linear_asv19_attack_matrix,asvspoof2019_la,wavlm_linear,ssl_aasist,fgsm,40.0,0.00375,0.0025,0.99988125,0.0541799585547284,0.0120613475007615,0.0421186110539668
runs,wavlm_linear_asv19_attack_matrix,asvspoof2019_la,wavlm_linear,ssl_aasist,pgd,10.0,0.16625,0.165,0.892140625,1.0113497653696888,0.4401436216374743,0.5712061437322145
runs,wavlm_linear_asv19_attack_matrix,asvspoof2019_la,wavlm_linear,ssl_aasist,pgd,20.0,0.06,0.05875,0.9774703125,0.441462053447964,0.2093076803787567,0.2321543730692072
runs,wavlm_linear_asv19_attack_matrix,asvspoof2019_la,wavlm_linear,ssl_aasist,pgd,30.0,0.014375,0.013125,0.9985453125,0.176470169245947,0.0482935349106331,0.1281766343353138
runs,wavlm_linear_asv19_attack_matrix,asvspoof2019_la,wavlm_linear,ssl_aasist,pgd,40.0,0.005,0.00375,0.99979375,0.0641673487917976,0.0156445441843008,0.0485228046074968
runs,wavlm_linear_asv19_attack_matrix,asvspoof2019_la,wavlm_linear,ssl_aasist,pgd_l2,10.0,0.1781249999999999,0.176875,0.87718125,1.0388205781041018,0.4723451551557485,0.5664754229483533
runs,wavlm_linear_asv19_attack_matrix,asvspoof2019_la,wavlm_linear,ssl_aasist,pgd_l2,20.0,0.0474999999999999,0.04625,0.986859375,0.2633868087317878,0.1529895087949301,0.1103972999368576
runs,wavlm_linear_asv19_attack_matrix,asvspoof2019_la,wavlm_linear,ssl_aasist,pgd_l2,30.0,0.0112499999999999,0.01,0.998496875,0.1345773435170134,0.0370027452973372,0.0975745982196761
runs,wavlm_linear_asv19_attack_matrix,asvspoof2019_la,wavlm_linear,ssl_aasist,pgd_l2,40.0,0.003125,0.001875,0.9998328125,0.0607020008707617,0.0151341538204954,0.0455678470502662
runs,wavlm_linear_asv19_attack_matrix,asvspoof2019_la,wavlm_linear,xlsr_mamba,fgsm,10.0,0.056875,0.055,0.9825453125,0.2642646392936544,0.1888500595252055,0.0754145797684488
runs,wavlm_linear_asv19_attack_matrix,asvspoof2019_la,wavlm_linear,xlsr_mamba,fgsm,20.0,0.0418749999999999,0.04,0.9890921875,0.2072090914810333,0.1444146470698984,0.0627944444111348
runs,wavlm_linear_asv19_attack_matrix,asvspoof2019_la,wavlm_linear,xlsr_mamba,fgsm,30.0,0.0318749999999999,0.03,0.9945359375,0.2231470402364838,0.1098272714373552,0.1133197687991286
runs,wavlm_linear_asv19_attack_matrix,asvspoof2019_la,wavlm_linear,xlsr_mamba,fgsm,40.0,0.0112499999999999,0.009375,0.9993296875,0.1318021589006446,0.031919790446236,0.0998823684544086
runs,wavlm_linear_asv19_attack_matrix,asvspoof2019_la,wavlm_linear,xlsr_mamba,pgd,10.0,0.33125,0.3293750000000001,0.683496875,1.0700465662805887,0.8610222790258484,0.2090242872547403
runs,wavlm_linear_asv19_attack_matrix,asvspoof2019_la,wavlm_linear,xlsr_mamba,pgd,20.0,0.138125,0.13625,0.92051875,0.5810993588728187,0.4218793918407412,0.1592199670320775
runs,wavlm_linear_asv19_attack_matrix,asvspoof2019_la,wavlm_linear,xlsr_mamba,pgd,30.0,0.0587499999999999,0.056875,0.98828125,0.3278849663495343,0.1714315297861281,0.1564534365634061
runs,wavlm_linear_asv19_attack_matrix,asvspoof2019_la,wavlm_linear,xlsr_mamba,pgd,40.0,0.009375,0.0075,0.999440625,0.1565981294588909,0.0349990748710411,0.1215990545878498
runs,wavlm_linear_asv19_attack_matrix,asvspoof2019_la,wavlm_linear,xlsr_mamba,pgd_l2,10.0,0.2987499999999999,0.296875,0.7034625,1.0862441987015117,0.8529486827830335,0.2332955159184779
runs,wavlm_linear_asv19_attack_matrix,asvspoof2019_la,wavlm_linear,xlsr_mamba,pgd_l2,20.0,0.1274999999999999,0.125625,0.92761875,0.5316184197779984,0.3733593808246035,0.1582590389533948
runs,wavlm_linear_asv19_attack_matrix,asvspoof2019_la,wavlm_linear,xlsr_mamba,pgd_l2,30.0,0.0587499999999999,0.056875,0.9856328125,0.3931683821310479,0.1812431494916482,0.2119252326393996
runs,wavlm_linear_asv19_attack_matrix,asvspoof2019_la,wavlm_linear,xlsr_mamba,pgd_l2,40.0,0.0124999999999999,0.010625,0.9989359375,0.2125783111472095,0.0446307851216753,0.1679475260255342
runs,wavlm_linear_asv19_attack_matrix,asvspoof2019_la,wavlm_linear,nes2net,fgsm,10.0,0.41,0.244375,0.6326203125,1.6974686480084895,0.8888234905334589,0.8086451574750309
runs,wavlm_linear_asv19_attack_matrix,asvspoof2019_la,wavlm_linear,nes2net,fgsm,20.0,0.43125,0.265625,0.5972015625,2.28555848054468,0.8982498099481655,1.3873086705965143
runs,wavlm_linear_asv19_attack_matrix,asvspoof2019_la,wavlm_linear,nes2net,fgsm,30.0,0.40375,0.238125,0.63889375,2.505065286026583,0.8777809865375221,1.6272842994890608
runs,wavlm_linear_asv19_attack_matrix,asvspoof2019_la,wavlm_linear,nes2net,fgsm,40.0,0.3,0.134375,0.7586375000000001,2.517191002543457,0.7743430656940707,1.7428479368493863
runs,wavlm_linear_asv19_attack_matrix,asvspoof2019_la,wavlm_linear,nes2net,pgd,10.0,0.871875,0.7062499999999999,0.0605984375,3.4408540360035715,1.0,2.4408540360035715
runs,wavlm_linear_asv19_attack_matrix,asvspoof2019_la,wavlm_linear,nes2net,pgd,20.0,0.858125,0.6925,0.076771875,3.360076652775415,0.9999999999999996,2.3600766527754153
runs,wavlm_linear_asv19_attack_matrix,asvspoof2019_la,wavlm_linear,nes2net,pgd,30.0,0.67625,0.510625,0.251615625,3.149052623189937,0.9981224264623524,2.1509301967275847
runs,wavlm_linear_asv19_attack_matrix,asvspoof2019_la,wavlm_linear,nes2net,pgd,40.0,0.519375,0.35375,0.482790625,3.011435567348356,0.9634670211429186,2.0479685462054373
runs,wavlm_linear_asv19_attack_matrix,asvspoof2019_la,wavlm_linear,nes2net,pgd_l2,10.0,0.914375,0.7487499999999999,0.0330578124999999,3.669612135285708,1.0,2.669612135285708
runs,wavlm_linear_asv19_attack_matrix,asvspoof2019_la,wavlm_linear,nes2net,pgd_l2,20.0,0.84375,0.678125,0.0874484374999999,3.5487088690115587,0.9993747189490712,2.549334150062488
runs,wavlm_linear_asv19_attack_matrix,asvspoof2019_la,wavlm_linear,nes2net,pgd_l2,30.0,0.63625,0.4706249999999999,0.307334375,3.3811720290783165,0.9981179175333762,2.3830541115449404
runs,wavlm_linear_asv19_attack_matrix,asvspoof2019_la,wavlm_linear,nes2net,pgd_l2,40.0,0.45375,0.2881249999999999,0.5634015625,3.2005561446205024,0.9651393516333556,2.235416792987147
runs,wavlm_linear_asv19_attack_matrix,asvspoof2019_la,wavlm_linear,xlsr_linear,fgsm,10.0,0.2249999999999999,0.1849999999999999,0.8382953124999999,0.7557078977986995,0.6884827042192843,0.0672251935794152
runs,wavlm_linear_asv19_attack_matrix,asvspoof2019_la,wavlm_linear,xlsr_linear,fgsm,20.0,0.1925,0.1524999999999999,0.8836406249999998,0.7504185096629807,0.5997913296472116,0.1506271800157691
runs,wavlm_linear_asv19_attack_matrix,asvspoof2019_la,wavlm_linear,xlsr_linear,fgsm,30.0,0.14125,0.1012499999999999,0.9322484375,0.6471609722101879,0.4621182739767918,0.185042698233396
runs,wavlm_linear_asv19_attack_matrix,asvspoof2019_la,wavlm_linear,xlsr_linear,fgsm,40.0,0.06625,0.0262499999999999,0.9772859375,0.4627585475863688,0.2402739217185334,0.2224846258678353
runs,wavlm_linear_asv19_attack_matrix,asvspoof2019_la,wavlm_linear,xlsr_linear,pgd,10.0,0.605,0.565,0.3582734374999999,1.2413934865077711,0.992017313970879,0.2493761725368921
runs,wavlm_linear_asv19_attack_matrix,asvspoof2019_la,wavlm_linear,xlsr_linear,pgd,20.0,0.42625,0.38625,0.597628125,1.0153975772791055,0.9537245661604968,0.0616730111186087
runs,wavlm_linear_asv19_attack_matrix,asvspoof2019_la,wavlm_linear,xlsr_linear,pgd,30.0,0.155625,0.1156249999999999,0.915153125,0.6463353447392971,0.5144816134542336,0.1318537312850635
runs,wavlm_linear_asv19_attack_matrix,asvspoof2019_la,wavlm_linear,xlsr_linear,pgd,40.0,0.09375,0.0537499999999999,0.9679453125,0.4730889100651718,0.3051616616311388,0.1679272484340329
runs,wavlm_linear_asv19_attack_matrix,asvspoof2019_la,wavlm_linear,xlsr_linear,pgd_l2,10.0,0.64625,0.60625,0.3082109375,1.5603981862540233,0.999969636387127,0.5604285498668963
runs,wavlm_linear_asv19_attack_matrix,asvspoof2019_la,wavlm_linear,xlsr_linear,pgd_l2,20.0,0.4712499999999999,0.4312499999999999,0.54279375,1.128270872726764,0.9806527247631576,0.1476181479636065
runs,wavlm_linear_asv19_attack_matrix,asvspoof2019_la,wavlm_linear,xlsr_linear,pgd_l2,30.0,0.229375,0.1893749999999999,0.8425125,0.7619119128286044,0.6902021057268715,0.0717098071017329
runs,wavlm_linear_asv19_attack_matrix,asvspoof2019_la,wavlm_linear,xlsr_linear,pgd_l2,40.0,0.1149999999999999,0.0749999999999999,0.9503140625,0.5568024995213606,0.3898855491283065,0.1669169503930541
runs,wavlm_linear_asv19_attack_matrix,asvspoof2019_la,wavlm_linear,nes2net_v2,fgsm,10.0,0.01375,0.01375,0.9966734375,0.2393230642909199,0.06229503952554,0.1770280247653798
runs,wavlm_linear_asv19_attack_matrix,asvspoof2019_la,wavlm_linear,nes2net_v2,fgsm,20.0,0.005,0.005,0.9996921875,0.1013976872917277,0.0198728535911752,0.0815248337005524
runs,wavlm_linear_asv19_attack_matrix,asvspoof2019_la,wavlm_linear,nes2net_v2,fgsm,30.0,0.004375,0.004375,0.9999140625,0.0510485855590568,0.0115573978416397,0.0394911877174171
runs,wavlm_linear_asv19_attack_matrix,asvspoof2019_la,wavlm_linear,nes2net_v2,fgsm,40.0,0.0018749999999999,0.0018749999999999,0.9999828125,0.0451967200327767,0.0050638504994172,0.0401328695333594
runs,wavlm_linear_asv19_attack_matrix,asvspoof2019_la,wavlm_linear,nes2net_v2,pgd,10.0,0.23375,0.23375,0.844153125,1.6425689926625116,0.6823716953929895,0.960197297269522
runs,wavlm_linear_asv19_attack_matrix,asvspoof2019_la,wavlm_linear,nes2net_v2,pgd,20.0,0.0749999999999999,0.0749999999999999,0.976171875,0.4702083203619606,0.2612417107231345,0.208966609638826
runs,wavlm_linear_asv19_attack_matrix,asvspoof2019_la,wavlm_linear,nes2net_v2,pgd,30.0,0.0131249999999999,0.0131249999999999,0.9989296875,0.1313167598347382,0.0461933728276343,0.0851233870071039
runs,wavlm_linear_asv19_attack_matrix,asvspoof2019_la,wavlm_linear,nes2net_v2,pgd,40.0,0.0031249999999999,0.0031249999999999,0.999903125,0.0702690303211932,0.0119016876560533,0.0583673426651398
runs,wavlm_linear_asv19_attack_matrix,asvspoof2019_la,wavlm_linear,nes2net_v2,pgd_l2,10.0,0.201875,0.201875,0.88825625,1.0909603210669243,0.5865448853449096,0.504415435722015
runs,wavlm_linear_asv19_attack_matrix,asvspoof2019_la,wavlm_linear,nes2net_v2,pgd_l2,20.0,0.0487499999999999,0.0487499999999999,0.988496875,0.2623259072483178,0.1770346378938967,0.085291269354421
runs,wavlm_linear_asv19_attack_matrix,asvspoof2019_la,wavlm_linear,nes2net_v2,pgd_l2,30.0,0.01,0.01,0.999278125,0.0909031727009677,0.0338551373055768,0.0570480353953909
runs,wavlm_linear_asv19_attack_matrix,asvspoof2019_la,wavlm_linear,nes2net_v2,pgd_l2,40.0,0.0024999999999999,0.0024999999999999,0.9999640625,0.0507264889812209,0.0077816655019364,0.0429448234792844
runs,xlsr_linear_asv19_attack_matrix,asvspoof2019_la,xlsr_linear,aasist,fgsm,10.0,0.0937499999999999,0.0875,0.966771875,2.5682578654736323,0.3224719150434768,2.2457859504301556
runs,xlsr_linear_asv19_attack_matrix,asvspoof2019_la,xlsr_linear,aasist,fgsm,20.0,0.0537499999999999,0.0474999999999999,0.9895140625,0.3678258217668699,0.174164305147389,0.1936615166194809
runs,xlsr_linear_asv19_attack_matrix,asvspoof2019_la,xlsr_linear,aasist,fgsm,30.0,0.0124999999999999,0.0062499999999999,0.9995609375,0.083602002073766,0.0320547977216077,0.0515472043521583
runs,xlsr_linear_asv19_attack_matrix,asvspoof2019_la,xlsr_linear,aasist,fgsm,40.0,0.0062499999999999,0.0,0.99969375,0.1019202417744176,0.0246084107067532,0.0773118310676643
runs,xlsr_linear_asv19_attack_matrix,asvspoof2019_la,xlsr_linear,aasist,pgd,10.0,0.12875,0.1225,0.9498640625,2.085999186899948,0.3956245831211323,1.690374603778816
runs,xlsr_linear_asv19_attack_matrix,asvspoof2019_la,xlsr_linear,aasist,pgd,20.0,0.0437499999999999,0.0374999999999999,0.994234375,0.1714473804085747,0.1263522431622161,0.0450951372463585
runs,xlsr_linear_asv19_attack_matrix,asvspoof2019_la,xlsr_linear,aasist,pgd,30.0,0.009375,0.003125,0.9996203125,0.0975271797748293,0.0290875368628897,0.0684396429119396
runs,xlsr_linear_asv19_attack_matrix,asvspoof2019_la,xlsr_linear,aasist,pgd,40.0,0.0062499999999999,0.0,0.9996859375,0.1035762930246197,0.0255178827485904,0.0780584102760292
runs,xlsr_linear_asv19_attack_matrix,asvspoof2019_la,xlsr_linear,aasist,pgd_l2,10.0,0.138125,0.131875,0.93113125,3.0689674292787137,0.460495887916247,2.6084715413624666
runs,xlsr_linear_asv19_attack_matrix,asvspoof2019_la,xlsr_linear,aasist,pgd_l2,20.0,0.0837499999999999,0.0775,0.9750328125,0.6952899143663455,0.2784395421149384,0.4168503722514071
runs,xlsr_linear_asv19_attack_matrix,asvspoof2019_la,xlsr_linear,aasist,pgd_l2,30.0,0.01875,0.0125,0.9983734375,0.0851841217672108,0.0650301241806845,0.0201539975865263
runs,xlsr_linear_asv19_attack_matrix,asvspoof2019_la,xlsr_linear,aasist,pgd_l2,40.0,0.00625,1.3010426069826053e-17,0.9997453125,0.1031439851027771,0.0228455754801842,0.0802984096225928
runs,xlsr_linear_asv19_attack_matrix,asvspoof2019_la,xlsr_linear,aasist3_kan,fgsm,10.0,0.35625,0.195,0.689565625,9.963959597674531,0.8636145359699228,9.100345061704608
runs,xlsr_linear_asv19_attack_matrix,asvspoof2019_la,xlsr_linear,aasist3_kan,fgsm,20.0,0.369375,0.208125,0.6766296875,9.61280224913019,0.863123121189138,8.749679127941052
runs,xlsr_linear_asv19_attack_matrix,asvspoof2019_la,xlsr_linear,aasist3_kan,fgsm,30.0,0.385,0.22375,0.66013125,7.9358989576471775,0.8627775460160803,7.073121411631098
runs,xlsr_linear_asv19_attack_matrix,asvspoof2019_la,xlsr_linear,aasist3_kan,fgsm,40.0,0.3768749999999999,0.2156249999999999,0.6686796875000001,5.59558851137044,0.8381302080123836,4.757458303358057
runs,xlsr_linear_asv19_attack_matrix,asvspoof2019_la,xlsr_linear,aasist3_kan,pgd,10.0,0.316875,0.155625,0.7487343750000001,9.62920023241417,0.8423168184015413,8.78688341401263
runs,xlsr_linear_asv19_attack_matrix,asvspoof2019_la,xlsr_linear,aasist3_kan,pgd,20.0,0.285625,0.124375,0.7759578125,8.173495724848765,0.790748253324344,7.382747471524421
runs,xlsr_linear_asv19_attack_matrix,asvspoof2019_la,xlsr_linear,aasist3_kan,pgd,30.0,0.25125,0.0899999999999999,0.8242765624999999,5.299639213043931,0.6975853120242428,4.602053901019688
runs,xlsr_linear_asv19_attack_matrix,asvspoof2019_la,xlsr_linear,aasist3_kan,pgd,40.0,0.2375,0.07625,0.8420203125,2.656706163537122,0.6801118416116665,1.9765943219254551
runs,xlsr_linear_asv19_attack_matrix,asvspoof2019_la,xlsr_linear,aasist3_kan,pgd_l2,10.0,0.3612499999999999,0.1999999999999999,0.6829265625000001,9.49802098086678,0.9086982093609884,8.589322771505792
runs,xlsr_linear_asv19_attack_matrix,asvspoof2019_la,xlsr_linear,aasist3_kan,pgd_l2,20.0,0.329375,0.168125,0.7246890625,7.673164497085752,0.8513448544517482,6.821819642634003
runs,xlsr_linear_asv19_attack_matrix,asvspoof2019_la,xlsr_linear,aasist3_kan,pgd_l2,30.0,0.30125,0.14,0.7693343749999999,5.267126773264217,0.7829904603864009,4.484136312877816
runs,xlsr_linear_asv19_attack_matrix,asvspoof2019_la,xlsr_linear,aasist3_kan,pgd_l2,40.0,0.2975,0.1362499999999999,0.772984375,3.9569374127585872,0.7779444486707048,3.1789929640878825
runs,xlsr_linear_asv19_attack_matrix,asvspoof2019_la,xlsr_linear,spectra_aasist3,fgsm,10.0,0.0574999999999999,0.050625,0.9822078125,0.3578297660642103,0.2083720400975946,0.1494577259666156
runs,xlsr_linear_asv19_attack_matrix,asvspoof2019_la,xlsr_linear,spectra_aasist3,fgsm,20.0,0.0274999999999999,0.0206249999999999,0.992921875,0.1318290026679537,0.10311159734831,0.0287174053196437
runs,xlsr_linear_asv19_attack_matrix,asvspoof2019_la,xlsr_linear,spectra_aasist3,fgsm,30.0,0.0262499999999999,0.019375,0.9944,0.1448812709005719,0.0901645167460237,0.0547167541545482
runs,xlsr_linear_asv19_attack_matrix,asvspoof2019_la,xlsr_linear,spectra_aasist3,fgsm,40.0,0.0324999999999999,0.025625,0.99441875,0.2101307921991315,0.1071242989705017,0.1030064932286298
runs,xlsr_linear_asv19_attack_matrix,asvspoof2019_la,xlsr_linear,spectra_aasist3,pgd,10.0,0.3225,0.315625,0.7270640625,1.7108379177757556,0.8373830185881752,0.8734548991875803
runs,xlsr_linear_asv19_attack_matrix,asvspoof2019_la,xlsr_linear,spectra_aasist3,pgd,20.0,0.1731249999999999,0.1662499999999999,0.8981125000000001,0.9542676190431468,0.5359029561280286,0.4183646629151181
runs,xlsr_linear_asv19_attack_matrix,asvspoof2019_la,xlsr_linear,spectra_aasist3,pgd,30.0,0.071875,0.065,0.9728828125,0.4848059274015955,0.2487055647983387,0.2361003626032567
runs,xlsr_linear_asv19_attack_matrix,asvspoof2019_la,xlsr_linear,spectra_aasist3,pgd,40.0,0.0374999999999999,0.0306249999999999,0.991190625,0.3866446862182552,0.1309721681096295,0.2556725181086257
runs,xlsr_linear_asv19_attack_matrix,asvspoof2019_la,xlsr_linear,spectra_aasist3,pgd_l2,10.0,0.1518749999999999,0.145,0.9142140625,0.9810174322481988,0.4993250059342223,0.4816924263139766
runs,xlsr_linear_asv19_attack_matrix,asvspoof2019_la,xlsr_linear,spectra_aasist3,pgd_l2,20.0,0.059375,0.0525,0.98101875,0.6506197528394754,0.2125398043828845,0.4380799484565909
runs,xlsr_linear_asv19_attack_matrix,asvspoof2019_la,xlsr_linear,spectra_aasist3,pgd_l2,30.0,0.0374999999999999,0.030625,0.990684375,0.4422971338542272,0.1344431510554669,0.3078539827987603
runs,xlsr_linear_asv19_attack_matrix,asvspoof2019_la,xlsr_linear,spectra_aasist3,pgd_l2,40.0,0.045,0.038125,0.9897984375,0.3533308868254207,0.1539453277550529,0.1993855590703677
runs,xlsr_linear_asv19_attack_matrix,asvspoof2019_la,xlsr_linear,rawnet2,fgsm,10.0,0.3668749999999999,0.3206249999999999,0.6953882812500001,6.4298422573064995,0.8819497158553273,5.547892541451172
runs,xlsr_linear_asv19_attack_matrix,asvspoof2019_la,xlsr_linear,rawnet2,fgsm,20.0,0.093125,0.046875,0.9681203125,1.1466487540308494,0.295790213033238,0.8508585409976114
runs,xlsr_linear_asv19_attack_matrix,asvspoof2019_la,xlsr_linear,rawnet2,fgsm,30.0,0.0574999999999999,0.0112499999999999,0.9865296875,0.6225572236772955,0.1922163217221006,0.4303409019551948
runs,xlsr_linear_asv19_attack_matrix,asvspoof2019_la,xlsr_linear,rawnet2,fgsm,40.0,0.0493749999999999,0.0031249999999999,0.9898625,0.4644207218092134,0.1639973573744985,0.3004233644347149
runs,xlsr_linear_asv19_attack_matrix,asvspoof2019_la,xlsr_linear,rawnet2,pgd,10.0,0.1587499999999999,0.1124999999999999,0.911878125,2.101257675034169,0.5033612898871546,1.5978963851470145
runs,xlsr_linear_asv19_attack_matrix,asvspoof2019_la,xlsr_linear,rawnet2,pgd,20.0,0.08125,0.035,0.9748765625,0.8326815513733667,0.2608978087131149,0.5717837426602519
runs,xlsr_linear_asv19_attack_matrix,asvspoof2019_la,xlsr_linear,rawnet2,pgd,30.0,0.0568749999999999,0.0106249999999999,0.98671875,0.5444852594764025,0.1889656257573632,0.3555196337190392
runs,xlsr_linear_asv19_attack_matrix,asvspoof2019_la,xlsr_linear,rawnet2,pgd,40.0,0.0474999999999999,0.0012499999999999,0.9898953125,0.4468737730728978,0.162781955008126,0.2840918180647717
runs,xlsr_linear_asv19_attack_matrix,asvspoof2019_la,xlsr_linear,rawnet2,pgd_l2,10.0,0.18125,0.135,0.8852812500000001,2.1305894147027,0.5896608140535357,1.5409286006491647
runs,xlsr_linear_asv19_attack_matrix,asvspoof2019_la,xlsr_linear,rawnet2,pgd_l2,20.0,0.0749999999999999,0.0287499999999999,0.9761453125,0.739374753369559,0.247962425073073,0.491412328296486
runs,xlsr_linear_asv19_attack_matrix,asvspoof2019_la,xlsr_linear,rawnet2,pgd_l2,30.0,0.056875,0.010625,0.98546875,0.5369591107829184,0.1931676419089084,0.3437914688740099
runs,xlsr_linear_asv19_attack_matrix,asvspoof2019_la,xlsr_linear,rawnet2,pgd_l2,40.0,0.050625,0.004375,0.988721875,0.4760078701240493,0.1714617112653124,0.3045461588587368
runs,xlsr_linear_asv19_attack_matrix,asvspoof2019_la,xlsr_linear,ssl_aasist,fgsm,10.0,0.0337499999999999,0.0324999999999999,0.9921640625,0.2840300151952492,0.1185992430219868,0.1654307721732624
runs,xlsr_linear_asv19_attack_matrix,asvspoof2019_la,xlsr_linear,ssl_aasist,fgsm,20.0,0.015,0.01375,0.9983015625,0.1728762314421561,0.0523434682391685,0.1205327632029875
runs,xlsr_linear_asv19_attack_matrix,asvspoof2019_la,xlsr_linear,ssl_aasist,fgsm,30.0,0.004375,0.003125,0.9996671875,0.1026304522565923,0.0209983973018603,0.081632054954732
runs,xlsr_linear_asv19_attack_matrix,asvspoof2019_la,xlsr_linear,ssl_aasist,fgsm,40.0,0.003125,0.001875,0.9998984375,0.0469987298075831,0.0103710578776402,0.0366276719299429
runs,xlsr_linear_asv19_attack_matrix,asvspoof2019_la,xlsr_linear,ssl_aasist,pgd,10.0,0.41625,0.415,0.534790625,4.509119530006039,0.9704810106929782,3.5386385193130607
runs,xlsr_linear_asv19_attack_matrix,asvspoof2019_la,xlsr_linear,ssl_aasist,pgd,20.0,0.2125,0.21125,0.8347625000000001,1.8382751460418612,0.6335101336892087,1.2047650123526523
runs,xlsr_linear_asv19_attack_matrix,asvspoof2019_la,xlsr_linear,ssl_aasist,pgd,30.0,0.05125,0.05,0.9899,0.3254819362064537,0.1574918128302815,0.1679901233761722
runs,xlsr_linear_asv19_attack_matrix,asvspoof2019_la,xlsr_linear,ssl_aasist,pgd,40.0,0.004375,0.003125,0.9995,0.0732409563964776,0.0201930974972567,0.0530478588992209
runs,xlsr_linear_asv19_attack_matrix,asvspoof2019_la,xlsr_linear,ssl_aasist,pgd_l2,10.0,0.275,0.27375,0.7528546875,2.151194890467615,0.8196488104313769,1.331546080036238
runs,xlsr_linear_asv19_attack_matrix,asvspoof2019_la,xlsr_linear,ssl_aasist,pgd_l2,20.0,0.0587499999999999,0.0574999999999999,0.983109375,0.2876545700141796,0.2042096838956204,0.0834448861185591
runs,xlsr_linear_asv19_attack_matrix,asvspoof2019_la,xlsr_linear,ssl_aasist,pgd_l2,30.0,0.01,0.00875,0.998625,0.0912035552532886,0.0387030296136391,0.0525005256396495
runs,xlsr_linear_asv19_attack_matrix,asvspoof2019_la,xlsr_linear,ssl_aasist,pgd_l2,40.0,0.005,0.00375,0.99968125,0.0525268092464967,0.0182004524830288,0.0343263567634678
runs,xlsr_linear_asv19_attack_matrix,asvspoof2019_la,xlsr_linear,xlsr_mamba,fgsm,10.0,0.0574999999999999,0.055625,0.9802296875,0.255607478627451,0.2060292741332453,0.0495782044942056
runs,xlsr_linear_asv19_attack_matrix,asvspoof2019_la,xlsr_linear,xlsr_mamba,fgsm,20.0,0.05625,0.054375,0.9826484375,0.2819117619205677,0.1870489309488608,0.0948628309717068
runs,xlsr_linear_asv19_attack_matrix,asvspoof2019_la,xlsr_linear,xlsr_mamba,fgsm,30.0,0.040625,0.03875,0.9915859375,0.3025956810680609,0.1350653692408047,0.1675303118272562
runs,xlsr_linear_asv19_attack_matrix,asvspoof2019_la,xlsr_linear,xlsr_mamba,fgsm,40.0,0.01375,0.011875,0.99906875,0.1803278655319275,0.0426804478235126,0.1376474177084149
runs,xlsr_linear_asv19_attack_matrix,asvspoof2019_la,xlsr_linear,xlsr_mamba,pgd,10.0,0.975,0.973125,0.00683125,4.717352107289149,1.0,3.717352107289149
runs,xlsr_linear_asv19_attack_matrix,asvspoof2019_la,xlsr_linear,xlsr_mamba,pgd,20.0,0.768125,0.76625,0.16578125,3.434576848196971,1.0,2.434576848196971
runs,xlsr_linear_asv19_attack_matrix,asvspoof2019_la,xlsr_linear,xlsr_mamba,pgd,30.0,0.201875,0.2,0.800765625,1.1935335187607483,0.6424685259876248,0.5510649927731237
runs,xlsr_linear_asv19_attack_matrix,asvspoof2019_la,xlsr_linear,xlsr_mamba,pgd,40.0,0.0724999999999999,0.070625,0.9735640625,0.4843873449823286,0.238329304878628,0.2460580401037005
runs,xlsr_linear_asv19_attack_matrix,asvspoof2019_la,xlsr_linear,xlsr_mamba,pgd_l2,10.0,0.92125,0.919375,0.034440625,3.7206674891979654,1.0,2.7206674891979654
runs,xlsr_linear_asv19_attack_matrix,asvspoof2019_la,xlsr_linear,xlsr_mamba,pgd_l2,20.0,0.37,0.368125,0.6100984374999999,1.5253315211360894,0.9050310797895388,0.6203004413465505
runs,xlsr_linear_asv19_attack_matrix,asvspoof2019_la,xlsr_linear,xlsr_mamba,pgd_l2,30.0,0.0999999999999999,0.098125,0.9513734375,0.5275901344175316,0.3348213839708307,0.1927687504467008
runs,xlsr_linear_asv19_attack_matrix,asvspoof2019_la,xlsr_linear,xlsr_mamba,pgd_l2,40.0,0.02875,0.026875,0.9932625,0.2584897797051788,0.1114476530511766,0.1470421266540021
runs,xlsr_linear_asv19_attack_matrix,asvspoof2019_la,xlsr_linear,nes2net,fgsm,10.0,0.27375,0.1081249999999999,0.8135296875,1.183741281892844,0.7009670927896839,0.4827741891031601
runs,xlsr_linear_asv19_attack_matrix,asvspoof2019_la,xlsr_linear,nes2net,fgsm,20.0,0.274375,0.10875,0.791853125,1.7136773276353243,0.7099469359073957,1.0037303917279288
runs,xlsr_linear_asv19_attack_matrix,asvspoof2019_la,xlsr_linear,nes2net,fgsm,30.0,0.2412499999999999,0.0756249999999999,0.8298578124999999,1.987201092028246,0.6571087295048249,1.3300923625234211
runs,xlsr_linear_asv19_attack_matrix,asvspoof2019_la,xlsr_linear,nes2net,fgsm,40.0,0.191875,0.0262499999999999,0.8843156249999999,2.0373507110429365,0.5465828283749463,1.4907678826679902
runs,xlsr_linear_asv19_attack_matrix,asvspoof2019_la,xlsr_linear,nes2net,pgd,10.0,0.435625,0.27,0.5967078125,2.323990066650783,0.9472265584184238,1.376763508232359
runs,xlsr_linear_asv19_attack_matrix,asvspoof2019_la,xlsr_linear,nes2net,pgd,20.0,0.3774999999999999,0.2118749999999999,0.6694875,2.547981160394169,0.8754891016994182,1.672492058694751
runs,xlsr_linear_asv19_attack_matrix,asvspoof2019_la,xlsr_linear,nes2net,pgd,30.0,0.27,0.104375,0.7949546875,2.5005403397024044,0.7325913392016634,1.767949000500741
runs,xlsr_linear_asv19_attack_matrix,asvspoof2019_la,xlsr_linear,nes2net,pgd,40.0,0.2331249999999999,0.0674999999999999,0.848465625,2.3878318044979348,0.6388289598342358,1.749002844663699
runs,xlsr_linear_asv19_attack_matrix,asvspoof2019_la,xlsr_linear,nes2net,pgd_l2,10.0,0.31875,0.1531249999999999,0.746134375,2.744711878153275,0.840739569929222,1.903972308224053
runs,xlsr_linear_asv19_attack_matrix,asvspoof2019_la,xlsr_linear,nes2net,pgd_l2,20.0,0.25125,0.0856249999999999,0.8257296875,2.849953283941515,0.7029788784304591,2.146974405511056
runs,xlsr_linear_asv19_attack_matrix,asvspoof2019_la,xlsr_linear,nes2net,pgd_l2,30.0,0.20125,0.035625,0.8810843749999999,2.814138408717374,0.5886349823367522,2.2255034263806217
runs,xlsr_linear_asv19_attack_matrix,asvspoof2019_la,xlsr_linear,nes2net,pgd_l2,40.0,0.1875,0.021875,0.8924156249999999,2.6701967127178152,0.5572788420775734,2.112917870640242
runs,xlsr_linear_asv19_attack_matrix,asvspoof2019_la,xlsr_linear,wavlm_linear,fgsm,10.0,0.118125,0.090625,0.93730625,3.1873874303126235,0.3867602572111223,2.800627173101501
runs,xlsr_linear_asv19_attack_matrix,asvspoof2019_la,xlsr_linear,wavlm_linear,fgsm,20.0,0.0849999999999999,0.0575,0.9696546875,1.3745804640109662,0.2943209207083631,1.0802595433026032
runs,xlsr_linear_asv19_attack_matrix,asvspoof2019_la,xlsr_linear,wavlm_linear,fgsm,30.0,0.0681249999999999,0.040625,0.9776203125,0.5311710324676953,0.2506154004144214,0.2805556320532738
runs,xlsr_linear_asv19_attack_matrix,asvspoof2019_la,xlsr_linear,wavlm_linear,fgsm,40.0,0.0468749999999999,0.019375,0.9919859375,0.1796062169314203,0.1457646397404828,0.0338415771909375
runs,xlsr_linear_asv19_attack_matrix,asvspoof2019_la,xlsr_linear,wavlm_linear,pgd,10.0,0.215,0.1875,0.8540500000000001,4.421587037423659,0.6390209105889841,3.7825661268346753
runs,xlsr_linear_asv19_attack_matrix,asvspoof2019_la,xlsr_linear,wavlm_linear,pgd,20.0,0.196875,0.169375,0.8720874999999999,2.6796741585979307,0.6026162907145715,2.0770578678833593
runs,xlsr_linear_asv19_attack_matrix,asvspoof2019_la,xlsr_linear,wavlm_linear,pgd,30.0,0.12,0.0925,0.9505265625,0.8106024054402892,0.379217774292103,0.4313846311481861
runs,xlsr_linear_asv19_attack_matrix,asvspoof2019_la,xlsr_linear,wavlm_linear,pgd,40.0,0.0637499999999999,0.0362499999999999,0.9839546875,0.2473487006230932,0.2121290288844504,0.0352196717386428
runs,xlsr_linear_asv19_attack_matrix,asvspoof2019_la,xlsr_linear,wavlm_linear,pgd_l2,10.0,0.149375,0.121875,0.915503125,3.168733649129362,0.4782704989335039,2.690463150195858
runs,xlsr_linear_asv19_attack_matrix,asvspoof2019_la,xlsr_linear,wavlm_linear,pgd_l2,20.0,0.09875,0.07125,0.9660671875,1.091290720989832,0.3098937209531666,0.7813970000366652
runs,xlsr_linear_asv19_attack_matrix,asvspoof2019_la,xlsr_linear,wavlm_linear,pgd_l2,30.0,0.05625,0.02875,0.983784375,0.3674583917620135,0.2130673349898689,0.1543910567721446
runs,xlsr_linear_asv19_attack_matrix,asvspoof2019_la,xlsr_linear,wavlm_linear,pgd_l2,40.0,0.05125,0.02375,0.9899734375,0.2042630887822197,0.1631769674095433,0.0410861213726764
runs,xlsr_linear_asv19_attack_matrix,asvspoof2019_la,xlsr_linear,nes2net_v2,fgsm,10.0,0.0162499999999999,0.0162499999999999,0.997784375,0.1487612079231293,0.0591033268072398,0.0896578811158894
runs,xlsr_linear_asv19_attack_matrix,asvspoof2019_la,xlsr_linear,nes2net_v2,fgsm,20.0,0.008125,0.008125,0.999371875,0.0974873758549072,0.0345101339846129,0.0629772418702943
runs,xlsr_linear_asv19_attack_matrix,asvspoof2019_la,xlsr_linear,nes2net_v2,fgsm,30.0,0.004375,0.004375,0.999890625,0.0599014413925192,0.0139680394625843,0.0459334019299348
runs,xlsr_linear_asv19_attack_matrix,asvspoof2019_la,xlsr_linear,nes2net_v2,fgsm,40.0,0.0018749999999999,0.0018749999999999,0.99995625,0.0552669532712229,0.0077617545064795,0.0475051987647434
runs,xlsr_linear_asv19_attack_matrix,asvspoof2019_la,xlsr_linear,nes2net_v2,pgd,10.0,0.8600000000000001,0.8600000000000001,0.117078125,6.628627654389406,0.979760464794768,5.648867189594638
runs,xlsr_linear_asv19_attack_matrix,asvspoof2019_la,xlsr_linear,nes2net_v2,pgd,20.0,0.63,0.63,0.3510171875,4.8120359588242625,0.9270641474256596,3.8849718113986023
runs,xlsr_linear_asv19_attack_matrix,asvspoof2019_la,xlsr_linear,nes2net_v2,pgd,30.0,0.26375,0.26375,0.8151812500000001,1.482797591050589,0.7004897986386572,0.7823077924119318
runs,xlsr_linear_asv19_attack_matrix,asvspoof2019_la,xlsr_linear,nes2net_v2,pgd,40.0,0.04125,0.04125,0.9916984375,0.2370592969963353,0.1476465342618939,0.0894127627344413
runs,xlsr_linear_asv19_attack_matrix,asvspoof2019_la,xlsr_linear,nes2net_v2,pgd_l2,10.0,0.73375,0.73375,0.2326984374999999,5.073112410287825,0.9599164582042956,4.1131959520835295
runs,xlsr_linear_asv19_attack_matrix,asvspoof2019_la,xlsr_linear,nes2net_v2,pgd_l2,20.0,0.334375,0.334375,0.7463875,1.7055912275739311,0.7901174785815037,0.9154737489924274
runs,xlsr_linear_asv19_attack_matrix,asvspoof2019_la,xlsr_linear,nes2net_v2,pgd_l2,30.0,0.066875,0.066875,0.9797203125,0.2987662299339753,0.2236696252174422,0.075096604716533
runs,xlsr_linear_asv19_attack_matrix,asvspoof2019_la,xlsr_linear,nes2net_v2,pgd_l2,40.0,0.01875,0.01875,0.997475,0.1204996363188622,0.0666096493382266,0.0538899869806355
runs,xlsr_mamba_asv19_attack,asvspoof2019_la,xlsr_mamba,ssl_aasist,fgsm,10.0,0.06625,0.065,,,,
runs,xlsr_mamba_asv19_attack,asvspoof2019_la,xlsr_mamba,ssl_aasist,fgsm,20.0,0.05125,0.05,,,,
runs,xlsr_mamba_asv19_attack,asvspoof2019_la,xlsr_mamba,ssl_aasist,fgsm,30.0,0.035,0.03375,,,,
runs,xlsr_mamba_asv19_attack,asvspoof2019_la,xlsr_mamba,ssl_aasist,fgsm,40.0,0.01,0.00875,,,,
runs,xlsr_mamba_asv19_attack,asvspoof2019_la,xlsr_mamba,ssl_aasist,pgd,10.0,0.94375,0.9425,,,,
runs,xlsr_mamba_asv19_attack,asvspoof2019_la,xlsr_mamba,ssl_aasist,pgd,20.0,0.799375,0.798125,,,,
runs,xlsr_mamba_asv19_attack,asvspoof2019_la,xlsr_mamba,ssl_aasist,pgd,30.0,0.443125,0.441875,,,,
runs,xlsr_mamba_asv19_attack,asvspoof2019_la,xlsr_mamba,ssl_aasist,pgd,40.0,0.1012499999999999,0.0999999999999999,,,,
runs,xlsr_mamba_asv19_attack,asvspoof2019_la,xlsr_mamba,aasist,fgsm,10.0,0.1674999999999999,0.16125,,,,
runs,xlsr_mamba_asv19_attack,asvspoof2019_la,xlsr_mamba,aasist,fgsm,20.0,0.074375,0.068125,,,,
runs,xlsr_mamba_asv19_attack,asvspoof2019_la,xlsr_mamba,aasist,fgsm,30.0,0.01375,0.0075,,,,
runs,xlsr_mamba_asv19_attack,asvspoof2019_la,xlsr_mamba,aasist,fgsm,40.0,0.0068749999999999,0.0006249999999999,,,,
runs,xlsr_mamba_asv19_attack,asvspoof2019_la,xlsr_mamba,aasist,pgd,10.0,0.166875,0.160625,,,,
runs,xlsr_mamba_asv19_attack,asvspoof2019_la,xlsr_mamba,aasist,pgd,20.0,0.04625,0.04,,,,
runs,xlsr_mamba_asv19_attack,asvspoof2019_la,xlsr_mamba,aasist,pgd,30.0,0.01375,0.0075,,,,
runs,xlsr_mamba_asv19_attack,asvspoof2019_la,xlsr_mamba,aasist,pgd,40.0,0.009375,0.003125,,,,
runs,xlsr_mamba_asv19_attack_matrix,asvspoof2019_la,xlsr_mamba,aasist,fgsm,10.0,0.1674999999999999,0.16125,0.9098828125,3.135452013149949,0.5273693098992641,2.608082703250685
runs,xlsr_mamba_asv19_attack_matrix,asvspoof2019_la,xlsr_mamba,aasist,fgsm,20.0,0.0749999999999999,0.0687499999999999,0.980284375,0.520904459751525,0.2419400940708994,0.2789643656806255
runs,xlsr_mamba_asv19_attack_matrix,asvspoof2019_la,xlsr_mamba,aasist,fgsm,30.0,0.0118749999999999,0.0056249999999999,0.999421875,0.089319814326077,0.0366263514309256,0.0526934628951514
runs,xlsr_mamba_asv19_attack_matrix,asvspoof2019_la,xlsr_mamba,aasist,fgsm,40.0,0.0068749999999999,0.0006249999999999,0.999678125,0.1092244069331845,0.0252248460373677,0.0839995608958168
runs,xlsr_mamba_asv19_attack_matrix,asvspoof2019_la,xlsr_mamba,aasist,pgd,10.0,0.1574999999999999,0.15125,0.9223875,2.215982490490039,0.4932709619181326,1.7227115285719066
runs,xlsr_mamba_asv19_attack_matrix,asvspoof2019_la,xlsr_mamba,aasist,pgd,20.0,0.0487499999999999,0.0424999999999999,0.9905703125,0.2038611626614092,0.1661651519489487,0.0376960107124604
runs,xlsr_mamba_asv19_attack_matrix,asvspoof2019_la,xlsr_mamba,aasist,pgd,30.0,0.0112499999999999,0.005,0.999471875,0.1083190444848086,0.0329361178000526,0.075382926684756
runs,xlsr_mamba_asv19_attack_matrix,asvspoof2019_la,xlsr_mamba,aasist,pgd,40.0,0.0074999999999999,0.0012499999999999,0.9996609375,0.1071297066838374,0.0268962260935111,0.0802334805903262
runs,xlsr_mamba_asv19_attack_matrix,asvspoof2019_la,xlsr_mamba,aasist,pgd_l2,10.0,0.2175,0.21125,0.8620593750000001,3.4963862132762005,0.6477378833345266,2.848648329941674
runs,xlsr_mamba_asv19_attack_matrix,asvspoof2019_la,xlsr_mamba,aasist,pgd_l2,20.0,0.103125,0.096875,0.96569375,0.7691578284911444,0.3226138677022901,0.4465439607888543
runs,xlsr_mamba_asv19_attack_matrix,asvspoof2019_la,xlsr_mamba,aasist,pgd_l2,30.0,0.0212499999999999,0.015,0.998321875,0.0990356763542847,0.067451730627518,0.0315839457267666
runs,xlsr_mamba_asv19_attack_matrix,asvspoof2019_la,xlsr_mamba,aasist,pgd_l2,40.0,0.0106249999999999,0.0043749999999999,0.9996390625,0.1063151666862761,0.0258386155008544,0.0804765511854216
runs,xlsr_mamba_asv19_attack_matrix,asvspoof2019_la,xlsr_mamba,aasist3_kan,fgsm,10.0,0.36875,0.2075,0.6772374999999999,9.964731039622732,0.8929739458584272,9.071757093764305
runs,xlsr_mamba_asv19_attack_matrix,asvspoof2019_la,xlsr_mamba,aasist3_kan,fgsm,20.0,0.36,0.1987499999999999,0.6744203125,9.773445026199507,0.8882114059538015,8.885233620245705
runs,xlsr_mamba_asv19_attack_matrix,asvspoof2019_la,xlsr_mamba,aasist3_kan,fgsm,30.0,0.385,0.22375,0.6696421875,8.763423228571956,0.8674968271570948,7.895926401414861
runs,xlsr_mamba_asv19_attack_matrix,asvspoof2019_la,xlsr_mamba,aasist3_kan,fgsm,40.0,0.3512499999999999,0.1899999999999999,0.7045671874999999,7.277356088366951,0.8269497243491064,6.450406364017844
runs,xlsr_mamba_asv19_attack_matrix,asvspoof2019_la,xlsr_mamba,aasist3_kan,pgd,10.0,0.345,0.1837499999999999,0.7205718750000001,9.693346640804393,0.8617612290148005,8.831585411789593
runs,xlsr_mamba_asv19_attack_matrix,asvspoof2019_la,xlsr_mamba,aasist3_kan,pgd,20.0,0.280625,0.119375,0.7799828124999999,7.823358020411524,0.7839259844279791,7.039432035983545
runs,xlsr_mamba_asv19_attack_matrix,asvspoof2019_la,xlsr_mamba,aasist3_kan,pgd,30.0,0.2568749999999999,0.0956249999999999,0.8165093750000001,5.552858521960671,0.7191303374669864,4.833728184493684
runs,xlsr_mamba_asv19_attack_matrix,asvspoof2019_la,xlsr_mamba,aasist3_kan,pgd,40.0,0.244375,0.083125,0.8277609375,3.3194638114284354,0.6931507114901206,2.626313099938314
runs,xlsr_mamba_asv19_attack_matrix,asvspoof2019_la,xlsr_mamba,aasist3_kan,pgd_l2,10.0,0.39,0.22875,0.6499453125000001,9.748570778580904,0.9226666256423508,8.825904152938552
runs,xlsr_mamba_asv19_attack_matrix,asvspoof2019_la,xlsr_mamba,aasist3_kan,pgd_l2,20.0,0.331875,0.170625,0.7155640624999999,8.049741030842192,0.8530650017960201,7.196676029046172
runs,xlsr_mamba_asv19_attack_matrix,asvspoof2019_la,xlsr_mamba,aasist3_kan,pgd_l2,30.0,0.303125,0.1418749999999999,0.7586999999999999,5.752306308758217,0.8026486887918376,4.94965761996638
runs,xlsr_mamba_asv19_attack_matrix,asvspoof2019_la,xlsr_mamba,aasist3_kan,pgd_l2,40.0,0.33125,0.17,0.735178125,5.05084992280257,0.816922713243299,4.233927209559271
runs,xlsr_mamba_asv19_attack_matrix,asvspoof2019_la,xlsr_mamba,spectra_aasist3,fgsm,10.0,0.09,0.083125,0.96689375,0.5917386723024586,0.3021104928008863,0.2896281795015722
runs,xlsr_mamba_asv19_attack_matrix,asvspoof2019_la,xlsr_mamba,spectra_aasist3,fgsm,20.0,0.05,0.043125,0.984884375,0.2541114693053451,0.1831938932991622,0.0709175760061828
runs,xlsr_mamba_asv19_attack_matrix,asvspoof2019_la,xlsr_mamba,spectra_aasist3,fgsm,30.0,0.0437499999999999,0.0368749999999999,0.9854796875,0.3093054952089935,0.1753532178993679,0.1339522773096256
runs,xlsr_mamba_asv19_attack_matrix,asvspoof2019_la,xlsr_mamba,spectra_aasist3,fgsm,40.0,0.0537499999999999,0.0468749999999999,0.9855328125,0.3727798467961321,0.1785253634081151,0.1942544833880169
runs,xlsr_mamba_asv19_attack_matrix,asvspoof2019_la,xlsr_mamba,spectra_aasist3,pgd,10.0,0.46625,0.459375,0.52988125,3.680127312240076,0.9826886975265524,2.697438614713523
runs,xlsr_mamba_asv19_attack_matrix,asvspoof2019_la,xlsr_mamba,spectra_aasist3,pgd,20.0,0.284375,0.2775000000000001,0.7198031249999999,2.7482233315273445,0.8498758017882045,1.89834752973914
runs,xlsr_mamba_asv19_attack_matrix,asvspoof2019_la,xlsr_mamba,spectra_aasist3,pgd,30.0,0.1637499999999999,0.156875,0.8811531250000001,1.287808795153731,0.5653490607659393,0.7224597343877917
runs,xlsr_mamba_asv19_attack_matrix,asvspoof2019_la,xlsr_mamba,spectra_aasist3,pgd,40.0,0.06875,0.061875,0.9774203125,0.6322763218819322,0.2292842905723798,0.4029920313095523
runs,xlsr_mamba_asv19_attack_matrix,asvspoof2019_la,xlsr_mamba,spectra_aasist3,pgd_l2,10.0,0.366875,0.3600000000000001,0.65411875,2.3200703539973553,0.9150104206672158,1.4050599333301397
runs,xlsr_mamba_asv19_attack_matrix,asvspoof2019_la,xlsr_mamba,spectra_aasist3,pgd_l2,20.0,0.218125,0.21125,0.841365625,1.5264584763833131,0.6520795949625673,0.874378881420746
runs,xlsr_mamba_asv19_attack_matrix,asvspoof2019_la,xlsr_mamba,spectra_aasist3,pgd_l2,30.0,0.1099999999999999,0.103125,0.952771875,0.9528669207073268,0.3421950158098346,0.6106719048974921
runs,xlsr_mamba_asv19_attack_matrix,asvspoof2019_la,xlsr_mamba,spectra_aasist3,pgd_l2,40.0,0.0687499999999999,0.0618749999999999,0.9769828125,0.6858972078732568,0.2439747172936171,0.4419224905796396
runs,xlsr_mamba_asv19_attack_matrix,asvspoof2019_la,xlsr_mamba,rawnet2,fgsm,10.0,0.31,0.26375,0.7612734374999999,6.002158357557581,0.8153704846924263,5.186787872865155
runs,xlsr_mamba_asv19_attack_matrix,asvspoof2019_la,xlsr_mamba,rawnet2,fgsm,20.0,0.085,0.03875,0.970684375,1.0790069436332836,0.2797515369132401,0.7992554067200435
runs,xlsr_mamba_asv19_attack_matrix,asvspoof2019_la,xlsr_mamba,rawnet2,fgsm,30.0,0.0593749999999999,0.0131249999999999,0.9869765625,0.6095083253935354,0.19030249330035,0.4192058320931853
runs,xlsr_mamba_asv19_attack_matrix,asvspoof2019_la,xlsr_mamba,rawnet2,fgsm,40.0,0.0462499999999999,-1.3877787807814457e-17,0.99000625,0.4562703700864811,0.1634742459978449,0.2927961240886362
runs,xlsr_mamba_asv19_attack_matrix,asvspoof2019_la,xlsr_mamba,rawnet2,pgd,10.0,0.145,0.09875,0.9248515625000002,2.062803338273396,0.4689258923694434,1.5938774459039529
runs,xlsr_mamba_asv19_attack_matrix,asvspoof2019_la,xlsr_mamba,rawnet2,pgd,20.0,0.0818749999999999,0.0356249999999999,0.9756796875,0.8226243881140413,0.2538922121408111,0.5687321759732301
runs,xlsr_mamba_asv19_attack_matrix,asvspoof2019_la,xlsr_mamba,rawnet2,pgd,30.0,0.055,0.00875,0.986853125,0.5442159644374738,0.1884341159414898,0.355781848495984
runs,xlsr_mamba_asv19_attack_matrix,asvspoof2019_la,xlsr_mamba,rawnet2,pgd,40.0,0.0487499999999999,0.0024999999999999,0.9898265625,0.4472939150323928,0.1638136851393284,0.2834802298930643
runs,xlsr_mamba_asv19_attack_matrix,asvspoof2019_la,xlsr_mamba,rawnet2,pgd_l2,10.0,0.13375,0.0875,0.9367671875,1.934809419543232,0.4384230597391392,1.4963863598040927
runs,xlsr_mamba_asv19_attack_matrix,asvspoof2019_la,xlsr_mamba,rawnet2,pgd_l2,20.0,0.075625,0.029375,0.9773984375,0.7374037978114705,0.2418702283439469,0.4955335694675236
runs,xlsr_mamba_asv19_attack_matrix,asvspoof2019_la,xlsr_mamba,rawnet2,pgd_l2,30.0,0.056875,0.010625,0.9859125,0.5424721470207213,0.1905861606661407,0.3518859863545805
runs,xlsr_mamba_asv19_attack_matrix,asvspoof2019_la,xlsr_mamba,rawnet2,pgd_l2,40.0,0.05,0.00375,0.9890453125,0.468099101993524,0.1702251628279192,0.2978739391656048
runs,xlsr_mamba_asv19_attack_matrix,asvspoof2019_la,xlsr_mamba,ssl_aasist,fgsm,10.0,0.0675,0.06625,0.9753921875,0.5760193994941428,0.2285422589556022,0.3474771405385405
runs,xlsr_mamba_asv19_attack_matrix,asvspoof2019_la,xlsr_mamba,ssl_aasist,fgsm,20.0,0.05,0.04875,0.98513125,0.7234626030645227,0.1793704484873431,0.5440921545771795
runs,xlsr_mamba_asv19_attack_matrix,asvspoof2019_la,xlsr_mamba,ssl_aasist,fgsm,30.0,0.034375,0.033125,0.9948265625,0.6677523159613155,0.1117506994913389,0.5560016164699766
runs,xlsr_mamba_asv19_attack_matrix,asvspoof2019_la,xlsr_mamba,ssl_aasist,fgsm,40.0,0.009375,0.008125,0.9988875,0.2934909946852141,0.0448299999310506,0.2486609947541634
runs,xlsr_mamba_asv19_attack_matrix,asvspoof2019_la,xlsr_mamba,ssl_aasist,pgd,10.0,0.93875,0.9375,0.0190812499999999,11.068548063766237,1.0,10.068548063766237
runs,xlsr_mamba_asv19_attack_matrix,asvspoof2019_la,xlsr_mamba,ssl_aasist,pgd,20.0,0.788125,0.786875,0.1372546875,9.612189244455212,1.0,8.612189244455212
runs,xlsr_mamba_asv19_attack_matrix,asvspoof2019_la,xlsr_mamba,ssl_aasist,pgd,30.0,0.433125,0.431875,0.5133265625,5.389787723850918,0.9808834999680406,4.408904223882877
runs,xlsr_mamba_asv19_attack_matrix,asvspoof2019_la,xlsr_mamba,ssl_aasist,pgd,40.0,0.108125,0.106875,0.963225,0.6034113214797352,0.3266542693711525,0.2767570521085826
runs,xlsr_mamba_asv19_attack_matrix,asvspoof2019_la,xlsr_mamba,ssl_aasist,pgd_l2,10.0,0.946875,0.945625,0.0150265624999999,11.12998813251434,1.0,10.12998813251434
runs,xlsr_mamba_asv19_attack_matrix,asvspoof2019_la,xlsr_mamba,ssl_aasist,pgd_l2,20.0,0.86375,0.8625,0.07093125,10.012379554266596,1.0,9.012379554266596
runs,xlsr_mamba_asv19_attack_matrix,asvspoof2019_la,xlsr_mamba,ssl_aasist,pgd_l2,30.0,0.52875,0.5275000000000001,0.4219828124999999,6.512082826449804,1.0,5.512082826449804
runs,xlsr_mamba_asv19_attack_matrix,asvspoof2019_la,xlsr_mamba,ssl_aasist,pgd_l2,40.0,0.198125,0.196875,0.8681656249999999,1.7738175062417452,0.5872219359710369,1.1865955702707085
runs,xlsr_mamba_asv19_attack_matrix,asvspoof2019_la,xlsr_mamba,nes2net,fgsm,10.0,0.32375,0.1581249999999999,0.7453375,1.4662242541863637,0.8138180093701495,0.652406244816214
runs,xlsr_mamba_asv19_attack_matrix,asvspoof2019_la,xlsr_mamba,nes2net,fgsm,20.0,0.32875,0.1631249999999999,0.726409375,1.9583698836250396,0.8073794499124913,1.1509904337125485
runs,xlsr_mamba_asv19_attack_matrix,asvspoof2019_la,xlsr_mamba,nes2net,fgsm,30.0,0.2925,0.1268749999999999,0.76777109375,2.201478143455041,0.7634885165887946,1.4379896268662464
runs,xlsr_mamba_asv19_attack_matrix,asvspoof2019_la,xlsr_mamba,nes2net,fgsm,40.0,0.2299999999999999,0.0643749999999999,0.840346875,2.2271145786839774,0.6562938507642008,1.5708207279197768
runs,xlsr_mamba_asv19_attack_matrix,asvspoof2019_la,xlsr_mamba,nes2net,pgd,10.0,0.640625,0.475,0.3121140625,2.4406192479705124,1.0,1.4406192479705124
runs,xlsr_mamba_asv19_attack_matrix,asvspoof2019_la,xlsr_mamba,nes2net,pgd,20.0,0.475,0.3093749999999999,0.51148515625,2.5410151647980013,0.987546574999168,1.5534685897988332
runs,xlsr_mamba_asv19_attack_matrix,asvspoof2019_la,xlsr_mamba,nes2net,pgd,30.0,0.39375,0.228125,0.64556015625,2.5640683636559616,0.9083414140410296,1.655726949614932
runs,xlsr_mamba_asv19_attack_matrix,asvspoof2019_la,xlsr_mamba,nes2net,pgd,40.0,0.31375,0.1481249999999999,0.759871875,2.54956240076503,0.7906610185953769,1.758901382169653
runs,xlsr_mamba_asv19_attack_matrix,asvspoof2019_la,xlsr_mamba,nes2net,pgd_l2,10.0,0.561875,0.39625,0.4107859375,2.7834847406851906,1.0,1.7834847406851906
runs,xlsr_mamba_asv19_attack_matrix,asvspoof2019_la,xlsr_mamba,nes2net,pgd_l2,20.0,0.464375,0.2987499999999999,0.5535328125,2.8941956740895662,0.9865413490531844,1.9076543250363815
runs,xlsr_mamba_asv19_attack_matrix,asvspoof2019_la,xlsr_mamba,nes2net,pgd_l2,30.0,0.3425,0.176875,0.7209156250000001,2.938492812756507,0.8600857339309993,2.078407078825508
runs,xlsr_mamba_asv19_attack_matrix,asvspoof2019_la,xlsr_mamba,nes2net,pgd_l2,40.0,0.269375,0.10375,0.8100453125,2.886750498338879,0.7362742364853947,2.1504762618534845
runs,xlsr_mamba_asv19_attack_matrix,asvspoof2019_la,xlsr_mamba,xlsr_linear,fgsm,10.0,0.275,0.235,0.7901484375000001,0.8519743964401361,0.7794273223990664,0.0725470740410696
runs,xlsr_mamba_asv19_attack_matrix,asvspoof2019_la,xlsr_mamba,xlsr_linear,fgsm,20.0,0.2262499999999999,0.1862499999999999,0.849815625,0.7722013517588044,0.6769730687956521,0.0952282829631523
runs,xlsr_mamba_asv19_attack_matrix,asvspoof2019_la,xlsr_mamba,xlsr_linear,fgsm,30.0,0.145,0.105,0.9266234375,0.6725059159186326,0.4759569848614103,0.1965489310572222
runs,xlsr_mamba_asv19_attack_matrix,asvspoof2019_la,xlsr_mamba,xlsr_linear,fgsm,40.0,0.0925,0.0524999999999999,0.964375,0.5445444589018078,0.3255329813017313,0.2190114776000764
runs,xlsr_mamba_asv19_attack_matrix,asvspoof2019_la,xlsr_mamba,xlsr_linear,pgd,10.0,0.949375,0.909375,0.0085906249999999,2.9436483600849352,1.0,1.9436483600849352
runs,xlsr_mamba_asv19_attack_matrix,asvspoof2019_la,xlsr_mamba,xlsr_linear,pgd,20.0,0.9325,0.8925,0.0206468749999999,2.545976403307961,1.0,1.5459764033079608
runs,xlsr_mamba_asv19_attack_matrix,asvspoof2019_la,xlsr_mamba,xlsr_linear,pgd,30.0,0.818125,0.778125,0.1030453124999999,1.7772562975553965,0.9987488732869292,0.7785074242684671
runs,xlsr_mamba_asv19_attack_matrix,asvspoof2019_la,xlsr_mamba,xlsr_linear,pgd,40.0,0.55,0.51,0.4411656249999999,1.2228318106470335,0.9907629166419356,0.232068894005098
runs,xlsr_mamba_asv19_attack_matrix,asvspoof2019_la,xlsr_mamba,xlsr_linear,pgd_l2,10.0,0.975,0.935,0.0040265625,3.521653007125071,1.0,2.521653007125071
runs,xlsr_mamba_asv19_attack_matrix,asvspoof2019_la,xlsr_mamba,xlsr_linear,pgd_l2,20.0,0.954375,0.914375,0.0072906249999999,2.889665822045764,1.0,1.889665822045764
runs,xlsr_mamba_asv19_attack_matrix,asvspoof2019_la,xlsr_mamba,xlsr_linear,pgd_l2,30.0,0.834375,0.7943749999999999,0.0880687499999999,1.921656938687231,0.9999999999999996,0.9216569386872316
runs,xlsr_mamba_asv19_attack_matrix,asvspoof2019_la,xlsr_mamba,xlsr_linear,pgd_l2,40.0,0.558125,0.518125,0.4425296875,1.223106580312579,0.9940914927868284,0.2290150875257506
runs,xlsr_mamba_asv19_attack_matrix,asvspoof2019_la,xlsr_mamba,wavlm_linear,fgsm,10.0,0.1162499999999999,0.08875,0.9349109374999998,3.2514037970510805,0.3990213450219577,2.852382452029123
runs,xlsr_mamba_asv19_attack_matrix,asvspoof2019_la,xlsr_mamba,wavlm_linear,fgsm,20.0,0.103125,0.075625,0.9614703125,1.304998404373432,0.3358546978262291,0.9691437065472028
runs,xlsr_mamba_asv19_attack_matrix,asvspoof2019_la,xlsr_mamba,wavlm_linear,fgsm,30.0,0.0849999999999999,0.0575,0.9713375,0.5424188397597797,0.2904428394343925,0.2519760003253871
runs,xlsr_mamba_asv19_attack_matrix,asvspoof2019_la,xlsr_mamba,wavlm_linear,fgsm,40.0,0.0574999999999999,0.03,0.98738125,0.2152319667562761,0.190662797528141,0.0245691692281351
runs,xlsr_mamba_asv19_attack_matrix,asvspoof2019_la,xlsr_mamba,wavlm_linear,pgd,10.0,0.20625,0.17875,0.8719718749999998,4.4813463690049575,0.5988940713576556,3.882452297647302
runs,xlsr_mamba_asv19_attack_matrix,asvspoof2019_la,xlsr_mamba,wavlm_linear,pgd,20.0,0.17125,0.14375,0.90350625,2.61287718969311,0.5328405916450635,2.0800365980480464
runs,xlsr_mamba_asv19_attack_matrix,asvspoof2019_la,xlsr_mamba,wavlm_linear,pgd,30.0,0.108125,0.080625,0.9539859375,0.7901859982836325,0.3745009393095822,0.4156850589740502
runs,xlsr_mamba_asv19_attack_matrix,asvspoof2019_la,xlsr_mamba,wavlm_linear,pgd,40.0,0.0725,0.045,0.9815234375,0.2677338798798905,0.2319622852210293,0.0357715946588611
runs,xlsr_mamba_asv19_attack_matrix,asvspoof2019_la,xlsr_mamba,wavlm_linear,pgd_l2,10.0,0.2206249999999999,0.193125,0.8413390625000001,4.303270731408285,0.634963693111388,3.6683070382968976
runs,xlsr_mamba_asv19_attack_matrix,asvspoof2019_la,xlsr_mamba,wavlm_linear,pgd_l2,20.0,0.16875,0.14125,0.904046875,2.243591788691464,0.5264718106792708,1.7171199780121933
runs,xlsr_mamba_asv19_attack_matrix,asvspoof2019_la,xlsr_mamba,wavlm_linear,pgd_l2,30.0,0.0993749999999999,0.071875,0.96415,0.6445123616642918,0.3279778353457395,0.3165345263185523
runs,xlsr_mamba_asv19_attack_matrix,asvspoof2019_la,xlsr_mamba,wavlm_linear,pgd_l2,40.0,0.0681249999999999,0.040625,0.9826640625,0.2637833791059386,0.2243958893330718,0.0393874897728668
runs,xlsr_mamba_asv19_attack_matrix,asvspoof2019_la,xlsr_mamba,nes2net_v2,fgsm,10.0,0.05125,0.05125,0.984915625,0.5547701069161206,0.1806919351478357,0.3740781717682848
runs,xlsr_mamba_asv19_attack_matrix,asvspoof2019_la,xlsr_mamba,nes2net_v2,fgsm,20.0,0.0518749999999999,0.0518749999999999,0.982703125,0.7238890240204169,0.198850492265721,0.525038531754696
runs,xlsr_mamba_asv19_attack_matrix,asvspoof2019_la,xlsr_mamba,nes2net_v2,fgsm,30.0,0.0437499999999999,0.0437499999999999,0.991378125,0.7696174218610934,0.1460853337330081,0.6235320881280852
runs,xlsr_mamba_asv19_attack_matrix,asvspoof2019_la,xlsr_mamba,nes2net_v2,fgsm,40.0,0.0212499999999999,0.0212499999999999,0.9958953125,0.5633871668978178,0.0849637982616812,0.4784233686361365
runs,xlsr_mamba_asv19_attack_matrix,asvspoof2019_la,xlsr_mamba,nes2net_v2,pgd,10.0,0.984375,0.984375,0.0044078125,8.772511798148578,1.0,7.772511798148578
runs,xlsr_mamba_asv19_attack_matrix,asvspoof2019_la,xlsr_mamba,nes2net_v2,pgd,20.0,0.97875,0.97875,0.01004375,8.193104618729889,0.9987488732869292,7.19435574544296
runs,xlsr_mamba_asv19_attack_matrix,asvspoof2019_la,xlsr_mamba,nes2net_v2,pgd,30.0,0.955,0.955,0.0201109374999999,7.932655297299016,0.9962398232535616,6.936415474045455
runs,xlsr_mamba_asv19_attack_matrix,asvspoof2019_la,xlsr_mamba,nes2net_v2,pgd,40.0,0.6012500000000001,0.6012500000000001,0.42404375,4.176726294830862,0.9646261357574606,3.212100159073402
runs,xlsr_mamba_asv19_attack_matrix,asvspoof2019_la,xlsr_mamba,nes2net_v2,pgd_l2,10.0,0.99375,0.99375,0.0066999999999999,8.396831412634743,0.9987488732869292,7.398082539347814
runs,xlsr_mamba_asv19_attack_matrix,asvspoof2019_la,xlsr_mamba,nes2net_v2,pgd_l2,20.0,0.985,0.985,0.0045718749999999,8.001387267012548,0.9993747189490712,7.002012548063477
runs,xlsr_mamba_asv19_attack_matrix,asvspoof2019_la,xlsr_mamba,nes2net_v2,pgd_l2,30.0,0.8674999999999999,0.8674999999999999,0.0778484375,6.599416428662038,0.9976461226404878,5.6017703060215505
runs,xlsr_mamba_asv19_attack_matrix,asvspoof2019_la,xlsr_mamba,nes2net_v2,pgd_l2,40.0,0.555625,0.555625,0.490275,3.578091914348387,0.941685918195605,2.636405996152782
runs_fine,aasist_asv21_attack,asvspoof2021_la,aasist,xlsr_mamba,fgsm,10.0,0.128125,0.0731249999999999,0.94434375,0.622033051575092,0.3897153684046114,0.2323176831704806
runs_fine,aasist_asv21_attack,asvspoof2021_la,aasist,xlsr_mamba,fgsm,20.0,0.0899999999999999,0.0349999999999999,0.9713234375,0.3774918213204754,0.28038334834054,0.0971084729799353
runs_fine,aasist_asv21_attack,asvspoof2021_la,aasist,xlsr_mamba,fgsm,30.0,0.0743749999999999,0.0193749999999999,0.978253125,0.3584384456681473,0.2400900395226382,0.1183484061455091
runs_fine,aasist_asv21_attack,asvspoof2021_la,aasist,xlsr_mamba,fgsm,40.0,0.0675,0.0124999999999999,0.9838875,0.3625136833059736,0.1973734675259629,0.1651402157800107
runs_fine,aasist_asv21_attack,asvspoof2021_la,aasist,xlsr_mamba,pgd,10.0,0.1018749999999999,0.0468749999999999,0.957140625,0.3924912488899693,0.3409656083687603,0.0515256405212089
runs_fine,aasist_asv21_attack,asvspoof2021_la,aasist,xlsr_mamba,pgd,20.0,0.08125,0.02625,0.974646875,0.3203066942953821,0.2549748242079092,0.0653318700874729
runs_fine,aasist_asv21_attack,asvspoof2021_la,aasist,xlsr_mamba,pgd,30.0,0.0725,0.0175,0.980484375,0.33990820456862,0.2176943189231418,0.1222138856454781
runs_fine,aasist_asv21_attack,asvspoof2021_la,aasist,xlsr_mamba,pgd,40.0,0.061875,0.006875,0.9854421875,0.3542627153155704,0.1871596050726109,0.1671031102429594
runs_fine,aasist_asv21_attack,asvspoof2021_la,aasist,xlsr_mamba,pgd_l2,10.0,0.149375,0.094375,0.9212734375,0.8828505884534124,0.470941269678357,0.4119093187750553
runs_fine,aasist_asv21_attack,asvspoof2021_la,aasist,xlsr_mamba,pgd_l2,20.0,0.09125,0.03625,0.9642921875,0.445512189876854,0.3079519541390922,0.1375602357377617
runs_fine,aasist_asv21_attack,asvspoof2021_la,aasist,xlsr_mamba,pgd_l2,30.0,0.0799999999999999,0.0249999999999999,0.976971875,0.4384722079137932,0.2402209663793591,0.1982512415344341
runs_fine,aasist_asv21_attack,asvspoof2021_la,aasist,xlsr_mamba,pgd_l2,40.0,0.0693749999999999,0.0143749999999999,0.984946875,0.3935337216320891,0.1890150275237931,0.204518694108296
runs_fine,aasist_asv21_attack,asvspoof2021_la,aasist,ssl_aasist,fgsm,10.0,0.113125,0.03875,0.94651875,1.3809035742686626,0.3639411429965042,1.0169624312721584
runs_fine,aasist_asv21_attack,asvspoof2021_la,aasist,ssl_aasist,fgsm,20.0,0.0899999999999999,0.0156249999999999,0.9697625,0.9710692060329038,0.2625518723307983,0.7085173337021055
runs_fine,aasist_asv21_attack,asvspoof2021_la,aasist,ssl_aasist,fgsm,30.0,0.0825,0.008125,0.9747765625,0.8553230272402953,0.2301586478453084,0.6251643793949868
runs_fine,aasist_asv21_attack,asvspoof2021_la,aasist,ssl_aasist,fgsm,40.0,0.0868749999999999,0.0124999999999999,0.9769359375,0.8245183936931878,0.212220412409811,0.6122979812833769
runs_fine,aasist_asv21_attack,asvspoof2021_la,aasist,ssl_aasist,pgd,10.0,0.104375,0.03,0.9531578125,0.8948906734418173,0.338163862712287,0.5567268107295302
runs_fine,aasist_asv21_attack,asvspoof2021_la,aasist,ssl_aasist,pgd,20.0,0.0975,0.023125,0.967690625,0.804771509432796,0.2486207082178849,0.556150801214911
runs_fine,aasist_asv21_attack,asvspoof2021_la,aasist,ssl_aasist,pgd,30.0,0.0874999999999999,0.0131249999999999,0.970965625,0.8479003997218796,0.2303434185161227,0.6175569812057569
runs_fine,aasist_asv21_attack,asvspoof2021_la,aasist,ssl_aasist,pgd,40.0,0.08625,0.011875,0.975134375,0.8462789756351939,0.216878090428957,0.6294008852062369
runs_fine,aasist_asv21_attack,asvspoof2021_la,aasist,ssl_aasist,pgd_l2,10.0,0.1075,0.033125,0.944315625,0.9506716998987176,0.3797065275189213,0.5709651723797964
runs_fine,aasist_asv21_attack,asvspoof2021_la,aasist,ssl_aasist,pgd_l2,20.0,0.1024999999999999,0.0281249999999999,0.9661015625,0.9229950211703772,0.2644595419451804,0.6585354792251968
runs_fine,aasist_asv21_attack,asvspoof2021_la,aasist,ssl_aasist,pgd_l2,30.0,0.0881249999999999,0.0137499999999999,0.9748171875,0.905936707339106,0.2324280811932431,0.6735086261458628
runs_fine,aasist_asv21_attack,asvspoof2021_la,aasist,ssl_aasist,pgd_l2,40.0,0.0806249999999999,0.0062499999999999,0.9766265625,0.8727954515158015,0.2170155933322779,0.6557798581835236
runs_fine,aasist_asv21_attack,asvspoof2021_la,aasist,xlsr_linear,fgsm,10.0,0.46875,0.3143749999999999,0.5642265625,1.5591143081780707,0.9796913418994304,0.5794229662786403
runs_fine,aasist_asv21_attack,asvspoof2021_la,aasist,xlsr_linear,fgsm,20.0,0.3375,0.1831249999999999,0.7163265625,1.050705830168404,0.8710910337936196,0.1796147963747844
runs_fine,aasist_asv21_attack,asvspoof2021_la,aasist,xlsr_linear,fgsm,30.0,0.2125,0.0581249999999999,0.8591859375,0.7751984913670754,0.6543367648979521,0.1208617264691233
runs_fine,aasist_asv21_attack,asvspoof2021_la,aasist,xlsr_linear,fgsm,40.0,0.12,-0.034375,0.934096875,0.5335116438873387,0.4250955985594212,0.1084160453279174
runs_fine,aasist_asv21_attack,asvspoof2021_la,aasist,xlsr_linear,pgd,10.0,0.181875,0.0274999999999999,0.8847234374999999,0.6970352477831615,0.5868364040379375,0.110198843745224
runs_fine,aasist_asv21_attack,asvspoof2021_la,aasist,xlsr_linear,pgd,20.0,0.14625,-0.008125,0.9109375,0.6420559568237251,0.5074335872550979,0.1346223695686271
runs_fine,aasist_asv21_attack,asvspoof2021_la,aasist,xlsr_linear,pgd,30.0,0.1262499999999999,-0.028125,0.9302328125,0.5397603980115455,0.4421203952940718,0.0976400027174737
runs_fine,aasist_asv21_attack,asvspoof2021_la,aasist,xlsr_linear,pgd,40.0,0.11875,-0.035625,0.9326359375,0.5234095763232336,0.4212780236623925,0.102131552660841
runs_fine,aasist_asv21_attack,asvspoof2021_la,aasist,xlsr_linear,pgd_l2,10.0,0.368125,0.21375,0.68669375,1.3876335621922002,0.9073893300063468,0.4802442321858533
runs_fine,aasist_asv21_attack,asvspoof2021_la,aasist,xlsr_linear,pgd_l2,20.0,0.3,0.145625,0.7671624999999999,1.091237900112087,0.8173928514521586,0.2738450486599285
runs_fine,aasist_asv21_attack,asvspoof2021_la,aasist,xlsr_linear,pgd_l2,30.0,0.1725,0.0181249999999999,0.8900203125000001,0.7831326102028208,0.5739749710867208,0.2091576391160999
runs_fine,aasist_asv21_attack,asvspoof2021_la,aasist,xlsr_linear,pgd_l2,40.0,0.1474999999999999,-0.006875,0.91016875,0.6949947195641668,0.5181683569044424,0.1768263626597244
runs_fine,aasist_asv21_attack,asvspoof2021_la,aasist,nes2net_v2,fgsm,10.0,0.1312499999999999,0.0674999999999999,0.9260375,1.0753628667678372,0.3911479243369513,0.6842149424308859
runs_fine,aasist_asv21_attack,asvspoof2021_la,aasist,nes2net_v2,fgsm,20.0,0.0899999999999999,0.0262499999999999,0.9413375,0.9182328296380438,0.2891838726632439,0.6290489569747998
runs_fine,aasist_asv21_attack,asvspoof2021_la,aasist,nes2net_v2,fgsm,30.0,0.0799999999999999,0.01625,0.95365,0.7423424633515302,0.2677049786096069,0.4746374847419232
runs_fine,aasist_asv21_attack,asvspoof2021_la,aasist,nes2net_v2,fgsm,40.0,0.07,0.00625,0.9621859375,0.653240460098252,0.239851905139338,0.4133885549589139
runs_fine,aasist_asv21_attack,asvspoof2021_la,aasist,nes2net_v2,pgd,10.0,0.0899999999999999,0.0262499999999999,0.9488421875,0.7216440356031917,0.3035004901896674,0.4181435454135243
runs_fine,aasist_asv21_attack,asvspoof2021_la,aasist,nes2net_v2,pgd,20.0,0.0749999999999999,0.0112499999999999,0.9548328125,0.6977694683800477,0.2517114648814116,0.4460580034986361
runs_fine,aasist_asv21_attack,asvspoof2021_la,aasist,nes2net_v2,pgd,30.0,0.0725,0.00875,0.9599953125,0.7327032635427353,0.2528534976365567,0.4798497659061785
runs_fine,aasist_asv21_attack,asvspoof2021_la,aasist,nes2net_v2,pgd,40.0,0.0675,0.00375,0.9641171875,0.6494141190745784,0.2386724679924383,0.41074165108214
runs_fine,aasist_asv21_attack,asvspoof2021_la,aasist,nes2net_v2,pgd_l2,10.0,0.1062499999999999,0.0424999999999999,0.9418546875,0.6343070691681707,0.3501774072506483,0.2841296619175224
runs_fine,aasist_asv21_attack,asvspoof2021_la,aasist,nes2net_v2,pgd_l2,20.0,0.0843749999999999,0.0206249999999999,0.9458203125,0.6714624406674389,0.2760712296965478,0.3953912109708911
runs_fine,aasist_asv21_attack,asvspoof2021_la,aasist,nes2net_v2,pgd_l2,30.0,0.0799999999999999,0.01625,0.95374375,0.7270304004593058,0.2702765876627706,0.4567538127965351
runs_fine,aasist_asv21_attack,asvspoof2021_la,aasist,nes2net_v2,pgd_l2,40.0,0.070625,0.006875,0.9587328125,0.6749408441615573,0.2537202877276784,0.4212205564338789
runs_fine,aasist_asv21_attack,asvspoof2021_la,aasist,wavlm_linear,fgsm,10.0,0.165,-0.0024999999999999,0.8724109375,4.628841238908118,0.596235798137212,4.032605440770906
runs_fine,aasist_asv21_attack,asvspoof2021_la,aasist,wavlm_linear,fgsm,20.0,0.155,-0.0124999999999999,0.907471875,3.0084070952827666,0.5360546152250545,2.472352480057712
runs_fine,aasist_asv21_attack,asvspoof2021_la,aasist,wavlm_linear,fgsm,30.0,0.14875,-0.0187499999999999,0.9187359375,1.9662014925613844,0.5017554676567839,1.4644460249046003
runs_fine,aasist_asv21_attack,asvspoof2021_la,aasist,wavlm_linear,fgsm,40.0,0.16125,-0.0062499999999999,0.9193546875,1.2561168898886583,0.5005958648405316,0.7555210250481269
runs_fine,aasist_asv21_attack,asvspoof2021_la,aasist,wavlm_linear,pgd,10.0,0.14625,-0.0212499999999999,0.8983406250000001,3.384439912035776,0.5371349881555686,2.8473049238802073
runs_fine,aasist_asv21_attack,asvspoof2021_la,aasist,wavlm_linear,pgd,20.0,0.1474999999999999,-0.02,0.9172703125,2.4640615210629107,0.5050812404992947,1.958980280563616
runs_fine,aasist_asv21_attack,asvspoof2021_la,aasist,wavlm_linear,pgd,30.0,0.16125,-0.0062499999999999,0.914284375,1.5854589567176494,0.518917669209005,1.0665412875086444
runs_fine,aasist_asv21_attack,asvspoof2021_la,aasist,wavlm_linear,pgd,40.0,0.1731249999999999,0.0056249999999999,0.9109953125,1.194338103022228,0.5225801912158712,0.6717579118063568
runs_fine,aasist_asv21_attack,asvspoof2021_la,aasist,wavlm_linear,pgd_l2,10.0,0.138125,-0.0293749999999999,0.90081875,3.879701793293669,0.5257666345753611,3.3539351587183077
runs_fine,aasist_asv21_attack,asvspoof2021_la,aasist,wavlm_linear,pgd_l2,20.0,0.143125,-0.0243749999999999,0.9169,2.531172385396195,0.5023849679384168,2.0287874174577785
runs_fine,aasist_asv21_attack,asvspoof2021_la,aasist,wavlm_linear,pgd_l2,30.0,0.154375,-0.0131249999999999,0.918146875,1.7091613924533675,0.5006426693808024,1.2085187230725654
runs_fine,aasist_asv21_attack,asvspoof2021_la,aasist,wavlm_linear,pgd_l2,40.0,0.17125,0.00375,0.910690625,1.3702614535213709,0.5258822732696392,0.8443791802517316
runs_fine,aasist_asv21_attack,asvspoof2021_la,aasist,nes2net,fgsm,10.0,0.248125,0.080625,0.8421515625000001,0.7254482769781081,0.6865718897058786,0.0388763872722295
runs_fine,aasist_asv21_attack,asvspoof2021_la,aasist,nes2net,fgsm,20.0,0.198125,0.030625,0.87719375,0.8784544969466582,0.6168317146728151,0.2616227822738431
runs_fine,aasist_asv21_attack,asvspoof2021_la,aasist,nes2net,fgsm,30.0,0.170625,0.003125,0.8956671875,1.276125259483731,0.5628017446856759,0.713323514798055
runs_fine,aasist_asv21_attack,asvspoof2021_la,aasist,nes2net,fgsm,40.0,0.154375,-0.0131249999999999,0.908621875,1.529546215427928,0.5270437433901275,1.0025024720378006
runs_fine,aasist_asv21_attack,asvspoof2021_la,aasist,nes2net,pgd,10.0,0.2125,0.045,0.86749375,0.8469555294285968,0.6283714264303764,0.2185841029982204
runs_fine,aasist_asv21_attack,asvspoof2021_la,aasist,nes2net,pgd,20.0,0.178125,0.010625,0.88325,1.302192595442274,0.5865468926959501,0.7156457027463239
runs_fine,aasist_asv21_attack,asvspoof2021_la,aasist,nes2net,pgd,30.0,0.1787499999999999,0.0112499999999999,0.8899671875000001,1.7010758420540542,0.5759132620471901,1.125162580006864
runs_fine,aasist_asv21_attack,asvspoof2021_la,aasist,nes2net,pgd,40.0,0.1781249999999999,0.0106249999999999,0.8958640625000001,1.8661583874466376,0.565633085672038,1.3005253017745997
runs_fine,aasist_asv21_attack,asvspoof2021_la,aasist,nes2net,pgd_l2,10.0,0.1474999999999999,-0.02,0.9233828125,2.009795266581118,0.4914733383202093,1.5183219282609088
runs_fine,aasist_asv21_attack,asvspoof2021_la,aasist,nes2net,pgd_l2,20.0,0.12875,-0.0387499999999999,0.9363890625,2.131753222551384,0.4489412876856909,1.6828119348656934
runs_fine,aasist_asv21_attack,asvspoof2021_la,aasist,nes2net,pgd_l2,30.0,0.155,-0.0124999999999999,0.917640625,2.1514353721317625,0.5071472396954531,1.6442881324363094
runs_fine,aasist_asv21_attack,asvspoof2021_la,aasist,nes2net,pgd_l2,40.0,0.165,-0.0024999999999999,0.9078,2.0466780702274225,0.5363724156358494,1.5103056545915732
runs_fine,aasist_itw_attack,in_the_wild,aasist,xlsr_mamba,fgsm,10.0,0.2362499999999999,0.1681249999999999,0.8299406250000001,2.0922358493462463,0.7166005167168388,1.3756353326294075
runs_fine,aasist_itw_attack,in_the_wild,aasist,xlsr_mamba,fgsm,20.0,0.153125,0.085,0.90451875,1.783598505465596,0.5408351641911937,1.2427633412744024
runs_fine,aasist_itw_attack,in_the_wild,aasist,xlsr_mamba,fgsm,30.0,0.090625,0.0225,0.953728125,1.7515800021453316,0.3628575218479687,1.3887224802973628
runs_fine,aasist_itw_attack,in_the_wild,aasist,xlsr_mamba,fgsm,40.0,0.0737499999999999,0.0056249999999999,0.9731921875,1.6389149066435091,0.2771732865305997,1.3617416201129091
runs_fine,aasist_itw_attack,in_the_wild,aasist,xlsr_mamba,pgd,10.0,0.2099999999999999,0.1418749999999999,0.8492578125000001,1.775109519860259,0.67559423377983,1.0995152860804291
runs_fine,aasist_itw_attack,in_the_wild,aasist,xlsr_mamba,pgd,20.0,0.1312499999999999,0.0631249999999999,0.9233546875,1.821839909756901,0.4795406686069497,1.3422992411499508
runs_fine,aasist_itw_attack,in_the_wild,aasist,xlsr_mamba,pgd,30.0,0.078125,0.0099999999999999,0.9645453125,1.6889301312925795,0.3126591819617789,1.3762709493308003
runs_fine,aasist_itw_attack,in_the_wild,aasist,xlsr_mamba,pgd,40.0,0.0737499999999999,0.0056249999999999,0.974521875,1.630536411900478,0.2721094155339406,1.3584269963665374
runs_fine,aasist_itw_attack,in_the_wild,aasist,xlsr_mamba,pgd_l2,10.0,0.24875,0.180625,0.8028890625,2.239279364066264,0.7587017536137899,1.4805776104524742
runs_fine,aasist_itw_attack,in_the_wild,aasist,xlsr_mamba,pgd_l2,20.0,0.1424999999999999,0.0743749999999999,0.914140625,2.2961324053437,0.5103139203096946,1.7858184850340053
runs_fine,aasist_itw_attack,in_the_wild,aasist,xlsr_mamba,pgd_l2,30.0,0.0925,0.0243749999999999,0.9592046875,2.221392692556227,0.3404683135123804,1.8809243790438464
runs_fine,aasist_itw_attack,in_the_wild,aasist,xlsr_mamba,pgd_l2,40.0,0.0749999999999999,0.0068749999999999,0.9708078125,1.9398905683344423,0.2882807723782016,1.651609795956241
runs_fine,aasist_itw_attack,in_the_wild,aasist,ssl_aasist,fgsm,10.0,0.3518749999999999,0.2356249999999999,0.7000546875,5.541625291960973,0.8908919319226255,4.650733360038348
runs_fine,aasist_itw_attack,in_the_wild,aasist,ssl_aasist,fgsm,20.0,0.24375,0.1275,0.8294453125,4.307654555220353,0.7141823456197243,3.5934722096006286
runs_fine,aasist_itw_attack,in_the_wild,aasist,ssl_aasist,fgsm,30.0,0.165625,0.049375,0.909925,2.900687141156445,0.5254837472612137,2.3752033938952315
runs_fine,aasist_itw_attack,in_the_wild,aasist,ssl_aasist,fgsm,40.0,0.1268749999999999,0.0106249999999999,0.9442953125,2.1419604651002757,0.4127765612128644,1.7291839038874113
runs_fine,aasist_itw_attack,in_the_wild,aasist,ssl_aasist,pgd,10.0,0.340625,0.224375,0.7249218750000002,3.661742998621418,0.8678484378288394,2.7938945607925785
runs_fine,aasist_itw_attack,in_the_wild,aasist,ssl_aasist,pgd,20.0,0.22875,0.1125,0.853134375,3.1880959229236048,0.6661123506127508,2.521983572310854
runs_fine,aasist_itw_attack,in_the_wild,aasist,ssl_aasist,pgd,30.0,0.140625,0.024375,0.92760625,2.448613197760238,0.4700700789756828,1.978543118784555
runs_fine,aasist_itw_attack,in_the_wild,aasist,ssl_aasist,pgd,40.0,0.12875,0.0125,0.9456078125,2.076862355554639,0.410462472906766,1.6663998826478728
runs_fine,aasist_itw_attack,in_the_wild,aasist,ssl_aasist,pgd_l2,10.0,0.37,0.25375,0.68231875,4.35878544844699,0.9138250039326576,3.4449604445143325
runs_fine,aasist_itw_attack,in_the_wild,aasist,ssl_aasist,pgd_l2,20.0,0.21625,0.1,0.8602906250000001,3.515920844879458,0.6545140292903294,2.8614068155891283
runs_fine,aasist_itw_attack,in_the_wild,aasist,ssl_aasist,pgd_l2,30.0,0.15125,0.035,0.9233875,2.795518514044059,0.4854175061561749,2.3101010078878836
runs_fine,aasist_itw_attack,in_the_wild,aasist,ssl_aasist,pgd_l2,40.0,0.13375,0.0175,0.9366140625,2.2769539844908753,0.4418519128486403,1.8351020716422348
runs_fine,aasist_itw_attack,in_the_wild,aasist,xlsr_linear,fgsm,10.0,0.443125,0.170625,0.5651109375,1.8388646435523377,0.984964434892493,0.8539002086598445
runs_fine,aasist_itw_attack,in_the_wild,aasist,xlsr_linear,fgsm,20.0,0.3874999999999999,0.1149999999999999,0.6656671875,1.4102174247717292,0.9204877099069936,0.4897297148647355
runs_fine,aasist_itw_attack,in_the_wild,aasist,xlsr_linear,fgsm,30.0,0.35375,0.08125,0.7046171875,1.298258101365819,0.8921855180189276,0.4060725833468913
runs_fine,aasist_itw_attack,in_the_wild,aasist,xlsr_linear,fgsm,40.0,0.298125,0.025625,0.7680156249999999,1.354919078984546,0.8112165644441443,0.5437025145404017
runs_fine,aasist_itw_attack,in_the_wild,aasist,xlsr_linear,pgd,10.0,0.428125,0.155625,0.597265625,1.1116555103419514,0.9717983999595186,0.1398571103824328
runs_fine,aasist_itw_attack,in_the_wild,aasist,xlsr_linear,pgd,20.0,0.36,0.0875,0.6880843749999999,1.0907006297430129,0.9075877442605054,0.1831128854825074
runs_fine,aasist_itw_attack,in_the_wild,aasist,xlsr_linear,pgd,30.0,0.345,0.0725,0.7113203125,1.251015539783578,0.885205052335089,0.3658104874484891
runs_fine,aasist_itw_attack,in_the_wild,aasist,xlsr_linear,pgd,40.0,0.3025,0.03,0.7688640625,1.390269945724458,0.8102075944930162,0.5800623512314419
runs_fine,aasist_itw_attack,in_the_wild,aasist,xlsr_linear,pgd_l2,10.0,0.4812499999999999,0.20875,0.52448125,1.780173604465456,0.9931460438642216,0.7870275606012344
runs_fine,aasist_itw_attack,in_the_wild,aasist,xlsr_linear,pgd_l2,20.0,0.4762499999999999,0.20375,0.5431859374999999,1.69217825476785,0.9874111838749242,0.7047670708929257
runs_fine,aasist_itw_attack,in_the_wild,aasist,xlsr_linear,pgd_l2,30.0,0.4075,0.135,0.6303375,1.6824659500074532,0.948703095148188,0.7337628548592652
runs_fine,aasist_itw_attack,in_the_wild,aasist,xlsr_linear,pgd_l2,40.0,0.318125,0.045625,0.7585890625,1.5289838249540122,0.8219359122759708,0.7070479126780413
runs_fine,aasist_itw_attack,in_the_wild,aasist,nes2net_v2,fgsm,10.0,0.265625,0.18625,0.7903296874999999,3.5082453302295713,0.7657959703383082,2.742449359891263
runs_fine,aasist_itw_attack,in_the_wild,aasist,nes2net_v2,fgsm,20.0,0.1631249999999999,0.0837499999999999,0.9013625,2.3789791271071916,0.5394530039996964,1.839526123107495
runs_fine,aasist_itw_attack,in_the_wild,aasist,nes2net_v2,fgsm,30.0,0.094375,0.015,0.9502375,1.490924092047709,0.3682787123593714,1.1226453796883376
runs_fine,aasist_itw_attack,in_the_wild,aasist,nes2net_v2,fgsm,40.0,0.0843749999999999,0.0049999999999999,0.9610078125,1.1211040442931302,0.3198160349199415,0.8012880093731887
runs_fine,aasist_itw_attack,in_the_wild,aasist,nes2net_v2,pgd,10.0,0.21625,0.136875,0.8363593749999999,3.1907287874209542,0.6787767372587152,2.5119520501622388
runs_fine,aasist_itw_attack,in_the_wild,aasist,nes2net_v2,pgd,20.0,0.1387499999999999,0.0593749999999999,0.9181015625,2.0547722091340828,0.4712145379349386,1.583557671199144
runs_fine,aasist_itw_attack,in_the_wild,aasist,nes2net_v2,pgd,30.0,0.0925,0.013125,0.9557875,1.3400094855992717,0.3415623865398745,0.9984470990593972
runs_fine,aasist_itw_attack,in_the_wild,aasist,nes2net_v2,pgd,40.0,0.08125,0.001875,0.961128125,1.0965248583770095,0.3190192437083004,0.7775056146687094
runs_fine,aasist_itw_attack,in_the_wild,aasist,nes2net_v2,pgd_l2,10.0,0.21375,0.134375,0.847040625,2.231399867422338,0.6821901287890837,1.5492097386332544
runs_fine,aasist_itw_attack,in_the_wild,aasist,nes2net_v2,pgd_l2,20.0,0.1374999999999999,0.0581249999999999,0.920859375,1.8169186372133872,0.4885424227439507,1.3283762144694364
runs_fine,aasist_itw_attack,in_the_wild,aasist,nes2net_v2,pgd_l2,30.0,0.0999999999999999,0.0206249999999999,0.951003125,1.5165304799443475,0.3706476017844569,1.1458828781598906
runs_fine,aasist_itw_attack,in_the_wild,aasist,nes2net_v2,pgd_l2,40.0,0.0893749999999999,0.0099999999999999,0.95815,1.2159434175961197,0.3363566167852995,0.8795868008108202
runs_fine,aasist_itw_attack,in_the_wild,aasist,wavlm_linear,fgsm,10.0,0.2875,0.0856249999999999,0.7663171875,8.199920007364149,0.8223108117162858,7.377609195647863
runs_fine,aasist_itw_attack,in_the_wild,aasist,wavlm_linear,fgsm,20.0,0.219375,0.0174999999999999,0.8406921875000001,5.734963879005466,0.6909593920933913,5.044004486912075
runs_fine,aasist_itw_attack,in_the_wild,aasist,wavlm_linear,fgsm,30.0,0.2093749999999999,0.0074999999999999,0.8563703125000001,4.031208436098145,0.6582287378554681,3.3729796982426765
runs_fine,aasist_itw_attack,in_the_wild,aasist,wavlm_linear,fgsm,40.0,0.2075,0.0056249999999999,0.8622375,3.3650138992546017,0.6481358526136514,2.71687804664095
runs_fine,aasist_itw_attack,in_the_wild,aasist,wavlm_linear,pgd,10.0,0.248125,0.04625,0.8153984375000001,7.364972216788261,0.7415258884009632,6.623446328387297
runs_fine,aasist_itw_attack,in_the_wild,aasist,wavlm_linear,pgd,20.0,0.2125,0.0106249999999999,0.8481734375,5.108035133126385,0.6803076089153712,4.427727524211013
runs_fine,aasist_itw_attack,in_the_wild,aasist,wavlm_linear,pgd,30.0,0.2199999999999999,0.0181249999999999,0.8479749999999999,3.665956820436167,0.6770159806597555,2.988940839776412
runs_fine,aasist_itw_attack,in_the_wild,aasist,wavlm_linear,pgd,40.0,0.209375,0.0074999999999999,0.8593546875000001,3.319903924786539,0.6573414692639612,2.6625624555225778
runs_fine,aasist_itw_attack,in_the_wild,aasist,wavlm_linear,pgd_l2,10.0,0.255625,0.0537499999999999,0.8167484374999999,7.707566938287572,0.743020374177288,6.964546564110284
runs_fine,aasist_itw_attack,in_the_wild,aasist,wavlm_linear,pgd_l2,20.0,0.2149999999999999,0.0131249999999999,0.847759375,5.454188538198623,0.6795157427733751,4.774672795425248
runs_fine,aasist_itw_attack,in_the_wild,aasist,wavlm_linear,pgd_l2,30.0,0.2199999999999999,0.0181249999999999,0.8357765624999999,4.011581944547246,0.7015980371595569,3.3099839073876893
runs_fine,aasist_itw_attack,in_the_wild,aasist,wavlm_linear,pgd_l2,40.0,0.2125,0.0106249999999999,0.8543890625,3.4938664367581103,0.6653085109666228,2.8285579257914875
runs_fine,aasist_itw_attack,in_the_wild,aasist,nes2net,fgsm,10.0,0.13375,-0.0675,0.9316140625,0.4880230493345486,0.4612999397834748,0.0267231095510737
runs_fine,aasist_itw_attack,in_the_wild,aasist,nes2net,fgsm,20.0,0.15125,-0.05,0.92798125,0.7183579276734982,0.4723513318260971,0.246006595847401
runs_fine,aasist_itw_attack,in_the_wild,aasist,nes2net,fgsm,30.0,0.169375,-0.031875,0.9034859375,1.2020529259023172,0.5498536365442752,0.652199289358042
runs_fine,aasist_itw_attack,in_the_wild,aasist,nes2net,fgsm,40.0,0.19125,-0.01,0.88213125,1.5003849341585034,0.598670183394975,0.9017147507635284
runs_fine,aasist_itw_attack,in_the_wild,aasist,nes2net,pgd,10.0,0.125625,-0.075625,0.94456875,0.5723175062885533,0.4120493881916221,0.1602681180969311
runs_fine,aasist_itw_attack,in_the_wild,aasist,nes2net,pgd,20.0,0.165,-0.03625,0.909040625,1.1304718907590146,0.5283132868707736,0.6021586038882409
runs_fine,aasist_itw_attack,in_the_wild,aasist,nes2net,pgd,30.0,0.20625,0.0049999999999999,0.8721546875000001,1.589443614542329,0.6230220808075475,0.9664215337347816
runs_fine,aasist_itw_attack,in_the_wild,aasist,nes2net,pgd,40.0,0.223125,0.0218749999999999,0.8498249999999999,1.779600271294767,0.6720633287763947,1.1075369425183723
runs_fine,aasist_itw_attack,in_the_wild,aasist,nes2net,pgd_l2,10.0,0.1674999999999999,-0.03375,0.9100953125,1.99170904049489,0.5218885186808058,1.4698205218140843
runs_fine,aasist_itw_attack,in_the_wild,aasist,nes2net,pgd_l2,20.0,0.180625,-0.020625,0.898209375,2.0249486643934325,0.5528765411135956,1.4720721232798368
runs_fine,aasist_itw_attack,in_the_wild,aasist,nes2net,pgd_l2,30.0,0.2143749999999999,0.0131249999999999,0.8600078124999999,2.044413969137469,0.6476033610876875,1.3968106080497815
runs_fine,aasist_itw_attack,in_the_wild,aasist,nes2net,pgd_l2,40.0,0.2312499999999999,0.0299999999999999,0.8399296875000001,1.9842170004823103,0.689488041571312,1.2947289589109985
runs_fine,nes2net_asv21_attack,asvspoof2021_la,nes2net,xlsr_mamba,fgsm,10.0,0.1725,0.1174999999999999,0.9095484375,0.7059470041343764,0.5156437093812484,0.190303294753128
runs_fine,nes2net_asv21_attack,asvspoof2021_la,nes2net,xlsr_mamba,fgsm,20.0,0.15625,0.1012499999999999,0.9178,0.7580372443298192,0.4712951721618109,0.2867420721680083
runs_fine,nes2net_asv21_attack,asvspoof2021_la,nes2net,xlsr_mamba,fgsm,30.0,0.13375,0.07875,0.93598125,0.9516956921387828,0.4320565249015357,0.5196391672372471
runs_fine,nes2net_asv21_attack,asvspoof2021_la,nes2net,xlsr_mamba,fgsm,40.0,0.0893749999999999,0.0343749999999999,0.95426875,0.8980045405819552,0.3514755951691803,0.5465289454127749
runs_fine,nes2net_asv21_attack,asvspoof2021_la,nes2net,xlsr_mamba,pgd,10.0,0.3575,0.3025,0.69750625,1.2895404896030866,0.8679921321574792,0.4215483574456075
runs_fine,nes2net_asv21_attack,asvspoof2021_la,nes2net,xlsr_mamba,pgd,20.0,0.385,0.33,0.6778703125,2.1504568167929365,0.8713833899428682,1.2790734268500683
runs_fine,nes2net_asv21_attack,asvspoof2021_la,nes2net,xlsr_mamba,pgd,30.0,0.29,0.235,0.7731171875,2.1657989274534897,0.7696165238975554,1.3961824035559345
runs_fine,nes2net_asv21_attack,asvspoof2021_la,nes2net,xlsr_mamba,pgd,40.0,0.12375,0.06875,0.9337203124999998,1.1200185052141158,0.4268763083682726,0.6931421968458432
runs_fine,nes2net_asv21_attack,asvspoof2021_la,nes2net,xlsr_mamba,pgd_l2,10.0,0.38,0.325,0.67054375,1.3593890443492884,0.9149419321407772,0.4444471122085112
runs_fine,nes2net_asv21_attack,asvspoof2021_la,nes2net,xlsr_mamba,pgd_l2,20.0,0.305625,0.250625,0.7665640624999999,1.65120745537327,0.7862725133634798,0.8649349420097903
runs_fine,nes2net_asv21_attack,asvspoof2021_la,nes2net,xlsr_mamba,pgd_l2,30.0,0.2325,0.1775,0.84853125,1.9261377195068723,0.6547775213801268,1.2713601981267455
runs_fine,nes2net_asv21_attack,asvspoof2021_la,nes2net,xlsr_mamba,pgd_l2,40.0,0.145625,0.090625,0.91883125,1.4189637729739737,0.478714643177501,0.9402491297964723
runs_fine,nes2net_asv21_attack,asvspoof2021_la,nes2net,ssl_aasist,fgsm,10.0,0.140625,0.06625,0.9211390625,1.9762806303471052,0.4674691618889108,1.5088114684581944
runs_fine,nes2net_asv21_attack,asvspoof2021_la,nes2net,ssl_aasist,fgsm,20.0,0.12375,0.049375,0.9334796875,1.9946679826625395,0.4201112851014408,1.5745566975610987
runs_fine,nes2net_asv21_attack,asvspoof2021_la,nes2net,ssl_aasist,fgsm,30.0,0.1268749999999999,0.0524999999999999,0.93835625,2.197260447741977,0.4068657050232839,1.7903947427186928
runs_fine,nes2net_asv21_attack,asvspoof2021_la,nes2net,ssl_aasist,fgsm,40.0,0.093125,0.01875,0.9645796875,1.5819322214422455,0.3275714561179378,1.2543607653243076
runs_fine,nes2net_asv21_attack,asvspoof2021_la,nes2net,ssl_aasist,pgd,10.0,0.20875,0.134375,0.8594406250000001,2.249774429835038,0.6508800423187399,1.5988943875162982
runs_fine,nes2net_asv21_attack,asvspoof2021_la,nes2net,ssl_aasist,pgd,20.0,0.185625,0.11125,0.8922749999999999,2.287256766170605,0.570121716021095,1.71713505014951
runs_fine,nes2net_asv21_attack,asvspoof2021_la,nes2net,ssl_aasist,pgd,30.0,0.1674999999999999,0.0931249999999999,0.9066734375,2.5074033112858483,0.5232145067498225,1.984188804536026
runs_fine,nes2net_asv21_attack,asvspoof2021_la,nes2net,ssl_aasist,pgd,40.0,0.1225,0.048125,0.95229375,1.630155736861283,0.3801459327747872,1.2500098040864955
runs_fine,nes2net_asv21_attack,asvspoof2021_la,nes2net,ssl_aasist,pgd_l2,10.0,0.3075,0.233125,0.762465625,2.5447626905164125,0.8069775818590739,1.7377851086573386
runs_fine,nes2net_asv21_attack,asvspoof2021_la,nes2net,ssl_aasist,pgd_l2,20.0,0.2093749999999999,0.1349999999999999,0.863228125,2.248763530935334,0.6281148601120587,1.6206486708232757
runs_fine,nes2net_asv21_attack,asvspoof2021_la,nes2net,ssl_aasist,pgd_l2,30.0,0.1731249999999999,0.0987499999999999,0.8955640625,2.4195385464274404,0.5399565392808561,1.8795820071465843
runs_fine,nes2net_asv21_attack,asvspoof2021_la,nes2net,ssl_aasist,pgd_l2,40.0,0.130625,0.0562499999999999,0.9448,1.819494129565636,0.4069381951231539,1.412555934442482
runs_fine,nes2net_asv21_attack,asvspoof2021_la,nes2net,xlsr_linear,fgsm,10.0,0.3575,0.203125,0.6918609375000001,0.931372141848135,0.9049015348704844,0.0264706069776506
runs_fine,nes2net_asv21_attack,asvspoof2021_la,nes2net,xlsr_linear,fgsm,20.0,0.270625,0.1162499999999999,0.790125,0.9286504495570528,0.7847306223944327,0.1439198271626202
runs_fine,nes2net_asv21_attack,asvspoof2021_la,nes2net,xlsr_linear,fgsm,30.0,0.2356249999999999,0.0812499999999999,0.8408437499999999,0.9459899936760734,0.6975496878445195,0.2484403058315538
runs_fine,nes2net_asv21_attack,asvspoof2021_la,nes2net,xlsr_linear,fgsm,40.0,0.276875,0.1224999999999999,0.8021671874999998,1.0769758797750733,0.7639616442828485,0.3130142354922247
runs_fine,nes2net_asv21_attack,asvspoof2021_la,nes2net,xlsr_linear,pgd,10.0,0.156875,0.0024999999999999,0.9177046875,0.644239801934086,0.5092436354444159,0.1349961664896701
runs_fine,nes2net_asv21_attack,asvspoof2021_la,nes2net,xlsr_linear,pgd,20.0,0.185,0.0306249999999999,0.89518125,0.6585687132426442,0.5708499054628151,0.0877188077798291
runs_fine,nes2net_asv21_attack,asvspoof2021_la,nes2net,xlsr_linear,pgd,30.0,0.2099999999999999,0.0556249999999999,0.8712,0.7337116277264626,0.6297857233001345,0.1039259044263281
runs_fine,nes2net_asv21_attack,asvspoof2021_la,nes2net,xlsr_linear,pgd,40.0,0.25875,0.104375,0.821184375,0.7760848789860033,0.7191168993098658,0.0569679796761375
runs_fine,nes2net_asv21_attack,asvspoof2021_la,nes2net,xlsr_linear,pgd_l2,10.0,0.2831249999999999,0.1287499999999999,0.7813828125,0.9482442159721112,0.7976486758922355,0.1505955400798756
runs_fine,nes2net_asv21_attack,asvspoof2021_la,nes2net,xlsr_linear,pgd_l2,20.0,0.225625,0.0712499999999999,0.848484375,0.7791390864920041,0.6788821465445531,0.100256939947451
runs_fine,nes2net_asv21_attack,asvspoof2021_la,nes2net,xlsr_linear,pgd_l2,30.0,0.18,0.0256249999999999,0.8983500000000001,0.6673694412261263,0.5621215900927523,0.1052478511333739
runs_fine,nes2net_asv21_attack,asvspoof2021_la,nes2net,xlsr_linear,pgd_l2,40.0,0.1937499999999999,0.0393749999999999,0.8899109375,0.6589890921056493,0.5835293669779089,0.0754597251277403
runs_fine,nes2net_asv21_attack,asvspoof2021_la,nes2net,nes2net_v2,fgsm,10.0,0.1025,0.03875,0.969515625,0.8546477494684261,0.3022142687989271,0.552433480669499
runs_fine,nes2net_asv21_attack,asvspoof2021_la,nes2net,nes2net_v2,fgsm,20.0,0.098125,0.034375,0.96955625,0.7224425583463594,0.3005444056992721,0.4218981526470873
runs_fine,nes2net_asv21_attack,asvspoof2021_la,nes2net,nes2net_v2,fgsm,30.0,0.0968749999999999,0.0331249999999999,0.9704,0.6565737051614069,0.2942764652442818,0.362297239917125
runs_fine,nes2net_asv21_attack,asvspoof2021_la,nes2net,nes2net_v2,fgsm,40.0,0.0875,0.02375,0.97378125,0.5987230769931082,0.2730791823911919,0.3256438946019163
runs_fine,nes2net_asv21_attack,asvspoof2021_la,nes2net,nes2net_v2,pgd,10.0,0.271875,0.208125,0.8273843750000001,2.4942883771522517,0.6786779286322505,1.815610448520001
runs_fine,nes2net_asv21_attack,asvspoof2021_la,nes2net,nes2net_v2,pgd,20.0,0.2475,0.18375,0.8482953125,2.0665696257039303,0.6405962821752589,1.4259733435286714
runs_fine,nes2net_asv21_attack,asvspoof2021_la,nes2net,nes2net_v2,pgd,30.0,0.1862499999999999,0.1224999999999999,0.9039375,1.5557614931533843,0.5244097651213219,1.0313517280320623
runs_fine,nes2net_asv21_attack,asvspoof2021_la,nes2net,nes2net_v2,pgd,40.0,0.1075,0.04375,0.9626359375,0.8268064855854222,0.3330676908337928,0.4937387947516294
runs_fine,nes2net_asv21_attack,asvspoof2021_la,nes2net,nes2net_v2,pgd_l2,10.0,0.3868749999999999,0.323125,0.6974890625000001,3.612929160001844,0.8450385848959212,2.767890575105923
runs_fine,nes2net_asv21_attack,asvspoof2021_la,nes2net,nes2net_v2,pgd_l2,20.0,0.255,0.19125,0.8346421875000001,2.0906423364695454,0.6778690131420608,1.4127733233274846
runs_fine,nes2net_asv21_attack,asvspoof2021_la,nes2net,nes2net_v2,pgd_l2,30.0,0.171875,0.108125,0.9127265625,1.4142602018806427,0.5080488276022258,0.9062113742784168
runs_fine,nes2net_asv21_attack,asvspoof2021_la,nes2net,nes2net_v2,pgd_l2,40.0,0.114375,0.050625,0.959565625,0.8747773741876474,0.3483153307244355,0.5264620434632119
runs_fine,nes2net_asv21_attack,asvspoof2021_la,nes2net,wavlm_linear,fgsm,10.0,0.26125,0.09375,0.810009375,2.827964936450176,0.7351461464905885,2.092818789959588
runs_fine,nes2net_asv21_attack,asvspoof2021_la,nes2net,wavlm_linear,fgsm,20.0,0.1975,0.03,0.8686109375000001,3.0200995164197137,0.6297753772919428,2.390324139127771
runs_fine,nes2net_asv21_attack,asvspoof2021_la,nes2net,wavlm_linear,fgsm,30.0,0.17125,0.00375,0.902621875,2.859726206583052,0.5530454123389099,2.3066807942441416
runs_fine,nes2net_asv21_attack,asvspoof2021_la,nes2net,wavlm_linear,fgsm,40.0,0.16,-0.0074999999999999,0.9094140625,2.6637614229386006,0.5295842074755059,2.1341772154630947
runs_fine,nes2net_asv21_attack,asvspoof2021_la,nes2net,wavlm_linear,pgd,10.0,0.405625,0.238125,0.6705374999999999,2.3315332707624763,0.8398983165343665,1.4916349542281098
runs_fine,nes2net_asv21_attack,asvspoof2021_la,nes2net,wavlm_linear,pgd,20.0,0.306875,0.139375,0.754340625,2.275186603537717,0.808547004000731,1.466639599536986
runs_fine,nes2net_asv21_attack,asvspoof2021_la,nes2net,wavlm_linear,pgd,30.0,0.27125,0.10375,0.7796046875000001,2.5590475481910513,0.7923085872539446,1.7667389609371067
runs_fine,nes2net_asv21_attack,asvspoof2021_la,nes2net,wavlm_linear,pgd,40.0,0.226875,0.059375,0.8491250000000001,2.6563991061659658,0.6797688490918012,1.9766302570741645
runs_fine,nes2net_asv21_attack,asvspoof2021_la,nes2net,wavlm_linear,pgd_l2,10.0,0.3275,0.16,0.7108984374999999,2.8643147975866547,0.8422514897544742,2.0220633078321804
runs_fine,nes2net_asv21_attack,asvspoof2021_la,nes2net,wavlm_linear,pgd_l2,20.0,0.301875,0.134375,0.7520578125,2.54464752158444,0.8195391133360481,1.7251084082483918
runs_fine,nes2net_asv21_attack,asvspoof2021_la,nes2net,wavlm_linear,pgd_l2,30.0,0.2837499999999999,0.1162499999999999,0.7795421875,2.774625469599084,0.7959230907863063,1.9787023788127776
runs_fine,nes2net_asv21_attack,asvspoof2021_la,nes2net,wavlm_linear,pgd_l2,40.0,0.223125,0.055625,0.846946875,2.777946279976697,0.6826637689846828,2.095282510992014
runs_fine,nes2net_asv21_attack,asvspoof2021_la,nes2net,aasist,fgsm,10.0,0.294375,0.145,0.7672234375,3.4967330558722947,0.8159160452118371,2.6808170106604576
runs_fine,nes2net_asv21_attack,asvspoof2021_la,nes2net,aasist,fgsm,20.0,0.2575,0.1081249999999999,0.81101875,1.9348493035856256,0.748044580336113,1.1868047232495127
runs_fine,nes2net_asv21_attack,asvspoof2021_la,nes2net,aasist,fgsm,30.0,0.20125,0.051875,0.8816999999999999,1.4477586748930813,0.6033437129286789,0.8444149619644024
runs_fine,nes2net_asv21_attack,asvspoof2021_la,nes2net,aasist,fgsm,40.0,0.1831249999999999,0.0337499999999999,0.90203125,1.3172964110493894,0.5490253842531794,0.7682710267962101
runs_fine,nes2net_asv21_attack,asvspoof2021_la,nes2net,aasist,pgd,10.0,0.248125,0.0987499999999999,0.8110531250000002,2.4562189923697253,0.7401742073367061,1.7160447850330192
runs_fine,nes2net_asv21_attack,asvspoof2021_la,nes2net,aasist,pgd,20.0,0.22375,0.0743749999999999,0.8609421875000001,1.3828666125116371,0.6453112021458949,0.7375554103657425
runs_fine,nes2net_asv21_attack,asvspoof2021_la,nes2net,aasist,pgd,30.0,0.18,0.0306249999999999,0.90375625,1.253872435375607,0.5412212706303066,0.7126511647453004
runs_fine,nes2net_asv21_attack,asvspoof2021_la,nes2net,aasist,pgd,40.0,0.18125,0.0318749999999999,0.9052765625,1.2833706455130918,0.5399156099472491,0.7434550355658427
runs_fine,nes2net_asv21_attack,asvspoof2021_la,nes2net,aasist,pgd_l2,10.0,0.32625,0.176875,0.7322625,3.810978154976384,0.8618805001778964,2.9490976547984875
runs_fine,nes2net_asv21_attack,asvspoof2021_la,nes2net,aasist,pgd_l2,20.0,0.2412499999999999,0.0918749999999999,0.8261406250000001,1.6747847271463234,0.7208350700785091,0.9539496570678144
runs_fine,nes2net_asv21_attack,asvspoof2021_la,nes2net,aasist,pgd_l2,30.0,0.1825,0.0331249999999999,0.8987578125,1.2149443245304783,0.5577780475885714,0.6571662769419071
runs_fine,nes2net_asv21_attack,asvspoof2021_la,nes2net,aasist,pgd_l2,40.0,0.1831249999999999,0.0337499999999999,0.9048859375,1.2755459881297595,0.5389749993669486,0.7365709887628111
runs_fine,nes2net_itw_attack,in_the_wild,nes2net,xlsr_mamba,fgsm,10.0,0.3199999999999999,0.2518749999999999,0.7390328125,1.4323966209207568,0.8216541752582799,0.6107424456624769
runs_fine,nes2net_itw_attack,in_the_wild,nes2net,xlsr_mamba,fgsm,20.0,0.2987499999999999,0.2306249999999999,0.7718796875,1.4377522165762449,0.7587753766153662,0.6789768399608787
runs_fine,nes2net_itw_attack,in_the_wild,nes2net,xlsr_mamba,fgsm,30.0,0.22125,0.153125,0.8705109375,1.149794651015439,0.5805604535268636,0.5692341974885757
runs_fine,nes2net_itw_attack,in_the_wild,nes2net,xlsr_mamba,fgsm,40.0,0.126875,0.0587499999999999,0.94164375,1.0322322230791556,0.3995404568541402,0.6326917662250154
runs_fine,nes2net_itw_attack,in_the_wild,nes2net,xlsr_mamba,pgd,10.0,0.525625,0.4575,0.4497125,2.313771303035099,0.9985423290884068,1.315228973946692
runs_fine,nes2net_itw_attack,in_the_wild,nes2net,xlsr_mamba,pgd,20.0,0.448125,0.38,0.5787359375,2.3434272764359525,0.9625035187116008,1.3809237577243518
runs_fine,nes2net_itw_attack,in_the_wild,nes2net,xlsr_mamba,pgd,30.0,0.25,0.181875,0.8424421875,1.3831032056080796,0.6496104970944465,0.7334927085136331
runs_fine,nes2net_itw_attack,in_the_wild,nes2net,xlsr_mamba,pgd,40.0,0.123125,0.055,0.943153125,1.0950883707663734,0.4011290269080613,0.6939593438583121
runs_fine,nes2net_itw_attack,in_the_wild,nes2net,xlsr_mamba,pgd_l2,10.0,0.5275000000000001,0.4593750000000001,0.4191796875,2.5117774307060357,1.0,1.5117774307060357
runs_fine,nes2net_itw_attack,in_the_wild,nes2net,xlsr_mamba,pgd_l2,20.0,0.4525,0.384375,0.5597546875,2.4669901024471588,0.9797323177136228,1.487257784733536
runs_fine,nes2net_itw_attack,in_the_wild,nes2net,xlsr_mamba,pgd_l2,30.0,0.3325,0.264375,0.7594671875000001,1.6816128181363343,0.7785967123675948,0.9030161057687396
runs_fine,nes2net_itw_attack,in_the_wild,nes2net,xlsr_mamba,pgd_l2,40.0,0.15,0.081875,0.9250765625,1.1194465432554144,0.4495658949891029,0.6698806482663116
runs_fine,nes2net_itw_attack,in_the_wild,nes2net,ssl_aasist,fgsm,10.0,0.396875,0.280625,0.6454,2.971468436193952,0.927109779358277,2.044358656835674
runs_fine,nes2net_itw_attack,in_the_wild,nes2net,ssl_aasist,fgsm,20.0,0.3462499999999999,0.2299999999999999,0.721421875,2.716980123568177,0.8478542440069459,1.869125879561231
runs_fine,nes2net_itw_attack,in_the_wild,nes2net,ssl_aasist,fgsm,30.0,0.255,0.13875,0.8424734374999999,1.8336280180054811,0.6679972281875741,1.165630789817907
runs_fine,nes2net_itw_attack,in_the_wild,nes2net,ssl_aasist,fgsm,40.0,0.1787499999999999,0.0624999999999999,0.9139859375,1.4819276720047676,0.5023044215659784,0.9796232504387892
runs_fine,nes2net_itw_attack,in_the_wild,nes2net,ssl_aasist,pgd,10.0,0.53375,0.4175,0.449675,4.20702501952869,0.9865420339533696,3.22048298557532
runs_fine,nes2net_itw_attack,in_the_wild,nes2net,ssl_aasist,pgd,20.0,0.425,0.3087500000000001,0.6062515625,3.5536366852516617,0.9459851521110976,2.6076515331405643
runs_fine,nes2net_itw_attack,in_the_wild,nes2net,ssl_aasist,pgd,30.0,0.26625,0.15,0.8301718750000001,2.03508702646969,0.685370839768831,1.349716186700859
runs_fine,nes2net_itw_attack,in_the_wild,nes2net,ssl_aasist,pgd,40.0,0.181875,0.065625,0.915834375,1.5209611481090173,0.4918351909706278,1.0291259571383895
runs_fine,nes2net_itw_attack,in_the_wild,nes2net,ssl_aasist,pgd_l2,10.0,0.60625,0.49,0.3566703125,4.47705299891343,0.9944998117702172,3.4825531871432127
runs_fine,nes2net_itw_attack,in_the_wild,nes2net,ssl_aasist,pgd_l2,20.0,0.464375,0.348125,0.5405734375,3.8654906668859166,0.9742640600137696,2.891226606872147
runs_fine,nes2net_itw_attack,in_the_wild,nes2net,ssl_aasist,pgd_l2,30.0,0.31375,0.1974999999999999,0.7580499999999999,2.416356206408377,0.807843341194936,1.6085128652134406
runs_fine,nes2net_itw_attack,in_the_wild,nes2net,ssl_aasist,pgd_l2,40.0,0.1999999999999999,0.0837499999999999,0.8994453125,1.645022033388724,0.5362282607142781,1.108793772674446
runs_fine,nes2net_itw_attack,in_the_wild,nes2net,xlsr_linear,fgsm,10.0,0.459375,0.186875,0.55220625,1.1873567775072535,0.980303988265353,0.2070527892419005
runs_fine,nes2net_itw_attack,in_the_wild,nes2net,xlsr_linear,fgsm,20.0,0.415,0.1425,0.598246875,1.0823734338187143,0.971180109764696,0.1111933240540182
runs_fine,nes2net_itw_attack,in_the_wild,nes2net,xlsr_linear,fgsm,30.0,0.37875,0.10625,0.6567453125,1.0474078515625624,0.9354622153215092,0.1119456362410532
runs_fine,nes2net_itw_attack,in_the_wild,nes2net,xlsr_linear,fgsm,40.0,0.32375,0.05125,0.7292500000000001,1.0085363848964746,0.8585989589068833,0.1499374259895912
runs_fine,nes2net_itw_attack,in_the_wild,nes2net,xlsr_linear,pgd,10.0,0.4243749999999999,0.1518749999999999,0.6200609375,1.180489458388521,0.9408997117424788,0.2395897466460421
runs_fine,nes2net_itw_attack,in_the_wild,nes2net,xlsr_linear,pgd,20.0,0.395625,0.123125,0.6371609375,1.1483595967277205,0.9448071095023988,0.2035524872253213
runs_fine,nes2net_itw_attack,in_the_wild,nes2net,xlsr_linear,pgd,30.0,0.3824999999999999,0.1099999999999999,0.65605,1.1445021231456396,0.9318047289095772,0.2126973942360622
runs_fine,nes2net_itw_attack,in_the_wild,nes2net,xlsr_linear,pgd,40.0,0.3275,0.055,0.7434453125,1.0967454685364115,0.8408176603723174,0.2559278081640943
runs_fine,nes2net_itw_attack,in_the_wild,nes2net,xlsr_linear,pgd_l2,10.0,0.4575,0.185,0.55360625,1.4787360311580566,0.983839542197684,0.4948964889603725
runs_fine,nes2net_itw_attack,in_the_wild,nes2net,xlsr_linear,pgd_l2,20.0,0.406875,0.134375,0.63899375,1.2442672548045222,0.9469703616303404,0.2972968931741817
runs_fine,nes2net_itw_attack,in_the_wild,nes2net,xlsr_linear,pgd_l2,30.0,0.3568749999999999,0.0843749999999999,0.695775,1.1382562134308685,0.8902585539083548,0.2479976595225136
runs_fine,nes2net_itw_attack,in_the_wild,nes2net,xlsr_linear,pgd_l2,40.0,0.309375,0.0368750000000001,0.745590625,1.1044857878688,0.8374088032122994,0.2670769846565005
runs_fine,nes2net_itw_attack,in_the_wild,nes2net,nes2net_v2,fgsm,10.0,0.239375,0.16,0.8416984375000001,1.6709935272800802,0.6920455366697804,0.9789479906102998
runs_fine,nes2net_itw_attack,in_the_wild,nes2net,nes2net_v2,fgsm,20.0,0.195625,0.1162499999999999,0.8838953125,1.403280475822961,0.597879844920106,0.8054006309028549
runs_fine,nes2net_itw_attack,in_the_wild,nes2net,nes2net_v2,fgsm,30.0,0.12875,0.049375,0.933675,0.923602757533336,0.4481373639940088,0.4754653935393272
runs_fine,nes2net_itw_attack,in_the_wild,nes2net,nes2net_v2,fgsm,40.0,0.08875,0.0093749999999999,0.9634125,0.671950339632386,0.3262757768473456,0.3456745627850404
runs_fine,nes2net_itw_attack,in_the_wild,nes2net,nes2net_v2,pgd,10.0,0.5425,0.463125,0.4746984374999999,4.083132153987682,0.9892956099708224,3.0938365440168596
runs_fine,nes2net_itw_attack,in_the_wild,nes2net,nes2net_v2,pgd,20.0,0.40125,0.321875,0.6298796875,3.2255346094608406,0.9401114906980518,2.2854231187627887
runs_fine,nes2net_itw_attack,in_the_wild,nes2net,nes2net_v2,pgd,30.0,0.20125,0.121875,0.8601187499999998,1.5064563903734238,0.6508073091839273,0.8556490811894966
runs_fine,nes2net_itw_attack,in_the_wild,nes2net,nes2net_v2,pgd,40.0,0.0993749999999999,0.0199999999999999,0.952521875,0.8662096735408805,0.3786680365274258,0.4875416370134547
runs_fine,nes2net_itw_attack,in_the_wild,nes2net,nes2net_v2,pgd_l2,10.0,0.60875,0.529375,0.378221875,4.673391821264708,0.9988771365166628,3.6745146847480457
runs_fine,nes2net_itw_attack,in_the_wild,nes2net,nes2net_v2,pgd_l2,20.0,0.45375,0.374375,0.5819359375,3.4230524951139345,0.9704620801663654,2.452590414947569
runs_fine,nes2net_itw_attack,in_the_wild,nes2net,nes2net_v2,pgd_l2,30.0,0.249375,0.17,0.8114406249999999,1.883091627211018,0.7462406893547664,1.1368509378562517
runs_fine,nes2net_itw_attack,in_the_wild,nes2net,nes2net_v2,pgd_l2,40.0,0.126875,0.0474999999999999,0.933384375,1.061439860362245,0.4481732529275529,0.6132666074346921
runs_fine,nes2net_itw_attack,in_the_wild,nes2net,wavlm_linear,fgsm,10.0,0.3662499999999999,0.1643749999999999,0.6897421874999999,6.867509422378848,0.8883002628269816,5.979209159551867
runs_fine,nes2net_itw_attack,in_the_wild,nes2net,wavlm_linear,fgsm,20.0,0.31,0.108125,0.7282343750000001,6.424692717724355,0.8439049155650036,5.580787802159351
runs_fine,nes2net_itw_attack,in_the_wild,nes2net,wavlm_linear,fgsm,30.0,0.333125,0.1312499999999999,0.717503125,6.082955748047386,0.8755640321316738,5.207391715915712
runs_fine,nes2net_itw_attack,in_the_wild,nes2net,wavlm_linear,fgsm,40.0,0.3556249999999999,0.1537499999999999,0.7046828124999999,5.944352649208869,0.8811040836063391,5.06324856560253
runs_fine,nes2net_itw_attack,in_the_wild,nes2net,wavlm_linear,pgd,10.0,0.50625,0.3043749999999999,0.461421875,6.213692518712449,0.9791958527746774,5.234496665937772
runs_fine,nes2net_itw_attack,in_the_wild,nes2net,wavlm_linear,pgd,20.0,0.553125,0.3512499999999999,0.4353046875,6.258287603516174,0.993963556409554,5.26432404710662
runs_fine,nes2net_itw_attack,in_the_wild,nes2net,wavlm_linear,pgd,30.0,0.4775,0.2756249999999999,0.5280359374999999,6.045113817941962,0.9908799884003364,5.054233829541626
runs_fine,nes2net_itw_attack,in_the_wild,nes2net,wavlm_linear,pgd,40.0,0.379375,0.1775,0.6674359375000001,6.010449379406493,0.9190435501236066,5.091405829282887
runs_fine,nes2net_itw_attack,in_the_wild,nes2net,wavlm_linear,pgd_l2,10.0,0.5375,0.3356249999999999,0.4353140625,6.452980817352118,0.9606889404624296,5.492291876889688
runs_fine,nes2net_itw_attack,in_the_wild,nes2net,wavlm_linear,pgd_l2,20.0,0.595625,0.3937499999999999,0.387990625,6.5810386612125,0.9913128292110396,5.58972583200146
runs_fine,nes2net_itw_attack,in_the_wild,nes2net,wavlm_linear,pgd_l2,30.0,0.531875,0.3299999999999999,0.454859375,6.288270746511664,0.9993747185959684,5.288896027915696
runs_fine,nes2net_itw_attack,in_the_wild,nes2net,wavlm_linear,pgd_l2,40.0,0.396875,0.1949999999999999,0.6458624999999999,5.898176851137497,0.9363490415331682,4.961827809604329
runs_fine,nes2net_itw_attack,in_the_wild,nes2net,aasist,fgsm,10.0,0.56875,0.1162499999999999,0.3982265625,3.136254049183271,0.9973327445311057,2.1389213046521656
runs_fine,nes2net_itw_attack,in_the_wild,nes2net,aasist,fgsm,20.0,0.515625,0.0631249999999999,0.4730796874999999,2.7511359793372705,0.9755122185241224,1.7756237608131482
runs_fine,nes2net_itw_attack,in_the_wild,nes2net,aasist,fgsm,30.0,0.448125,-0.004375,0.549353125,2.4640644473336977,0.9516758080815008,1.512388639252197
runs_fine,nes2net_itw_attack,in_the_wild,nes2net,aasist,fgsm,40.0,0.438125,-0.014375,0.564578125,2.4554443420651024,0.9462227165252144,1.509221625539888
runs_fine,nes2net_itw_attack,in_the_wild,nes2net,aasist,pgd,10.0,0.528125,0.0756249999999999,0.4442921875,2.934400505269184,0.9868162117279476,1.947584293541236
runs_fine,nes2net_itw_attack,in_the_wild,nes2net,aasist,pgd,20.0,0.484375,0.0318749999999999,0.506665625,2.601572883561982,0.9668435865950344,1.6347292969669471
runs_fine,nes2net_itw_attack,in_the_wild,nes2net,aasist,pgd,30.0,0.441875,-0.0106249999999999,0.5600890625,2.4413006025066597,0.9485140651852544,1.492786537321405
runs_fine,nes2net_itw_attack,in_the_wild,nes2net,aasist,pgd,40.0,0.4375,-0.015,0.56733125,2.4461256150109163,0.9471506863793822,1.498974928631534
runs_fine,nes2net_itw_attack,in_the_wild,nes2net,aasist,pgd_l2,10.0,0.529375,0.076875,0.4344421874999999,3.0450509844156852,0.9955880018179418,2.0494629825977433
runs_fine,nes2net_itw_attack,in_the_wild,nes2net,aasist,pgd_l2,20.0,0.50625,0.0537499999999999,0.4840796875,2.702414556633456,0.9760593847969375,1.7263551718365182
runs_fine,nes2net_itw_attack,in_the_wild,nes2net,aasist,pgd_l2,30.0,0.4575,0.005,0.53463125,2.4954266666040485,0.956488828229306,1.5389378383747423
runs_fine,nes2net_itw_attack,in_the_wild,nes2net,aasist,pgd_l2,40.0,0.44125,-0.01125,0.5639359375,2.43313349041264,0.946440551214095,1.486692939198545
runs_fine,nes2net_v2_asv21_attack,asvspoof2021_la,nes2net_v2,xlsr_mamba,fgsm,10.0,0.19125,0.13625,0.8912296875000001,0.7389918083839969,0.566418706866842,0.1725731015171548
runs_fine,nes2net_v2_asv21_attack,asvspoof2021_la,nes2net_v2,xlsr_mamba,fgsm,20.0,0.196875,0.1418749999999999,0.8933749999999999,0.7777885273793996,0.5513187303166575,0.2264697970627421
runs_fine,nes2net_v2_asv21_attack,asvspoof2021_la,nes2net_v2,xlsr_mamba,fgsm,30.0,0.179375,0.124375,0.902478125,0.8742423362496387,0.5100761498974903,0.3641661863521483
runs_fine,nes2net_v2_asv21_attack,asvspoof2021_la,nes2net_v2,xlsr_mamba,fgsm,40.0,0.159375,0.1043749999999999,0.9288234375,0.892963886811781,0.4397930067279945,0.4531708800837864
runs_fine,nes2net_v2_asv21_attack,asvspoof2021_la,nes2net_v2,xlsr_mamba,pgd,10.0,0.83,0.7749999999999999,0.1090125,4.881947985634346,1.0,3.881947985634346
runs_fine,nes2net_v2_asv21_attack,asvspoof2021_la,nes2net_v2,xlsr_mamba,pgd,20.0,0.7012499999999999,0.6462499999999999,0.2294921875,4.4737586979679715,1.0000000000000002,3.4737586979679715
runs_fine,nes2net_v2_asv21_attack,asvspoof2021_la,nes2net_v2,xlsr_mamba,pgd,30.0,0.5862499999999999,0.5312499999999999,0.44948125,3.533416483435688,0.9867620716030412,2.5466544118326464
runs_fine,nes2net_v2_asv21_attack,asvspoof2021_la,nes2net_v2,xlsr_mamba,pgd,40.0,0.415,0.36,0.6776437499999999,2.640788324185044,0.8826058304739042,1.7581824937111397
runs_fine,nes2net_v2_asv21_attack,asvspoof2021_la,nes2net_v2,xlsr_mamba,pgd_l2,10.0,0.84625,0.7912499999999999,0.076340625,4.975626716091506,1.0,3.975626716091506
runs_fine,nes2net_v2_asv21_attack,asvspoof2021_la,nes2net_v2,xlsr_mamba,pgd_l2,20.0,0.723125,0.668125,0.2225624999999999,4.592710806259598,0.9942739952058584,3.5984368110537397
runs_fine,nes2net_v2_asv21_attack,asvspoof2021_la,nes2net_v2,xlsr_mamba,pgd_l2,30.0,0.561875,0.506875,0.478675,3.3714396610048607,0.9730436436442288,2.398396017360632
runs_fine,nes2net_v2_asv21_attack,asvspoof2021_la,nes2net_v2,xlsr_mamba,pgd_l2,40.0,0.38625,0.33125,0.7050734375000001,2.478189484449824,0.848055083274168,1.6301344011756558
runs_fine,nes2net_v2_asv21_attack,asvspoof2021_la,nes2net_v2,ssl_aasist,fgsm,10.0,0.129375,0.055,0.9273140625,1.143283677951517,0.4644386269305079,0.6788450510210091
runs_fine,nes2net_v2_asv21_attack,asvspoof2021_la,nes2net_v2,ssl_aasist,fgsm,20.0,0.124375,0.05,0.9390453125,1.3188357189793518,0.4224539346164027,0.8963817843629491
runs_fine,nes2net_v2_asv21_attack,asvspoof2021_la,nes2net_v2,ssl_aasist,fgsm,30.0,0.11375,0.039375,0.9478640625,1.3040531630985088,0.3734177854632027,0.930635377635306
runs_fine,nes2net_v2_asv21_attack,asvspoof2021_la,nes2net_v2,ssl_aasist,fgsm,40.0,0.10375,0.029375,0.963975,1.0696013196226617,0.2905664728825486,0.779034846740113
runs_fine,nes2net_v2_asv21_attack,asvspoof2021_la,nes2net_v2,ssl_aasist,pgd,10.0,0.7775,0.703125,0.2069671875,8.886536100016043,0.9990660502906036,7.887470049725439
runs_fine,nes2net_v2_asv21_attack,asvspoof2021_la,nes2net_v2,ssl_aasist,pgd,20.0,0.5825,0.508125,0.4412203125,6.706445781942056,0.9877691075336263,5.71867667440843
runs_fine,nes2net_v2_asv21_attack,asvspoof2021_la,nes2net_v2,ssl_aasist,pgd,30.0,0.2987499999999999,0.2243749999999999,0.73070625,3.3653620424523476,0.8168858486972452,2.5484761937551026
runs_fine,nes2net_v2_asv21_attack,asvspoof2021_la,nes2net_v2,ssl_aasist,pgd,40.0,0.1212499999999999,0.0468749999999999,0.9286625,1.3181335945453163,0.4437683853134611,0.8743652092318552
runs_fine,nes2net_v2_asv21_attack,asvspoof2021_la,nes2net_v2,ssl_aasist,pgd_l2,10.0,0.80375,0.729375,0.1532812499999999,9.20694416426224,0.9987488732869292,8.208195290975311
runs_fine,nes2net_v2_asv21_attack,asvspoof2021_la,nes2net_v2,ssl_aasist,pgd_l2,20.0,0.615625,0.54125,0.4095921875,6.999835870495985,0.9928013588379138,6.007034511658071
runs_fine,nes2net_v2_asv21_attack,asvspoof2021_la,nes2net_v2,ssl_aasist,pgd_l2,30.0,0.3275,0.253125,0.7234640625000001,3.887664240765149,0.8218679477398858,3.0657962930252634
runs_fine,nes2net_v2_asv21_attack,asvspoof2021_la,nes2net_v2,ssl_aasist,pgd_l2,40.0,0.14125,0.0668749999999999,0.914075,1.565978598538737,0.4929160998754047,1.0730624986633324
runs_fine,nes2net_v2_asv21_attack,asvspoof2021_la,nes2net_v2,xlsr_linear,fgsm,10.0,0.3249999999999999,0.1706249999999999,0.7381781250000001,0.9259277792751448,0.8565151468233427,0.0694126324518019
runs_fine,nes2net_v2_asv21_attack,asvspoof2021_la,nes2net_v2,xlsr_linear,fgsm,20.0,0.2618749999999999,0.1074999999999999,0.8037765625,0.7941128600118139,0.7643517675873028,0.029761092424511
runs_fine,nes2net_v2_asv21_attack,asvspoof2021_la,nes2net_v2,xlsr_linear,fgsm,30.0,0.1993749999999999,0.0449999999999999,0.87098125,0.6839742251965681,0.6329913961048682,0.0509828290916999
runs_fine,nes2net_v2_asv21_attack,asvspoof2021_la,nes2net_v2,xlsr_linear,fgsm,40.0,0.185,0.0306249999999999,0.8917375000000001,0.6285507181852054,0.5695270540834749,0.0590236641017304
runs_fine,nes2net_v2_asv21_attack,asvspoof2021_la,nes2net_v2,xlsr_linear,pgd,10.0,0.71625,0.561875,0.27116875,1.9100738039607652,0.9867070173562028,0.9233667866045624
runs_fine,nes2net_v2_asv21_attack,asvspoof2021_la,nes2net_v2,xlsr_linear,pgd,20.0,0.628125,0.47375,0.34141875,1.6734280291585506,0.9827639477137664,0.6906640814447842
runs_fine,nes2net_v2_asv21_attack,asvspoof2021_la,nes2net_v2,xlsr_linear,pgd,30.0,0.485,0.3306249999999999,0.52679375,1.1620533671608526,0.9126976660183684,0.2493557011424843
runs_fine,nes2net_v2_asv21_attack,asvspoof2021_la,nes2net_v2,xlsr_linear,pgd,40.0,0.285,0.130625,0.7828828125,0.8688957385539164,0.7772653125446822,0.0916304260092342
runs_fine,nes2net_v2_asv21_attack,asvspoof2021_la,nes2net_v2,xlsr_linear,pgd_l2,10.0,0.70875,0.554375,0.2508625,2.3160485919123164,0.991452081300493,1.3245965106118234
runs_fine,nes2net_v2_asv21_attack,asvspoof2021_la,nes2net_v2,xlsr_linear,pgd_l2,20.0,0.63,0.4756249999999999,0.327846875,1.924733412840471,0.9986477454442956,0.9260856673961756
runs_fine,nes2net_v2_asv21_attack,asvspoof2021_la,nes2net_v2,xlsr_linear,pgd_l2,30.0,0.473125,0.31875,0.548409375,1.305467252428974,0.9314617097560718,0.3740055426729021
runs_fine,nes2net_v2_asv21_attack,asvspoof2021_la,nes2net_v2,xlsr_linear,pgd_l2,40.0,0.276875,0.1224999999999999,0.78895625,0.913171447731254,0.7653962781911727,0.1477751695400811
runs_fine,nes2net_v2_asv21_attack,asvspoof2021_la,nes2net_v2,wavlm_linear,fgsm,10.0,0.16125,-0.0062499999999999,0.87573125,4.185045099347335,0.595094156571891,3.5899509427754444
runs_fine,nes2net_v2_asv21_attack,asvspoof2021_la,nes2net_v2,wavlm_linear,fgsm,20.0,0.1731249999999999,0.0056249999999999,0.8975515624999999,2.888898710601528,0.5609891617521834,2.3279095488493446
runs_fine,nes2net_v2_asv21_attack,asvspoof2021_la,nes2net_v2,wavlm_linear,fgsm,30.0,0.17125,0.00375,0.9036890625,2.082918531597503,0.5521980726240221,1.530720458973481
runs_fine,nes2net_v2_asv21_attack,asvspoof2021_la,nes2net_v2,wavlm_linear,fgsm,40.0,0.1825,0.015,0.90413125,1.3672646622864804,0.5446301779872201,0.8226344842992602
runs_fine,nes2net_v2_asv21_attack,asvspoof2021_la,nes2net_v2,wavlm_linear,pgd,10.0,0.20625,0.03875,0.8379109375,4.897982865193264,0.6805337505804404,4.217449114612824
runs_fine,nes2net_v2_asv21_attack,asvspoof2021_la,nes2net_v2,wavlm_linear,pgd,20.0,0.1987499999999999,0.03125,0.871278125,3.489641035020708,0.6253862415068562,2.864254793513852
runs_fine,nes2net_v2_asv21_attack,asvspoof2021_la,nes2net_v2,wavlm_linear,pgd,30.0,0.194375,0.026875,0.8870515625,2.1965145578309615,0.5979323056082737,1.5985822522226878
runs_fine,nes2net_v2_asv21_attack,asvspoof2021_la,nes2net_v2,wavlm_linear,pgd,40.0,0.1825,0.015,0.89701875,1.4636544210387863,0.5647780537619429,0.8988763672768434
runs_fine,nes2net_v2_asv21_attack,asvspoof2021_la,nes2net_v2,wavlm_linear,pgd_l2,10.0,0.2175,0.05,0.8225484374999998,4.918376277781655,0.7105012144198213,4.207875063361834
runs_fine,nes2net_v2_asv21_attack,asvspoof2021_la,nes2net_v2,wavlm_linear,pgd_l2,20.0,0.2049999999999999,0.0374999999999999,0.8588531249999999,3.2619400451189495,0.657088679807065,2.6048513653118848
runs_fine,nes2net_v2_asv21_attack,asvspoof2021_la,nes2net_v2,wavlm_linear,pgd_l2,30.0,0.1937499999999999,0.0262499999999999,0.8889921875,2.0739230714042707,0.5849019288220676,1.489021142582203
runs_fine,nes2net_v2_asv21_attack,asvspoof2021_la,nes2net_v2,wavlm_linear,pgd_l2,40.0,0.18,0.0125,0.901534375,1.5425046676782332,0.5499338150914179,0.9925708525868152
runs_fine,nes2net_v2_asv21_attack,asvspoof2021_la,nes2net_v2,nes2net,fgsm,10.0,0.3075,0.14,0.7592859375,1.0485242473166996,0.8162011966207754,0.2323230506959241
runs_fine,nes2net_v2_asv21_attack,asvspoof2021_la,nes2net_v2,nes2net,fgsm,20.0,0.259375,0.091875,0.8022703124999999,1.3754079034540398,0.7492366297207415,0.6261712737332984
runs_fine,nes2net_v2_asv21_attack,asvspoof2021_la,nes2net_v2,nes2net,fgsm,30.0,0.2262499999999999,0.05875,0.8449,1.674193161658316,0.6736173620664507,1.0005757995918652
runs_fine,nes2net_v2_asv21_attack,asvspoof2021_la,nes2net_v2,nes2net,fgsm,40.0,0.1899999999999999,0.0224999999999999,0.8803624999999999,1.8389245087744288,0.6031161137836112,1.2358083949908174
runs_fine,nes2net_v2_asv21_attack,asvspoof2021_la,nes2net_v2,nes2net,pgd,10.0,0.518125,0.3506249999999999,0.5184109375000001,2.1341530354922575,0.9694485126509822,1.1647045228412751
runs_fine,nes2net_v2_asv21_attack,asvspoof2021_la,nes2net_v2,nes2net,pgd,20.0,0.35375,0.18625,0.6984312500000001,2.18803392330178,0.8865566777961409,1.301477245505639
runs_fine,nes2net_v2_asv21_attack,asvspoof2021_la,nes2net_v2,nes2net,pgd,30.0,0.2831249999999999,0.1156249999999999,0.785009375,2.263868875982107,0.783622487282095,1.480246388700012
runs_fine,nes2net_v2_asv21_attack,asvspoof2021_la,nes2net_v2,nes2net,pgd,40.0,0.239375,0.071875,0.83351875,2.218384132862754,0.7042684290028249,1.514115703859929
runs_fine,nes2net_v2_asv21_attack,asvspoof2021_la,nes2net_v2,nes2net,pgd_l2,10.0,0.44875,0.28125,0.58475625,2.49208910759297,0.9568040931101506,1.5352850144828194
runs_fine,nes2net_v2_asv21_attack,asvspoof2021_la,nes2net_v2,nes2net,pgd_l2,20.0,0.308125,0.140625,0.7542640625,2.5890831971527533,0.8305262011404393,1.758556996012314
runs_fine,nes2net_v2_asv21_attack,asvspoof2021_la,nes2net_v2,nes2net,pgd_l2,30.0,0.2299999999999999,0.0625,0.8461078125,2.550446685508505,0.6899858803563632,1.8604608051521416
runs_fine,nes2net_v2_asv21_attack,asvspoof2021_la,nes2net_v2,nes2net,pgd_l2,40.0,0.20875,0.04125,0.86508125,2.4318907916515164,0.6491670456295469,1.7827237460219696
runs_fine,nes2net_v2_asv21_attack,asvspoof2021_la,nes2net_v2,aasist,fgsm,10.0,0.364375,0.2149999999999999,0.7108359375,4.760794123544591,0.8513037600801903,3.9094903634644007
runs_fine,nes2net_v2_asv21_attack,asvspoof2021_la,nes2net_v2,aasist,fgsm,20.0,0.231875,0.0824999999999999,0.8539335937500001,2.9877752554988364,0.644950003505623,2.3428252519932133
runs_fine,nes2net_v2_asv21_attack,asvspoof2021_la,nes2net_v2,aasist,fgsm,30.0,0.138125,-0.01125,0.9308046875,1.3892182060419302,0.4365191320180143,0.952699074023916
runs_fine,nes2net_v2_asv21_attack,asvspoof2021_la,nes2net_v2,aasist,fgsm,40.0,0.130625,-0.01875,0.943721875,1.2200670212427156,0.3868386130228275,0.833228408219888
runs_fine,nes2net_v2_asv21_attack,asvspoof2021_la,nes2net_v2,aasist,pgd,10.0,0.276875,0.1274999999999999,0.7893468750000001,3.459829961393566,0.7608161218855152,2.699013839508051
runs_fine,nes2net_v2_asv21_attack,asvspoof2021_la,nes2net_v2,aasist,pgd,20.0,0.1737499999999999,0.0243749999999999,0.89895625,1.84653711706655,0.52472666189717,1.32181045516938
runs_fine,nes2net_v2_asv21_attack,asvspoof2021_la,nes2net_v2,aasist,pgd,30.0,0.1324999999999999,-0.016875,0.9384078125,1.2175745651293377,0.4024710991556515,0.815103465973686
runs_fine,nes2net_v2_asv21_attack,asvspoof2021_la,nes2net_v2,aasist,pgd,40.0,0.133125,-0.01625,0.944178125,1.2484019633812562,0.383744483297406,0.8646574800838501
runs_fine,nes2net_v2_asv21_attack,asvspoof2021_la,nes2net_v2,aasist,pgd_l2,10.0,0.3143749999999999,0.1649999999999999,0.736753125,4.333926489416126,0.8436263934635745,3.4903000959525516
runs_fine,nes2net_v2_asv21_attack,asvspoof2021_la,nes2net_v2,aasist,pgd_l2,20.0,0.224375,0.0749999999999999,0.8587859375,2.746273378600387,0.63066376722232,2.1156096113780674
runs_fine,nes2net_v2_asv21_attack,asvspoof2021_la,nes2net_v2,aasist,pgd_l2,30.0,0.140625,-0.00875,0.931625,1.3521465860747672,0.4302367844306721,0.9219098016440952
runs_fine,nes2net_v2_asv21_attack,asvspoof2021_la,nes2net_v2,aasist,pgd_l2,40.0,0.133125,-0.01625,0.9429578125,1.1849125760638732,0.3874992513137348,0.7974133247501384
runs_fine,nes2net_v2_itw_attack,in_the_wild,nes2net_v2,xlsr_mamba,fgsm,10.0,0.4818749999999999,0.4137499999999999,0.5237484375,2.531421431691528,0.9905485740756372,1.5408728576158903
runs_fine,nes2net_v2_itw_attack,in_the_wild,nes2net_v2,xlsr_mamba,fgsm,20.0,0.44375,0.375625,0.556065625,3.0529037785874578,0.9623527650441672,2.0905510135432905
runs_fine,nes2net_v2_itw_attack,in_the_wild,nes2net_v2,xlsr_mamba,fgsm,30.0,0.36875,0.300625,0.6603796875,3.5708224764939858,0.8831529120776855,2.6876695644163
runs_fine,nes2net_v2_itw_attack,in_the_wild,nes2net_v2,xlsr_mamba,fgsm,40.0,0.279375,0.21125,0.7801578125,3.4126641641151876,0.7386356534708294,2.674028510644358
runs_fine,nes2net_v2_itw_attack,in_the_wild,nes2net_v2,xlsr_mamba,pgd,10.0,0.821875,0.75375,0.1609,5.124674542207466,0.994745034484664,4.129929507722802
runs_fine,nes2net_v2_itw_attack,in_the_wild,nes2net_v2,xlsr_mamba,pgd,20.0,0.746875,0.67875,0.2235109374999999,5.243868394247177,0.9674450668395556,4.276423327407621
runs_fine,nes2net_v2_itw_attack,in_the_wild,nes2net_v2,xlsr_mamba,pgd,30.0,0.67125,0.603125,0.3110609374999999,5.068104111975268,0.9300257319306264,4.138078380044642
runs_fine,nes2net_v2_itw_attack,in_the_wild,nes2net_v2,xlsr_mamba,pgd,40.0,0.453125,0.385,0.5619296874999999,3.9587917303996822,0.7905260341214114,3.168265696278271
runs_fine,nes2net_v2_itw_attack,in_the_wild,nes2net_v2,xlsr_mamba,pgd_l2,10.0,0.8943749999999999,0.8262499999999999,0.0885015624999999,4.88604470759293,0.9981224587663744,3.887922248826555
runs_fine,nes2net_v2_itw_attack,in_the_wild,nes2net_v2,xlsr_mamba,pgd_l2,20.0,0.8262499999999999,0.7581249999999999,0.166028125,4.856059301890546,0.9833825546647538,3.872676747225792
runs_fine,nes2net_v2_itw_attack,in_the_wild,nes2net_v2,xlsr_mamba,pgd_l2,30.0,0.701875,0.63375,0.295115625,4.462299263660408,0.9433996127803208,3.5188996508800874
runs_fine,nes2net_v2_itw_attack,in_the_wild,nes2net_v2,xlsr_mamba,pgd_l2,40.0,0.4762499999999999,0.4081249999999999,0.539978125,3.697377820546909,0.8365184527135683,2.8608593678333403
runs_fine,nes2net_v2_itw_attack,in_the_wild,nes2net_v2,ssl_aasist,fgsm,10.0,0.5525,0.43625,0.4361828125,4.467116803296398,0.9950235401668648,3.472093263129534
runs_fine,nes2net_v2_itw_attack,in_the_wild,nes2net_v2,ssl_aasist,fgsm,20.0,0.511875,0.395625,0.497728125,5.660604758956271,0.975169305385106,4.6854354535711655
runs_fine,nes2net_v2_itw_attack,in_the_wild,nes2net_v2,ssl_aasist,fgsm,30.0,0.404375,0.2881250000000001,0.6329984375000001,5.502434203467774,0.9024309260176202,4.6000032774501545
runs_fine,nes2net_v2_itw_attack,in_the_wild,nes2net_v2,ssl_aasist,fgsm,40.0,0.275,0.15875,0.8053,4.1438997270124425,0.7201577728657828,3.4237419541466596
runs_fine,nes2net_v2_itw_attack,in_the_wild,nes2net_v2,ssl_aasist,pgd,10.0,0.8200000000000001,0.7037500000000001,0.139715625,12.27738838394029,0.9931489214100312,11.28423946253026
runs_fine,nes2net_v2_itw_attack,in_the_wild,nes2net_v2,ssl_aasist,pgd,20.0,0.768125,0.651875,0.2031125,10.459431943944384,0.978104209210194,9.48132773473419
runs_fine,nes2net_v2_itw_attack,in_the_wild,nes2net_v2,ssl_aasist,pgd,30.0,0.6543749999999999,0.538125,0.35039375,6.733330918356294,0.923872471026091,5.8094584473302024
runs_fine,nes2net_v2_itw_attack,in_the_wild,nes2net_v2,ssl_aasist,pgd,40.0,0.38125,0.265,0.7028515624999999,3.684102000976852,0.7706351509630227,2.9134668500138297
runs_fine,nes2net_v2_itw_attack,in_the_wild,nes2net_v2,ssl_aasist,pgd_l2,10.0,0.90125,0.785,0.0728140625,11.992459242470176,0.9978046716239962,10.994654570846182
runs_fine,nes2net_v2_itw_attack,in_the_wild,nes2net_v2,ssl_aasist,pgd_l2,20.0,0.828125,0.711875,0.1450234375,9.835634077578078,0.9877438037180872,8.84789027385999
runs_fine,nes2net_v2_itw_attack,in_the_wild,nes2net_v2,ssl_aasist,pgd_l2,30.0,0.6912499999999999,0.575,0.29604375,6.761533948578312,0.9434836597309016,5.81805028884741
runs_fine,nes2net_v2_itw_attack,in_the_wild,nes2net_v2,ssl_aasist,pgd_l2,40.0,0.451875,0.335625,0.6031578125,4.241977120280503,0.8182276412857188,3.423749478994784
runs_fine,nes2net_v2_itw_attack,in_the_wild,nes2net_v2,xlsr_linear,fgsm,10.0,0.510625,0.238125,0.4869156249999999,1.328059822677889,0.9997679303774748,0.3282918923004143
runs_fine,nes2net_v2_itw_attack,in_the_wild,nes2net_v2,xlsr_linear,fgsm,20.0,0.510625,0.238125,0.48088125,1.3925181862692813,0.9996846845125376,0.3928335017567437
runs_fine,nes2net_v2_itw_attack,in_the_wild,nes2net_v2,xlsr_linear,fgsm,30.0,0.515625,0.243125,0.4867375,1.5725296464123018,0.997473663422725,0.5750559829895767
runs_fine,nes2net_v2_itw_attack,in_the_wild,nes2net_v2,xlsr_linear,fgsm,40.0,0.4175,0.145,0.6087265625,1.650936333735405,0.9639717387207372,0.6869645950146679
runs_fine,nes2net_v2_itw_attack,in_the_wild,nes2net_v2,xlsr_linear,pgd,10.0,0.6825,0.41,0.2580984375,1.8989687655560787,0.9997073771996602,0.8992613883564186
runs_fine,nes2net_v2_itw_attack,in_the_wild,nes2net_v2,xlsr_linear,pgd,20.0,0.661875,0.389375,0.2960796875,1.7956349298254874,0.9986897552362296,0.7969451745892577
runs_fine,nes2net_v2_itw_attack,in_the_wild,nes2net_v2,xlsr_linear,pgd,30.0,0.615625,0.343125,0.3619609374999999,1.795275159777441,0.9888130618512329,0.8064620979262082
runs_fine,nes2net_v2_itw_attack,in_the_wild,nes2net_v2,xlsr_linear,pgd,40.0,0.5,0.2275,0.5158578125000001,1.7176571426079494,0.9712949685259156,0.7463621740820339
runs_fine,nes2net_v2_itw_attack,in_the_wild,nes2net_v2,xlsr_linear,pgd_l2,10.0,0.7112499999999999,0.43875,0.2243828125,2.2618146487859483,0.9999999999999998,1.2618146487859483
runs_fine,nes2net_v2_itw_attack,in_the_wild,nes2net_v2,xlsr_linear,pgd_l2,20.0,0.709375,0.436875,0.2365546875,1.9568999678825736,0.9985502869927376,0.9583496808898356
runs_fine,nes2net_v2_itw_attack,in_the_wild,nes2net_v2,xlsr_linear,pgd_l2,30.0,0.605,0.3325,0.36844375,1.7402763281745657,0.992872292663247,0.7474040355113185
runs_fine,nes2net_v2_itw_attack,in_the_wild,nes2net_v2,xlsr_linear,pgd_l2,40.0,0.483125,0.210625,0.529121875,1.7010919967085762,0.973918542100426,0.7271734546081503
runs_fine,nes2net_v2_itw_attack,in_the_wild,nes2net_v2,wavlm_linear,fgsm,10.0,0.311875,0.1099999999999999,0.72705625,8.268753116476631,0.864308862632717,7.404444253843915
runs_fine,nes2net_v2_itw_attack,in_the_wild,nes2net_v2,wavlm_linear,fgsm,20.0,0.285,0.083125,0.7705718750000001,6.43637518369028,0.8057705155961294,5.630604668094151
runs_fine,nes2net_v2_itw_attack,in_the_wild,nes2net_v2,wavlm_linear,fgsm,30.0,0.25,0.0481249999999999,0.8032984375,4.829709101058812,0.7599551916972735,4.0697539093615385
runs_fine,nes2net_v2_itw_attack,in_the_wild,nes2net_v2,wavlm_linear,fgsm,40.0,0.224375,0.0224999999999999,0.8347296875000001,3.8412062463711982,0.7055901670251665,3.1356160793460317
runs_fine,nes2net_v2_itw_attack,in_the_wild,nes2net_v2,wavlm_linear,pgd,10.0,0.3974999999999999,0.1956249999999999,0.6378343750000001,8.630803579093907,0.94308879366285,7.687714785431057
runs_fine,nes2net_v2_itw_attack,in_the_wild,nes2net_v2,wavlm_linear,pgd,20.0,0.284375,0.0824999999999999,0.7591343750000001,6.449892946245555,0.8194191834744757,5.6304737627710795
runs_fine,nes2net_v2_itw_attack,in_the_wild,nes2net_v2,wavlm_linear,pgd,30.0,0.23875,0.0368749999999999,0.8157093750000001,4.5833617182973025,0.7392020778796362,3.8441596404176663
runs_fine,nes2net_v2_itw_attack,in_the_wild,nes2net_v2,wavlm_linear,pgd,40.0,0.21625,0.0143749999999999,0.8412124999999999,3.6861756031910713,0.6910455140003043,2.995130089190767
runs_fine,nes2net_v2_itw_attack,in_the_wild,nes2net_v2,wavlm_linear,pgd_l2,10.0,0.4,0.198125,0.6231359375,8.416370198331037,0.9507245891118032,7.465645609219235
runs_fine,nes2net_v2_itw_attack,in_the_wild,nes2net_v2,wavlm_linear,pgd_l2,20.0,0.298125,0.09625,0.7360109375,6.321076055742213,0.8490983016487101,5.471977754093503
runs_fine,nes2net_v2_itw_attack,in_the_wild,nes2net_v2,wavlm_linear,pgd_l2,30.0,0.254375,0.0524999999999999,0.8034343749999999,4.69084949066694,0.760417157675201,3.930432332991739
runs_fine,nes2net_v2_itw_attack,in_the_wild,nes2net_v2,wavlm_linear,pgd_l2,40.0,0.2225,0.020625,0.8369765625,3.820628274730397,0.6983431047853434,3.1222851699450533
runs_fine,nes2net_v2_itw_attack,in_the_wild,nes2net_v2,nes2net,fgsm,10.0,0.269375,0.0681249999999999,0.8097765625,1.0568289771698145,0.748453552617581,0.3083754245522333
runs_fine,nes2net_v2_itw_attack,in_the_wild,nes2net_v2,nes2net,fgsm,20.0,0.275,0.0737499999999999,0.8062625000000001,1.4529921369395915,0.7527723905397605,0.700219746399831
runs_fine,nes2net_v2_itw_attack,in_the_wild,nes2net_v2,nes2net,fgsm,30.0,0.2731249999999999,0.0718749999999999,0.8078734375000001,1.7428016432118945,0.7520235331461931,0.9907781100657014
runs_fine,nes2net_v2_itw_attack,in_the_wild,nes2net_v2,nes2net,fgsm,40.0,0.2574999999999999,0.0562499999999999,0.8255046875000001,1.7945392295551292,0.7192117026738275,1.0753275268813018
runs_fine,nes2net_v2_itw_attack,in_the_wild,nes2net_v2,nes2net,pgd,10.0,0.43125,0.2299999999999999,0.6146203125,2.081990349362163,0.9311503405343332,1.1508400088278297
runs_fine,nes2net_v2_itw_attack,in_the_wild,nes2net_v2,nes2net,pgd,20.0,0.3575,0.15625,0.6930296875,2.2356698273097892,0.8858391907723269,1.3498306365374624
runs_fine,nes2net_v2_itw_attack,in_the_wild,nes2net_v2,nes2net,pgd,30.0,0.323125,0.1218749999999999,0.7407375,2.252627459488285,0.8396922132468614,1.4129352462414235
runs_fine,nes2net_v2_itw_attack,in_the_wild,nes2net_v2,nes2net,pgd,40.0,0.2724999999999999,0.0712499999999999,0.7903046874999999,2.062806782231402,0.772561164609127,1.290245617622275
runs_fine,nes2net_v2_itw_attack,in_the_wild,nes2net_v2,nes2net,pgd_l2,10.0,0.4575,0.25625,0.5403953125000001,2.7640505385268623,0.9685215809836776,1.7955289575431848
runs_fine,nes2net_v2_itw_attack,in_the_wild,nes2net_v2,nes2net,pgd_l2,20.0,0.37375,0.1725,0.6698765625,2.7954378490247613,0.9049934675981592,1.890444381426602
runs_fine,nes2net_v2_itw_attack,in_the_wild,nes2net_v2,nes2net,pgd_l2,30.0,0.3399999999999999,0.1387499999999999,0.7161078125,2.6896697672634904,0.866565025733113,1.8231047415303776
runs_fine,nes2net_v2_itw_attack,in_the_wild,nes2net_v2,nes2net,pgd_l2,40.0,0.306875,0.1056249999999999,0.764828125,2.4004326428135903,0.8059290245610536,1.5945036182525367
runs_fine,nes2net_v2_itw_attack,in_the_wild,nes2net_v2,aasist,fgsm,10.0,0.51875,0.06625,0.4841203124999999,3.2897147158758724,0.990070140348179,2.2996445755276933
runs_fine,nes2net_v2_itw_attack,in_the_wild,nes2net_v2,aasist,fgsm,20.0,0.5075000000000001,0.055,0.4888953125,2.7830625312021495,0.9829114136068284,1.800151117595321
runs_fine,nes2net_v2_itw_attack,in_the_wild,nes2net_v2,aasist,fgsm,30.0,0.47875,0.0262499999999999,0.5356874999999999,2.516715099926816,0.9608090934595644,1.555906006467252
runs_fine,nes2net_v2_itw_attack,in_the_wild,nes2net_v2,aasist,fgsm,40.0,0.45625,0.00375,0.552259375,2.5030250657242905,0.9500276493500326,1.552997416374258
runs_fine,nes2net_v2_itw_attack,in_the_wild,nes2net_v2,aasist,pgd,10.0,0.6225,0.17,0.3309562499999999,3.202963217901802,0.9988112811975328,2.2041519367042692
runs_fine,nes2net_v2_itw_attack,in_the_wild,nes2net_v2,aasist,pgd,20.0,0.54375,0.0912499999999999,0.438728125,2.7340403028448494,0.9854803667553388,1.7485599360895108
runs_fine,nes2net_v2_itw_attack,in_the_wild,nes2net_v2,aasist,pgd,30.0,0.47875,0.0262499999999999,0.5337000000000001,2.4965802492178857,0.958360371335881,1.5382198778820046
runs_fine,nes2net_v2_itw_attack,in_the_wild,nes2net_v2,aasist,pgd,40.0,0.4575,0.005,0.554475,2.4919739626411337,0.9490216095182704,1.542952353122863
runs_fine,nes2net_v2_itw_attack,in_the_wild,nes2net_v2,aasist,pgd_l2,10.0,0.6312500000000001,0.17875,0.3387609375,3.448975238417217,0.997563956289109,2.451411282128108
runs_fine,nes2net_v2_itw_attack,in_the_wild,nes2net_v2,aasist,pgd_l2,20.0,0.560625,0.108125,0.41895625,2.824870484384676,0.9923901950451768,1.8324802893394991
runs_fine,nes2net_v2_itw_attack,in_the_wild,nes2net_v2,aasist,pgd_l2,30.0,0.51125,0.0587499999999999,0.489684375,2.5712364511939327,0.9748043244844184,1.5964321267095145
runs_fine,nes2net_v2_itw_attack,in_the_wild,nes2net_v2,aasist,pgd_l2,40.0,0.46125,0.00875,0.5488515625,2.4526181904989195,0.9521937381347014,1.500424452364218
runs_fine,ssl_aasist_asv21_attack,asvspoof2021_la,ssl_aasist,xlsr_mamba,fgsm,10.0,0.2175,0.1625,0.8238468749999999,0.8760040465385394,0.6714417530884342,0.2045622934501051
runs_fine,ssl_aasist_asv21_attack,asvspoof2021_la,ssl_aasist,xlsr_mamba,fgsm,20.0,0.2125,0.1574999999999999,0.8272968749999999,0.927261597065421,0.6633864803467261,0.2638751167186949
runs_fine,ssl_aasist_asv21_attack,asvspoof2021_la,ssl_aasist,xlsr_mamba,fgsm,30.0,0.15625,0.1012499999999999,0.8630234375000001,0.9735346331985816,0.5728633827006426,0.400671250497939
runs_fine,ssl_aasist_asv21_attack,asvspoof2021_la,ssl_aasist,xlsr_mamba,fgsm,40.0,0.143125,0.088125,0.9123359375,0.8305889476037516,0.4769543988287775,0.353634548774974
runs_fine,ssl_aasist_asv21_attack,asvspoof2021_la,ssl_aasist,xlsr_mamba,pgd,10.0,0.998125,0.943125,0.0004999999999999,6.978672324435147,1.0,5.978672324435147
runs_fine,ssl_aasist_asv21_attack,asvspoof2021_la,ssl_aasist,xlsr_mamba,pgd,20.0,0.9975,0.9425,0.0003921874999999,7.230179577090415,1.0,6.230179577090415
runs_fine,ssl_aasist_asv21_attack,asvspoof2021_la,ssl_aasist,xlsr_mamba,pgd,30.0,0.99,0.935,0.0068765624999999,7.161265858002222,1.0,6.161265858002222
runs_fine,ssl_aasist_asv21_attack,asvspoof2021_la,ssl_aasist,xlsr_mamba,pgd,40.0,0.8225,0.7675,0.1188953124999999,5.835059803183582,1.0,4.835059803183582
runs_fine,ssl_aasist_asv21_attack,asvspoof2021_la,ssl_aasist,xlsr_mamba,pgd_l2,10.0,0.99375,0.93875,0.0004453124999999,6.783135871659804,1.0,5.783135871659804
runs_fine,ssl_aasist_asv21_attack,asvspoof2021_la,ssl_aasist,xlsr_mamba,pgd_l2,20.0,0.95,0.8949999999999999,0.038521875,6.886012878191719,0.99788074408531,5.888132134106409
runs_fine,ssl_aasist_asv21_attack,asvspoof2021_la,ssl_aasist,xlsr_mamba,pgd_l2,30.0,0.89,0.835,0.1123109374999999,6.192296914915516,0.9855493390699622,5.2067475758455535
runs_fine,ssl_aasist_asv21_attack,asvspoof2021_la,ssl_aasist,xlsr_mamba,pgd_l2,40.0,0.6525000000000001,0.5975,0.3584359375,4.673724254797409,0.9737618680763046,3.699962386721104
runs_fine,ssl_aasist_asv21_attack,asvspoof2021_la,ssl_aasist,xlsr_linear,fgsm,10.0,0.358125,0.20375,0.6833171875,1.0012195651735016,0.9113378592976026,0.089881705875899
runs_fine,ssl_aasist_asv21_attack,asvspoof2021_la,ssl_aasist,xlsr_linear,fgsm,20.0,0.2975,0.1431249999999999,0.7562875000000001,0.8725159069192754,0.8317852492330325,0.0407306576862428
runs_fine,ssl_aasist_asv21_attack,asvspoof2021_la,ssl_aasist,xlsr_linear,fgsm,30.0,0.2299999999999999,0.0756249999999999,0.8439249999999999,0.7594556952378853,0.6871602814326235,0.0722954138052617
runs_fine,ssl_aasist_asv21_attack,asvspoof2021_la,ssl_aasist,xlsr_linear,fgsm,40.0,0.1887499999999999,0.0343749999999999,0.88000625,0.6628458291399771,0.598819078012847,0.0640267511271301
runs_fine,ssl_aasist_asv21_attack,asvspoof2021_la,ssl_aasist,xlsr_linear,pgd,10.0,0.6375,0.4831249999999999,0.2993296875,1.7628847631099112,0.999283090161003,0.7636016729489081
runs_fine,ssl_aasist_asv21_attack,asvspoof2021_la,ssl_aasist,xlsr_linear,pgd,20.0,0.743125,0.58875,0.1985499999999999,1.6353314178112204,0.9981224587663742,0.6372089590448462
runs_fine,ssl_aasist_asv21_attack,asvspoof2021_la,ssl_aasist,xlsr_linear,pgd,30.0,0.576875,0.4225,0.3991140625,1.3325615427886963,0.9997291262372128,0.3328324165514837
runs_fine,ssl_aasist_asv21_attack,asvspoof2021_la,ssl_aasist,xlsr_linear,pgd,40.0,0.3825,0.2281249999999999,0.6486000000000001,1.096025428414671,0.9345582835877984,0.1614671448268727
runs_fine,ssl_aasist_asv21_attack,asvspoof2021_la,ssl_aasist,xlsr_linear,pgd_l2,10.0,0.8025,0.648125,0.11531875,2.7094814358751855,1.0,1.7094814358751855
runs_fine,ssl_aasist_asv21_attack,asvspoof2021_la,ssl_aasist,xlsr_linear,pgd_l2,20.0,0.7775,0.6231249999999999,0.159475,2.198490768058008,1.0,1.198490768058008
runs_fine,ssl_aasist_asv21_attack,asvspoof2021_la,ssl_aasist,xlsr_linear,pgd_l2,30.0,0.550625,0.39625,0.4243578125,1.543156478871279,0.9927008501174892,0.5504556287537898
runs_fine,ssl_aasist_asv21_attack,asvspoof2021_la,ssl_aasist,xlsr_linear,pgd_l2,40.0,0.353125,0.1987499999999999,0.7031968749999999,1.0855253250093904,0.8905586522112086,0.1949666727981818
runs_fine,ssl_aasist_asv21_attack,asvspoof2021_la,ssl_aasist,nes2net_v2,fgsm,10.0,0.255625,0.191875,0.806328125,1.9498791647656344,0.7223293566721347,1.2275498080935
runs_fine,ssl_aasist_asv21_attack,asvspoof2021_la,ssl_aasist,nes2net_v2,fgsm,20.0,0.298125,0.234375,0.7544859374999999,2.4358127804563656,0.7621745506529687,1.673638229803397
runs_fine,ssl_aasist_asv21_attack,asvspoof2021_la,ssl_aasist,nes2net_v2,fgsm,30.0,0.275625,0.211875,0.7904921875,2.200178698943769,0.7094115699950001,1.4907671289487687
runs_fine,ssl_aasist_asv21_attack,asvspoof2021_la,ssl_aasist,nes2net_v2,fgsm,40.0,0.194375,0.130625,0.8725390625,1.6239676911719638,0.5661264819646477,1.0578412092073162
runs_fine,ssl_aasist_asv21_attack,asvspoof2021_la,ssl_aasist,nes2net_v2,pgd,10.0,0.99625,0.9325,0.0013640624999999,12.615735865247007,1.0,11.615735865247007
runs_fine,ssl_aasist_asv21_attack,asvspoof2021_la,ssl_aasist,nes2net_v2,pgd,20.0,0.99375,0.93,0.0043609374999999,12.257877716175685,1.0,11.257877716175685
runs_fine,ssl_aasist_asv21_attack,asvspoof2021_la,ssl_aasist,nes2net_v2,pgd,30.0,0.959375,0.8956250000000001,0.0232515624999999,10.185589322363317,0.9995270653805256,9.18606225698279
runs_fine,ssl_aasist_asv21_attack,asvspoof2021_la,ssl_aasist,nes2net_v2,pgd,40.0,0.661875,0.598125,0.28005,6.0327112833789815,0.994840466475302,5.03787081690368
runs_fine,ssl_aasist_asv21_attack,asvspoof2021_la,ssl_aasist,nes2net_v2,pgd_l2,10.0,0.993125,0.929375,0.008084375,12.288578443203342,1.0,11.288578443203342
runs_fine,ssl_aasist_asv21_attack,asvspoof2021_la,ssl_aasist,nes2net_v2,pgd_l2,20.0,0.915,0.8512500000000001,0.058346875,10.579224119886522,0.9974954838807016,9.58172863600582
runs_fine,ssl_aasist_asv21_attack,asvspoof2021_la,ssl_aasist,nes2net_v2,pgd_l2,30.0,0.7475,0.6837500000000001,0.2090406249999999,7.472898999156316,0.9906179024377644,6.482281096718552
runs_fine,ssl_aasist_asv21_attack,asvspoof2021_la,ssl_aasist,nes2net_v2,pgd_l2,40.0,0.423125,0.359375,0.57385,4.392729815146388,0.9644747645865572,3.4282550505598306
runs_fine,ssl_aasist_asv21_attack,asvspoof2021_la,ssl_aasist,wavlm_linear,fgsm,10.0,0.188125,0.020625,0.8534703124999999,4.209071282548076,0.6448345472877709,3.5642367352603053
runs_fine,ssl_aasist_asv21_attack,asvspoof2021_la,ssl_aasist,wavlm_linear,fgsm,20.0,0.2043749999999999,0.0368749999999999,0.8617421874999999,3.1123283152790786,0.6480195615498592,2.464308753729219
runs_fine,ssl_aasist_asv21_attack,asvspoof2021_la,ssl_aasist,wavlm_linear,fgsm,30.0,0.2099999999999999,0.0424999999999999,0.8692515625,2.2005998128841355,0.6355003134554893,1.5650994994286462
runs_fine,ssl_aasist_asv21_attack,asvspoof2021_la,ssl_aasist,wavlm_linear,fgsm,40.0,0.203125,0.035625,0.882946875,1.4080411910614468,0.5994008261779871,0.8086403648834597
runs_fine,ssl_aasist_asv21_attack,asvspoof2021_la,ssl_aasist,wavlm_linear,pgd,10.0,0.255625,0.088125,0.7764656249999999,5.546191086214843,0.782782432120258,4.763408654094585
runs_fine,ssl_aasist_asv21_attack,asvspoof2021_la,ssl_aasist,wavlm_linear,pgd,20.0,0.279375,0.111875,0.7776140625000001,4.280522641327061,0.7975753587838267,3.4829472825432344
runs_fine,ssl_aasist_asv21_attack,asvspoof2021_la,ssl_aasist,wavlm_linear,pgd,30.0,0.26625,0.09875,0.8076296875,2.6290853066963034,0.7581319539937328,1.8709533527025703
runs_fine,ssl_aasist_asv21_attack,asvspoof2021_la,ssl_aasist,wavlm_linear,pgd,40.0,0.2362499999999999,0.0687499999999999,0.8494359375,1.6481527200325905,0.6711865774297493,0.9769661426028412
runs_fine,ssl_aasist_asv21_attack,asvspoof2021_la,ssl_aasist,wavlm_linear,pgd_l2,10.0,0.245,0.0775,0.7789249999999999,4.892266696685773,0.7694080067549787,4.122858689930794
runs_fine,ssl_aasist_asv21_attack,asvspoof2021_la,ssl_aasist,wavlm_linear,pgd_l2,20.0,0.2462499999999999,0.0787499999999999,0.794896875,3.398900321495863,0.7613008575250984,2.6375994639707647
runs_fine,ssl_aasist_asv21_attack,asvspoof2021_la,ssl_aasist,wavlm_linear,pgd_l2,30.0,0.24,0.0725,0.8343,2.2324185367822493,0.7075911285594879,1.5248274082227615
runs_fine,ssl_aasist_asv21_attack,asvspoof2021_la,ssl_aasist,wavlm_linear,pgd_l2,40.0,0.2175,0.05,0.86663515625,1.611857231954309,0.6359833398863132,0.9758738920679958
runs_fine,ssl_aasist_asv21_attack,asvspoof2021_la,ssl_aasist,nes2net,fgsm,10.0,0.3818749999999999,0.2143749999999999,0.6716187499999999,1.3027957490458169,0.8992969265166919,0.4034988225291249
runs_fine,ssl_aasist_asv21_attack,asvspoof2021_la,ssl_aasist,nes2net,fgsm,20.0,0.3199999999999999,0.1524999999999999,0.7342031250000001,1.6467159241818,0.8377255051373407,0.8089904190444595
runs_fine,ssl_aasist_asv21_attack,asvspoof2021_la,ssl_aasist,nes2net,fgsm,30.0,0.265625,0.098125,0.7917796874999999,1.91952787622752,0.7691612297907466,1.1503666464367734
runs_fine,ssl_aasist_asv21_attack,asvspoof2021_la,ssl_aasist,nes2net,fgsm,40.0,0.2225,0.055,0.845925,2.0260086452604513,0.6799558821338461,1.3460527631266053
runs_fine,ssl_aasist_asv21_attack,asvspoof2021_la,ssl_aasist,nes2net,pgd,10.0,0.7075,0.54,0.23905,2.3422291875424244,0.9990762799093728,1.3431529076330515
runs_fine,ssl_aasist_asv21_attack,asvspoof2021_la,ssl_aasist,nes2net,pgd,20.0,0.474375,0.306875,0.5352812499999999,2.253542758445616,0.97911968728272,1.274423071162896
runs_fine,ssl_aasist_asv21_attack,asvspoof2021_la,ssl_aasist,nes2net,pgd,30.0,0.3662499999999999,0.1987499999999999,0.6718062499999999,2.417947027929815,0.9217301757827224,1.4962168521470929
runs_fine,ssl_aasist_asv21_attack,asvspoof2021_la,ssl_aasist,nes2net,pgd,40.0,0.285625,0.118125,0.768875,2.455321814216761,0.8162936042669686,1.6390282099497926
runs_fine,ssl_aasist_asv21_attack,asvspoof2021_la,ssl_aasist,nes2net,pgd_l2,10.0,0.551875,0.384375,0.4315593749999999,2.583474533907991,0.9892920216741508,1.5941825122338402
runs_fine,ssl_aasist_asv21_attack,asvspoof2021_la,ssl_aasist,nes2net,pgd_l2,20.0,0.423125,0.255625,0.58889375,2.670745604181692,0.9607822342404202,1.7099633699412715
runs_fine,ssl_aasist_asv21_attack,asvspoof2021_la,ssl_aasist,nes2net,pgd_l2,30.0,0.310625,0.143125,0.7450140624999999,2.6839439221076904,0.8480481822085013,1.835895739899189
runs_fine,ssl_aasist_asv21_attack,asvspoof2021_la,ssl_aasist,nes2net,pgd_l2,40.0,0.26,0.0925,0.8164765624999999,2.5178279918668176,0.7460997090946717,1.771728282772146
runs_fine,ssl_aasist_asv21_attack,asvspoof2021_la,ssl_aasist,aasist,fgsm,10.0,0.411875,0.2624999999999999,0.6343859374999999,5.228603641654809,0.9377034281291796,4.29090021352563
runs_fine,ssl_aasist_asv21_attack,asvspoof2021_la,ssl_aasist,aasist,fgsm,20.0,0.265625,0.1162499999999999,0.8202281250000001,3.353830863628052,0.7134830566605166,2.6403478069675357
runs_fine,ssl_aasist_asv21_attack,asvspoof2021_la,ssl_aasist,aasist,fgsm,30.0,0.14625,-0.003125,0.9229453125,1.465493975687749,0.4577056412960835,1.0077883343916656
runs_fine,ssl_aasist_asv21_attack,asvspoof2021_la,ssl_aasist,aasist,fgsm,40.0,0.1375,-0.011875,0.9414265625,1.246582195816019,0.3968286618590276,0.8497535339569915
runs_fine,ssl_aasist_asv21_attack,asvspoof2021_la,ssl_aasist,aasist,pgd,10.0,0.3456249999999999,0.1962499999999999,0.717265625,3.947814512695116,0.8705576116706693,3.0772569010244473
runs_fine,ssl_aasist_asv21_attack,asvspoof2021_la,ssl_aasist,aasist,pgd,20.0,0.21125,0.0618749999999999,0.8715406250000001,2.054880466477399,0.5898637360881824,1.4650167303892168
runs_fine,ssl_aasist_asv21_attack,asvspoof2021_la,ssl_aasist,aasist,pgd,30.0,0.1475,-0.001875,0.930653125,1.2658875834116563,0.4289890034502717,0.8368985799613846
runs_fine,ssl_aasist_asv21_attack,asvspoof2021_la,ssl_aasist,aasist,pgd,40.0,0.13375,-0.015625,0.9421484375,1.261331929644901,0.3939250285890356,0.8674069010558654
runs_fine,ssl_aasist_asv21_attack,asvspoof2021_la,ssl_aasist,aasist,pgd_l2,10.0,0.373125,0.22375,0.6720843750000001,4.59047639922451,0.9193226284501624,3.671153770774348
runs_fine,ssl_aasist_asv21_attack,asvspoof2021_la,ssl_aasist,aasist,pgd_l2,20.0,0.255,0.1056249999999999,0.82616953125,2.987809802537949,0.7029560597284217,2.2848537428095272
runs_fine,ssl_aasist_asv21_attack,asvspoof2021_la,ssl_aasist,aasist,pgd_l2,30.0,0.159375,0.0099999999999999,0.9171875,1.584363050319946,0.4766931417795118,1.107669908540434
runs_fine,ssl_aasist_asv21_attack,asvspoof2021_la,ssl_aasist,aasist,pgd_l2,40.0,0.13375,-0.015625,0.941209375,1.1976650075870234,0.3924132094197124,0.805251798167311
runs_fine,ssl_aasist_itw_attack,in_the_wild,ssl_aasist,xlsr_mamba,fgsm,10.0,0.741875,0.67375,0.2046953125,2.9947871523217886,1.0,1.9947871523217888
runs_fine,ssl_aasist_itw_attack,in_the_wild,ssl_aasist,xlsr_mamba,fgsm,20.0,0.735625,0.6675,0.2002765625,3.548743410889042,0.9999999999999996,2.5487434108890423
runs_fine,ssl_aasist_itw_attack,in_the_wild,ssl_aasist,xlsr_mamba,fgsm,30.0,0.6,0.531875,0.357909375,3.872395599696979,0.9989296945026168,2.8734659051943625
runs_fine,ssl_aasist_itw_attack,in_the_wild,ssl_aasist,xlsr_mamba,fgsm,40.0,0.316875,0.24875,0.7157765624999999,3.206825610662057,0.8558012017809593,2.3510244088810976
runs_fine,ssl_aasist_itw_attack,in_the_wild,ssl_aasist,xlsr_mamba,pgd,10.0,0.999375,0.93125,0.0007390624999999,8.30759624617742,1.0,7.30759624617742
runs_fine,ssl_aasist_itw_attack,in_the_wild,ssl_aasist,xlsr_mamba,pgd,20.0,0.998125,0.93,0.0004937499999999,8.854582899625749,1.0,7.854582899625749
runs_fine,ssl_aasist_itw_attack,in_the_wild,ssl_aasist,xlsr_mamba,pgd,30.0,0.985625,0.9175,0.0038578124999999,8.442934548302526,1.0,7.442934548302526
runs_fine,ssl_aasist_itw_attack,in_the_wild,ssl_aasist,xlsr_mamba,pgd,40.0,0.721875,0.65375,0.1993125,5.461022941801863,0.9998173055923708,4.461205636209492
runs_fine,ssl_aasist_itw_attack,in_the_wild,ssl_aasist,xlsr_mamba,pgd_l2,10.0,0.999375,0.93125,1.2499999999999736e-05,7.991625027337543,1.0,6.991625027337543
runs_fine,ssl_aasist_itw_attack,in_the_wild,ssl_aasist,xlsr_mamba,pgd_l2,20.0,0.995625,0.9275,0.0009343749999999,8.451548705390117,1.0,7.451548705390117
runs_fine,ssl_aasist_itw_attack,in_the_wild,ssl_aasist,xlsr_mamba,pgd_l2,30.0,0.94875,0.880625,0.0311234374999999,7.615377435467412,1.0,6.615377435467412
runs_fine,ssl_aasist_itw_attack,in_the_wild,ssl_aasist,xlsr_mamba,pgd_l2,40.0,0.6950000000000001,0.6268750000000001,0.254959375,5.221322926338073,0.9889900454558482,4.2323328808822245
runs_fine,ssl_aasist_itw_attack,in_the_wild,ssl_aasist,xlsr_linear,fgsm,10.0,0.580625,0.308125,0.40120625,1.3924502195506523,0.9981247203993378,0.3943254991513147
runs_fine,ssl_aasist_itw_attack,in_the_wild,ssl_aasist,xlsr_linear,fgsm,20.0,0.60375,0.33125,0.3534875,1.4617677413371843,0.9981446555261082,0.4636230858110761
runs_fine,ssl_aasist_itw_attack,in_the_wild,ssl_aasist,xlsr_linear,fgsm,30.0,0.5700000000000001,0.2975000000000001,0.3997765625,1.5497463807289242,1.0,0.5497463807289242
runs_fine,ssl_aasist_itw_attack,in_the_wild,ssl_aasist,xlsr_linear,fgsm,40.0,0.43625,0.16375,0.5830828124999999,1.4889141564611974,0.9731518629004544,0.5157622935607429
runs_fine,ssl_aasist_itw_attack,in_the_wild,ssl_aasist,xlsr_linear,pgd,10.0,0.803125,0.530625,0.12763125,2.3619833931364553,0.9987488718727474,1.363234521263708
runs_fine,ssl_aasist_itw_attack,in_the_wild,ssl_aasist,xlsr_linear,pgd,20.0,0.800625,0.5281250000000001,0.118578125,2.3170084173553884,0.999374718595968,1.3176336987594204
runs_fine,ssl_aasist_itw_attack,in_the_wild,ssl_aasist,xlsr_linear,pgd,30.0,0.7075,0.435,0.2138828125,2.1483226617511084,0.9981224619522752,1.1502001997988331
runs_fine,ssl_aasist_itw_attack,in_the_wild,ssl_aasist,xlsr_linear,pgd,40.0,0.545625,0.273125,0.4516281249999999,1.816470169357097,0.9965650768397994,0.8199050925172976
runs_fine,ssl_aasist_itw_attack,in_the_wild,ssl_aasist,xlsr_linear,pgd_l2,10.0,0.855625,0.583125,0.0710062499999999,3.186807228737671,0.9987488732869292,2.1880583554507416
runs_fine,ssl_aasist_itw_attack,in_the_wild,ssl_aasist,xlsr_linear,pgd_l2,20.0,0.84125,0.5687500000000001,0.0851625,2.681544048449484,0.9987488732869296,1.6827951751625547
runs_fine,ssl_aasist_itw_attack,in_the_wild,ssl_aasist,xlsr_linear,pgd_l2,30.0,0.74875,0.47625,0.17670625,2.30174911965577,1.0,1.3017491196557698
runs_fine,ssl_aasist_itw_attack,in_the_wild,ssl_aasist,xlsr_linear,pgd_l2,40.0,0.555625,0.283125,0.4265859375,1.8926802602602908,0.9968153456414264,0.8958649146188644
runs_fine,ssl_aasist_itw_attack,in_the_wild,ssl_aasist,nes2net_v2,fgsm,10.0,0.68125,0.601875,0.2528984374999999,5.618142555853118,0.9985942593596412,4.619548296493477
runs_fine,ssl_aasist_itw_attack,in_the_wild,ssl_aasist,nes2net_v2,fgsm,20.0,0.70875,0.629375,0.211275,6.280332894617993,0.9987488732869292,5.281584021331064
runs_fine,ssl_aasist_itw_attack,in_the_wild,ssl_aasist,nes2net_v2,fgsm,30.0,0.61375,0.534375,0.3191140625,5.512501129510037,1.0,4.512501129510037
runs_fine,ssl_aasist_itw_attack,in_the_wild,ssl_aasist,nes2net_v2,fgsm,40.0,0.3781249999999999,0.2987499999999999,0.6408828124999999,3.465377613507872,0.9416210778534424,2.52375653565443
runs_fine,ssl_aasist_itw_attack,in_the_wild,ssl_aasist,nes2net_v2,pgd,10.0,0.996875,0.9175,1.7187499999999635e-05,14.228479670137869,1.0,13.228479670137869
runs_fine,ssl_aasist_itw_attack,in_the_wild,ssl_aasist,nes2net_v2,pgd,20.0,0.995,0.915625,0.0003999999999999,14.003183202375356,1.0,13.003183202375356
runs_fine,ssl_aasist_itw_attack,in_the_wild,ssl_aasist,nes2net_v2,pgd,30.0,0.97625,0.8968750000000001,0.0075781249999999,12.352972901106238,0.9993747189490714,11.353598182157167
runs_fine,ssl_aasist_itw_attack,in_the_wild,ssl_aasist,nes2net_v2,pgd,40.0,0.69625,0.6168750000000001,0.2284281249999999,5.8488810884558555,0.9999999999999998,4.8488810884558555
runs_fine,ssl_aasist_itw_attack,in_the_wild,ssl_aasist,nes2net_v2,pgd_l2,10.0,0.999375,0.92,4.6874999999999e-06,14.158973984978823,1.0,13.158973984978823
runs_fine,ssl_aasist_itw_attack,in_the_wild,ssl_aasist,nes2net_v2,pgd_l2,20.0,0.993125,0.91375,0.0010015625,13.47644941073488,1.0,12.47644941073488
runs_fine,ssl_aasist_itw_attack,in_the_wild,ssl_aasist,nes2net_v2,pgd_l2,30.0,0.928125,0.84875,0.0336343749999999,11.228323494549937,0.9993747189490708,10.228948775600864
runs_fine,ssl_aasist_itw_attack,in_the_wild,ssl_aasist,nes2net_v2,pgd_l2,40.0,0.6637500000000001,0.5843750000000001,0.2645953125,6.043344231518105,1.0,5.043344231518105
runs_fine,ssl_aasist_itw_attack,in_the_wild,ssl_aasist,wavlm_linear,fgsm,10.0,0.390625,0.1887499999999999,0.63085625,8.51071294456259,0.94704730145196,7.56366564311063
runs_fine,ssl_aasist_itw_attack,in_the_wild,ssl_aasist,wavlm_linear,fgsm,20.0,0.37875,0.176875,0.64404375,6.853344597460167,0.9400670992158616,5.913277498244306
runs_fine,ssl_aasist_itw_attack,in_the_wild,ssl_aasist,wavlm_linear,fgsm,30.0,0.3349999999999999,0.1331249999999999,0.708740625,5.079450520005131,0.8877807188128461,4.191669801192285
runs_fine,ssl_aasist_itw_attack,in_the_wild,ssl_aasist,wavlm_linear,fgsm,40.0,0.27,0.0681249999999999,0.7929437500000001,3.909955387828558,0.7807366117729497,3.129218776055608
runs_fine,ssl_aasist_itw_attack,in_the_wild,ssl_aasist,wavlm_linear,pgd,10.0,0.535625,0.33375,0.4286796875000001,9.111649201667936,0.9978160520939732,8.113833149573964
runs_fine,ssl_aasist_itw_attack,in_the_wild,ssl_aasist,wavlm_linear,pgd,20.0,0.4225,0.2206249999999999,0.5827609374999999,7.158676773070457,0.9750220889265024,6.183654684143955
runs_fine,ssl_aasist_itw_attack,in_the_wild,ssl_aasist,wavlm_linear,pgd,30.0,0.344375,0.1424999999999999,0.6993421875000001,5.090966010869222,0.8983038219496302,4.192662188919591
runs_fine,ssl_aasist_itw_attack,in_the_wild,ssl_aasist,wavlm_linear,pgd,40.0,0.279375,0.0775,0.7755531250000001,3.9889548646804514,0.8035887135085735,3.185366151171878
runs_fine,ssl_aasist_itw_attack,in_the_wild,ssl_aasist,wavlm_linear,pgd_l2,10.0,0.5,0.298125,0.4703765625,8.565180108067656,0.9964152500406144,7.568764858027041
runs_fine,ssl_aasist_itw_attack,in_the_wild,ssl_aasist,wavlm_linear,pgd_l2,20.0,0.42625,0.224375,0.5887578125,6.709547528945703,0.9717211280339452,5.737826400911758
runs_fine,ssl_aasist_itw_attack,in_the_wild,ssl_aasist,wavlm_linear,pgd_l2,30.0,0.34125,0.139375,0.7001453125000001,4.997380031546443,0.8949456658556487,4.102434365690795
runs_fine,ssl_aasist_itw_attack,in_the_wild,ssl_aasist,wavlm_linear,pgd_l2,40.0,0.28125,0.0793749999999999,0.7821328125,3.9931445836982578,0.7941593960321952,3.1989851876660627
runs_fine,ssl_aasist_itw_attack,in_the_wild,ssl_aasist,nes2net,fgsm,10.0,0.35875,0.1574999999999999,0.6942703125,1.4105498455059438,0.9018329591691886,0.5087168863367552
runs_fine,ssl_aasist_itw_attack,in_the_wild,ssl_aasist,nes2net,fgsm,20.0,0.38,0.1787499999999999,0.6698109375000001,1.9143736580696644,0.9176535754508148,0.9967200826188496
runs_fine,ssl_aasist_itw_attack,in_the_wild,ssl_aasist,nes2net,fgsm,30.0,0.35375,0.1524999999999999,0.71025,2.1468414796350515,0.8725881813975508,1.2742532982375008
runs_fine,ssl_aasist_itw_attack,in_the_wild,ssl_aasist,nes2net,fgsm,40.0,0.29125,0.0899999999999999,0.774925,2.0491659930167736,0.7947469768798304,1.2544190161369433
runs_fine,ssl_aasist_itw_attack,in_the_wild,ssl_aasist,nes2net,pgd,10.0,0.6,0.3987499999999999,0.3780484375,2.47313176159195,0.9869640771566108,1.486167684435339
runs_fine,ssl_aasist_itw_attack,in_the_wild,ssl_aasist,nes2net,pgd,20.0,0.4975,0.29625,0.5008828125,2.580654729506896,0.9609743684484476,1.6196803610584487
runs_fine,ssl_aasist_itw_attack,in_the_wild,ssl_aasist,nes2net,pgd,30.0,0.4325,0.2312499999999999,0.590034375,2.615295770902465,0.94255711545988,1.6727386554425852
runs_fine,ssl_aasist_itw_attack,in_the_wild,ssl_aasist,nes2net,pgd,40.0,0.34375,0.1424999999999999,0.698521875,2.332240835412248,0.8811257428049364,1.4511150926073115
runs_fine,ssl_aasist_itw_attack,in_the_wild,ssl_aasist,nes2net,pgd_l2,10.0,0.576875,0.375625,0.3838578124999999,2.864796574512081,0.9946049606677532,1.870191613844328
runs_fine,ssl_aasist_itw_attack,in_the_wild,ssl_aasist,nes2net,pgd_l2,20.0,0.4756249999999999,0.2743749999999999,0.5147515625000001,2.9125993922546662,0.9713225797064236,1.9412768125482427
runs_fine,ssl_aasist_itw_attack,in_the_wild,ssl_aasist,nes2net,pgd_l2,30.0,0.4275,0.2262499999999999,0.595909375,2.861103244500398,0.9483119747171938,1.9127912697832044
runs_fine,ssl_aasist_itw_attack,in_the_wild,ssl_aasist,nes2net,pgd_l2,40.0,0.3512499999999999,0.1499999999999999,0.704896875,2.5267763400884338,0.8737071589909648,1.653069181097469
runs_fine,ssl_aasist_itw_attack,in_the_wild,ssl_aasist,aasist,fgsm,10.0,0.6168750000000001,0.164375,0.3539609375,3.469055079357284,0.9950233254096208,2.474031753947663
runs_fine,ssl_aasist_itw_attack,in_the_wild,ssl_aasist,aasist,fgsm,20.0,0.568125,0.1156249999999999,0.4074375,3.048500115850686,0.9939295634904216,2.054570552360264
runs_fine,ssl_aasist_itw_attack,in_the_wild,ssl_aasist,aasist,fgsm,30.0,0.5137499999999999,0.0612499999999999,0.4931999999999999,2.710029321578069,0.9755672126339432,1.734462108944126
runs_fine,ssl_aasist_itw_attack,in_the_wild,ssl_aasist,aasist,fgsm,40.0,0.4712499999999999,0.0187499999999999,0.5394796875,2.5607971652455195,0.9573233242175488,1.6034738410279707
runs_fine,ssl_aasist_itw_attack,in_the_wild,ssl_aasist,aasist,pgd,10.0,0.6793750000000001,0.226875,0.2556296875,3.695567465832627,0.9993747189490708,2.6961927468835563
runs_fine,ssl_aasist_itw_attack,in_the_wild,ssl_aasist,aasist,pgd,20.0,0.619375,0.166875,0.3455828125,3.2364927759707243,0.9970308137857586,2.239461962184966
runs_fine,ssl_aasist_itw_attack,in_the_wild,ssl_aasist,aasist,pgd,30.0,0.519375,0.066875,0.4866015625,2.708076566121615,0.9743060131067116,1.7337705530149037
runs_fine,ssl_aasist_itw_attack,in_the_wild,ssl_aasist,aasist,pgd,40.0,0.4706249999999999,0.0181249999999999,0.5372484375000001,2.5758927900828152,0.9573482743095644,1.6185445157732508
runs_fine,ssl_aasist_itw_attack,in_the_wild,ssl_aasist,aasist,pgd_l2,10.0,0.675,0.2225,0.2797734375,3.581930714748218,0.9985843352125204,2.5833463795356977
runs_fine,ssl_aasist_itw_attack,in_the_wild,ssl_aasist,aasist,pgd_l2,20.0,0.605,0.1524999999999999,0.35213125,3.1065085904360905,0.997920633884878,2.1085879565512125
runs_fine,ssl_aasist_itw_attack,in_the_wild,ssl_aasist,aasist,pgd_l2,30.0,0.5375,0.0849999999999999,0.451490625,2.7871118599285705,0.9824653400380704,1.8046465198905
runs_fine,ssl_aasist_itw_attack,in_the_wild,ssl_aasist,aasist,pgd_l2,40.0,0.4825,0.03,0.5272703125,2.5600587826198193,0.9609177394465068,1.5991410431733126
runs_fine,wavlm_linear_asv21_attack,asvspoof2021_la,wavlm_linear,xlsr_mamba,fgsm,10.0,0.1212499999999999,0.0662499999999999,0.927875,0.5009368758834652,0.434997268333635,0.0659396075498301
runs_fine,wavlm_linear_asv21_attack,asvspoof2021_la,wavlm_linear,xlsr_mamba,fgsm,20.0,0.1099999999999999,0.0549999999999999,0.941828125,0.4373324956349261,0.3885192724918274,0.0488132231430987
runs_fine,wavlm_linear_asv21_attack,asvspoof2021_la,wavlm_linear,xlsr_mamba,fgsm,30.0,0.1006249999999999,0.0456249999999999,0.95595,0.4511723916371233,0.3373799223376617,0.1137924692994616
runs_fine,wavlm_linear_asv21_attack,asvspoof2021_la,wavlm_linear,xlsr_mamba,fgsm,40.0,0.0893749999999999,0.0343749999999999,0.9710125,0.4172487520216565,0.2603530960361394,0.1568956559855172
runs_fine,wavlm_linear_asv21_attack,asvspoof2021_la,wavlm_linear,xlsr_mamba,pgd,10.0,0.423125,0.368125,0.5886921875,1.4072738133663067,0.9308911000677332,0.4763827132985736
runs_fine,wavlm_linear_asv21_attack,asvspoof2021_la,wavlm_linear,xlsr_mamba,pgd,20.0,0.20625,0.15125,0.8284218749999999,0.8979379408094355,0.6633848551419959,0.2345530856674396
runs_fine,wavlm_linear_asv21_attack,asvspoof2021_la,wavlm_linear,xlsr_mamba,pgd,30.0,0.125625,0.070625,0.9231671875,0.6450395652093643,0.448670241972916,0.1963693232364483
runs_fine,wavlm_linear_asv21_attack,asvspoof2021_la,wavlm_linear,xlsr_mamba,pgd,40.0,0.098125,0.043125,0.966646875,0.4562839261675829,0.2768889855280965,0.1793949406394864
runs_fine,wavlm_linear_asv21_attack,asvspoof2021_la,wavlm_linear,xlsr_mamba,pgd_l2,10.0,0.3924999999999999,0.3374999999999999,0.6234578125,1.3930326540411897,0.9368093360345908,0.4562233180065986
runs_fine,wavlm_linear_asv21_attack,asvspoof2021_la,wavlm_linear,xlsr_mamba,pgd_l2,20.0,0.16,0.105,0.8644421875,0.7824773236803564,0.5941367417594318,0.1883405819209246
runs_fine,wavlm_linear_asv21_attack,asvspoof2021_la,wavlm_linear,xlsr_mamba,pgd_l2,30.0,0.110625,0.055625,0.940821875,0.5722998843509012,0.3915754982291538,0.1807243861217473
runs_fine,wavlm_linear_asv21_attack,asvspoof2021_la,wavlm_linear,xlsr_mamba,pgd_l2,40.0,0.093125,0.038125,0.9705265625,0.4295816537362869,0.263794005712625,0.1657876480236618
runs_fine,wavlm_linear_asv21_attack,asvspoof2021_la,wavlm_linear,ssl_aasist,fgsm,10.0,0.109375,0.035,0.93649375,0.9061931324052238,0.405932449091379,0.5002606833138448
runs_fine,wavlm_linear_asv21_attack,asvspoof2021_la,wavlm_linear,ssl_aasist,fgsm,20.0,0.1056249999999999,0.0312499999999999,0.9542015625,0.9077666524791996,0.3155787921769945,0.592187860302205
runs_fine,wavlm_linear_asv21_attack,asvspoof2021_la,wavlm_linear,ssl_aasist,fgsm,30.0,0.099375,0.025,0.9607609375,0.8916868853004357,0.2691155744703845,0.6225713108300512
runs_fine,wavlm_linear_asv21_attack,asvspoof2021_la,wavlm_linear,ssl_aasist,fgsm,40.0,0.101875,0.0274999999999999,0.9645875,0.8622436700549342,0.2477747994012547,0.6144688706536794
runs_fine,wavlm_linear_asv21_attack,asvspoof2021_la,wavlm_linear,ssl_aasist,pgd,10.0,0.185625,0.11125,0.816328125,1.8766677703133252,0.6666938326565888,1.2099739376567364
runs_fine,wavlm_linear_asv21_attack,asvspoof2021_la,wavlm_linear,ssl_aasist,pgd,20.0,0.119375,0.045,0.904490625,1.32996295501576,0.4850413809041873,0.8449215741115728
runs_fine,wavlm_linear_asv21_attack,asvspoof2021_la,wavlm_linear,ssl_aasist,pgd,30.0,0.101875,0.0275,0.9444875,1.0289312422206462,0.334841474703286,0.6940897675173602
runs_fine,wavlm_linear_asv21_attack,asvspoof2021_la,wavlm_linear,ssl_aasist,pgd,40.0,0.1075,0.033125,0.962740625,0.890884349368163,0.2624918293809857,0.6283925199871772
runs_fine,wavlm_linear_asv21_attack,asvspoof2021_la,wavlm_linear,ssl_aasist,pgd_l2,10.0,0.1825,0.108125,0.810178125,1.9203791389401133,0.6689885142965881,1.2513906246435251
runs_fine,wavlm_linear_asv21_attack,asvspoof2021_la,wavlm_linear,ssl_aasist,pgd_l2,20.0,0.1149999999999999,0.0406249999999999,0.92348125,1.1431792465236963,0.4415199346916919,0.7016593118320046
runs_fine,wavlm_linear_asv21_attack,asvspoof2021_la,wavlm_linear,ssl_aasist,pgd_l2,30.0,0.0993749999999999,0.0249999999999999,0.9531671875,0.936421213843063,0.3076599911613933,0.6287612226816697
runs_fine,wavlm_linear_asv21_attack,asvspoof2021_la,wavlm_linear,ssl_aasist,pgd_l2,40.0,0.0931249999999999,0.0187499999999999,0.9648468750000002,0.8641588437799873,0.2481016990120724,0.6160571447679148
runs_fine,wavlm_linear_asv21_attack,asvspoof2021_la,wavlm_linear,xlsr_linear,fgsm,10.0,0.340625,0.18625,0.7110875,0.9190783278041064,0.8887336182099257,0.0303447095941806
runs_fine,wavlm_linear_asv21_attack,asvspoof2021_la,wavlm_linear,xlsr_linear,fgsm,20.0,0.29,0.135625,0.7780890625,0.8721521167183646,0.7992549051335367,0.0728972115848278
runs_fine,wavlm_linear_asv21_attack,asvspoof2021_la,wavlm_linear,xlsr_linear,fgsm,30.0,0.2262499999999999,0.0718749999999999,0.8475546874999998,0.7449665888941741,0.6810342263492376,0.0639323625449365
runs_fine,wavlm_linear_asv21_attack,asvspoof2021_la,wavlm_linear,xlsr_linear,fgsm,40.0,0.179375,0.0249999999999999,0.88845,0.6405202477652931,0.5800238673016576,0.0604963804636355
runs_fine,wavlm_linear_asv21_attack,asvspoof2021_la,wavlm_linear,xlsr_linear,pgd,10.0,0.6125,0.458125,0.3416515624999999,1.3231262435179767,0.9987920714579815,0.324334172059995
runs_fine,wavlm_linear_asv21_attack,asvspoof2021_la,wavlm_linear,xlsr_linear,pgd,20.0,0.48,0.3256249999999999,0.5366093749999999,1.0942019967388743,0.9814233422285688,0.1127786545103057
runs_fine,wavlm_linear_asv21_attack,asvspoof2021_la,wavlm_linear,xlsr_linear,pgd,30.0,0.235,0.0806249999999999,0.8273171875,0.7718035210636933,0.7153744588906639,0.0564290621730294
runs_fine,wavlm_linear_asv21_attack,asvspoof2021_la,wavlm_linear,xlsr_linear,pgd,40.0,0.16625,0.0118749999999999,0.895378125,0.6539252943224507,0.5553631161744298,0.0985621781480209
runs_fine,wavlm_linear_asv21_attack,asvspoof2021_la,wavlm_linear,xlsr_linear,pgd_l2,10.0,0.6725,0.518125,0.273125,1.7111234476787858,1.0,0.7111234476787858
runs_fine,wavlm_linear_asv21_attack,asvspoof2021_la,wavlm_linear,xlsr_linear,pgd_l2,20.0,0.529375,0.375,0.4755921875,1.276413950039674,0.992067093969706,0.2843468560699681
runs_fine,wavlm_linear_asv21_attack,asvspoof2021_la,wavlm_linear,xlsr_linear,pgd_l2,30.0,0.295,0.140625,0.7638687500000001,0.8970081971733632,0.8222542715697296,0.0747539256036335
runs_fine,wavlm_linear_asv21_attack,asvspoof2021_la,wavlm_linear,xlsr_linear,pgd_l2,40.0,0.1962499999999999,0.0418749999999999,0.8750406249999999,0.7300302568863453,0.6189267383891344,0.1111035184972109
runs_fine,wavlm_linear_asv21_attack,asvspoof2021_la,wavlm_linear,nes2net_v2,fgsm,10.0,0.1087499999999999,0.045,0.93756875,0.6740531534115102,0.3257548951912207,0.3482982582202895
runs_fine,wavlm_linear_asv21_attack,asvspoof2021_la,wavlm_linear,nes2net_v2,fgsm,20.0,0.0943749999999999,0.030625,0.9406453125,0.6575502950346833,0.2965358618642253,0.3610144331704579
runs_fine,wavlm_linear_asv21_attack,asvspoof2021_la,wavlm_linear,nes2net_v2,fgsm,30.0,0.0899999999999999,0.0262499999999999,0.951184375,0.7113393272995159,0.2960937758879627,0.4152455514115531
runs_fine,wavlm_linear_asv21_attack,asvspoof2021_la,wavlm_linear,nes2net_v2,fgsm,40.0,0.081875,0.018125,0.95555625,0.7164987067783498,0.2784424270945996,0.4380562796837501
runs_fine,wavlm_linear_asv21_attack,asvspoof2021_la,wavlm_linear,nes2net_v2,pgd,10.0,0.304375,0.2406250000000001,0.7578140625,2.056932520745382,0.8139445222686372,1.242987998476745
runs_fine,wavlm_linear_asv21_attack,asvspoof2021_la,wavlm_linear,nes2net_v2,pgd,20.0,0.18,0.11625,0.8811171874999999,1.3490679161437291,0.5690099778730477,0.7800579382706816
runs_fine,wavlm_linear_asv21_attack,asvspoof2021_la,wavlm_linear,nes2net_v2,pgd,30.0,0.1274999999999999,0.0637499999999999,0.925025,1.052926798807032,0.4165018748607053,0.6364249239463268
runs_fine,wavlm_linear_asv21_attack,asvspoof2021_la,wavlm_linear,nes2net_v2,pgd,40.0,0.0949999999999999,0.03125,0.9496296875,0.8140944136918072,0.3204961532275191,0.4935982604642881
runs_fine,wavlm_linear_asv21_attack,asvspoof2021_la,wavlm_linear,nes2net_v2,pgd_l2,10.0,0.27125,0.2075,0.784865625,1.721899487368748,0.7744163227836514,0.9474831645850968
runs_fine,wavlm_linear_asv21_attack,asvspoof2021_la,wavlm_linear,nes2net_v2,pgd_l2,20.0,0.155625,0.091875,0.8990656250000001,1.1098403548265905,0.4981202212793117,0.6117201335472787
runs_fine,wavlm_linear_asv21_attack,asvspoof2021_la,wavlm_linear,nes2net_v2,pgd_l2,30.0,0.10625,0.0425,0.9347890625000002,0.8146522615619846,0.3444648136260175,0.470187447935967
runs_fine,wavlm_linear_asv21_attack,asvspoof2021_la,wavlm_linear,nes2net_v2,pgd_l2,40.0,0.09,0.02625,0.9551265625,0.6787388642125335,0.2814013445868875,0.397337519625646
runs_fine,wavlm_linear_asv21_attack,asvspoof2021_la,wavlm_linear,nes2net,fgsm,10.0,0.4325,0.265,0.5986859375,1.519518039522296,0.9611532259637748,0.5583648135585212
runs_fine,wavlm_linear_asv21_attack,asvspoof2021_la,wavlm_linear,nes2net,fgsm,20.0,0.4081249999999999,0.2406249999999999,0.6067875,2.0010019443824243,0.948230973619077,1.0527709707633472
runs_fine,wavlm_linear_asv21_attack,asvspoof2021_la,wavlm_linear,nes2net,fgsm,30.0,0.375625,0.208125,0.6511148437500001,2.262007146808923,0.915000258681594,1.347006888127329
runs_fine,wavlm_linear_asv21_attack,asvspoof2021_la,wavlm_linear,nes2net,fgsm,40.0,0.31625,0.14875,0.7404140625,2.3221938686099617,0.8405448906523303,1.4816489779576314
runs_fine,wavlm_linear_asv21_attack,asvspoof2021_la,wavlm_linear,nes2net,pgd,10.0,0.845625,0.678125,0.0781375,3.2351498692199017,0.9999999999999996,2.235149869219902
runs_fine,wavlm_linear_asv21_attack,asvspoof2021_la,wavlm_linear,nes2net,pgd,20.0,0.791875,0.624375,0.13060625,3.1438722123200487,0.9999999999999998,2.1438722123200487
runs_fine,wavlm_linear_asv21_attack,asvspoof2021_la,wavlm_linear,nes2net,pgd,30.0,0.635,0.4675,0.298953125,2.9446015527496985,0.9999999999999998,1.9446015527496987
runs_fine,wavlm_linear_asv21_attack,asvspoof2021_la,wavlm_linear,nes2net,pgd,40.0,0.48375,0.31625,0.49521875,2.8065207888415182,0.9931597678273244,1.813361021014194
runs_fine,wavlm_linear_asv21_attack,asvspoof2021_la,wavlm_linear,nes2net,pgd_l2,10.0,0.859375,0.691875,0.0658859374999999,3.443150058330565,0.9999999999999996,2.4431500583305654
runs_fine,wavlm_linear_asv21_attack,asvspoof2021_la,wavlm_linear,nes2net,pgd_l2,20.0,0.7581249999999999,0.590625,0.16904375,3.3114377918805533,0.9999999999999996,2.3114377918805538
runs_fine,wavlm_linear_asv21_attack,asvspoof2021_la,wavlm_linear,nes2net,pgd_l2,30.0,0.56375,0.39625,0.39041875,3.086799167376548,0.9987488718727474,2.0880502955038005
runs_fine,wavlm_linear_asv21_attack,asvspoof2021_la,wavlm_linear,nes2net,pgd_l2,40.0,0.4399999999999999,0.2724999999999999,0.576384375,2.858478189982084,0.9718513500437432,1.886626839938341
runs_fine,wavlm_linear_asv21_attack,asvspoof2021_la,wavlm_linear,aasist,fgsm,10.0,0.24875,0.0993749999999999,0.8248515625,3.6649177418274914,0.6959097623752954,2.969007979452196
runs_fine,wavlm_linear_asv21_attack,asvspoof2021_la,wavlm_linear,aasist,fgsm,20.0,0.1875,0.0381249999999999,0.888659375,2.252279155453204,0.5550908270757444,1.6971883283774594
runs_fine,wavlm_linear_asv21_attack,asvspoof2021_la,wavlm_linear,aasist,fgsm,30.0,0.138125,-0.01125,0.9354953125,1.265369367847815,0.4103891387357234,0.8549802291120916
runs_fine,wavlm_linear_asv21_attack,asvspoof2021_la,wavlm_linear,aasist,fgsm,40.0,0.1362499999999999,-0.013125,0.9438,1.2378268716627037,0.384924092333977,0.8529027793287267
runs_fine,wavlm_linear_asv21_attack,asvspoof2021_la,wavlm_linear,aasist,pgd,10.0,0.294375,0.145,0.7760890625000001,3.424840455712336,0.7844211516701577,2.640419304042178
runs_fine,wavlm_linear_asv21_attack,asvspoof2021_la,wavlm_linear,aasist,pgd,20.0,0.175625,0.0262499999999999,0.8958015625,1.7317713826108707,0.5284515792901467,1.203319803320724
runs_fine,wavlm_linear_asv21_attack,asvspoof2021_la,wavlm_linear,aasist,pgd,30.0,0.135,-0.014375,0.9376140625,1.182458055421711,0.4041876187845771,0.7782704366371339
runs_fine,wavlm_linear_asv21_attack,asvspoof2021_la,wavlm_linear,aasist,pgd,40.0,0.133125,-0.01625,0.9437125,1.2446831648226226,0.3866059480283794,0.8580772167942432
runs_fine,wavlm_linear_asv21_attack,asvspoof2021_la,wavlm_linear,aasist,pgd_l2,10.0,0.31625,0.166875,0.7483984375,4.332296734697551,0.8341297791321095,3.4981669555654418
runs_fine,wavlm_linear_asv21_attack,asvspoof2021_la,wavlm_linear,aasist,pgd_l2,20.0,0.226875,0.0774999999999999,0.861075,2.5582952841596724,0.6305700899125133,1.9277251942471592
runs_fine,wavlm_linear_asv21_attack,asvspoof2021_la,wavlm_linear,aasist,pgd_l2,30.0,0.1374999999999999,-0.011875,0.93108125,1.3485572995769928,0.4346496145100051,0.9139076850669876
runs_fine,wavlm_linear_asv21_attack,asvspoof2021_la,wavlm_linear,aasist,pgd_l2,40.0,0.130625,-0.01875,0.9426359375,1.197177330531647,0.3905191873294363,0.806658143202211
runs_fine,wavlm_linear_itw_attack,in_the_wild,wavlm_linear,xlsr_mamba,fgsm,10.0,0.37875,0.310625,0.6482375,1.7021554574155724,0.9440125304222255,0.7581429269933467
runs_fine,wavlm_linear_itw_attack,in_the_wild,wavlm_linear,xlsr_mamba,fgsm,20.0,0.311875,0.24375,0.7374453125,1.704143921264892,0.850970469851808,0.8531734514130841
runs_fine,wavlm_linear_itw_attack,in_the_wild,wavlm_linear,xlsr_mamba,fgsm,30.0,0.1899999999999999,0.1218749999999999,0.8571140625,1.6849373189845769,0.6382930982862253,1.0466442206983515
runs_fine,wavlm_linear_itw_attack,in_the_wild,wavlm_linear,xlsr_mamba,fgsm,40.0,0.1225,0.054375,0.934234375,1.6646851143813066,0.4397786255084284,1.2249064888728782
runs_fine,wavlm_linear_itw_attack,in_the_wild,wavlm_linear,xlsr_mamba,pgd,10.0,0.87625,0.808125,0.0645625,3.498474796354774,1.0,2.498474796354774
runs_fine,wavlm_linear_itw_attack,in_the_wild,wavlm_linear,xlsr_mamba,pgd,20.0,0.65,0.581875,0.31925625,2.9597845673172323,0.999283031951754,1.9605015353654784
runs_fine,wavlm_linear_itw_attack,in_the_wild,wavlm_linear,xlsr_mamba,pgd,30.0,0.300625,0.2324999999999999,0.7439281249999999,2.3085601930979593,0.81448063808125,1.4940795550167092
runs_fine,wavlm_linear_itw_attack,in_the_wild,wavlm_linear,xlsr_mamba,pgd,40.0,0.145625,0.0775,0.9212171875,1.863542790903021,0.4868092308754784,1.376733560027543
runs_fine,wavlm_linear_itw_attack,in_the_wild,wavlm_linear,xlsr_mamba,pgd_l2,10.0,0.8375,0.769375,0.0986203124999999,3.388099853326616,1.0,2.388099853326616
runs_fine,wavlm_linear_itw_attack,in_the_wild,wavlm_linear,xlsr_mamba,pgd_l2,20.0,0.63625,0.568125,0.3444046875,2.754669382185698,0.9976640178787416,1.7570053643069563
runs_fine,wavlm_linear_itw_attack,in_the_wild,wavlm_linear,xlsr_mamba,pgd_l2,30.0,0.3425,0.274375,0.7006921875000001,2.159048937775869,0.8589789171874633,1.3000700205884057
runs_fine,wavlm_linear_itw_attack,in_the_wild,wavlm_linear,xlsr_mamba,pgd_l2,40.0,0.160625,0.0925,0.8982718749999999,1.892652246993076,0.5425797367527847,1.3500725102402915
runs_fine,wavlm_linear_itw_attack,in_the_wild,wavlm_linear,ssl_aasist,fgsm,10.0,0.488125,0.371875,0.5187859375,3.3000733740882,0.9938627643751544,2.3062106097130455
runs_fine,wavlm_linear_itw_attack,in_the_wild,wavlm_linear,ssl_aasist,fgsm,20.0,0.4237499999999999,0.3075,0.6099796875,3.446128737569639,0.9588229713657448,2.4873057662038947
runs_fine,wavlm_linear_itw_attack,in_the_wild,wavlm_linear,ssl_aasist,fgsm,30.0,0.3125,0.19625,0.7629734375,2.809639581178299,0.8108927909399061,1.998746790238393
runs_fine,wavlm_linear_itw_attack,in_the_wild,wavlm_linear,ssl_aasist,fgsm,40.0,0.186875,0.070625,0.9005171875000001,2.22690707160684,0.5512333447399465,1.6756737268668933
runs_fine,wavlm_linear_itw_attack,in_the_wild,wavlm_linear,ssl_aasist,pgd,10.0,0.89125,0.775,0.0558093749999999,7.912121105508655,0.9996924780293516,6.912428627479303
runs_fine,wavlm_linear_itw_attack,in_the_wild,wavlm_linear,ssl_aasist,pgd,20.0,0.735,0.61875,0.222971875,5.916404599476708,0.9974954782097664,4.9189091212669425
runs_fine,wavlm_linear_itw_attack,in_the_wild,wavlm_linear,ssl_aasist,pgd,30.0,0.4175,0.30125,0.6622984375000001,3.558453243475206,0.8967715152742701,2.6616817282009357
runs_fine,wavlm_linear_itw_attack,in_the_wild,wavlm_linear,ssl_aasist,pgd,40.0,0.195625,0.079375,0.8941171875,2.415438290614748,0.566259604577503,1.8491786860372452
runs_fine,wavlm_linear_itw_attack,in_the_wild,wavlm_linear,ssl_aasist,pgd_l2,10.0,0.859375,0.743125,0.0836093749999999,6.802422227917917,0.9998465223831356,5.802575705534782
runs_fine,wavlm_linear_itw_attack,in_the_wild,wavlm_linear,ssl_aasist,pgd_l2,20.0,0.700625,0.5843750000000001,0.2570640625,5.041247208554654,0.997957014959816,4.043290193594838
runs_fine,wavlm_linear_itw_attack,in_the_wild,wavlm_linear,ssl_aasist,pgd_l2,30.0,0.43625,0.32,0.603021875,3.3326822178179585,0.9379813672370524,2.3947008505809064
runs_fine,wavlm_linear_itw_attack,in_the_wild,wavlm_linear,ssl_aasist,pgd_l2,40.0,0.2462499999999999,0.1299999999999999,0.84758125,2.4224418304968633,0.6657934410023472,1.7566483894945162
runs_fine,wavlm_linear_itw_attack,in_the_wild,wavlm_linear,xlsr_linear,fgsm,10.0,0.52,0.2475,0.479709375,1.2669359840766166,0.9993329650755844,0.2676030190010322
runs_fine,wavlm_linear_itw_attack,in_the_wild,wavlm_linear,xlsr_linear,fgsm,20.0,0.499375,0.226875,0.509678125,1.2659225078145155,0.9951118460571606,0.2708106617573549
runs_fine,wavlm_linear_itw_attack,in_the_wild,wavlm_linear,xlsr_linear,fgsm,30.0,0.44375,0.17125,0.5616375,1.342795895106078,0.9809581243095004,0.3618377707965776
runs_fine,wavlm_linear_itw_attack,in_the_wild,wavlm_linear,xlsr_linear,fgsm,40.0,0.3712499999999999,0.09875,0.6820921875,1.42263730099348,0.9097153210816912,0.5129219799117888
runs_fine,wavlm_linear_itw_attack,in_the_wild,wavlm_linear,xlsr_linear,pgd,10.0,0.80875,0.53625,0.1117578125,1.9713788589159,0.9999999999999996,0.9713788589159004
runs_fine,wavlm_linear_itw_attack,in_the_wild,wavlm_linear,xlsr_linear,pgd,20.0,0.66875,0.39625,0.252484375,1.6932618283928378,1.0,0.6932618283928378
runs_fine,wavlm_linear_itw_attack,in_the_wild,wavlm_linear,xlsr_linear,pgd,30.0,0.531875,0.259375,0.4547640625,1.5678105837044414,0.9991427168673052,0.5686678668371361
runs_fine,wavlm_linear_itw_attack,in_the_wild,wavlm_linear,xlsr_linear,pgd,40.0,0.40375,0.1312500000000001,0.6383296875,1.5225399749797324,0.9426854331621376,0.5798545418175949
runs_fine,wavlm_linear_itw_attack,in_the_wild,wavlm_linear,xlsr_linear,pgd_l2,10.0,0.785625,0.513125,0.1297609375,2.2631314059259835,0.9993747189490714,1.263756686976912
runs_fine,wavlm_linear_itw_attack,in_the_wild,wavlm_linear,xlsr_linear,pgd_l2,20.0,0.656875,0.384375,0.292628125,1.7704659015890645,1.0,0.7704659015890645
runs_fine,wavlm_linear_itw_attack,in_the_wild,wavlm_linear,xlsr_linear,pgd_l2,30.0,0.525,0.2525,0.4682218749999999,1.6057229397716242,0.9997438621534044,0.6059790776182199
runs_fine,wavlm_linear_itw_attack,in_the_wild,wavlm_linear,xlsr_linear,pgd_l2,40.0,0.43,0.1575,0.6168625,1.5549078844594555,0.956719699744073,0.5981881847153827
runs_fine,wavlm_linear_itw_attack,in_the_wild,wavlm_linear,nes2net_v2,fgsm,10.0,0.348125,0.26875,0.7152703125,2.8630256859306265,0.8800131292580642,1.9830125566725625
runs_fine,wavlm_linear_itw_attack,in_the_wild,wavlm_linear,nes2net_v2,fgsm,20.0,0.23375,0.154375,0.8181562499999999,2.3537363932480053,0.7273737745854534,1.626362618662552
runs_fine,wavlm_linear_itw_attack,in_the_wild,wavlm_linear,nes2net_v2,fgsm,30.0,0.171875,0.0925,0.8873171874999999,1.6975422931298114,0.581068888215739,1.1164734049140723
runs_fine,wavlm_linear_itw_attack,in_the_wild,wavlm_linear,nes2net_v2,fgsm,40.0,0.120625,0.0412499999999999,0.933984375,1.314892051096768,0.4390361626920764,0.8758558884046914
runs_fine,wavlm_linear_itw_attack,in_the_wild,wavlm_linear,nes2net_v2,pgd,10.0,0.786875,0.7075,0.1551046874999999,6.749722612767906,0.9972522638885108,5.752470348879395
runs_fine,wavlm_linear_itw_attack,in_the_wild,wavlm_linear,nes2net_v2,pgd,20.0,0.53625,0.456875,0.4407671875,4.59425199024502,0.998529803770202,3.595722186474818
runs_fine,wavlm_linear_itw_attack,in_the_wild,wavlm_linear,nes2net_v2,pgd,30.0,0.2975,0.2181249999999999,0.7603734375,2.692486039103704,0.8255475270276926,1.8669385120760111
runs_fine,wavlm_linear_itw_attack,in_the_wild,wavlm_linear,nes2net_v2,pgd,40.0,0.1518749999999999,0.0724999999999999,0.9071390625,1.6466995607101709,0.5272846847320961,1.1194148759780749
runs_fine,wavlm_linear_itw_attack,in_the_wild,wavlm_linear,nes2net_v2,pgd_l2,10.0,0.7324999999999999,0.653125,0.2224890624999999,5.279491188141638,0.9984390743994302,4.281052113742208
runs_fine,wavlm_linear_itw_attack,in_the_wild,wavlm_linear,nes2net_v2,pgd_l2,20.0,0.5125,0.433125,0.5106640625000001,3.6557884794587543,0.9858645435327148,2.6699239359260396
runs_fine,wavlm_linear_itw_attack,in_the_wild,wavlm_linear,nes2net_v2,pgd_l2,30.0,0.28625,0.206875,0.7820046875,2.483981267311107,0.7983046465388628,1.6856766207722442
runs_fine,wavlm_linear_itw_attack,in_the_wild,wavlm_linear,nes2net_v2,pgd_l2,40.0,0.1637499999999999,0.0843749999999999,0.9056265625,1.7152622682282077,0.5367162950980017,1.178545973130206
runs_fine,wavlm_linear_itw_attack,in_the_wild,wavlm_linear,nes2net,fgsm,10.0,0.4399999999999999,0.2387499999999999,0.594271875,1.8455184439236552,0.9708337627083462,0.8746846812153092
runs_fine,wavlm_linear_itw_attack,in_the_wild,wavlm_linear,nes2net,fgsm,20.0,0.459375,0.2581249999999999,0.5662375,2.289670989183691,0.980097813133997,1.309573176049694
runs_fine,wavlm_linear_itw_attack,in_the_wild,wavlm_linear,nes2net,fgsm,30.0,0.45125,0.25,0.588884375,2.497567029968799,0.9686773618532556,1.5288896681155435
runs_fine,wavlm_linear_itw_attack,in_the_wild,wavlm_linear,nes2net,fgsm,40.0,0.395,0.1937499999999999,0.6602843749999999,2.457172490920641,0.9214924950268686,1.5356799958937724
runs_fine,wavlm_linear_itw_attack,in_the_wild,wavlm_linear,nes2net,pgd,10.0,0.87875,0.6775,0.0459187499999999,3.441929847369664,1.0,2.441929847369664
runs_fine,wavlm_linear_itw_attack,in_the_wild,wavlm_linear,nes2net,pgd,20.0,0.824375,0.6231249999999999,0.0910859374999999,3.3799789421680235,0.9999999999999996,2.379978942168024
runs_fine,wavlm_linear_itw_attack,in_the_wild,wavlm_linear,nes2net,pgd,30.0,0.7475,0.54625,0.1775359375,3.193746680426478,1.0,2.193746680426478
runs_fine,wavlm_linear_itw_attack,in_the_wild,wavlm_linear,nes2net,pgd,40.0,0.57125,0.37,0.3996125,2.86158193751981,0.9981179175333764,1.8634640199864336
runs_fine,wavlm_linear_itw_attack,in_the_wild,wavlm_linear,nes2net,pgd_l2,10.0,0.930625,0.729375,0.0205015624999999,3.7032424801961374,0.9993747189490712,2.703867761247066
runs_fine,wavlm_linear_itw_attack,in_the_wild,wavlm_linear,nes2net,pgd_l2,20.0,0.87,0.66875,0.0543609375,3.55901668852155,0.9999999999999996,2.5590166885215506
runs_fine,wavlm_linear_itw_attack,in_the_wild,wavlm_linear,nes2net,pgd_l2,30.0,0.76125,0.5599999999999999,0.1508828125,3.3681517764605395,1.0,2.3681517764605395
runs_fine,wavlm_linear_itw_attack,in_the_wild,wavlm_linear,nes2net,pgd_l2,40.0,0.605,0.4037499999999999,0.3487,3.065821979584391,0.9992218055905367,2.066600173993854
runs_fine,wavlm_linear_itw_attack,in_the_wild,wavlm_linear,aasist,fgsm,10.0,0.603125,0.150625,0.3612218749999999,3.332523211702819,0.997199599825752,2.335323611877067
runs_fine,wavlm_linear_itw_attack,in_the_wild,wavlm_linear,aasist,fgsm,20.0,0.56375,0.1112499999999999,0.423034375,2.8675462244291916,0.987433420275042,1.8801128041541495
runs_fine,wavlm_linear_itw_attack,in_the_wild,wavlm_linear,aasist,fgsm,30.0,0.485625,0.0331249999999999,0.527928125,2.4692752232323425,0.9616552284717768,1.5076199947605655
runs_fine,wavlm_linear_itw_attack,in_the_wild,wavlm_linear,aasist,fgsm,40.0,0.460625,0.008125,0.5548921875,2.479961325512741,0.9501024399685136,1.5298588855442274
runs_fine,wavlm_linear_itw_attack,in_the_wild,wavlm_linear,aasist,pgd,10.0,0.625625,0.1731249999999999,0.3239796874999999,3.3014207106735634,0.9993747185959684,2.302045992077595
runs_fine,wavlm_linear_itw_attack,in_the_wild,wavlm_linear,aasist,pgd,20.0,0.5487500000000001,0.09625,0.438284375,2.732123829177077,0.984657043319567,1.74746678585751
runs_fine,wavlm_linear_itw_attack,in_the_wild,wavlm_linear,aasist,pgd,30.0,0.4812499999999999,0.0287499999999999,0.537025,2.4615784143467945,0.9581782928795428,1.5034001214672514
runs_fine,wavlm_linear_itw_attack,in_the_wild,wavlm_linear,aasist,pgd,40.0,0.45625,0.00375,0.554840625,2.483293233582339,0.9498413843339673,1.5334518492483722
runs_fine,wavlm_linear_itw_attack,in_the_wild,wavlm_linear,aasist,pgd_l2,10.0,0.6512500000000001,0.1987500000000001,0.3145656249999999,3.584115628240178,0.9981215114328176,2.585994116807361
runs_fine,wavlm_linear_itw_attack,in_the_wild,wavlm_linear,aasist,pgd_l2,20.0,0.5862499999999999,0.1337499999999999,0.392790625,2.941792732958789,0.9947781220696854,1.947014610889104
runs_fine,wavlm_linear_itw_attack,in_the_wild,wavlm_linear,aasist,pgd_l2,30.0,0.52125,0.0687499999999999,0.4766499999999999,2.618233842253212,0.9785237944764574,1.6397100477767546
runs_fine,wavlm_linear_itw_attack,in_the_wild,wavlm_linear,aasist,pgd_l2,40.0,0.469375,0.0168749999999999,0.5431875,2.470223365577097,0.9553656270027692,1.5148577385743276
runs_fine,xlsr_linear_asv21_attack,asvspoof2021_la,xlsr_linear,xlsr_mamba,fgsm,10.0,0.1337499999999999,0.0787499999999999,0.9224296875,0.5286624286246238,0.4568003232061427,0.071862105418481
runs_fine,xlsr_linear_asv21_attack,asvspoof2021_la,xlsr_linear,xlsr_mamba,fgsm,20.0,0.115625,0.060625,0.931115625,0.4862209176082277,0.4299745365097791,0.0562463810984485
runs_fine,xlsr_linear_asv21_attack,asvspoof2021_la,xlsr_linear,xlsr_mamba,fgsm,30.0,0.1099999999999999,0.0549999999999999,0.94404375,0.5040748237441115,0.3752367720747541,0.1288380516693573
runs_fine,xlsr_linear_asv21_attack,asvspoof2021_la,xlsr_linear,xlsr_mamba,fgsm,40.0,0.0981249999999999,0.0431249999999999,0.962703125,0.4604200129762338,0.2971322783790403,0.1632877345971934
runs_fine,xlsr_linear_asv21_attack,asvspoof2021_la,xlsr_linear,xlsr_mamba,pgd,10.0,0.97875,0.92375,0.0063843749999999,4.966149986936018,1.0,3.966149986936018
runs_fine,xlsr_linear_asv21_attack,asvspoof2021_la,xlsr_linear,xlsr_mamba,pgd,20.0,0.849375,0.7943749999999999,0.08883125,4.16637901079827,1.0,3.16637901079827
runs_fine,xlsr_linear_asv21_attack,asvspoof2021_la,xlsr_linear,xlsr_mamba,pgd,30.0,0.394375,0.339375,0.5812765625,2.2566381958023696,0.9136386006575208,1.3429995951448488
runs_fine,xlsr_linear_asv21_attack,asvspoof2021_la,xlsr_linear,xlsr_mamba,pgd,40.0,0.1943749999999999,0.1393749999999999,0.856725,1.1116754682010257,0.6001275467322487,0.5115479214687768
runs_fine,xlsr_linear_asv21_attack,asvspoof2021_la,xlsr_linear,xlsr_mamba,pgd_l2,10.0,0.915,0.86,0.0440249999999999,4.031684372896821,0.9987488718727476,3.032935501024074
runs_fine,xlsr_linear_asv21_attack,asvspoof2021_la,xlsr_linear,xlsr_mamba,pgd_l2,20.0,0.533125,0.4781249999999999,0.4618640625,2.386655622524574,0.959848267599005,1.4268073549255689
runs_fine,xlsr_linear_asv21_attack,asvspoof2021_la,xlsr_linear,xlsr_mamba,pgd_l2,30.0,0.1987499999999999,0.14375,0.8367546875,1.065715644858866,0.6311368907722061,0.4345787540866599
runs_fine,xlsr_linear_asv21_attack,asvspoof2021_la,xlsr_linear,xlsr_mamba,pgd_l2,40.0,0.11875,0.06375,0.9410171875,0.6053556352071908,0.3768007910091641,0.2285548441980267
runs_fine,xlsr_linear_asv21_attack,asvspoof2021_la,xlsr_linear,ssl_aasist,fgsm,10.0,0.1099999999999999,0.0356249999999999,0.935990625,0.9270221451822048,0.4126456010157664,0.5143765441664383
runs_fine,xlsr_linear_asv21_attack,asvspoof2021_la,xlsr_linear,ssl_aasist,fgsm,20.0,0.106875,0.0325,0.9541625,0.9018032492638552,0.313922573195916,0.5878806760679393
runs_fine,xlsr_linear_asv21_attack,asvspoof2021_la,xlsr_linear,ssl_aasist,fgsm,30.0,0.105625,0.03125,0.9585921875,0.918521609767014,0.2756389797290374,0.6428826300379767
runs_fine,xlsr_linear_asv21_attack,asvspoof2021_la,xlsr_linear,ssl_aasist,fgsm,40.0,0.0987499999999999,0.0243749999999999,0.9654609375,0.8680341672465832,0.247185038286369,0.6208491289602143
runs_fine,xlsr_linear_asv21_attack,asvspoof2021_la,xlsr_linear,ssl_aasist,pgd,10.0,0.513125,0.4387500000000001,0.428671875,5.720216761625786,0.992247289977964,4.727969471647822
runs_fine,xlsr_linear_asv21_attack,asvspoof2021_la,xlsr_linear,ssl_aasist,pgd,20.0,0.284375,0.21,0.7084796874999999,3.4823860003020495,0.834843995473868,2.6475420048281815
runs_fine,xlsr_linear_asv21_attack,asvspoof2021_la,xlsr_linear,ssl_aasist,pgd,30.0,0.14375,0.0693749999999999,0.8844453124999999,1.6083044865453018,0.5237253229399998,1.084579163605302
runs_fine,xlsr_linear_asv21_attack,asvspoof2021_la,xlsr_linear,ssl_aasist,pgd,40.0,0.0987499999999999,0.0243749999999999,0.9517234375,0.9840592660034786,0.2986867414531177,0.6853725245503608
runs_fine,xlsr_linear_asv21_attack,asvspoof2021_la,xlsr_linear,ssl_aasist,pgd_l2,10.0,0.369375,0.295,0.6125515625,3.7444878484081023,0.9285694398895672,2.8159184085185354
runs_fine,xlsr_linear_asv21_attack,asvspoof2021_la,xlsr_linear,ssl_aasist,pgd_l2,20.0,0.159375,0.085,0.8721,1.6884730246709745,0.5557044909211069,1.1327685337498674
runs_fine,xlsr_linear_asv21_attack,asvspoof2021_la,xlsr_linear,ssl_aasist,pgd_l2,30.0,0.101875,0.0274999999999999,0.94114375,1.0161185776058783,0.3269273709795777,0.6891912066263006
runs_fine,xlsr_linear_asv21_attack,asvspoof2021_la,xlsr_linear,ssl_aasist,pgd_l2,40.0,0.100625,0.02625,0.9621125,0.8930126387849053,0.2522836614520639,0.6407289773328415
runs_fine,xlsr_linear_asv21_attack,asvspoof2021_la,xlsr_linear,nes2net_v2,fgsm,10.0,0.099375,0.035625,0.937296875,0.6756771952677681,0.340978206786173,0.3346989884815951
runs_fine,xlsr_linear_asv21_attack,asvspoof2021_la,xlsr_linear,nes2net_v2,fgsm,20.0,0.09875,0.035,0.9385578125,0.7440647963096906,0.3259793202517267,0.4180854760579638
runs_fine,xlsr_linear_asv21_attack,asvspoof2021_la,xlsr_linear,nes2net_v2,fgsm,30.0,0.09875,0.035,0.9442328125,0.778056421017017,0.3217767712558016,0.4562796497612154
runs_fine,xlsr_linear_asv21_attack,asvspoof2021_la,xlsr_linear,nes2net_v2,fgsm,40.0,0.090625,0.026875,0.954284375,0.7866097920791532,0.2998713214443697,0.4867384706347835
runs_fine,xlsr_linear_asv21_attack,asvspoof2021_la,xlsr_linear,nes2net_v2,pgd,10.0,0.8200000000000001,0.7562500000000001,0.1563093749999999,6.181947088898193,0.973815677088806,5.208131411809386
runs_fine,xlsr_linear_asv21_attack,asvspoof2021_la,xlsr_linear,nes2net_v2,pgd,20.0,0.6125,0.5487500000000001,0.3642546875,5.1336285985188175,0.9435356946399616,4.190092903878856
runs_fine,xlsr_linear_asv21_attack,asvspoof2021_la,xlsr_linear,nes2net_v2,pgd,30.0,0.34375,0.28,0.7054484375000001,3.116555300445656,0.8798027370233807,2.236752563422275
runs_fine,xlsr_linear_asv21_attack,asvspoof2021_la,xlsr_linear,nes2net_v2,pgd,40.0,0.160625,0.096875,0.9035078125,1.503146336556067,0.5327603489955939,0.9703859875604736
runs_fine,xlsr_linear_asv21_attack,asvspoof2021_la,xlsr_linear,nes2net_v2,pgd_l2,10.0,0.7275,0.6637500000000001,0.2447937499999999,5.343942928160484,0.9762094733323546,4.367733454828129
runs_fine,xlsr_linear_asv21_attack,asvspoof2021_la,xlsr_linear,nes2net_v2,pgd_l2,20.0,0.371875,0.3081250000000001,0.674859375,2.8340316429151273,0.8876592276763378,1.9463724152387896
runs_fine,xlsr_linear_asv21_attack,asvspoof2021_la,xlsr_linear,nes2net_v2,pgd_l2,30.0,0.169375,0.105625,0.8885203125000001,1.3966219865155725,0.5536327116800932,0.8429892748354793
runs_fine,xlsr_linear_asv21_attack,asvspoof2021_la,xlsr_linear,nes2net_v2,pgd_l2,40.0,0.1062499999999999,0.0424999999999999,0.938634375,0.9470591875241466,0.3778020083210636,0.569257179203083
runs_fine,xlsr_linear_asv21_attack,asvspoof2021_la,xlsr_linear,wavlm_linear,fgsm,10.0,0.179375,0.011875,0.86936875,4.236346271281686,0.6111300089699492,3.6252162623117368
runs_fine,xlsr_linear_asv21_attack,asvspoof2021_la,xlsr_linear,wavlm_linear,fgsm,20.0,0.175,0.0075,0.8890593749999999,2.8853192071638953,0.586158744429745,2.29916046273415
runs_fine,xlsr_linear_asv21_attack,asvspoof2021_la,xlsr_linear,wavlm_linear,fgsm,30.0,0.18625,0.01875,0.8922953124999999,2.04703099312473,0.5828524117493668,1.4641785813753632
runs_fine,xlsr_linear_asv21_attack,asvspoof2021_la,xlsr_linear,wavlm_linear,fgsm,40.0,0.1793749999999999,0.0118749999999999,0.9004624999999999,1.3176597508207086,0.5527024728661738,0.7649572779545348
runs_fine,xlsr_linear_asv21_attack,asvspoof2021_la,xlsr_linear,wavlm_linear,pgd,10.0,0.23875,0.07125,0.791525,5.161221355708323,0.7558487602917001,4.4053725954166225
runs_fine,xlsr_linear_asv21_attack,asvspoof2021_la,xlsr_linear,wavlm_linear,pgd,20.0,0.248125,0.080625,0.7999953125,4.116855889020754,0.7622857979696467,3.3545700910511074
runs_fine,xlsr_linear_asv21_attack,asvspoof2021_la,xlsr_linear,wavlm_linear,pgd,30.0,0.234375,0.066875,0.8445562499999999,2.549933255462469,0.6902907525095171,1.859642502952952
runs_fine,xlsr_linear_asv21_attack,asvspoof2021_la,xlsr_linear,wavlm_linear,pgd,40.0,0.1949999999999999,0.0274999999999999,0.8872265625,1.501983734213093,0.5890293889447697,0.9129543452683232
runs_fine,xlsr_linear_asv21_attack,asvspoof2021_la,xlsr_linear,wavlm_linear,pgd_l2,10.0,0.20625,0.03875,0.8306906249999999,4.411907517876643,0.6827970983412688,3.7291104195353744
runs_fine,xlsr_linear_asv21_attack,asvspoof2021_la,xlsr_linear,wavlm_linear,pgd_l2,20.0,0.1925,0.025,0.8617140625000002,2.8725889232865156,0.6369824249444727,2.235606498342043
runs_fine,xlsr_linear_asv21_attack,asvspoof2021_la,xlsr_linear,wavlm_linear,pgd_l2,30.0,0.1831249999999999,0.015625,0.8917109375000001,1.859925764340032,0.576807627168684,1.2831181371713478
runs_fine,xlsr_linear_asv21_attack,asvspoof2021_la,xlsr_linear,wavlm_linear,pgd_l2,40.0,0.171875,0.004375,0.9060640625,1.3857426046852763,0.5379325970354129,0.8478100076498637
runs_fine,xlsr_linear_asv21_attack,asvspoof2021_la,xlsr_linear,nes2net,fgsm,10.0,0.290625,0.123125,0.7855750000000001,1.0680367244042597,0.7831336138397562,0.2849031105645032
runs_fine,xlsr_linear_asv21_attack,asvspoof2021_la,xlsr_linear,nes2net,fgsm,20.0,0.25875,0.09125,0.8095749999999999,1.4716748820222807,0.7335199246406938,0.7381549573815869
runs_fine,xlsr_linear_asv21_attack,asvspoof2021_la,xlsr_linear,nes2net,fgsm,30.0,0.231875,0.064375,0.8356046874999999,1.7976936372012242,0.6903423501969645,1.1073512870042597
runs_fine,xlsr_linear_asv21_attack,asvspoof2021_la,xlsr_linear,nes2net,fgsm,40.0,0.1987499999999999,0.03125,0.8721390625000001,1.928605233365789,0.6247044717688237,1.303900761596965
runs_fine,xlsr_linear_asv21_attack,asvspoof2021_la,xlsr_linear,nes2net,pgd,10.0,0.42125,0.25375,0.596778125,2.098925452433934,0.970002058946964,1.1289233934869694
runs_fine,xlsr_linear_asv21_attack,asvspoof2021_la,xlsr_linear,nes2net,pgd,20.0,0.3462499999999999,0.1787499999999999,0.6941999999999999,2.3147584103005805,0.9005160113140573,1.4142423989865232
runs_fine,xlsr_linear_asv21_attack,asvspoof2021_la,xlsr_linear,nes2net,pgd,30.0,0.269375,0.101875,0.7838367187500002,2.323269352200369,0.7907608396634356,1.5325085125369335
runs_fine,xlsr_linear_asv21_attack,asvspoof2021_la,xlsr_linear,nes2net,pgd,40.0,0.2531249999999999,0.0856249999999999,0.8302296875000001,2.29487524411219,0.7161075633586256,1.5787676807535642
runs_fine,xlsr_linear_asv21_attack,asvspoof2021_la,xlsr_linear,nes2net,pgd_l2,10.0,0.341875,0.174375,0.7015265625,2.5563081727358443,0.8957737645851529,1.6605344081506914
runs_fine,xlsr_linear_asv21_attack,asvspoof2021_la,xlsr_linear,nes2net,pgd_l2,20.0,0.248125,0.080625,0.81623125,2.624741748949587,0.7412616372395835,1.8834801117100035
runs_fine,xlsr_linear_asv21_attack,asvspoof2021_la,xlsr_linear,nes2net,pgd_l2,30.0,0.2056249999999999,0.0381249999999999,0.8663609375000001,2.5515779298918444,0.6455659207962025,1.906012009095642
runs_fine,xlsr_linear_asv21_attack,asvspoof2021_la,xlsr_linear,nes2net,pgd_l2,40.0,0.2099999999999999,0.0424999999999999,0.8702078124999999,2.41889052394508,0.6385619715084174,1.7803285524366623
runs_fine,xlsr_linear_asv21_attack,asvspoof2021_la,xlsr_linear,aasist,fgsm,10.0,0.270625,0.1212499999999999,0.8141406250000001,3.764552804300471,0.7127480391571985,3.051804765143272
runs_fine,xlsr_linear_asv21_attack,asvspoof2021_la,xlsr_linear,aasist,fgsm,20.0,0.1825,0.0331249999999999,0.8885515625,2.2363390439185133,0.5525092622149803,1.683829781703533
runs_fine,xlsr_linear_asv21_attack,asvspoof2021_la,xlsr_linear,aasist,fgsm,30.0,0.134375,-0.015,0.934859375,1.2749926335390878,0.4122309754843934,0.8627616580546943
runs_fine,xlsr_linear_asv21_attack,asvspoof2021_la,xlsr_linear,aasist,fgsm,40.0,0.131875,-0.0175,0.9437875,1.2376052105643196,0.3849677788598142,0.8526374317045053
runs_fine,xlsr_linear_asv21_attack,asvspoof2021_la,xlsr_linear,aasist,pgd,10.0,0.26,0.1106249999999999,0.8177609375,3.4171029066784713,0.7189456980209639,2.6981572086575074
runs_fine,xlsr_linear_asv21_attack,asvspoof2021_la,xlsr_linear,aasist,pgd,20.0,0.175,0.0256249999999999,0.9020640625,1.8180199325704736,0.5156522651227536,1.30236766744772
runs_fine,xlsr_linear_asv21_attack,asvspoof2021_la,xlsr_linear,aasist,pgd,30.0,0.1324999999999999,-0.016875,0.937728125,1.227231690895077,0.4034447394357037,0.8237869514593736
runs_fine,xlsr_linear_asv21_attack,asvspoof2021_la,xlsr_linear,aasist,pgd,40.0,0.1324999999999999,-0.016875,0.9439328125,1.2559458648034318,0.3862229417888789,0.8697229230145529
runs_fine,xlsr_linear_asv21_attack,asvspoof2021_la,xlsr_linear,aasist,pgd_l2,10.0,0.2581249999999999,0.1087499999999999,0.8021078125000001,4.143288322832261,0.7437857200142952,3.3995026028179653
runs_fine,xlsr_linear_asv21_attack,asvspoof2021_la,xlsr_linear,aasist,pgd_l2,20.0,0.21625,0.0668749999999999,0.8631296874999999,2.7153280573209124,0.6218571185624902,2.093470938758422
runs_fine,xlsr_linear_asv21_attack,asvspoof2021_la,xlsr_linear,aasist,pgd_l2,30.0,0.1387499999999999,-0.010625,0.9286015625,1.4101859606118654,0.4382754775780971,0.9719104830337684
runs_fine,xlsr_linear_asv21_attack,asvspoof2021_la,xlsr_linear,aasist,pgd_l2,40.0,0.134375,-0.015,0.943075,1.1706241615591086,0.3863351123713187,0.78428904918779
runs_fine,xlsr_linear_itw_attack,in_the_wild,xlsr_linear,xlsr_mamba,fgsm,10.0,0.4,0.331875,0.6326078125000001,1.8398593571605777,0.9535585322021896,0.8863008249583879
runs_fine,xlsr_linear_itw_attack,in_the_wild,xlsr_linear,xlsr_mamba,fgsm,20.0,0.38875,0.320625,0.6474078124999999,1.9277074151977032,0.9408253984726048,0.9868820167250985
runs_fine,xlsr_linear_itw_attack,in_the_wild,xlsr_linear,xlsr_mamba,fgsm,30.0,0.25375,0.185625,0.7911765625,2.0281659239657035,0.7663718148379308,1.261794109127773
runs_fine,xlsr_linear_itw_attack,in_the_wild,xlsr_linear,xlsr_mamba,fgsm,40.0,0.1574999999999999,0.0893749999999999,0.9009015625,1.957187817684727,0.543468720303087,1.41371909738164
runs_fine,xlsr_linear_itw_attack,in_the_wild,xlsr_linear,xlsr_mamba,pgd,10.0,0.996360294117647,0.928235294117647,0.0016176470588234,6.23616947421921,1.0709784234900384,5.165191050729172
runs_fine,xlsr_linear_itw_attack,in_the_wild,xlsr_linear,xlsr_mamba,pgd,20.0,0.9757720588235296,0.9076470588235296,0.0068073529411764,6.032174136574041,1.0709784234900384,4.9611957130840025
runs_fine,xlsr_linear_itw_attack,in_the_wild,xlsr_linear,xlsr_mamba,pgd,30.0,0.7654411764705882,0.6973161764705882,0.1769779411764706,4.790767922717734,1.0709784234900388,3.719789499227695
runs_fine,xlsr_linear_itw_attack,in_the_wild,xlsr_linear,xlsr_mamba,pgd,40.0,0.3024264705882353,0.2343014705882353,0.742454411764706,3.3202928110442724,0.8765672039483623,2.44372560709591
runs_fine,xlsr_linear_itw_attack,in_the_wild,xlsr_linear,xlsr_mamba,pgd_l2,10.0,0.99,0.921875,0.0031906249999999,5.668246408062197,1.0,4.668246408062197
runs_fine,xlsr_linear_itw_attack,in_the_wild,xlsr_linear,xlsr_mamba,pgd_l2,20.0,0.92375,0.855625,0.03500625,5.064537219261302,1.0,4.064537219261302
runs_fine,xlsr_linear_itw_attack,in_the_wild,xlsr_linear,xlsr_mamba,pgd_l2,30.0,0.59125,0.5231250000000001,0.394803125,3.4565712996476217,0.9983394576249648,2.458231842022657
runs_fine,xlsr_linear_itw_attack,in_the_wild,xlsr_linear,xlsr_mamba,pgd_l2,40.0,0.20875,0.140625,0.8487390625000001,2.4498783493231393,0.6697936333131864,1.7800847160099529
runs_fine,xlsr_linear_itw_attack,in_the_wild,xlsr_linear,ssl_aasist,fgsm,10.0,0.474375,0.358125,0.5443828125,3.38311539363209,0.98523372296641,2.3978816706656803
runs_fine,xlsr_linear_itw_attack,in_the_wild,xlsr_linear,ssl_aasist,fgsm,20.0,0.411875,0.295625,0.6308906249999999,3.4807710489858463,0.9407129887612168,2.5400580602246294
runs_fine,xlsr_linear_itw_attack,in_the_wild,xlsr_linear,ssl_aasist,fgsm,30.0,0.31,0.19375,0.774703125,2.968944678453982,0.7893349916005259,2.179609686853456
runs_fine,xlsr_linear_itw_attack,in_the_wild,xlsr_linear,ssl_aasist,fgsm,40.0,0.1875,0.07125,0.8967125000000001,2.349526030433032,0.5617938989028519,1.7877321315301802
runs_fine,xlsr_linear_itw_attack,in_the_wild,xlsr_linear,ssl_aasist,pgd,10.0,0.9660661764705882,0.8498161764705883,0.0144573529411764,9.928306637684877,1.0683326056486764,8.859974032036199
runs_fine,xlsr_linear_itw_attack,in_the_wild,xlsr_linear,ssl_aasist,pgd,20.0,0.8679044117647059,0.7516544117647059,0.0696588235294117,8.436687265393616,1.0676696014156613,7.369017663977955
runs_fine,xlsr_linear_itw_attack,in_the_wild,xlsr_linear,ssl_aasist,pgd,30.0,0.5496691176470587,0.4334191176470587,0.4731352941176471,4.964418558214239,1.063257615238531,3.901160942975708
runs_fine,xlsr_linear_itw_attack,in_the_wild,xlsr_linear,ssl_aasist,pgd,40.0,0.2321323529411765,0.1158823529411765,0.8557779411764707,2.829427481296289,0.7039531967277846,2.1254742845685044
runs_fine,xlsr_linear_itw_attack,in_the_wild,xlsr_linear,ssl_aasist,pgd_l2,10.0,0.90875,0.7925,0.0361531249999999,8.730268251783912,0.9981224619522752,7.732145789831637
runs_fine,xlsr_linear_itw_attack,in_the_wild,xlsr_linear,ssl_aasist,pgd_l2,20.0,0.743125,0.6268750000000001,0.1886390625,6.323035764840995,0.9968679202384304,5.326167844602565
runs_fine,xlsr_linear_itw_attack,in_the_wild,xlsr_linear,ssl_aasist,pgd_l2,30.0,0.4237499999999999,0.3075,0.6292796875,3.70960403451441,0.944239127736881,2.765364906777529
runs_fine,xlsr_linear_itw_attack,in_the_wild,xlsr_linear,ssl_aasist,pgd_l2,40.0,0.20875,0.0925,0.8767234374999999,2.4699268217669834,0.6113701121869156,1.8585567095800677
runs_fine,xlsr_linear_itw_attack,in_the_wild,xlsr_linear,nes2net_v2,fgsm,10.0,0.353125,0.27375,0.69599375,3.201096178347781,0.900588230572211,2.30050794777557
runs_fine,xlsr_linear_itw_attack,in_the_wild,xlsr_linear,nes2net_v2,fgsm,20.0,0.29125,0.211875,0.759625,2.9151571112635937,0.8264323958091475,2.088724715454446
runs_fine,xlsr_linear_itw_attack,in_the_wild,xlsr_linear,nes2net_v2,fgsm,30.0,0.2412499999999999,0.1618749999999999,0.82601328125,2.320975981152816,0.7244177295253534,1.5965582516274628
runs_fine,xlsr_linear_itw_attack,in_the_wild,xlsr_linear,nes2net_v2,fgsm,40.0,0.1737499999999999,0.0943749999999999,0.8977796875,1.7331562923840529,0.5552921133038109,1.177864179080242
runs_fine,xlsr_linear_itw_attack,in_the_wild,xlsr_linear,nes2net_v2,pgd,10.0,0.9605882352941176,0.8812132352941177,0.0195941176470588,9.21826128991154,1.0697001488231797,8.148561141088361
runs_fine,xlsr_linear_itw_attack,in_the_wild,xlsr_linear,nes2net_v2,pgd,20.0,0.920625,0.84125,0.0512882352941176,8.364609155802814,1.0691378375326694,7.295471318270144
runs_fine,xlsr_linear_itw_attack,in_the_wild,xlsr_linear,nes2net_v2,pgd,30.0,0.6775735294117647,0.5981985294117648,0.2705514705882353,5.940287882482796,1.06855323280743,4.871734649675366
runs_fine,xlsr_linear_itw_attack,in_the_wild,xlsr_linear,nes2net_v2,pgd,40.0,0.3199999999999999,0.2406249999999999,0.727535294117647,3.174914684260618,0.9191668518200836,2.255747832440535
runs_fine,xlsr_linear_itw_attack,in_the_wild,xlsr_linear,nes2net_v2,pgd_l2,10.0,0.953125,0.87375,0.0278906249999999,8.484191470454913,1.0,7.484191470454913
runs_fine,xlsr_linear_itw_attack,in_the_wild,xlsr_linear,nes2net_v2,pgd_l2,20.0,0.840625,0.76125,0.1011874999999999,6.667377623408234,0.998748870455017,5.668628752953216
runs_fine,xlsr_linear_itw_attack,in_the_wild,xlsr_linear,nes2net_v2,pgd_l2,30.0,0.4975,0.4181250000000001,0.5090250000000001,3.986834681589401,0.9679618492396896,3.018872832349711
runs_fine,xlsr_linear_itw_attack,in_the_wild,xlsr_linear,nes2net_v2,pgd_l2,40.0,0.2125,0.133125,0.8507859375000001,2.348468373456857,0.6709638400414171,1.67750453341544
runs_fine,xlsr_linear_itw_attack,in_the_wild,xlsr_linear,wavlm_linear,fgsm,10.0,0.3,0.098125,0.7525437500000001,8.019074619480696,0.8375967889615663,7.18147783051913
runs_fine,xlsr_linear_itw_attack,in_the_wild,xlsr_linear,wavlm_linear,fgsm,20.0,0.27,0.0681249999999999,0.78443125,6.122624248403178,0.7880968185610002,5.334527429842177
runs_fine,xlsr_linear_itw_attack,in_the_wild,xlsr_linear,wavlm_linear,fgsm,30.0,0.25375,0.051875,0.8068906250000001,4.570808626720361,0.7542006937165575,3.816607933003804
runs_fine,xlsr_linear_itw_attack,in_the_wild,xlsr_linear,wavlm_linear,fgsm,40.0,0.231875,0.0299999999999999,0.833678125,3.709170305553363,0.7060847438094853,3.0030855617438776
runs_fine,xlsr_linear_itw_attack,in_the_wild,xlsr_linear,wavlm_linear,pgd,10.0,0.4860661764705882,0.2841911764705882,0.4948073529411765,8.849249610478163,1.0629975752694092,7.786252035208753
runs_fine,xlsr_linear_itw_attack,in_the_wild,xlsr_linear,wavlm_linear,pgd,20.0,0.3678676470588236,0.1659926470588235,0.6509941176470588,6.912938273073793,0.9974647359016464,5.915473537172147
runs_fine,xlsr_linear_itw_attack,in_the_wild,xlsr_linear,wavlm_linear,pgd,30.0,0.2757352941176471,0.073860294117647,0.7665338235294117,4.901394003601328,0.8674562286760348,4.033937774925294
runs_fine,xlsr_linear_itw_attack,in_the_wild,xlsr_linear,wavlm_linear,pgd,40.0,0.2351470588235294,0.0332720588235294,0.8249764705882353,3.8403120089860767,0.7704609695339213,3.069851039452155
runs_fine,xlsr_linear_itw_attack,in_the_wild,xlsr_linear,wavlm_linear,pgd_l2,10.0,0.419375,0.2175,0.6027562500000001,8.159540412851866,0.965713441080828,7.193826971771038
runs_fine,xlsr_linear_itw_attack,in_the_wild,xlsr_linear,wavlm_linear,pgd_l2,20.0,0.323125,0.1212499999999999,0.716315625,6.205379641818164,0.8774500828849605,5.327929558933203
runs_fine,xlsr_linear_itw_attack,in_the_wild,xlsr_linear,wavlm_linear,pgd_l2,30.0,0.248125,0.0462499999999999,0.803571875,4.609352473664196,0.7594126326359409,3.849939841028255
runs_fine,xlsr_linear_itw_attack,in_the_wild,xlsr_linear,wavlm_linear,pgd_l2,40.0,0.22375,0.0218749999999999,0.8389406250000002,3.751048174449717,0.6939802853603345,3.0570678890893817
runs_fine,xlsr_linear_itw_attack,in_the_wild,xlsr_linear,nes2net,fgsm,10.0,0.2375,0.0362499999999999,0.8428890625,1.110617009059787,0.6929107110772396,0.4177062979825477
runs_fine,xlsr_linear_itw_attack,in_the_wild,xlsr_linear,nes2net,fgsm,20.0,0.26375,0.0625,0.8212375,1.5958979728028193,0.7266505710178104,0.8692474017850089
runs_fine,xlsr_linear_itw_attack,in_the_wild,xlsr_linear,nes2net,fgsm,30.0,0.255625,0.0543749999999999,0.8208390625,1.8904195906909855,0.7254525162330963,1.1649670744578893
runs_fine,xlsr_linear_itw_attack,in_the_wild,xlsr_linear,nes2net,fgsm,40.0,0.2425,0.0412499999999999,0.8348703125000001,1.90262124318668,0.7016050917773067,1.2010161514093736
runs_fine,xlsr_linear_itw_attack,in_the_wild,xlsr_linear,nes2net,pgd,10.0,0.479375,0.2781249999999999,0.5275147058823529,2.362780681970676,1.0536711798783809,1.3091095020922952
runs_fine,xlsr_linear_itw_attack,in_the_wild,xlsr_linear,nes2net,pgd,20.0,0.4127205882352941,0.211470588235294,0.625885294117647,2.490481238762688,1.0103889496038545,1.4800922891588335
runs_fine,xlsr_linear_itw_attack,in_the_wild,xlsr_linear,nes2net,pgd,30.0,0.3538970588235294,0.1526470588235293,0.7043338235294118,2.4127697516583773,0.941056513691202,1.4717132379671751
runs_fine,xlsr_linear_itw_attack,in_the_wild,xlsr_linear,nes2net,pgd,40.0,0.2884926470588235,0.0872426470588234,0.7799970588235293,2.114357873042185,0.8437099181940442,1.2706479548481406
runs_fine,xlsr_linear_itw_attack,in_the_wild,xlsr_linear,nes2net,pgd_l2,10.0,0.42625,0.2249999999999999,0.5782296875,2.8195162718583187,0.9567692498423078,1.862747022016011
runs_fine,xlsr_linear_itw_attack,in_the_wild,xlsr_linear,nes2net,pgd_l2,20.0,0.35125,0.1499999999999999,0.6932625,2.8403042449452194,0.880854185788355,1.9594500591568644
runs_fine,xlsr_linear_itw_attack,in_the_wild,xlsr_linear,nes2net,pgd_l2,30.0,0.3225,0.1212499999999999,0.7463109375000001,2.651031588570606,0.8241657719054206,1.8268658166651857
runs_fine,xlsr_linear_itw_attack,in_the_wild,xlsr_linear,nes2net,pgd_l2,40.0,0.28125,0.0799999999999999,0.7930687499999999,2.316567783729651,0.763629092062845,1.5529386916668064
runs_fine,xlsr_linear_itw_attack,in_the_wild,xlsr_linear,aasist,fgsm,10.0,0.61,0.1574999999999999,0.351465625,3.3758459113966275,0.9968839920874216,2.378961919309206
runs_fine,xlsr_linear_itw_attack,in_the_wild,xlsr_linear,aasist,fgsm,20.0,0.558125,0.1056249999999999,0.42636875,2.8850401894017823,0.9879903268268744,1.897049862574908
runs_fine,xlsr_linear_itw_attack,in_the_wild,xlsr_linear,aasist,fgsm,30.0,0.48375,0.03125,0.525040625,2.5045564544299954,0.9609267264734476,1.543629727956548
runs_fine,xlsr_linear_itw_attack,in_the_wild,xlsr_linear,aasist,fgsm,40.0,0.460625,0.008125,0.5527390625,2.4938632550169566,0.9501356742632452,1.5437275807537114
runs_fine,xlsr_linear_itw_attack,in_the_wild,xlsr_linear,aasist,pgd,10.0,0.596360294117647,0.143860294117647,0.3503058823529411,3.186953168081031,1.0703395596222645,2.116613608458766
runs_fine,xlsr_linear_itw_attack,in_the_wild,xlsr_linear,aasist,pgd,20.0,0.560625,0.108125,0.4235676470588235,2.813343088650335,1.057570892826604,1.7557721958237311
runs_fine,xlsr_linear_itw_attack,in_the_wild,xlsr_linear,aasist,pgd,30.0,0.4836397058823529,0.0311397058823529,0.5260176470588235,2.536693867824894,1.0310083659424938,1.5056855018824
runs_fine,xlsr_linear_itw_attack,in_the_wild,xlsr_linear,aasist,pgd,40.0,0.4587867647058823,0.0062867647058823,0.5500661764705882,2.521691618390605,1.020824604926308,1.5008670134642972
runs_fine,xlsr_linear_itw_attack,in_the_wild,xlsr_linear,aasist,pgd_l2,10.0,0.5968749999999999,0.1443749999999999,0.378034375,3.386984458534957,0.9926831080775936,2.394301350457363
runs_fine,xlsr_linear_itw_attack,in_the_wild,xlsr_linear,aasist,pgd_l2,20.0,0.57125,0.11875,0.405090625,2.9154356711788414,0.9917962964368994,1.923639374741942
runs_fine,xlsr_linear_itw_attack,in_the_wild,xlsr_linear,aasist,pgd_l2,30.0,0.5181250000000001,0.065625,0.4816953125,2.615299730220296,0.9747653682913684,1.6405343619289277
runs_fine,xlsr_linear_itw_attack,in_the_wild,xlsr_linear,aasist,pgd_l2,40.0,0.46625,0.01375,0.5460484375,2.461233332284289,0.9526722213135403,1.5085611109707486
runs_fine,xlsr_mamba_asv21_attack,asvspoof2021_la,xlsr_mamba,ssl_aasist,fgsm,10.0,0.144375,0.07,0.893978125,1.3629592341021697,0.5439339142876843,0.8190253198144853
runs_fine,xlsr_mamba_asv21_attack,asvspoof2021_la,xlsr_mamba,ssl_aasist,fgsm,20.0,0.1318749999999999,0.0574999999999999,0.9048671875,1.5053239895485058,0.4981693510840028,1.007154638464503
runs_fine,xlsr_mamba_asv21_attack,asvspoof2021_la,xlsr_mamba,ssl_aasist,fgsm,30.0,0.125625,0.0512499999999999,0.914746875,1.4205248420575138,0.4401852167474752,0.9803396253100386
runs_fine,xlsr_mamba_asv21_attack,asvspoof2021_la,xlsr_mamba,ssl_aasist,fgsm,40.0,0.1062499999999999,0.0318749999999999,0.9377796875,1.1063045565953502,0.3536892341185261,0.7526153224768241
runs_fine,xlsr_mamba_asv21_attack,asvspoof2021_la,xlsr_mamba,ssl_aasist,pgd,10.0,0.959375,0.885,0.0139874999999999,11.17805121152887,1.0,10.17805121152887
runs_fine,xlsr_mamba_asv21_attack,asvspoof2021_la,xlsr_mamba,ssl_aasist,pgd,20.0,0.85625,0.781875,0.0756421874999999,10.302991835352294,1.0,9.302991835352294
runs_fine,xlsr_mamba_asv21_attack,asvspoof2021_la,xlsr_mamba,ssl_aasist,pgd,30.0,0.610625,0.53625,0.3400828125,7.2085468621250275,0.9993747185959682,6.209172143529059
runs_fine,xlsr_mamba_asv21_attack,asvspoof2021_la,xlsr_mamba,ssl_aasist,pgd,40.0,0.2043749999999999,0.1299999999999999,0.823284375,2.3259112689212893,0.6564963682880559,1.6694149006332335
runs_fine,xlsr_mamba_asv21_attack,asvspoof2021_la,xlsr_mamba,ssl_aasist,pgd_l2,10.0,0.9475,0.873125,0.0182296874999999,11.039955922801122,1.0,10.039955922801122
runs_fine,xlsr_mamba_asv21_attack,asvspoof2021_la,xlsr_mamba,ssl_aasist,pgd_l2,20.0,0.84875,0.774375,0.0980875,9.826069529739542,1.0,8.826069529739542
runs_fine,xlsr_mamba_asv21_attack,asvspoof2021_la,xlsr_mamba,ssl_aasist,pgd_l2,30.0,0.614375,0.54,0.34849375,7.4759187163329806,0.9961585873201766,6.479760129012804
runs_fine,xlsr_mamba_asv21_attack,asvspoof2021_la,xlsr_mamba,ssl_aasist,pgd_l2,40.0,0.2931249999999999,0.2187499999999999,0.7346203124999999,3.841341047776614,0.8284506427198597,3.0128904050567544
runs_fine,xlsr_mamba_asv21_attack,asvspoof2021_la,xlsr_mamba,xlsr_linear,fgsm,10.0,0.405,0.250625,0.6226906249999999,1.0943843623859455,0.957043955899212,0.1373404064867334
runs_fine,xlsr_mamba_asv21_attack,asvspoof2021_la,xlsr_mamba,xlsr_linear,fgsm,20.0,0.3768749999999999,0.2224999999999999,0.68803125,0.9429463356250491,0.905156006398921,0.0377903292261281
runs_fine,xlsr_mamba_asv21_attack,asvspoof2021_la,xlsr_mamba,xlsr_linear,fgsm,30.0,0.2774999999999999,0.1231249999999999,0.7898499999999999,0.81489387758372,0.7813679937989442,0.0335258837847758
runs_fine,xlsr_mamba_asv21_attack,asvspoof2021_la,xlsr_mamba,xlsr_linear,fgsm,40.0,0.2475,0.0931249999999999,0.8369046875,0.7397724182166997,0.6893580486376674,0.0504143695790323
runs_fine,xlsr_mamba_asv21_attack,asvspoof2021_la,xlsr_mamba,xlsr_linear,pgd,10.0,0.95375,0.799375,0.0117140624999999,3.0362568362432647,1.0,2.0362568362432647
runs_fine,xlsr_mamba_asv21_attack,asvspoof2021_la,xlsr_mamba,xlsr_linear,pgd,20.0,0.938125,0.78375,0.0134734374999999,2.6508870979132557,1.0,1.6508870979132555
runs_fine,xlsr_mamba_asv21_attack,asvspoof2021_la,xlsr_mamba,xlsr_linear,pgd,30.0,0.828125,0.67375,0.1031890624999999,1.9229114934600011,1.0,0.9229114934600016
runs_fine,xlsr_mamba_asv21_attack,asvspoof2021_la,xlsr_mamba,xlsr_linear,pgd,40.0,0.595625,0.4412499999999999,0.3841828124999999,1.4317549503979214,0.9999176404450812,0.4318373099528403
runs_fine,xlsr_mamba_asv21_attack,asvspoof2021_la,xlsr_mamba,xlsr_linear,pgd_l2,10.0,0.95,0.7956249999999999,0.0099749999999999,3.5343553492501996,1.0,2.5343553492501996
runs_fine,xlsr_mamba_asv21_attack,asvspoof2021_la,xlsr_mamba,xlsr_linear,pgd_l2,20.0,0.9175,0.7631249999999999,0.04090625,2.898888116940934,1.0,1.8988881169409344
runs_fine,xlsr_mamba_asv21_attack,asvspoof2021_la,xlsr_mamba,xlsr_linear,pgd_l2,30.0,0.79125,0.636875,0.1641640624999999,2.018128026920801,0.9986947422333924,1.0194332846874086
runs_fine,xlsr_mamba_asv21_attack,asvspoof2021_la,xlsr_mamba,xlsr_linear,pgd_l2,40.0,0.5806250000000001,0.42625,0.4283171875,1.486182878985472,0.9905014437265244,0.4956814352589473
runs_fine,xlsr_mamba_asv21_attack,asvspoof2021_la,xlsr_mamba,nes2net_v2,fgsm,10.0,0.198125,0.134375,0.8577890625000001,1.4514061785060124,0.6048060662425457,0.8466001122634667
runs_fine,xlsr_mamba_asv21_attack,asvspoof2021_la,xlsr_mamba,nes2net_v2,fgsm,20.0,0.2256249999999999,0.161875,0.8291984375,1.8120754262307108,0.6483494098332097,1.1637260163975012
runs_fine,xlsr_mamba_asv21_attack,asvspoof2021_la,xlsr_mamba,nes2net_v2,fgsm,30.0,0.23625,0.1725,0.8310296875,1.7804579739447264,0.6351300260209696,1.1453279479237568
runs_fine,xlsr_mamba_asv21_attack,asvspoof2021_la,xlsr_mamba,nes2net_v2,fgsm,40.0,0.193125,0.129375,0.8676171874999999,1.5270893509366237,0.5621294707584852,0.9649598801781384
runs_fine,xlsr_mamba_asv21_attack,asvspoof2021_la,xlsr_mamba,nes2net_v2,pgd,10.0,0.984375,0.920625,0.0041921875,8.444759644402975,0.9993747189490708,7.445384925453904
runs_fine,xlsr_mamba_asv21_attack,asvspoof2021_la,xlsr_mamba,nes2net_v2,pgd,20.0,0.974375,0.910625,0.0088296874999999,7.757713885469908,1.0,6.757713885469908
runs_fine,xlsr_mamba_asv21_attack,asvspoof2021_la,xlsr_mamba,nes2net_v2,pgd,30.0,0.96,0.89625,0.0162640624999999,7.474455983075906,0.9987488732869292,6.475707109788977
runs_fine,xlsr_mamba_asv21_attack,asvspoof2021_la,xlsr_mamba,nes2net_v2,pgd,40.0,0.738125,0.6743750000000001,0.2248093749999999,5.569011650813076,0.9937317238302712,4.575279926982805
runs_fine,xlsr_mamba_asv21_attack,asvspoof2021_la,xlsr_mamba,nes2net_v2,pgd_l2,10.0,0.99,0.92625,0.004828125,8.098497444704101,1.0,7.098497444704101
runs_fine,xlsr_mamba_asv21_attack,asvspoof2021_la,xlsr_mamba,nes2net_v2,pgd_l2,20.0,0.93875,0.875,0.0426609374999999,7.572442985906301,0.9993747189490708,6.573068266957231
runs_fine,xlsr_mamba_asv21_attack,asvspoof2021_la,xlsr_mamba,nes2net_v2,pgd_l2,30.0,0.843125,0.779375,0.1279109375,6.646685026324146,0.9974954838807016,5.649189542443445
runs_fine,xlsr_mamba_asv21_attack,asvspoof2021_la,xlsr_mamba,nes2net_v2,pgd_l2,40.0,0.621875,0.558125,0.38218125,4.655175853823475,0.9736635783340152,3.6815122754894594
runs_fine,xlsr_mamba_asv21_attack,asvspoof2021_la,xlsr_mamba,wavlm_linear,fgsm,10.0,0.1843749999999999,0.016875,0.85940625,4.3563428420618635,0.6342686915033511,3.722074150558512
runs_fine,xlsr_mamba_asv21_attack,asvspoof2021_la,xlsr_mamba,wavlm_linear,fgsm,20.0,0.1999999999999999,0.0325,0.872346875,2.899823128238305,0.6289143883653985,2.2709087398729064
runs_fine,xlsr_mamba_asv21_attack,asvspoof2021_la,xlsr_mamba,wavlm_linear,fgsm,30.0,0.200625,0.033125,0.8757859375000001,2.0990689612139004,0.6205518287209157,1.4785171324929849
runs_fine,xlsr_mamba_asv21_attack,asvspoof2021_la,xlsr_mamba,wavlm_linear,fgsm,40.0,0.1999999999999999,0.0325,0.8849203125,1.412539651795615,0.5923157468255092,0.8202239049701058
runs_fine,xlsr_mamba_asv21_attack,asvspoof2021_la,xlsr_mamba,wavlm_linear,pgd,10.0,0.23375,0.06625,0.8037796875000001,5.261348602920705,0.7464572510028272,4.514891351917878
runs_fine,xlsr_mamba_asv21_attack,asvspoof2021_la,xlsr_mamba,wavlm_linear,pgd,20.0,0.244375,0.076875,0.81140625,4.106489888093386,0.7460564095311844,3.360433478562202
runs_fine,xlsr_mamba_asv21_attack,asvspoof2021_la,xlsr_mamba,wavlm_linear,pgd,30.0,0.22875,0.06125,0.8468109375000001,2.4679485913500177,0.6860464623864974,1.7819021289635204
runs_fine,xlsr_mamba_asv21_attack,asvspoof2021_la,xlsr_mamba,wavlm_linear,pgd,40.0,0.2225,0.055,0.8659687500000001,1.614710287311227,0.6304804818895067,0.9842298054217202
runs_fine,xlsr_mamba_asv21_attack,asvspoof2021_la,xlsr_mamba,wavlm_linear,pgd_l2,10.0,0.2724999999999999,0.1049999999999999,0.77160625,5.0743554262059,0.7925361007322286,4.281819325473671
runs_fine,xlsr_mamba_asv21_attack,asvspoof2021_la,xlsr_mamba,wavlm_linear,pgd_l2,20.0,0.249375,0.081875,0.80095,3.714583844959752,0.760430696837575,2.954153148122177
runs_fine,xlsr_mamba_asv21_attack,asvspoof2021_la,xlsr_mamba,wavlm_linear,pgd_l2,30.0,0.24,0.0725,0.8430453124999999,2.341004947011599,0.6892815492614062,1.6517233977501926
runs_fine,xlsr_mamba_asv21_attack,asvspoof2021_la,xlsr_mamba,wavlm_linear,pgd_l2,40.0,0.224375,0.056875,0.8724453125,1.6559591093563724,0.6192529637040733,1.036706145652299
runs_fine,xlsr_mamba_asv21_attack,asvspoof2021_la,xlsr_mamba,nes2net,fgsm,10.0,0.3725,0.205,0.6838703124999999,1.311818722867725,0.901165391874604,0.4106533309931208
runs_fine,xlsr_mamba_asv21_attack,asvspoof2021_la,xlsr_mamba,nes2net,fgsm,20.0,0.321875,0.154375,0.728915625,1.7077122155738111,0.851433183639997,0.8562790319338142
runs_fine,xlsr_mamba_asv21_attack,asvspoof2021_la,xlsr_mamba,nes2net,fgsm,30.0,0.2875,0.12,0.7744015625,1.9914255964495928,0.7977830158824353,1.1936425805671576
runs_fine,xlsr_mamba_asv21_attack,asvspoof2021_la,xlsr_mamba,nes2net,fgsm,40.0,0.243125,0.075625,0.8250781250000001,2.097863387624548,0.7222490180796359,1.375614369544912
runs_fine,xlsr_mamba_asv21_attack,asvspoof2021_la,xlsr_mamba,nes2net,pgd,10.0,0.66625,0.49875,0.28563125,2.325133543155355,0.9999999999999996,1.3251335431553557
runs_fine,xlsr_mamba_asv21_attack,asvspoof2021_la,xlsr_mamba,nes2net,pgd,20.0,0.485625,0.318125,0.5028296875,2.3520158151028236,0.9974870139117158,1.354528801191108
runs_fine,xlsr_mamba_asv21_attack,asvspoof2021_la,xlsr_mamba,nes2net,pgd,30.0,0.3818749999999999,0.2143749999999999,0.64399765625,2.4344372787911204,0.9424164801591416,1.492020798631979
runs_fine,xlsr_mamba_asv21_attack,asvspoof2021_la,xlsr_mamba,nes2net,pgd,40.0,0.31125,0.14375,0.74095,2.4884591446957685,0.8494067592081397,1.6390523854876289
runs_fine,xlsr_mamba_asv21_attack,asvspoof2021_la,xlsr_mamba,nes2net,pgd_l2,10.0,0.5525,0.385,0.41285,2.6124840059464045,0.9991164972876652,1.6133675086587391
runs_fine,xlsr_mamba_asv21_attack,asvspoof2021_la,xlsr_mamba,nes2net,pgd_l2,20.0,0.4093749999999999,0.2418749999999999,0.60460625,2.7182649577715363,0.965638747378077,1.7526262103934591
runs_fine,xlsr_mamba_asv21_attack,asvspoof2021_la,xlsr_mamba,nes2net,pgd_l2,30.0,0.3193749999999999,0.1518749999999999,0.7327125,2.7204403547336415,0.8636122614947255,1.856828093238916
runs_fine,xlsr_mamba_asv21_attack,asvspoof2021_la,xlsr_mamba,nes2net,pgd_l2,40.0,0.2881249999999999,0.1206249999999999,0.7909296875,2.6140094180059767,0.7860258394044866,1.8279835786014904
runs_fine,xlsr_mamba_asv21_attack,asvspoof2021_la,xlsr_mamba,aasist,fgsm,10.0,0.3206249999999999,0.1712499999999999,0.7530171875,4.696837588205559,0.8228174914831616,3.874020096722398
runs_fine,xlsr_mamba_asv21_attack,asvspoof2021_la,xlsr_mamba,aasist,fgsm,20.0,0.21875,0.0693749999999999,0.8664390624999999,2.8276911991247298,0.6234140517208426,2.204277147403887
runs_fine,xlsr_mamba_asv21_attack,asvspoof2021_la,xlsr_mamba,aasist,fgsm,30.0,0.1374999999999999,-0.011875,0.933328125,1.3339547597498065,0.425334455670585,0.9086203040792212
runs_fine,xlsr_mamba_asv21_attack,asvspoof2021_la,xlsr_mamba,aasist,fgsm,40.0,0.1337499999999999,-0.015625,0.94305,1.2227063402893543,0.3880128690897149,0.8346934711996397
runs_fine,xlsr_mamba_asv21_attack,asvspoof2021_la,xlsr_mamba,aasist,pgd,10.0,0.2937499999999999,0.1443749999999999,0.7704874999999999,3.5331935887217343,0.7887495021593258,2.7444440865624085
runs_fine,xlsr_mamba_asv21_attack,asvspoof2021_la,xlsr_mamba,aasist,pgd,20.0,0.19625,0.0468749999999999,0.884953125,1.8936553212236285,0.5547529175647011,1.3389024036589272
runs_fine,xlsr_mamba_asv21_attack,asvspoof2021_la,xlsr_mamba,aasist,pgd,30.0,0.14,-0.009375,0.935771875,1.2327354702981588,0.4126578069106777,0.820077663387481
runs_fine,xlsr_mamba_asv21_attack,asvspoof2021_la,xlsr_mamba,aasist,pgd,40.0,0.134375,-0.015,0.943228125,1.2531673826711978,0.3886919162063385,0.8644754664648593
runs_fine,xlsr_mamba_asv21_attack,asvspoof2021_la,xlsr_mamba,aasist,pgd_l2,10.0,0.32875,0.1793749999999999,0.728496875,4.410566861364856,0.8592568193052188,3.5513100420596375
runs_fine,xlsr_mamba_asv21_attack,asvspoof2021_la,xlsr_mamba,aasist,pgd_l2,20.0,0.225625,0.0762499999999999,0.8574984375,2.61029138759185,0.6333385419901532,1.9769528456016967
runs_fine,xlsr_mamba_asv21_attack,asvspoof2021_la,xlsr_mamba,aasist,pgd_l2,30.0,0.145,-0.004375,0.9305140625,1.2898971004939477,0.4278828399360633,0.8620142605578843
runs_fine,xlsr_mamba_asv21_attack,asvspoof2021_la,xlsr_mamba,aasist,pgd_l2,40.0,0.13375,-0.015625,0.94115625,1.1986669037471367,0.394206124138705,0.8044607796084317
runs_fine,xlsr_mamba_itw_attack,in_the_wild,xlsr_mamba,ssl_aasist,fgsm,10.0,0.63375,0.5175000000000001,0.3351796875,4.610233302330677,0.9998465223831354,3.6103867799475418
runs_fine,xlsr_mamba_itw_attack,in_the_wild,xlsr_mamba,ssl_aasist,fgsm,20.0,0.6699999999999999,0.55375,0.3013921875,5.753230128901816,0.9987488732869292,4.754481255614887
runs_fine,xlsr_mamba_itw_attack,in_the_wild,xlsr_mamba,ssl_aasist,fgsm,30.0,0.5974999999999999,0.4812499999999999,0.4103859374999999,5.47805179664286,0.9950165025560844,4.4830352940867755
runs_fine,xlsr_mamba_itw_attack,in_the_wild,xlsr_mamba,ssl_aasist,fgsm,40.0,0.37,0.25375,0.6961078125,3.988172920703706,0.8768902046720458,3.1112827160316607
runs_fine,xlsr_mamba_itw_attack,in_the_wild,xlsr_mamba,ssl_aasist,pgd,10.0,0.994375,0.878125,0.0022749999999999,15.434092234900431,1.0,14.434092234900431
runs_fine,xlsr_mamba_itw_attack,in_the_wild,xlsr_mamba,ssl_aasist,pgd,20.0,0.98,0.86375,0.0072296874999999,13.821404905737133,1.0,12.821404905737133
runs_fine,xlsr_mamba_itw_attack,in_the_wild,xlsr_mamba,ssl_aasist,pgd,30.0,0.87875,0.7625000000000001,0.0590015624999999,9.64879125769902,0.9989006522741524,8.649890605424867
runs_fine,xlsr_mamba_itw_attack,in_the_wild,xlsr_mamba,ssl_aasist,pgd,40.0,0.541875,0.425625,0.473396875,5.093950901892469,0.9914656783566176,4.102485223535851
runs_fine,xlsr_mamba_itw_attack,in_the_wild,xlsr_mamba,ssl_aasist,pgd_l2,10.0,0.9925,0.8762500000000001,0.0013828124999999,15.587982527405012,1.0,14.587982527405012
runs_fine,xlsr_mamba_itw_attack,in_the_wild,xlsr_mamba,ssl_aasist,pgd_l2,20.0,0.98,0.86375,0.005640625,13.87716560597928,1.0,12.87716560597928
runs_fine,xlsr_mamba_itw_attack,in_the_wild,xlsr_mamba,ssl_aasist,pgd_l2,30.0,0.945625,0.829375,0.0214828124999999,11.081753881867895,1.0,10.081753881867895
runs_fine,xlsr_mamba_itw_attack,in_the_wild,xlsr_mamba,ssl_aasist,pgd_l2,40.0,0.73,0.61375,0.228959375,6.846213496692987,0.997970676045554,5.848242820647433
runs_fine,xlsr_mamba_itw_attack,in_the_wild,xlsr_mamba,xlsr_linear,fgsm,10.0,0.553125,0.280625,0.4150531249999999,1.3967611366700063,0.9992218055905367,0.3975393310794695
runs_fine,xlsr_mamba_itw_attack,in_the_wild,xlsr_mamba,xlsr_linear,fgsm,20.0,0.5906250000000001,0.3181250000000001,0.356265625,1.5029974617513349,0.999949519466238,0.5030479422850969
runs_fine,xlsr_mamba_itw_attack,in_the_wild,xlsr_mamba,xlsr_linear,fgsm,30.0,0.608125,0.335625,0.3547109375,1.6948617581351093,1.0,0.6948617581351093
runs_fine,xlsr_mamba_itw_attack,in_the_wild,xlsr_mamba,xlsr_linear,fgsm,40.0,0.50875,0.23625,0.4955124999999999,1.7044568019626407,0.9961140695677232,0.7083427323949174
runs_fine,xlsr_mamba_itw_attack,in_the_wild,xlsr_mamba,xlsr_linear,pgd,10.0,0.958125,0.685625,0.0098328124999999,3.19091625029846,1.0,2.19091625029846
runs_fine,xlsr_mamba_itw_attack,in_the_wild,xlsr_mamba,xlsr_linear,pgd,20.0,0.94375,0.67125,0.0118062499999999,2.9978466386275953,1.0,1.9978466386275953
runs_fine,xlsr_mamba_itw_attack,in_the_wild,xlsr_mamba,xlsr_linear,pgd,30.0,0.91,0.6375,0.0289640624999999,2.7752534637830797,1.0,1.7752534637830797
runs_fine,xlsr_mamba_itw_attack,in_the_wild,xlsr_mamba,xlsr_linear,pgd,40.0,0.745,0.4725,0.1852859375,2.334848898532776,0.9999999999999996,1.3348488985327769
runs_fine,xlsr_mamba_itw_attack,in_the_wild,xlsr_mamba,xlsr_linear,pgd_l2,10.0,0.966875,0.6943750000000001,0.0076656249999999,3.7227767896245254,1.0,2.7227767896245254
runs_fine,xlsr_mamba_itw_attack,in_the_wild,xlsr_mamba,xlsr_linear,pgd_l2,20.0,0.95625,0.6837500000000001,0.0102953124999999,3.166592893637931,1.0,2.166592893637931
runs_fine,xlsr_mamba_itw_attack,in_the_wild,xlsr_mamba,xlsr_linear,pgd_l2,30.0,0.9125,0.64,0.0299140624999999,2.8113462841311723,1.0,1.8113462841311725
runs_fine,xlsr_mamba_itw_attack,in_the_wild,xlsr_mamba,xlsr_linear,pgd_l2,40.0,0.77125,0.49875,0.14469375,2.4605312361779523,0.9999999999999996,1.4605312361779528
runs_fine,xlsr_mamba_itw_attack,in_the_wild,xlsr_mamba,nes2net_v2,fgsm,10.0,0.57375,0.494375,0.4065921875,4.516278586618851,0.9993501185780972,3.5169284680407538
runs_fine,xlsr_mamba_itw_attack,in_the_wild,xlsr_mamba,nes2net_v2,fgsm,20.0,0.623125,0.5437500000000001,0.3324015624999999,5.216427576678363,1.0,4.216427576678363
runs_fine,xlsr_mamba_itw_attack,in_the_wild,xlsr_mamba,nes2net_v2,fgsm,30.0,0.6025,0.5231250000000001,0.3716453125,5.148252597563254,1.0,4.148252597563254
runs_fine,xlsr_mamba_itw_attack,in_the_wild,xlsr_mamba,nes2net_v2,fgsm,40.0,0.4475,0.368125,0.557959375,3.766290693173106,0.9808252482880778,2.785465444885028
runs_fine,xlsr_mamba_itw_attack,in_the_wild,xlsr_mamba,nes2net_v2,pgd,10.0,0.989375,0.91,0.0039062499999999,11.4370714346271,0.999374718949071,10.43769671567803
runs_fine,xlsr_mamba_itw_attack,in_the_wild,xlsr_mamba,nes2net_v2,pgd,20.0,0.98875,0.909375,0.0043874999999999,11.423461125668396,0.9993747189490714,10.424086406719326
runs_fine,xlsr_mamba_itw_attack,in_the_wild,xlsr_mamba,nes2net_v2,pgd,30.0,0.9775,0.8981250000000001,0.010596875,10.619232142400648,0.9987488732869292,9.620483269113718
runs_fine,xlsr_mamba_itw_attack,in_the_wild,xlsr_mamba,nes2net_v2,pgd,40.0,0.83125,0.7518750000000001,0.10804375,7.018009389937378,0.9993747189490708,6.018634670988307
runs_fine,xlsr_mamba_itw_attack,in_the_wild,xlsr_mamba,nes2net_v2,pgd_l2,10.0,0.9925,0.913125,0.0003390624999999,11.657507506169514,1.0,10.657507506169514
runs_fine,xlsr_mamba_itw_attack,in_the_wild,xlsr_mamba,nes2net_v2,pgd_l2,20.0,0.9875,0.908125,0.0031749999999999,11.060931686820808,1.0,10.060931686820808
runs_fine,xlsr_mamba_itw_attack,in_the_wild,xlsr_mamba,nes2net_v2,pgd_l2,30.0,0.9775,0.8981250000000001,0.0070078124999999,10.596613784030351,1.0,9.596613784030351
runs_fine,xlsr_mamba_itw_attack,in_the_wild,xlsr_mamba,nes2net_v2,pgd_l2,40.0,0.888125,0.8087500000000001,0.0717859375,8.007858323057743,0.9987488732869292,7.009109449770814
runs_fine,xlsr_mamba_itw_attack,in_the_wild,xlsr_mamba,wavlm_linear,fgsm,10.0,0.3512499999999999,0.1493749999999999,0.687978125,8.253144012742153,0.906333299913716,7.346810712828437
runs_fine,xlsr_mamba_itw_attack,in_the_wild,xlsr_mamba,wavlm_linear,fgsm,20.0,0.3349999999999999,0.1331249999999999,0.7114359375000001,6.435562358181797,0.8806953049936208,5.554867053188176
runs_fine,xlsr_mamba_itw_attack,in_the_wild,xlsr_mamba,wavlm_linear,fgsm,30.0,0.295,0.093125,0.7444015625,4.871646972900122,0.846002532201555,4.025644440698567
runs_fine,xlsr_mamba_itw_attack,in_the_wild,xlsr_mamba,wavlm_linear,fgsm,40.0,0.255,0.0531249999999999,0.8011140625,3.882799684740369,0.7636961072172919,3.1191035775230773
runs_fine,xlsr_mamba_itw_attack,in_the_wild,xlsr_mamba,wavlm_linear,pgd,10.0,0.485625,0.2837499999999999,0.5023890625,8.838074039403498,0.9948660759830302,7.843207963420467
runs_fine,xlsr_mamba_itw_attack,in_the_wild,xlsr_mamba,wavlm_linear,pgd,20.0,0.383125,0.18125,0.6352640625,6.785460675909909,0.945028557687886,5.840432118222023
runs_fine,xlsr_mamba_itw_attack,in_the_wild,xlsr_mamba,wavlm_linear,pgd,30.0,0.303125,0.1012499999999999,0.7455984375,4.847986281220854,0.8441434777125103,4.003842803508344
runs_fine,xlsr_mamba_itw_attack,in_the_wild,xlsr_mamba,wavlm_linear,pgd,40.0,0.250625,0.0487499999999999,0.803415625,3.892711464570845,0.7586643096059499,3.1340471549648954
runs_fine,xlsr_mamba_itw_attack,in_the_wild,xlsr_mamba,wavlm_linear,pgd_l2,10.0,0.541875,0.3399999999999999,0.438725,8.843779369560377,0.9960276274242827,7.847751742136094
runs_fine,xlsr_mamba_itw_attack,in_the_wild,xlsr_mamba,wavlm_linear,pgd_l2,20.0,0.436875,0.235,0.5763890625,7.025508715577732,0.9765154070363566,6.048993308541375
runs_fine,xlsr_mamba_itw_attack,in_the_wild,xlsr_mamba,wavlm_linear,pgd_l2,30.0,0.338125,0.1362499999999999,0.7040328125,5.206849067026703,0.8891769529617932,4.31767211406491
runs_fine,xlsr_mamba_itw_attack,in_the_wild,xlsr_mamba,wavlm_linear,pgd_l2,40.0,0.2724999999999999,0.0706249999999999,0.781359375,4.152355655111157,0.7958026465314425,3.3565530085797146
runs_fine,xlsr_mamba_itw_attack,in_the_wild,xlsr_mamba,nes2net,fgsm,10.0,0.3249999999999999,0.1237499999999999,0.7428390625,1.3642344237553214,0.8465293798717834,0.517705043883538
runs_fine,xlsr_mamba_itw_attack,in_the_wild,xlsr_mamba,nes2net,fgsm,20.0,0.3575,0.15625,0.705434375,1.8834680681962248,0.8840740091735533,0.9993940590226712
runs_fine,xlsr_mamba_itw_attack,in_the_wild,xlsr_mamba,nes2net,fgsm,30.0,0.34375,0.1424999999999999,0.72364375,2.1276465435930763,0.8630183053402047,1.2646282382528715
runs_fine,xlsr_mamba_itw_attack,in_the_wild,xlsr_mamba,nes2net,fgsm,40.0,0.29375,0.0924999999999999,0.7729875,2.049727190234299,0.8012300685195766,1.2484971217147225
runs_fine,xlsr_mamba_itw_attack,in_the_wild,xlsr_mamba,nes2net,pgd,10.0,0.5775,0.37625,0.4066546875,2.3587712459148227,0.9921228982130186,1.366648347701804
runs_fine,xlsr_mamba_itw_attack,in_the_wild,xlsr_mamba,nes2net,pgd,20.0,0.4625,0.26125,0.551346875,2.4408332296214215,0.968438438907476,1.4723947907139454
runs_fine,xlsr_mamba_itw_attack,in_the_wild,xlsr_mamba,nes2net,pgd,30.0,0.39375,0.1925,0.6326546875,2.4693108902041288,0.9264621726501971,1.5428487175539316
runs_fine,xlsr_mamba_itw_attack,in_the_wild,xlsr_mamba,nes2net,pgd,40.0,0.3462499999999999,0.1449999999999999,0.7079390625000002,2.2942326376693765,0.8766633259361193,1.4175693117332573
runs_fine,xlsr_mamba_itw_attack,in_the_wild,xlsr_mamba,nes2net,pgd_l2,10.0,0.5925,0.39125,0.3648515625,2.884411224163745,0.999349226964498,1.8850619971992468
runs_fine,xlsr_mamba_itw_attack,in_the_wild,xlsr_mamba,nes2net,pgd_l2,20.0,0.484375,0.2831249999999999,0.505421875,2.9232567850651416,0.9773698161673314,1.9458869688978104
runs_fine,xlsr_mamba_itw_attack,in_the_wild,xlsr_mamba,nes2net,pgd_l2,30.0,0.428125,0.2268749999999999,0.5958484374999999,2.8650996289611244,0.9503696950604044,1.91472993390072
runs_fine,xlsr_mamba_itw_attack,in_the_wild,xlsr_mamba,nes2net,pgd_l2,40.0,0.37625,0.1749999999999999,0.6664078125,2.6312980858158936,0.9081244315230952,1.7231736542927982
runs_fine,xlsr_mamba_itw_attack,in_the_wild,xlsr_mamba,aasist,fgsm,10.0,0.573125,0.1206249999999999,0.410615625,3.4232500566534925,0.9932935106178656,2.429956546035627
runs_fine,xlsr_mamba_itw_attack,in_the_wild,xlsr_mamba,aasist,fgsm,20.0,0.543125,0.0906249999999999,0.446434375,2.906743317557343,0.98629680552582,1.920446512031523
runs_fine,xlsr_mamba_itw_attack,in_the_wild,xlsr_mamba,aasist,fgsm,30.0,0.491875,0.039375,0.5206546875,2.5897944734259912,0.9648955982083732,1.624898875217618
runs_fine,xlsr_mamba_itw_attack,in_the_wild,xlsr_mamba,aasist,fgsm,40.0,0.46125,0.0087499999999999,0.5483234375000001,2.517824430430302,0.9523772436237062,1.5654471868065958
runs_fine,xlsr_mamba_itw_attack,in_the_wild,xlsr_mamba,aasist,pgd,10.0,0.6387499999999999,0.1862499999999999,0.303721875,3.376606992369652,0.9987488718727474,2.3778581204969047
runs_fine,xlsr_mamba_itw_attack,in_the_wild,xlsr_mamba,aasist,pgd,20.0,0.5700000000000001,0.1175,0.4030953124999999,2.9143540261565493,0.9913890324966542,1.9229649936598951
runs_fine,xlsr_mamba_itw_attack,in_the_wild,xlsr_mamba,aasist,pgd,30.0,0.49375,0.04125,0.517509375,2.5639822871423106,0.9653442079934996,1.598638079148811
runs_fine,xlsr_mamba_itw_attack,in_the_wild,xlsr_mamba,aasist,pgd,40.0,0.46125,0.0087499999999999,0.5481921875,2.5191022867757837,0.9525745266843072,1.5665277600914769
runs_fine,xlsr_mamba_itw_attack,in_the_wild,xlsr_mamba,aasist,pgd_l2,10.0,0.62375,0.17125,0.334978125,3.4239871631479906,0.9989009240311886,2.425086239116802
runs_fine,xlsr_mamba_itw_attack,in_the_wild,xlsr_mamba,aasist,pgd_l2,20.0,0.575,0.1224999999999999,0.4024859375,2.875770043611685,0.9910853717076702,1.884684671904015
runs_fine,xlsr_mamba_itw_attack,in_the_wild,xlsr_mamba,aasist,pgd_l2,30.0,0.5237499999999999,0.0712499999999999,0.4801078125,2.6048900207485417,0.9775824503972076,1.627307570351334
runs_fine,xlsr_mamba_itw_attack,in_the_wild,xlsr_mamba,aasist,pgd_l2,40.0,0.4706249999999999,0.0181249999999999,0.5401859375,2.501224254968122,0.9544062893545302,1.5468179656135916
runs_probes,hubert_linear_itw_attack,in_the_wild,hubert_linear,hubert_mlp,pgd,20.0,1.0,0.790625,0.0,19.914976584240907,1.0,18.914976584240907
runs_probes,hubert_linear_itw_attack,in_the_wild,hubert_linear,ssl_aasist,pgd,20.0,0.6975,0.58125,0.270896875,5.209416818463485,0.9967926329383644,4.2126241855251205
runs_probes,hubert_linear_itw_attack,in_the_wild,hubert_linear,xlsr_linear,pgd,20.0,0.6737500000000001,0.4012500000000001,0.2517671875,1.7076908202672008,1.0,0.7076908202672008
runs_probes,hubert_linear_itw_attack,in_the_wild,hubert_linear,wavlm_linear,pgd,20.0,0.95875,0.756875,0.0160937499999999,9.54395054560702,1.0,8.543950545607021
runs_probes,hubert_linear_itw_attack,in_the_wild,hubert_linear,aasist,pgd,20.0,0.54,0.0875,0.4496984375,2.6655872975906885,0.9822574483262568,1.6833298492644315
runs_probes,hubert_linear_itw_attack,in_the_wild,hubert_linear,w2v2lv60_linear,pgd,20.0,0.7625,0.3362499999999999,0.1667124999999999,1.2906369445146042,0.9999999999999996,0.2906369445146046
runs_probes,hubert_linear_itw_attack,in_the_wild,hubert_linear,wavlmbase_linear,pgd,20.0,0.9225,0.65,0.0269624999999999,5.491298447775458,1.0,4.491298447775458
runs_probes,hubert_mlp_itw_attack,in_the_wild,hubert_mlp,hubert_linear,pgd,20.0,1.0,0.764375,0.0,17.645287973791934,1.0,16.645287973791934
runs_probes,hubert_mlp_itw_attack,in_the_wild,hubert_mlp,ssl_aasist,pgd,20.0,0.70375,0.5875,0.2571875,5.389095687404423,0.9968403605627396,4.392255326841684
runs_probes,hubert_mlp_itw_attack,in_the_wild,hubert_mlp,xlsr_linear,pgd,20.0,0.6799999999999999,0.4075,0.257,1.7228083988253309,1.0,0.7228083988253307
runs_probes,hubert_mlp_itw_attack,in_the_wild,hubert_mlp,wavlm_linear,pgd,20.0,0.943125,0.74125,0.024075,9.348762150566431,0.9993747189490708,8.34938743161736
runs_probes,hubert_mlp_itw_attack,in_the_wild,hubert_mlp,aasist,pgd,20.0,0.546875,0.0943749999999999,0.4465171875,2.683783618749058,0.9849561134528364,1.6988275052962214
runs_probes,hubert_mlp_itw_attack,in_the_wild,hubert_mlp,w2v2lv60_linear,pgd,20.0,0.74125,0.3149999999999999,0.1925203124999999,1.26348566542648,1.0000000000000002,0.2634856654264796
runs_probes,hubert_mlp_itw_attack,in_the_wild,hubert_mlp,wavlmbase_linear,pgd,20.0,0.900625,0.628125,0.0478453125,5.525975452231587,1.0,4.525975452231587
runs_probes,w2v2lv60_linear_itw_attack,in_the_wild,w2v2lv60_linear,w2v2lv60_mlp,pgd,20.0,0.99875,0.57125,1.5624999999999668e-06,2.3588200782850244,1.0,1.3588200782850244
runs_probes,w2v2lv60_linear_itw_attack,in_the_wild,w2v2lv60_linear,ssl_aasist,pgd,20.0,0.2987499999999999,0.1824999999999999,0.777346875,2.813987994596447,0.792333635763586,2.021654358832861
runs_probes,w2v2lv60_linear_itw_attack,in_the_wild,w2v2lv60_linear,xlsr_linear,pgd,20.0,0.4449999999999999,0.1725,0.574778125,1.2814406413501778,0.980939321579606,0.3005013197705717
runs_probes,w2v2lv60_linear_itw_attack,in_the_wild,w2v2lv60_linear,wavlm_linear,pgd,20.0,0.3612499999999999,0.1593749999999999,0.6586703125000001,6.504042180285246,0.9282745533907032,5.575767626894543
runs_probes,w2v2lv60_linear_itw_attack,in_the_wild,w2v2lv60_linear,aasist,pgd,20.0,0.5125,0.0599999999999999,0.4835734375,2.548636083917484,0.9698829821316726,1.5787531017858112
runs_probes,w2v2lv60_linear_itw_attack,in_the_wild,w2v2lv60_linear,hubert_linear,pgd,20.0,0.50625,0.270625,0.49922890625,8.7996669340259,0.9936022540823544,7.806064679943546
runs_probes,w2v2lv60_linear_itw_attack,in_the_wild,w2v2lv60_linear,wavlmbase_linear,pgd,20.0,0.45375,0.18125,0.5658796875000001,4.395424950789174,0.9853191724202276,3.4101057783689463
runs_probes,w2v2lv60_mlp_itw_attack,in_the_wild,w2v2lv60_mlp,w2v2lv60_linear,pgd,20.0,0.999375,0.573125,3.1249999999999337e-06,2.7910952532279323,1.0,1.7910952532279325
runs_probes,w2v2lv60_mlp_itw_attack,in_the_wild,w2v2lv60_mlp,ssl_aasist,pgd,20.0,0.305625,0.189375,0.771559375,2.7998223102708266,0.800172132650605,1.9996501776202216
runs_probes,w2v2lv60_mlp_itw_attack,in_the_wild,w2v2lv60_mlp,xlsr_linear,pgd,20.0,0.448125,0.175625,0.5792249999999999,1.2745691460970998,0.9800878870662332,0.2944812590308667
runs_probes,w2v2lv60_mlp_itw_attack,in_the_wild,w2v2lv60_mlp,wavlm_linear,pgd,20.0,0.365625,0.1637499999999999,0.6575671875,6.496616622406287,0.9299719729178316,5.566644649488455
runs_probes,w2v2lv60_mlp_itw_attack,in_the_wild,w2v2lv60_mlp,aasist,pgd,20.0,0.51875,0.06625,0.482528125,2.561039524201229,0.9705027849414214,1.5905367392598078
runs_probes,w2v2lv60_mlp_itw_attack,in_the_wild,w2v2lv60_mlp,hubert_linear,pgd,20.0,0.4975,0.2618750000000001,0.49630078125,8.783292979351348,0.9944213085320328,7.788871670819315
runs_probes,w2v2lv60_mlp_itw_attack,in_the_wild,w2v2lv60_mlp,wavlmbase_linear,pgd,20.0,0.4525,0.18,0.5693312500000001,4.394870685119267,0.984892605846054,3.409978079273213
runs_probes,wavlmbase_linear_itw_attack,in_the_wild,wavlmbase_linear,wavlmbase_mlp,pgd,20.0,0.999375,0.738125,9.37499999999994e-06,19.784753317095703,1.0,18.784753317095703
runs_probes,wavlmbase_linear_itw_attack,in_the_wild,wavlmbase_linear,ssl_aasist,pgd,20.0,0.57125,0.455,0.4372859375,4.712783644143268,0.9850719300881736,3.727711714055094
runs_probes,wavlmbase_linear_itw_attack,in_the_wild,wavlmbase_linear,xlsr_linear,pgd,20.0,0.505,0.2325,0.4828921874999999,1.3451689280868795,0.999342124396022,0.3458268036908574
runs_probes,wavlmbase_linear_itw_attack,in_the_wild,wavlmbase_linear,wavlm_linear,pgd,20.0,0.86125,0.6593749999999999,0.074840625,8.435774824986911,0.9981224619522748,7.437652363034636
runs_probes,wavlmbase_linear_itw_attack,in_the_wild,wavlmbase_linear,aasist,pgd,20.0,0.5475,0.0949999999999999,0.436246875,2.824499805265165,0.983420130373871,1.841079674891294
runs_probes,wavlmbase_linear_itw_attack,in_the_wild,wavlmbase_linear,hubert_linear,pgd,20.0,0.823125,0.5875,0.1165703125,9.357130706215433,0.9972458202294202,8.359884885986013
runs_probes,wavlmbase_linear_itw_attack,in_the_wild,wavlmbase_linear,w2v2lv60_linear,pgd,20.0,0.545625,0.119375,0.4406390624999999,1.0785929386717497,0.9979322196043984,0.0806607190673514
runs_probes,wavlmbase_mlp_itw_attack,in_the_wild,wavlmbase_mlp,wavlmbase_linear,pgd,20.0,0.996875,0.724375,0.0001421874999999,12.24164811294179,1.0,11.24164811294179
runs_probes,wavlmbase_mlp_itw_attack,in_the_wild,wavlmbase_mlp,ssl_aasist,pgd,20.0,0.541875,0.425625,0.4832125,4.516821783224723,0.9740701629103274,3.5427516203143954
runs_probes,wavlmbase_mlp_itw_attack,in_the_wild,wavlmbase_mlp,xlsr_linear,pgd,20.0,0.550625,0.278125,0.441878125,1.419590337874915,0.9993747189490712,0.4202156189258439
runs_probes,wavlmbase_mlp_itw_attack,in_the_wild,wavlmbase_mlp,wavlm_linear,pgd,20.0,0.87,0.668125,0.0681375,8.508375090801536,0.9981224619522752,7.510252628849261
runs_probes,wavlmbase_mlp_itw_attack,in_the_wild,wavlmbase_mlp,aasist,pgd,20.0,0.54625,0.09375,0.4431921875,2.790779902514469,0.9784877778287078,1.8122921246857613
runs_probes,wavlmbase_mlp_itw_attack,in_the_wild,wavlmbase_mlp,hubert_linear,pgd,20.0,0.8162499999999999,0.580625,0.129284375,9.350321520399849,0.995611138553534,8.354710381846314
runs_probes,wavlmbase_mlp_itw_attack,in_the_wild,wavlmbase_mlp,w2v2lv60_linear,pgd,20.0,0.563125,0.1368749999999999,0.403871875,1.1007651307060562,0.998594256157711,0.1021708745483451
runs_seeds,nes2net_to_probes,asvspoof2019_la,nes2net,xlsr_linear,pgd,20.0,0.13,0.0949999999999999,0.9283,0.6345661103495355,0.4362241535749324,0.1983419567746031
runs_seeds,nes2net_to_probes,asvspoof2019_la,nes2net,xlsr_linear_s2,pgd,20.0,0.13,0.0949999999999999,0.9277,0.639420104072452,0.4353423697590667,0.2040777343133852
runs_seeds,nes2net_to_probes,asvspoof2019_la,nes2net,xlsr_linear_s3,pgd,20.0,0.13,0.0949999999999999,0.9268,0.6358682515797305,0.4413380059168412,0.1945302456628892
runs_seeds,nes2net_to_probes,asvspoof2019_la,nes2net,xlsr_linear_s4,pgd,20.0,0.13,0.0949999999999999,0.9258,0.6350391517742191,0.4438293620522485,0.1912097897219706
runs_seeds,nes2net_to_probes,asvspoof2019_la,nes2net,wavlm_linear,pgd,20.0,0.285,0.265,0.7575,1.9549365266176668,0.7804435816677389,1.174492944949928
runs_seeds,nes2net_to_probes,asvspoof2019_la,nes2net,wavlm_linear_s2,pgd,20.0,0.295,0.275,0.7564,1.982114322599879,0.7802383763575939,1.2018759462422852
runs_seeds,nes2net_to_probes,asvspoof2019_la,nes2net,wavlm_linear_s3,pgd,20.0,0.3,0.28,0.755,2.032826141921973,0.7818025497439209,1.251023592178052
runs_seeds,nes2net_to_probes,asvspoof2019_la,nes2net,wavlm_linear_s4,pgd,20.0,0.285,0.265,0.7552,1.965035815143548,0.7839084793476432,1.181127335795905
runs_seeds,ssl_aasist_to_probes,asvspoof2019_la,ssl_aasist,xlsr_linear,pgd,20.0,0.7,0.6649999999999999,0.2272,1.5161823247191573,0.9949818828276404,0.5212004418915168
runs_seeds,ssl_aasist_to_probes,asvspoof2019_la,ssl_aasist,xlsr_linear_s2,pgd,20.0,0.71,0.6749999999999999,0.2244,1.4998586991660767,0.9949818828276406,0.5048768163384362
runs_seeds,ssl_aasist_to_probes,asvspoof2019_la,ssl_aasist,xlsr_linear_s3,pgd,20.0,0.7,0.6649999999999999,0.2236,1.5310022239352312,0.9949818828276404,0.5360203411075909
runs_seeds,ssl_aasist_to_probes,asvspoof2019_la,ssl_aasist,xlsr_linear_s4,pgd,20.0,0.7,0.6649999999999999,0.2248,1.575221893442957,0.9949818828276404,0.5802400106153166
runs_seeds,ssl_aasist_to_probes,asvspoof2019_la,ssl_aasist,wavlm_linear,pgd,20.0,0.1999999999999999,0.1799999999999999,0.8726,2.8596539655009807,0.5843443060150133,2.275309659485967
runs_seeds,ssl_aasist_to_probes,asvspoof2019_la,ssl_aasist,wavlm_linear_s2,pgd,20.0,0.1949999999999999,0.1749999999999999,0.8735999999999999,2.9004139569566827,0.5812084537343051,2.3192055032223777
runs_seeds,ssl_aasist_to_probes,asvspoof2019_la,ssl_aasist,wavlm_linear_s3,pgd,20.0,0.1999999999999999,0.1799999999999999,0.8701,2.9662851437689937,0.5874533965058779,2.3788317472631157
runs_seeds,ssl_aasist_to_probes,asvspoof2019_la,ssl_aasist,wavlm_linear_s4,pgd,20.0,0.1949999999999999,0.1749999999999999,0.8712,2.8812894041509693,0.5857532547270712,2.2955361494238984
runs_seeds,wavlm_linear_s2_transfer,asvspoof2019_la,wavlm_linear_s2,aasist,pgd,20.0,0.05,0.045,0.9916,0.1760712428204298,0.1242669251602291,0.0518043176602007
runs_seeds,wavlm_linear_s2_transfer,asvspoof2019_la,wavlm_linear_s2,aasist3_kan,pgd,20.0,0.38,0.2199999999999999,0.6464000000000001,8.136641200417648,0.8320733342409216,7.304567866176726
runs_seeds,wavlm_linear_s2_transfer,asvspoof2019_la,wavlm_linear_s2,spectra_aasist3,pgd,20.0,0.14,0.14,0.9108,0.9079832560310648,0.4365758803451985,0.4714073756858662
runs_seeds,wavlm_linear_s2_transfer,asvspoof2019_la,wavlm_linear_s2,rawnet2,pgd,20.0,0.0799999999999999,0.0549999999999999,0.9782,0.6908164967670511,0.199242803910357,0.4915736928566941
runs_seeds,wavlm_linear_s2_transfer,asvspoof2019_la,wavlm_linear_s2,ssl_aasist,pgd,20.0,0.0549999999999999,0.0549999999999999,0.9856,0.3538345474555013,0.1574658406225358,0.1963687068329654
runs_seeds,wavlm_linear_s2_transfer,asvspoof2019_la,wavlm_linear_s2,xlsr_mamba,pgd,20.0,0.13,0.13,0.912,0.6044532422149558,0.3961990503187589,0.2082541918961968
runs_seeds,wavlm_linear_s2_transfer,asvspoof2019_la,wavlm_linear_s2,nes2net,pgd,20.0,0.85,0.705,0.103,3.343478474150823,0.9899271498019568,2.3535513243488664
runs_seeds,wavlm_linear_s2_transfer,asvspoof2019_la,wavlm_linear_s2,nes2net_v2,pgd,20.0,0.065,0.065,0.9781,0.4905853103774651,0.2321860842016515,0.2583992261758135
runs_seeds,wavlm_linear_s2_transfer,asvspoof2019_la,wavlm_linear_s2,xlsr_linear,pgd,20.0,0.405,0.37,0.6365,0.959908469303918,0.8786618993476956,0.0812465699562224
runs_seeds,wavlm_linear_s3_transfer,asvspoof2019_la,wavlm_linear_s3,aasist,pgd,20.0,0.05,0.045,0.9915,0.1736956140271367,0.132647316466959,0.0410482975601777
runs_seeds,wavlm_linear_s3_transfer,asvspoof2019_la,wavlm_linear_s3,aasist3_kan,pgd,20.0,0.365,0.2049999999999999,0.6536000000000001,8.161098576595709,0.8324316874494082,7.328666889146301
runs_seeds,wavlm_linear_s3_transfer,asvspoof2019_la,wavlm_linear_s3,spectra_aasist3,pgd,20.0,0.105,0.105,0.9476,0.6732187267701288,0.3411936221656338,0.332025104604495
runs_seeds,wavlm_linear_s3_transfer,asvspoof2019_la,wavlm_linear_s3,rawnet2,pgd,20.0,0.0799999999999999,0.0549999999999999,0.9787,0.6910811898535297,0.1990553111217727,0.492025878731757
runs_seeds,wavlm_linear_s3_transfer,asvspoof2019_la,wavlm_linear_s3,ssl_aasist,pgd,20.0,0.06,0.06,0.9886,0.3040724067248574,0.1231316181886916,0.1809407885361658
runs_seeds,wavlm_linear_s3_transfer,asvspoof2019_la,wavlm_linear_s3,xlsr_mamba,pgd,20.0,0.115,0.115,0.9103,0.6279788244569087,0.4106770373703411,0.2173017870865675
runs_seeds,wavlm_linear_s3_transfer,asvspoof2019_la,wavlm_linear_s3,nes2net,pgd,20.0,0.815,0.6699999999999999,0.1152999999999999,3.320361112927247,0.9899271498019568,2.33043396312529
runs_seeds,wavlm_linear_s3_transfer,asvspoof2019_la,wavlm_linear_s3,nes2net_v2,pgd,20.0,0.06,0.06,0.9835,0.3860103618576174,0.1829350416909376,0.2030753201666797
runs_seeds,wavlm_linear_s3_transfer,asvspoof2019_la,wavlm_linear_s3,xlsr_linear,pgd,20.0,0.41,0.375,0.6114,0.9930037666919534,0.8975003979411749,0.0955033687507785
runs_seeds,wavlm_linear_s4_transfer,asvspoof2019_la,wavlm_linear_s4,aasist,pgd,20.0,0.04,0.035,0.9895,0.18304589923083,0.1421960313097789,0.040849867921051
runs_seeds,wavlm_linear_s4_transfer,asvspoof2019_la,wavlm_linear_s4,aasist3_kan,pgd,20.0,0.405,0.245,0.6502,8.265979601226048,0.8252694666787154,7.4407101345473325
runs_seeds,wavlm_linear_s4_transfer,asvspoof2019_la,wavlm_linear_s4,spectra_aasist3,pgd,20.0,0.0999999999999999,0.0999999999999999,0.9065,1.002784646643763,0.4255059509769523,0.577278695666811
runs_seeds,wavlm_linear_s4_transfer,asvspoof2019_la,wavlm_linear_s4,rawnet2,pgd,20.0,0.0849999999999999,0.0599999999999999,0.978,0.6998612286183201,0.1985518853803817,0.5013093432379384
runs_seeds,wavlm_linear_s4_transfer,asvspoof2019_la,wavlm_linear_s4,ssl_aasist,pgd,20.0,0.06,0.06,0.9823,0.3427567160537858,0.1544491680851965,0.1883075479685893
runs_seeds,wavlm_linear_s4_transfer,asvspoof2019_la,wavlm_linear_s4,xlsr_mamba,pgd,20.0,0.13,0.13,0.9148,0.6011284244215601,0.4139700699596929,0.1871583544618671
runs_seeds,wavlm_linear_s4_transfer,asvspoof2019_la,wavlm_linear_s4,nes2net,pgd,20.0,0.885,0.74,0.0929,3.3700662452398578,1.0,2.3700662452398578
runs_seeds,wavlm_linear_s4_transfer,asvspoof2019_la,wavlm_linear_s4,nes2net_v2,pgd,20.0,0.0899999999999999,0.0899999999999999,0.971,0.5387435710836199,0.2587298810561772,0.2800136900274427
runs_seeds,wavlm_linear_s4_transfer,asvspoof2019_la,wavlm_linear_s4,xlsr_linear,pgd,20.0,0.39,0.355,0.6239000000000001,0.977960380631698,0.8907520548840748,0.0872083257476231
runs_seeds,wavlm_linear_transfer,asvspoof2019_la,wavlm_linear,aasist,pgd,20.0,0.055,0.05,0.9918,0.1629954930773439,0.1256456547080538,0.0373498383692901
runs_seeds,wavlm_linear_transfer,asvspoof2019_la,wavlm_linear,aasist3_kan,pgd,20.0,0.36,0.1999999999999999,0.6454,8.177762938407911,0.8346390216518884,7.3431239167560225
runs_seeds,wavlm_linear_transfer,asvspoof2019_la,wavlm_linear,spectra_aasist3,pgd,20.0,0.11,0.11,0.9152,0.8988856551221023,0.4310256024798234,0.4678600526422788
runs_seeds,wavlm_linear_transfer,asvspoof2019_la,wavlm_linear,rawnet2,pgd,20.0,0.0799999999999999,0.0549999999999999,0.9799,0.7002000493868114,0.1961336428427317,0.5040664065440796
runs_seeds,wavlm_linear_transfer,asvspoof2019_la,wavlm_linear,ssl_aasist,pgd,20.0,0.0749999999999999,0.0749999999999999,0.9843,0.3532011901317557,0.1548780005724203,0.1983231895593354
runs_seeds,wavlm_linear_transfer,asvspoof2019_la,wavlm_linear,xlsr_mamba,pgd,20.0,0.125,0.125,0.9079,0.6367268227990704,0.4231594429853709,0.2135673798136995
runs_seeds,wavlm_linear_transfer,asvspoof2019_la,wavlm_linear,nes2net,pgd,20.0,0.87,0.725,0.0951,3.3526805789565257,0.9899271498019568,2.362753429154569
runs_seeds,wavlm_linear_transfer,asvspoof2019_la,wavlm_linear,nes2net_v2,pgd,20.0,0.055,0.055,0.9771,0.4740058286531964,0.2192798844203957,0.2547259442328006
runs_seeds,wavlm_linear_transfer,asvspoof2019_la,wavlm_linear,xlsr_linear,pgd,20.0,0.395,0.36,0.6061,1.0084202223691008,0.8967131197039182,0.1117071026651825
runs_seeds,xlsr_linear_s2_transfer,asvspoof2019_la,xlsr_linear_s2,aasist,pgd,20.0,0.05,0.045,0.9913,0.1867857402313442,0.1383138278619552,0.048471912369389
runs_seeds,xlsr_linear_s2_transfer,asvspoof2019_la,xlsr_linear_s2,aasist3_kan,pgd,20.0,0.3,0.14,0.7714,8.285502155101586,0.7541352698003513,7.531366885301234
runs_seeds,xlsr_linear_s2_transfer,asvspoof2019_la,xlsr_linear_s2,spectra_aasist3,pgd,20.0,0.15,0.15,0.9238,0.8209688645747869,0.4379583758393061,0.3830104887354807
runs_seeds,xlsr_linear_s2_transfer,asvspoof2019_la,xlsr_linear_s2,rawnet2,pgd,20.0,0.0799999999999999,0.0549999999999999,0.9694,0.7797687208163316,0.2296640965795936,0.550104624236738
runs_seeds,xlsr_linear_s2_transfer,asvspoof2019_la,xlsr_linear_s2,ssl_aasist,pgd,20.0,0.2199999999999999,0.2199999999999999,0.8243,1.856824166299004,0.5780328174133973,1.2787913488856066
runs_seeds,xlsr_linear_s2_transfer,asvspoof2019_la,xlsr_linear_s2,xlsr_mamba,pgd,20.0,0.78,0.78,0.1421,3.5713623364052896,1.0,2.5713623364052896
runs_seeds,xlsr_linear_s2_transfer,asvspoof2019_la,xlsr_linear_s2,nes2net,pgd,20.0,0.355,0.2099999999999999,0.6866000000000001,2.5530678212399045,0.8365932685162925,1.716474552723612
runs_seeds,xlsr_linear_s2_transfer,asvspoof2019_la,xlsr_linear_s2,nes2net_v2,pgd,20.0,0.6499999999999999,0.6499999999999999,0.3279,5.231837693075455,0.9197943220200042,4.312043371055451
runs_seeds,xlsr_linear_s2_transfer,asvspoof2019_la,xlsr_linear_s2,wavlm_linear,pgd,20.0,0.1949999999999999,0.1749999999999999,0.8887,2.7160722424422175,0.5196998159905111,2.196372426451706
runs_seeds,xlsr_linear_s3_transfer,asvspoof2019_la,xlsr_linear_s3,aasist,pgd,20.0,0.05,0.045,0.9912,0.2028276637845589,0.1356903542584178,0.0671373095261411
runs_seeds,xlsr_linear_s3_transfer,asvspoof2019_la,xlsr_linear_s3,aasist3_kan,pgd,20.0,0.275,0.1149999999999999,0.7874,8.127118234480054,0.7207762291744326,7.406342005305621
runs_seeds,xlsr_linear_s3_transfer,asvspoof2019_la,xlsr_linear_s3,spectra_aasist3,pgd,20.0,0.14,0.14,0.923,0.7907099771440618,0.4475112344714144,0.3431987426726474
runs_seeds,xlsr_linear_s3_transfer,asvspoof2019_la,xlsr_linear_s3,rawnet2,pgd,20.0,0.0799999999999999,0.0549999999999999,0.9697,0.7441075211654675,0.2412194860388183,0.5028880351266491
runs_seeds,xlsr_linear_s3_transfer,asvspoof2019_la,xlsr_linear_s3,ssl_aasist,pgd,20.0,0.2099999999999999,0.2099999999999999,0.8323,1.8234651800706232,0.6221450269208401,1.2013201531497837
runs_seeds,xlsr_linear_s3_transfer,asvspoof2019_la,xlsr_linear_s3,xlsr_mamba,pgd,20.0,0.795,0.795,0.1336,3.7364417110313854,1.0000000000000002,2.736441711031385
runs_seeds,xlsr_linear_s3_transfer,asvspoof2019_la,xlsr_linear_s3,nes2net,pgd,20.0,0.38,0.235,0.6522000000000001,2.5870976438289452,0.8743511888443065,1.7127464549846387
runs_seeds,xlsr_linear_s3_transfer,asvspoof2019_la,xlsr_linear_s3,nes2net_v2,pgd,20.0,0.6799999999999999,0.6799999999999999,0.3168,5.021549357869736,0.914920347048094,4.106629010821642
runs_seeds,xlsr_linear_s3_transfer,asvspoof2019_la,xlsr_linear_s3,wavlm_linear,pgd,20.0,0.21,0.1899999999999999,0.8654,2.760031934954629,0.5624435492557838,2.197588385698845
runs_seeds,xlsr_linear_s4_transfer,asvspoof2019_la,xlsr_linear_s4,aasist,pgd,20.0,0.045,0.04,0.9916,0.1903987888055,0.1350256652613666,0.0553731235441334
runs_seeds,xlsr_linear_s4_transfer,asvspoof2019_la,xlsr_linear_s4,aasist3_kan,pgd,20.0,0.3,0.14,0.7867000000000001,8.181341758404736,0.7257079088224327,7.455633849582304
runs_seeds,xlsr_linear_s4_transfer,asvspoof2019_la,xlsr_linear_s4,spectra_aasist3,pgd,20.0,0.15,0.15,0.9194,0.8296456320162069,0.4506851593796159,0.3789604726365909
runs_seeds,xlsr_linear_s4_transfer,asvspoof2019_la,xlsr_linear_s4,rawnet2,pgd,20.0,0.0749999999999999,0.0499999999999999,0.9691,0.7758913616274985,0.2327862840979377,0.5431050775295607
runs_seeds,xlsr_linear_s4_transfer,asvspoof2019_la,xlsr_linear_s4,ssl_aasist,pgd,20.0,0.2299999999999999,0.2299999999999999,0.7965000000000001,2.294986383203409,0.6731783376087197,1.6218080455946895
runs_seeds,xlsr_linear_s4_transfer,asvspoof2019_la,xlsr_linear_s4,xlsr_mamba,pgd,20.0,0.8,0.8,0.1369,3.714929018559283,1.0,2.714929018559283
runs_seeds,xlsr_linear_s4_transfer,asvspoof2019_la,xlsr_linear_s4,nes2net,pgd,20.0,0.36,0.2149999999999999,0.6432,2.581874211759151,0.8764960904643502,1.705378121294801
runs_seeds,xlsr_linear_s4_transfer,asvspoof2019_la,xlsr_linear_s4,nes2net_v2,pgd,20.0,0.7,0.7,0.3097999999999999,5.264338900153458,0.9242356087968588,4.340103291356599
runs_seeds,xlsr_linear_s4_transfer,asvspoof2019_la,xlsr_linear_s4,wavlm_linear,pgd,20.0,0.2149999999999999,0.1949999999999999,0.873,2.714094550603524,0.5635702767415587,2.150524273861965
runs_seeds,xlsr_linear_transfer,asvspoof2019_la,xlsr_linear,aasist,pgd,20.0,0.04,0.035,0.9933,0.1600119740473351,0.1085454813936714,0.0514664926536636
runs_seeds,xlsr_linear_transfer,asvspoof2019_la,xlsr_linear,aasist3_kan,pgd,20.0,0.235,0.0749999999999999,0.7911,8.246884664495553,0.7094574887420251,7.537427175753528
runs_seeds,xlsr_linear_transfer,asvspoof2019_la,xlsr_linear,spectra_aasist3,pgd,20.0,0.145,0.145,0.9239,0.7806223969371902,0.4300803125105055,0.3505420844266846
runs_seeds,xlsr_linear_transfer,asvspoof2019_la,xlsr_linear,rawnet2,pgd,20.0,0.0799999999999999,0.0549999999999999,0.9721,0.7333450156948303,0.2267428387036174,0.5066021769912129
runs_seeds,xlsr_linear_transfer,asvspoof2019_la,xlsr_linear,ssl_aasist,pgd,20.0,0.21,0.21,0.8349,1.7341615653156008,0.5991663089373158,1.134995256378285
runs_seeds,xlsr_linear_transfer,asvspoof2019_la,xlsr_linear,xlsr_mamba,pgd,20.0,0.79,0.79,0.1447999999999999,3.6028348482284915,1.0,2.6028348482284915
runs_seeds,xlsr_linear_transfer,asvspoof2019_la,xlsr_linear,nes2net,pgd,20.0,0.38,0.235,0.6731999999999999,2.5770214476143027,0.8469215026782922,1.7300999449360104
runs_seeds,xlsr_linear_transfer,asvspoof2019_la,xlsr_linear,nes2net_v2,pgd,20.0,0.635,0.635,0.3462,4.954224815836431,0.8977124928132554,4.056512323023176
runs_seeds,xlsr_linear_transfer,asvspoof2019_la,xlsr_linear,wavlm_linear,pgd,20.0,0.1899999999999999,0.1699999999999999,0.8896000000000001,2.6950531637875836,0.52182411114016,2.1732290526474234
runs_spectrafix,spectra_asv19_attack_matrix,asvspoof2019_la,spectra_aasist3,aasist,fgsm,10.0,0.111875,0.105625,0.95564375,3.2603937547308415,0.3689090549847652,2.8914846997460764
runs_spectrafix,spectra_asv19_attack_matrix,asvspoof2019_la,spectra_aasist3,aasist,fgsm,20.0,0.063125,0.056875,0.9859,0.7018609352917254,0.2048132355744548,0.4970476997172706
runs_spectrafix,spectra_asv19_attack_matrix,asvspoof2019_la,spectra_aasist3,aasist,fgsm,30.0,0.0137499999999999,0.0074999999999999,0.99956875,0.0678870969711235,0.0312397742517908,0.0366473227193326
runs_spectrafix,spectra_asv19_attack_matrix,asvspoof2019_la,spectra_aasist3,aasist,fgsm,40.0,0.0062499999999999,0.0,0.999725,0.0984479621909476,0.0235734119749886,0.074874550215959
runs_spectrafix,spectra_asv19_attack_matrix,asvspoof2019_la,spectra_aasist3,aasist,pgd,10.0,0.1418749999999999,0.135625,0.9398484375,1.6866897696282177,0.4291770725847492,1.2575126970434682
runs_spectrafix,spectra_asv19_attack_matrix,asvspoof2019_la,spectra_aasist3,aasist,pgd,20.0,0.0387499999999999,0.0324999999999999,0.993175,0.1637432756080137,0.1399006940479015,0.0238425815601121
runs_spectrafix,spectra_asv19_attack_matrix,asvspoof2019_la,spectra_aasist3,aasist,pgd,30.0,0.00875,0.0025,0.9996671875,0.1054675112043665,0.0266296491039348,0.0788378621004316
runs_spectrafix,spectra_asv19_attack_matrix,asvspoof2019_la,spectra_aasist3,aasist,pgd,40.0,0.0062499999999999,0.0,0.99973125,0.1052259765996279,0.0224051397036898,0.082820836895938
runs_spectrafix,spectra_asv19_attack_matrix,asvspoof2019_la,spectra_aasist3,aasist,pgd_l2,10.0,0.2075,0.20125,0.8796984375,3.1116274488477957,0.6065005608168719,2.505126888030924
runs_spectrafix,spectra_asv19_attack_matrix,asvspoof2019_la,spectra_aasist3,aasist,pgd_l2,20.0,0.0725,0.06625,0.98203125,0.4227774180270135,0.2331981642433911,0.1895792537836223
runs_spectrafix,spectra_asv19_attack_matrix,asvspoof2019_la,spectra_aasist3,aasist,pgd_l2,30.0,0.0156249999999999,0.009375,0.9993765625,0.0954476671778033,0.0376393319036265,0.0578083352741768
runs_spectrafix,spectra_asv19_attack_matrix,asvspoof2019_la,spectra_aasist3,aasist,pgd_l2,40.0,0.0074999999999999,0.0012499999999999,0.9997484375,0.0991985031022738,0.0219842251275314,0.0772142779747424
runs_spectrafix,spectra_asv19_attack_matrix,asvspoof2019_la,spectra_aasist3,aasist3_kan,fgsm,10.0,0.28125,0.12,0.80020546875,9.965785005989222,0.7544179860083546,9.211367019980868
runs_spectrafix,spectra_asv19_attack_matrix,asvspoof2019_la,spectra_aasist3,aasist3_kan,fgsm,20.0,0.29625,0.135,0.7577703125,9.90064400054565,0.8064325682401762,9.094211432305476
runs_spectrafix,spectra_asv19_attack_matrix,asvspoof2019_la,spectra_aasist3,aasist3_kan,fgsm,30.0,0.363125,0.201875,0.6939109375000001,9.348281645062578,0.85748002636306,8.490801618699518
runs_spectrafix,spectra_asv19_attack_matrix,asvspoof2019_la,spectra_aasist3,aasist3_kan,fgsm,40.0,0.34125,0.18,0.7316812500000001,7.635958588445913,0.8209523812533898,6.815006207192523
runs_spectrafix,spectra_asv19_attack_matrix,asvspoof2019_la,spectra_aasist3,aasist3_kan,pgd,10.0,0.4825,0.32125,0.5268375,9.946235428293733,0.9687691264078973,8.977466301885835
runs_spectrafix,spectra_asv19_attack_matrix,asvspoof2019_la,spectra_aasist3,aasist3_kan,pgd,20.0,0.496875,0.335625,0.5032953124999999,9.550220050364208,0.9711045093784751,8.579115540985732
runs_spectrafix,spectra_asv19_attack_matrix,asvspoof2019_la,spectra_aasist3,aasist3_kan,pgd,30.0,0.4625,0.30125,0.5485109375,8.385134301718965,0.9386341828099224,7.446500118909043
runs_spectrafix,spectra_asv19_attack_matrix,asvspoof2019_la,spectra_aasist3,aasist3_kan,pgd,40.0,0.398125,0.236875,0.64585625,6.24933327415201,0.8630689323208628,5.386264341831147
runs_spectrafix,spectra_asv19_attack_matrix,asvspoof2019_la,spectra_aasist3,aasist3_kan,pgd_l2,10.0,0.5449999999999999,0.3837499999999999,0.4485359375,9.963574978820231,0.9928588664344846,8.970716112385746
runs_spectrafix,spectra_asv19_attack_matrix,asvspoof2019_la,spectra_aasist3,aasist3_kan,pgd_l2,20.0,0.56375,0.4024999999999999,0.4134296875000001,9.873484772359037,0.989277604616707,8.88420716774233
runs_spectrafix,spectra_asv19_attack_matrix,asvspoof2019_la,spectra_aasist3,aasist3_kan,pgd_l2,30.0,0.49625,0.335,0.49531171875,9.246193275643606,0.9620297251654318,8.284163550478175
runs_spectrafix,spectra_asv19_attack_matrix,asvspoof2019_la,spectra_aasist3,aasist3_kan,pgd_l2,40.0,0.425625,0.264375,0.6045875,7.6609385490603,0.9006527176294765,6.760285831430823
runs_spectrafix,spectra_asv19_attack_matrix,asvspoof2019_la,spectra_aasist3,rawnet2,fgsm,10.0,0.393125,0.346875,0.6658187499999999,6.864340677464471,0.9077026430032116,5.956638034461259
runs_spectrafix,spectra_asv19_attack_matrix,asvspoof2019_la,spectra_aasist3,rawnet2,fgsm,20.0,0.0906249999999999,0.0443749999999999,0.96850625,1.23296509737496,0.2931081686722174,0.9398569287027424
runs_spectrafix,spectra_asv19_attack_matrix,asvspoof2019_la,spectra_aasist3,rawnet2,fgsm,30.0,0.05625,0.01,0.9871484375,0.6343273198415585,0.1875498020430163,0.4467775177985422
runs_spectrafix,spectra_asv19_attack_matrix,asvspoof2019_la,spectra_aasist3,rawnet2,fgsm,40.0,0.0456249999999999,-0.000625,0.990190625,0.4642331052109399,0.1617172089276452,0.3025158962832946
runs_spectrafix,spectra_asv19_attack_matrix,asvspoof2019_la,spectra_aasist3,rawnet2,pgd,10.0,0.13625,0.09,0.9289359375,2.425366564564303,0.4510805506026571,1.974286013961646
runs_spectrafix,spectra_asv19_attack_matrix,asvspoof2019_la,spectra_aasist3,rawnet2,pgd,20.0,0.0724999999999999,0.0262499999999999,0.97923125,0.8311215947648076,0.2346660518978454,0.5964555428669622
runs_spectrafix,spectra_asv19_attack_matrix,asvspoof2019_la,spectra_aasist3,rawnet2,pgd,30.0,0.054375,0.008125,0.988246875,0.5346110676091046,0.179744026771563,0.3548670408375415
runs_spectrafix,spectra_asv19_attack_matrix,asvspoof2019_la,spectra_aasist3,rawnet2,pgd,40.0,0.0462499999999999,-1.3877787807814457e-17,0.9902109375,0.4505263723420407,0.1621190753776165,0.2884072969644242
runs_spectrafix,spectra_asv19_attack_matrix,asvspoof2019_la,spectra_aasist3,rawnet2,pgd_l2,10.0,0.181875,0.135625,0.8876609375000001,4.22998811880202,0.5669224473061616,3.6630656714958585
runs_spectrafix,spectra_asv19_attack_matrix,asvspoof2019_la,spectra_aasist3,rawnet2,pgd_l2,20.0,0.075625,0.029375,0.97603125,0.8812312983248062,0.2493032382993269,0.6319280600254792
runs_spectrafix,spectra_asv19_attack_matrix,asvspoof2019_la,spectra_aasist3,rawnet2,pgd_l2,30.0,0.0537499999999999,0.0074999999999999,0.9865875,0.5559534696120152,0.1875266466568923,0.3684268229551228
runs_spectrafix,spectra_asv19_attack_matrix,asvspoof2019_la,spectra_aasist3,rawnet2,pgd_l2,40.0,0.0487499999999999,0.0024999999999999,0.9898640625,0.4499393226292345,0.1635916413693028,0.2863476812599316
runs_spectrafix,spectra_asv19_attack_matrix,asvspoof2019_la,spectra_aasist3,ssl_aasist,fgsm,10.0,0.0124999999999999,0.0112499999999999,0.998103125,0.1088472119056119,0.0494165491050488,0.0594306628005631
runs_spectrafix,spectra_asv19_attack_matrix,asvspoof2019_la,spectra_aasist3,ssl_aasist,fgsm,20.0,0.0049999999999999,0.00375,0.99954375,0.0604557534588054,0.0237963326583747,0.0366594208004307
runs_spectrafix,spectra_asv19_attack_matrix,asvspoof2019_la,spectra_aasist3,ssl_aasist,fgsm,30.0,0.0024999999999999,0.0012499999999999,0.999915625,0.0386878430401914,0.0102275851748585,0.0284602578653328
runs_spectrafix,spectra_asv19_attack_matrix,asvspoof2019_la,spectra_aasist3,ssl_aasist,fgsm,40.0,0.0012499999999999,0.0,0.9999453125,0.0261029525302341,0.0066092169881051,0.019493735542129
runs_spectrafix,spectra_asv19_attack_matrix,asvspoof2019_la,spectra_aasist3,ssl_aasist,pgd,10.0,0.0168749999999999,0.015625,0.997240625,0.1911762285943131,0.0710435722062214,0.1201326563880916
runs_spectrafix,spectra_asv19_attack_matrix,asvspoof2019_la,spectra_aasist3,ssl_aasist,pgd,20.0,0.005,0.00375,0.9994984375,0.0650796998977579,0.0235025692719876,0.0415771306257702
runs_spectrafix,spectra_asv19_attack_matrix,asvspoof2019_la,spectra_aasist3,ssl_aasist,pgd,30.0,0.004375,0.003125,0.9999234375,0.0411106542975784,0.0098197448933851,0.0312909094041932
runs_spectrafix,spectra_asv19_attack_matrix,asvspoof2019_la,spectra_aasist3,ssl_aasist,pgd,40.0,0.0024999999999999,0.0012499999999999,0.999925,0.0232115804196022,0.0079055067834874,0.0153060736361147
runs_spectrafix,spectra_asv19_attack_matrix,asvspoof2019_la,spectra_aasist3,ssl_aasist,pgd_l2,10.0,0.03125,0.03,0.9945328125,0.2170829804568843,0.1106919551146575,0.1063910253422267
runs_spectrafix,spectra_asv19_attack_matrix,asvspoof2019_la,spectra_aasist3,ssl_aasist,pgd_l2,20.0,0.0074999999999999,0.0062499999999999,0.9991687500000002,0.0790383771939153,0.0278616954281902,0.0511766817657251
runs_spectrafix,spectra_asv19_attack_matrix,asvspoof2019_la,spectra_aasist3,ssl_aasist,pgd_l2,30.0,0.005625,0.004375,0.9998171875,0.0569743254667302,0.0168463563288491,0.040127969137881
runs_spectrafix,spectra_asv19_attack_matrix,asvspoof2019_la,spectra_aasist3,ssl_aasist,pgd_l2,40.0,0.0018749999999999,0.0006249999999999,0.999928125,0.0327524022110772,0.0081780401807053,0.0245743620303719
runs_spectrafix,spectra_asv19_attack_matrix,asvspoof2019_la,spectra_aasist3,xlsr_mamba,fgsm,10.0,0.01875,0.016875,0.9976453125,0.1089417282315016,0.0649999897196253,0.0439417385118763
runs_spectrafix,spectra_asv19_attack_matrix,asvspoof2019_la,spectra_aasist3,xlsr_mamba,fgsm,20.0,0.015625,0.01375,0.99753125,0.1027033471747319,0.0574005804337574,0.0453027667409745
runs_spectrafix,spectra_asv19_attack_matrix,asvspoof2019_la,spectra_aasist3,xlsr_mamba,fgsm,30.0,0.015625,0.01375,0.9990734375,0.0791965074831365,0.0406120563593389,0.0385844511237976
runs_spectrafix,spectra_asv19_attack_matrix,asvspoof2019_la,spectra_aasist3,xlsr_mamba,fgsm,40.0,0.004375,0.0025,0.999903125,0.0417574341685033,0.013955577600216,0.0278018565682872
runs_spectrafix,spectra_asv19_attack_matrix,asvspoof2019_la,spectra_aasist3,xlsr_mamba,pgd,10.0,0.0324999999999999,0.030625,0.99554375,0.1402970805266453,0.0993338423125524,0.0409632382140929
runs_spectrafix,spectra_asv19_attack_matrix,asvspoof2019_la,spectra_aasist3,xlsr_mamba,pgd,20.0,0.0174999999999999,0.015625,0.9977546875,0.0982666126374304,0.0598285802458278,0.0384380323916025
runs_spectrafix,spectra_asv19_attack_matrix,asvspoof2019_la,spectra_aasist3,xlsr_mamba,pgd,30.0,0.0131249999999999,0.01125,0.9991734375,0.0856402778917096,0.0372056870873666,0.0484345908043429
runs_spectrafix,spectra_asv19_attack_matrix,asvspoof2019_la,spectra_aasist3,xlsr_mamba,pgd,40.0,0.00375,0.001875,0.999928125,0.0348148428522821,0.0115245331123243,0.0232903097399578
runs_spectrafix,spectra_asv19_attack_matrix,asvspoof2019_la,spectra_aasist3,xlsr_mamba,pgd_l2,10.0,0.03875,0.036875,0.9870609375,0.1835009362383312,0.1621478767592411,0.02135305947909
runs_spectrafix,spectra_asv19_attack_matrix,asvspoof2019_la,spectra_aasist3,xlsr_mamba,pgd_l2,20.0,0.0218749999999999,0.02,0.9963265625,0.1527446963822109,0.0799931144338629,0.072751581948348
runs_spectrafix,spectra_asv19_attack_matrix,asvspoof2019_la,spectra_aasist3,xlsr_mamba,pgd_l2,30.0,0.0131249999999999,0.01125,0.9983703125,0.1408166646731999,0.0531164606438371,0.0877002040293628
runs_spectrafix,spectra_asv19_attack_matrix,asvspoof2019_la,spectra_aasist3,xlsr_mamba,pgd_l2,40.0,0.004375,0.0025,0.9997859375,0.0525713407165533,0.0173964112950387,0.0351749294215145
runs_spectrafix,spectra_asv19_attack_matrix,asvspoof2019_la,spectra_aasist3,nes2net,fgsm,10.0,0.1937499999999999,0.0281249999999999,0.8884843749999999,0.9218715100843378,0.5589104744761918,0.3629610356081459
runs_spectrafix,spectra_asv19_attack_matrix,asvspoof2019_la,spectra_aasist3,nes2net,fgsm,20.0,0.211875,0.04625,0.8576890625,1.4782791653922065,0.6063181714720576,0.8719609939201487
runs_spectrafix,spectra_asv19_attack_matrix,asvspoof2019_la,spectra_aasist3,nes2net,fgsm,30.0,0.1912499999999999,0.0256249999999999,0.8798484375,1.7394182946313823,0.5580813296921778,1.1813369649392047
runs_spectrafix,spectra_asv19_attack_matrix,asvspoof2019_la,spectra_aasist3,nes2net,fgsm,40.0,0.165625,0.0,0.9044703125,1.8186786253081568,0.4880031064765864,1.3306755188315702
runs_spectrafix,spectra_asv19_attack_matrix,asvspoof2019_la,spectra_aasist3,nes2net,pgd,10.0,0.17125,0.0056249999999999,0.90459375,0.7550439088017852,0.4971742260352298,0.2578696827665553
runs_spectrafix,spectra_asv19_attack_matrix,asvspoof2019_la,spectra_aasist3,nes2net,pgd,20.0,0.149375,-0.01625,0.91286875,1.10956080302756,0.4589878145381811,0.6505729884893787
runs_spectrafix,spectra_asv19_attack_matrix,asvspoof2019_la,spectra_aasist3,nes2net,pgd,30.0,0.14,-0.025625,0.923125,1.4252039500950775,0.4330649158097183,0.9921390342853592
runs_spectrafix,spectra_asv19_attack_matrix,asvspoof2019_la,spectra_aasist3,nes2net,pgd,40.0,0.128125,-0.0375,0.931828125,1.546763193568619,0.3995412313002624,1.1472219622683566
runs_spectrafix,spectra_asv19_attack_matrix,asvspoof2019_la,spectra_aasist3,nes2net,pgd_l2,10.0,0.2049999999999999,0.0393749999999999,0.8745515625,1.0856927419215967,0.5945808145282377,0.4911119273933589
runs_spectrafix,spectra_asv19_attack_matrix,asvspoof2019_la,spectra_aasist3,nes2net,pgd_l2,20.0,0.17,0.004375,0.90511640625,1.5013776586092424,0.4970303242103152,1.004347334398927
runs_spectrafix,spectra_asv19_attack_matrix,asvspoof2019_la,spectra_aasist3,nes2net,pgd_l2,30.0,0.14,-0.025625,0.9309546875,1.7930607337257896,0.4212808674651809,1.3717798662606089
runs_spectrafix,spectra_asv19_attack_matrix,asvspoof2019_la,spectra_aasist3,nes2net,pgd_l2,40.0,0.131875,-0.03375,0.937540625,1.8727120689407968,0.3966524105664732,1.4760596583743235
runs_spectrafix,spectra_asv19_attack_matrix,asvspoof2019_la,spectra_aasist3,xlsr_linear,fgsm,10.0,0.175,0.135,0.886778125,0.7057895414032818,0.5929885794356563,0.1128009619676254
runs_spectrafix,spectra_asv19_attack_matrix,asvspoof2019_la,spectra_aasist3,xlsr_linear,fgsm,20.0,0.08125,0.0412499999999999,0.9688625,0.6111089054194856,0.3007633453658141,0.3103455600536714
runs_spectrafix,spectra_asv19_attack_matrix,asvspoof2019_la,spectra_aasist3,xlsr_linear,fgsm,30.0,0.05125,0.0112499999999999,0.9863484375,0.5309216175894016,0.1867649721713175,0.3441566454180841
runs_spectrafix,spectra_asv19_attack_matrix,asvspoof2019_la,spectra_aasist3,xlsr_linear,fgsm,40.0,0.0406249999999999,0.0006249999999999,0.9894140625,0.420748101660194,0.1596252515152013,0.2611228501449927
runs_spectrafix,spectra_asv19_attack_matrix,asvspoof2019_la,spectra_aasist3,xlsr_linear,pgd,10.0,0.13875,0.09875,0.921265625,0.6307541012941409,0.4836914733096322,0.1470626279845086
runs_spectrafix,spectra_asv19_attack_matrix,asvspoof2019_la,spectra_aasist3,xlsr_linear,pgd,20.0,0.0956249999999999,0.0556249999999999,0.9560875,0.5776592464861926,0.3581598774509574,0.2194993690352352
runs_spectrafix,spectra_asv19_attack_matrix,asvspoof2019_la,spectra_aasist3,xlsr_linear,pgd,30.0,0.068125,0.0281249999999999,0.977209375,0.461553878047354,0.2490846910144241,0.2124691870329298
runs_spectrafix,spectra_asv19_attack_matrix,asvspoof2019_la,spectra_aasist3,xlsr_linear,pgd,40.0,0.0487499999999999,0.0087499999999999,0.987784375,0.3656024310429172,0.1770933368559067,0.1885090941870104
runs_spectrafix,spectra_asv19_attack_matrix,asvspoof2019_la,spectra_aasist3,xlsr_linear,pgd_l2,10.0,0.22375,0.1837499999999999,0.8382781250000001,0.8868628902428644,0.7023296588390782,0.1845332314037862
runs_spectrafix,spectra_asv19_attack_matrix,asvspoof2019_la,spectra_aasist3,xlsr_linear,pgd_l2,20.0,0.198125,0.1581249999999999,0.881925,0.7032728211005941,0.6045617134473769,0.0987111076532172
runs_spectrafix,spectra_asv19_attack_matrix,asvspoof2019_la,spectra_aasist3,xlsr_linear,pgd_l2,30.0,0.108125,0.068125,0.9537078125,0.5503075589179194,0.37833279665794,0.1719747622599793
runs_spectrafix,spectra_asv19_attack_matrix,asvspoof2019_la,spectra_aasist3,xlsr_linear,pgd_l2,40.0,0.0543749999999999,0.0143749999999999,0.982809375,0.4216675508419019,0.2068313683172356,0.2148361825246663
runs_spectrafix,spectra_asv19_attack_matrix,asvspoof2019_la,spectra_aasist3,wavlm_linear,fgsm,10.0,0.094375,0.066875,0.9609828125,2.8675106067105753,0.3012159021042476,2.5662947046063276
runs_spectrafix,spectra_asv19_attack_matrix,asvspoof2019_la,spectra_aasist3,wavlm_linear,fgsm,20.0,0.05,0.0225,0.98770625,1.094670035295338,0.1821757308866903,0.9124943044086478
runs_spectrafix,spectra_asv19_attack_matrix,asvspoof2019_la,spectra_aasist3,wavlm_linear,fgsm,30.0,0.0393749999999999,0.0118749999999999,0.9922796875,0.3278662268014371,0.1445085846987083,0.1833576421027288
runs_spectrafix,spectra_asv19_attack_matrix,asvspoof2019_la,spectra_aasist3,wavlm_linear,fgsm,40.0,0.0268749999999999,-0.000625,0.9957859375,0.1398816205009374,0.1034789071062554,0.0364027133946819
runs_spectrafix,spectra_asv19_attack_matrix,asvspoof2019_la,spectra_aasist3,wavlm_linear,pgd,10.0,0.08375,0.05625,0.96218125,2.392997006367382,0.2953851741656227,2.097611832201759
runs_spectrafix,spectra_asv19_attack_matrix,asvspoof2019_la,spectra_aasist3,wavlm_linear,pgd,20.0,0.055625,0.028125,0.9856984375,0.9483755009369562,0.1870930829643624,0.7612824179725938
runs_spectrafix,spectra_asv19_attack_matrix,asvspoof2019_la,spectra_aasist3,wavlm_linear,pgd,30.0,0.0431249999999999,0.015625,0.9913953125,0.2357685387164272,0.15254132024921,0.0832272184672171
runs_spectrafix,spectra_asv19_attack_matrix,asvspoof2019_la,spectra_aasist3,wavlm_linear,pgd,40.0,0.0337499999999999,0.0062499999999999,0.9947890625,0.1533702490042789,0.1160125971527973,0.0373576518514816
runs_spectrafix,spectra_asv19_attack_matrix,asvspoof2019_la,spectra_aasist3,wavlm_linear,pgd_l2,10.0,0.115625,0.088125,0.9389109375,4.073759547349764,0.3786879067654797,3.695071640584284
runs_spectrafix,spectra_asv19_attack_matrix,asvspoof2019_la,spectra_aasist3,wavlm_linear,pgd_l2,20.0,0.065,0.0375,0.9756953125,1.7455214754497008,0.2435852339554059,1.501936241494295
runs_spectrafix,spectra_asv19_attack_matrix,asvspoof2019_la,spectra_aasist3,wavlm_linear,pgd_l2,30.0,0.0487499999999999,0.0212499999999999,0.98755625,0.48760096244784,0.1801832854670881,0.3074176769807519
runs_spectrafix,spectra_asv19_attack_matrix,asvspoof2019_la,spectra_aasist3,wavlm_linear,pgd_l2,40.0,0.035,0.0075,0.993509375,0.1628396061979191,0.1249641442539862,0.0378754619439328
runs_spectrafix,spectra_asv19_attack_matrix,asvspoof2019_la,spectra_aasist3,nes2net_v2,fgsm,10.0,0.0062499999999999,0.0062499999999999,0.99986875,0.0278201982278743,0.0143300676021943,0.0134901306256799
runs_spectrafix,spectra_asv19_attack_matrix,asvspoof2019_la,spectra_aasist3,nes2net_v2,fgsm,20.0,0.0024999999999999,0.0024999999999999,0.9999781250000002,0.0184455628850529,0.0060698748942554,0.0123756879907975
runs_spectrafix,spectra_asv19_attack_matrix,asvspoof2019_la,spectra_aasist3,nes2net_v2,fgsm,30.0,0.0012499999999999,0.0012499999999999,0.9999984375,0.0078067019711278,0.0012514408923925,0.0065552610787352
runs_spectrafix,spectra_asv19_attack_matrix,asvspoof2019_la,spectra_aasist3,nes2net_v2,fgsm,40.0,0.0,0.0,1.0,0.0110724010624607,1.4426957622577083e-06,0.0110709583666984
runs_spectrafix,spectra_asv19_attack_matrix,asvspoof2019_la,spectra_aasist3,nes2net_v2,pgd,10.0,0.013125,0.013125,0.997571875,0.144952612023473,0.0631942193570628,0.0817583926664101
runs_spectrafix,spectra_asv19_attack_matrix,asvspoof2019_la,spectra_aasist3,nes2net_v2,pgd,20.0,0.005625,0.005625,0.999871875,0.0353272078636905,0.0166630527691932,0.0186641550944973
runs_spectrafix,spectra_asv19_attack_matrix,asvspoof2019_la,spectra_aasist3,nes2net_v2,pgd,30.0,0.00125,0.00125,0.9999796875,0.0138755885649938,0.0046950421549332,0.0091805464100606
runs_spectrafix,spectra_asv19_attack_matrix,asvspoof2019_la,spectra_aasist3,nes2net_v2,pgd,40.0,0.0,0.0,1.0,0.0182456271981306,1.4426957622577083e-06,0.0182441845023684
runs_spectrafix,spectra_asv19_attack_matrix,asvspoof2019_la,spectra_aasist3,nes2net_v2,pgd_l2,10.0,0.036875,0.036875,0.9895015625,0.2817604566647935,0.1529019212373458,0.1288585354274476
runs_spectrafix,spectra_asv19_attack_matrix,asvspoof2019_la,spectra_aasist3,nes2net_v2,pgd_l2,20.0,0.0124999999999999,0.0124999999999999,0.9986,0.0587625004071269,0.0372742733315834,0.0214882270755434
runs_spectrafix,spectra_asv19_attack_matrix,asvspoof2019_la,spectra_aasist3,nes2net_v2,pgd_l2,30.0,0.0024999999999999,0.0024999999999999,0.9999875,0.0147395940832872,0.0045296307934312,0.0102099632898559
runs_spectrafix,spectra_asv19_attack_matrix,asvspoof2019_la,spectra_aasist3,nes2net_v2,pgd_l2,40.0,0.000625,0.000625,0.9999921875,0.0106935583391533,0.0024390213668344,0.0082545369723188
