model_name,dataset,distortion_type,level,severity,eer,delta_eer,delta_eer_ci_low,delta_eer_ci_high,flip_rate,cllr
aasist,asvspoof2019_la,bandpass,2000.0,-2000.0,0.059375,0.053125,0.0399849679271758,0.0693443548654389,0.17375,0.7174516545192542
aasist,asvspoof2019_la,bandpass,3400.0,-3400.0,0.04125,0.035,0.0256216004765315,0.0462421026016189,0.05875,0.2357547686867227
aasist,asvspoof2019_la,bandpass,4000.0,-4000.0,0.0381249999999999,0.031875,0.023159215337756,0.0431264073990851,0.045,0.1968884655139221
aasist,asvspoof2019_la,bandpass,6000.0,-6000.0,0.0381249999999999,0.0318749999999999,0.021274146169609,0.0406302692970672,0.033125,0.1746029886075425
aasist,asvspoof2019_la,bandpass,8000.0,-8000.0,0.0356249999999999,0.0293749999999999,0.020012186088676,0.0424758848489166,0.03,0.169444682619111
aasist,asvspoof2019_la,chirp,5.0,-5.0,0.129375,0.123125,0.1043738973736308,0.138738861388921,0.183125,0.5745291316490753
aasist,asvspoof2019_la,chirp,10.0,-10.0,0.1049999999999999,0.0987499999999999,0.0856249859613656,0.1162423149584626,0.13,0.5117213462654862
aasist,asvspoof2019_la,chirp,15.0,-15.0,0.10375,0.0975,0.0825020238784802,0.1131311816837459,0.104375,0.5717816266572988
aasist,asvspoof2019_la,chirp,20.0,-20.0,0.0975,0.09125,0.0749847986042719,0.1037681690544201,0.095,0.5474839981202864
aasist,asvspoof2019_la,chirp,25.0,-25.0,0.0862499999999999,0.0799999999999999,0.0662355764337248,0.0956351767817858,0.09125,0.4669961885551977
aasist,asvspoof2019_la,codec,8.0,-8.0,0.060625,0.054375,0.0425010509050155,0.0650675523702574,0.439375,2.292278139461278
aasist,asvspoof2019_la,codec,16.0,-16.0,0.014375,0.008125,0.0031130505213326,0.0137293545873223,0.016875,0.0771793400197242
aasist,asvspoof2019_la,codec,24.0,-24.0,0.01,0.00375,-0.0006313131313131,0.0081201683578117,0.008125,0.0721385671608561
aasist,asvspoof2019_la,codec,32.0,-32.0,0.0112499999999999,0.0049999999999999,-7.812805187700703e-06,0.0075023194365381,0.00375,0.0883656496540367
aasist,asvspoof2019_la,codec,64.0,-64.0,0.0062499999999999,0.0,-0.0012532906573738,0.0037509033922481,0.000625,0.106374590138822
aasist,asvspoof2019_la,codec,128.0,-128.0,0.0062499999999999,0.0,-0.0018758438752474,0.0031297534630602,0.003125,0.1030160556339768
aasist,asvspoof2019_la,gain,-20.0,20.0,0.176875,0.170625,0.1469007349294964,0.1862480953493899,0.165,1.2866398326933788
aasist,asvspoof2019_la,gain,-10.0,10.0,0.0374999999999999,0.03125,0.0200061057705706,0.0418652895217179,0.035,0.3529708563684963
aasist,asvspoof2019_la,gain,-3.0,3.0,0.0074999999999999,0.0012499999999999,-0.0043767173115648,0.0043854590562813,0.006875,0.1155745513467624
aasist,asvspoof2019_la,gain,3.0,3.0,0.006875,0.000625,-0.0024638786118981,0.0075016008068306,0.004375,0.1247648323407656
aasist,asvspoof2019_la,gain,10.0,10.0,0.03,0.02375,0.0149968569210559,0.0337399387263667,0.028125,0.1653466034491204
aasist,asvspoof2019_la,gain,20.0,20.0,0.098125,0.091875,0.0756143418758522,0.105618175185,0.159375,0.3565865172531802
aasist,asvspoof2019_la,neural_encodec,1.5,-1.5,0.3349999999999999,0.32875,0.3049788026409908,0.3525270546801691,0.486875,4.836425120155496
aasist,asvspoof2019_la,neural_encodec,3.0,-3.0,0.0849999999999999,0.07875,0.0675151538616295,0.0956248521250173,0.34,1.3038423384094604
aasist,asvspoof2019_la,neural_encodec,6.0,-6.0,0.045625,0.039375,0.0281357553816379,0.0518402143758741,0.116875,0.2767049482862205
aasist,asvspoof2019_la,neural_encodec,12.0,-12.0,0.0224999999999999,0.01625,0.0112517180901548,0.0256236327062981,0.025625,0.1258957073077905
aasist,asvspoof2019_la,neural_encodec,24.0,-24.0,0.01875,0.0125,0.0050095620070042,0.0168829382938294,0.01375,0.1311581152459982
aasist,asvspoof2019_la,noise,0.0,-0.0,0.67125,0.665,0.6424416682437597,0.6887959459591613,0.5,4.011448529859158
aasist,asvspoof2019_la,noise,5.0,-5.0,0.431875,0.425625,0.3981200517839746,0.4475064456947595,0.5,3.5246602658327424
aasist,asvspoof2019_la,noise,10.0,-10.0,0.144375,0.138125,0.1243726895322824,0.1575038790130997,0.4925,1.7999397930435574
aasist,asvspoof2019_la,noise,15.0,-15.0,0.04625,0.04,0.029986909152897,0.0500013770036196,0.264375,0.3129153759694321
aasist,asvspoof2019_la,noise,20.0,-20.0,0.0174999999999999,0.0112499999999999,0.0049873290007794,0.018128941188659,0.0275,0.0926191140501604
aasist,asvspoof2019_la,noise,30.0,-30.0,0.00875,0.0025,-0.0006452449688297,0.0062551702891921,0.0025,0.1105203935173805
aasist,asvspoof2019_la,reverb,0.1,0.1,0.171875,0.165625,0.1481293096309166,0.1900398108262044,0.36875,2.605485070464683
aasist,asvspoof2019_la,reverb,0.3,0.3,0.6125,0.6062500000000001,0.5812292979012208,0.6330943023538879,0.498125,7.842709171659881
aasist,asvspoof2019_la,reverb,0.5,0.5,0.75875,0.7525000000000001,0.7287510868027439,0.7731082882493957,0.49875,9.03101089804817
aasist,asvspoof2019_la,reverb,0.7,0.7,0.79375,0.7875,0.7606251907139858,0.8105646453833361,0.49875,9.387471728838266
aasist,asvspoof2019_la,reverb,0.9,0.9,0.800625,0.794375,0.7687516735947247,0.8200025330850129,0.49875,9.541197221462031
aasist,asvspoof2019_la,telephony_g711a,64.0,-64.0,0.0062499999999999,0.0,-0.0018653540289888,0.0025031501429085,0.0,0.0966861163748123
aasist,asvspoof2019_la,telephony_g711u,64.0,-64.0,0.0062499999999999,0.0,-0.0025015703445821,0.0025032187701172,0.000625,0.0968177574159089
aasist,asvspoof2019_la,telephony_g722,64.0,-64.0,0.00625,1.3010426069826053e-17,-0.0025014147652416,0.0050001267610501,0.00125,0.0806428738365637
aasist,asvspoof2019_la,transcode_identity,192.0,-192.0,0.0062499999999999,0.0,-0.0018758438752474,0.0031205062185774,0.0025,0.1029731135169171
aasist,asvspoof2019_la,transcode_identity,256.0,-256.0,0.0062499999999999,0.0,-0.0018758438752474,0.0031205062185774,0.0025,0.1029731135169171
aasist,asvspoof2019_la,transcode_identity,320.0,-320.0,0.0062499999999999,0.0,-0.0018758438752474,0.0031205062185774,0.0025,0.1029731135169171
aasist,asvspoof2019_la,transmission,0.0,0.0,0.0062499999999999,0.0,0.0,0.0,0.0,0.1034874377228266
aasist,asvspoof2019_la,transmission,0.01,0.01,0.010625,0.004375,0.0006366260356794,0.0118667880869202,0.004375,0.0990610950298443
aasist,asvspoof2019_la,transmission,0.05,0.05,0.034375,0.028125,0.0175000561773252,0.0362918357867325,0.0475,0.1468017436916576
aasist,asvspoof2019_la,transmission,0.1,0.1,0.04,0.03375,0.0243865852743697,0.0449982392163975,0.12,0.319702936250821
aasist,asvspoof2019_la,transmission,0.2,0.2,0.0687499999999999,0.0625,0.0518653596297373,0.0781163553779302,0.25625,0.9251083002634324
aasist3_kan,asvspoof2019_la,bandpass,2000.0,-2000.0,0.38,0.21875,0.1874999682616691,0.2432274906771316,0.475,9.60638247804785
aasist3_kan,asvspoof2019_la,bandpass,3400.0,-3400.0,0.3075,0.14625,0.1230907978486779,0.1737634707812633,0.378125,8.466522664912386
aasist3_kan,asvspoof2019_la,bandpass,4000.0,-4000.0,0.285625,0.124375,0.0937351463322257,0.1469416299189292,0.355625,8.17389502049942
aasist3_kan,asvspoof2019_la,bandpass,6000.0,-6000.0,0.21625,0.055,0.0331218347003004,0.0768641903999083,0.366875,8.336560684599739
aasist3_kan,asvspoof2019_la,bandpass,8000.0,-8000.0,0.181875,0.020625,0.0012512128970246,0.0356250711191641,0.11375,3.505352108202057
aasist3_kan,asvspoof2019_la,chirp,5.0,-5.0,0.266875,0.1056249999999999,0.0843739808097976,0.1274979081329611,0.25125,6.970400302936732
aasist3_kan,asvspoof2019_la,chirp,10.0,-10.0,0.2312499999999999,0.0699999999999999,0.0505170765441079,0.090018820898437,0.1675,5.055768153979651
aasist3_kan,asvspoof2019_la,chirp,15.0,-15.0,0.19625,0.035,0.0181198299274537,0.0543589991433221,0.154375,3.401460229443232
aasist3_kan,asvspoof2019_la,chirp,20.0,-20.0,0.180625,0.019375,0.0024966996675131,0.0368723613184577,0.1825,2.4815306008121056
aasist3_kan,asvspoof2019_la,chirp,25.0,-25.0,0.1725,0.0112499999999999,-0.005054366216772,0.0281251021280155,0.19125,1.921479621300724
aasist3_kan,asvspoof2019_la,codec,8.0,-8.0,0.394375,0.233125,0.2087503408913937,0.2649944100208221,0.455,9.289068358874337
aasist3_kan,asvspoof2019_la,codec,16.0,-16.0,0.29,0.12875,0.1049494560841675,0.1531419655293003,0.289375,7.028538162339122
aasist3_kan,asvspoof2019_la,codec,24.0,-24.0,0.281875,0.1206249999999999,0.0949957029571467,0.1412424191479451,0.341875,8.019411384124215
aasist3_kan,asvspoof2019_la,codec,32.0,-32.0,0.3043749999999999,0.1431249999999999,0.1174966874171854,0.1669597730004621,0.415625,8.970533650799068
aasist3_kan,asvspoof2019_la,codec,64.0,-64.0,0.2568749999999999,0.0956249999999999,0.0743848791310153,0.120003255280934,0.42125,9.031169876390774
aasist3_kan,asvspoof2019_la,codec,128.0,-128.0,0.25,0.08875,0.0656566171993627,0.1093756205756539,0.42375,9.082068732509642
aasist3_kan,asvspoof2019_la,gain,-20.0,20.0,0.16125,0.0,0.0,0.0,0.0,3.673942533470187
aasist3_kan,asvspoof2019_la,gain,-10.0,10.0,0.16125,0.0,0.0,0.0,0.0,3.673941320290378
aasist3_kan,asvspoof2019_la,gain,-3.0,3.0,0.16125,0.0,0.0,0.0,0.0,3.673941401317777
aasist3_kan,asvspoof2019_la,gain,3.0,3.0,0.16625,0.005,-0.0093702951757397,0.0150034232478596,0.045625,3.468862164364594
aasist3_kan,asvspoof2019_la,gain,10.0,10.0,0.174375,0.0131249999999999,-0.0043817106126222,0.0287797424290573,0.121875,3.6861744757477553
aasist3_kan,asvspoof2019_la,gain,20.0,20.0,0.290625,0.129375,0.1062708746655906,0.1562802857799473,0.26,6.55087764620145
aasist3_kan,asvspoof2019_la,neural_encodec,1.5,-1.5,0.389375,0.228125,0.1975038538060464,0.2506493398211405,0.499375,9.955018059009268
aasist3_kan,asvspoof2019_la,neural_encodec,3.0,-3.0,0.3375,0.17625,0.1493754699028017,0.201855482018163,0.499375,9.93355634300007
aasist3_kan,asvspoof2019_la,neural_encodec,6.0,-6.0,0.31375,0.1524999999999999,0.1281356697874098,0.1743652499139626,0.494375,9.88329228455868
aasist3_kan,asvspoof2019_la,neural_encodec,12.0,-12.0,0.296875,0.135625,0.1106468913785025,0.1580699910822541,0.49125,9.86101435686583
aasist3_kan,asvspoof2019_la,neural_encodec,24.0,-24.0,0.29,0.12875,0.1031220291176197,0.151881703310309,0.489375,9.85675351212287
aasist3_kan,asvspoof2019_la,noise,0.0,-0.0,0.4225,0.26125,0.23311498673965,0.2900245529322915,0.496875,9.777066127658118
aasist3_kan,asvspoof2019_la,noise,5.0,-5.0,0.4,0.23875,0.2081205538759863,0.2668898402015277,0.46875,9.283161612054016
aasist3_kan,asvspoof2019_la,noise,10.0,-10.0,0.39625,0.235,0.2056096439479388,0.2618582062195105,0.395,8.061445380760086
aasist3_kan,asvspoof2019_la,noise,15.0,-15.0,0.394375,0.233125,0.2062488866498636,0.2587371997184668,0.343125,6.285506438806905
aasist3_kan,asvspoof2019_la,noise,20.0,-20.0,0.39625,0.235,0.2031173042674718,0.2593952649415008,0.311875,4.378726072195406
aasist3_kan,asvspoof2019_la,noise,30.0,-30.0,0.31375,0.1524999999999999,0.1281053107369919,0.1750019682217438,0.286875,2.422151959539164
aasist3_kan,asvspoof2019_la,reverb,0.1,0.1,0.3618749999999999,0.2006249999999999,0.1774991585397519,0.2268713179489366,0.325625,7.833934541674996
aasist3_kan,asvspoof2019_la,reverb,0.3,0.3,0.425625,0.264375,0.2399816416782907,0.2881441005470793,0.3825,8.253785617865313
aasist3_kan,asvspoof2019_la,reverb,0.5,0.5,0.4237499999999999,0.2624999999999999,0.2374995294935847,0.2875146133909552,0.418125,8.560121265875978
aasist3_kan,asvspoof2019_la,reverb,0.7,0.7,0.428125,0.266875,0.240625607639781,0.2937839013794979,0.426875,8.779877292527138
aasist3_kan,asvspoof2019_la,reverb,0.9,0.9,0.4456249999999999,0.2843749999999999,0.2568512722580239,0.3093653422181915,0.42,8.868872412208491
aasist3_kan,asvspoof2019_la,telephony_g711a,64.0,-64.0,0.1725,0.0112499999999999,-0.0018758039321047,0.0250040592889758,0.06375,3.4138444440760765
aasist3_kan,asvspoof2019_la,telephony_g711u,64.0,-64.0,0.181875,0.020625,0.00380752204612,0.0281243066539005,0.0475,4.039318436283094
aasist3_kan,asvspoof2019_la,telephony_g722,64.0,-64.0,0.260625,0.0993749999999999,0.0781249883967753,0.1181281122485778,0.17,5.134183250416658
aasist3_kan,asvspoof2019_la,transcode_identity,192.0,-192.0,0.2456249999999999,0.0843749999999999,0.0655983174862752,0.1100242975822671,0.424375,9.079376310601203
aasist3_kan,asvspoof2019_la,transcode_identity,256.0,-256.0,0.2456249999999999,0.0843749999999999,0.0655983174862752,0.1100242975822671,0.424375,9.079376310601203
aasist3_kan,asvspoof2019_la,transcode_identity,320.0,-320.0,0.2456249999999999,0.0843749999999999,0.0655983174862752,0.1100242975822671,0.424375,9.079376310601203
aasist3_kan,asvspoof2019_la,transmission,0.0,0.0,0.16125,0.0,0.0,0.0,0.0,3.67394096239473
aasist3_kan,asvspoof2019_la,transmission,0.01,0.01,0.16125,0.0,-0.0043893323420671,0.0056660262342416,0.005,3.712676068870382
aasist3_kan,asvspoof2019_la,transmission,0.05,0.05,0.169375,0.008125,-0.0006668434156527,0.0199920190867736,0.03625,3.9748690713254695
aasist3_kan,asvspoof2019_la,transmission,0.1,0.1,0.1775,0.0162499999999999,0.0043816443113784,0.0312380139763675,0.061875,4.236587894081035
aasist3_kan,asvspoof2019_la,transmission,0.2,0.2,0.1912499999999999,0.0299999999999999,0.0124710837569492,0.0437569549752832,0.105,4.733123466973017
nes2net,asvspoof2019_la,bandpass,2000.0,-2000.0,0.175,0.0093749999999999,-0.0043612795746286,0.0237341235760184,0.129375,1.8251947272836573
nes2net,asvspoof2019_la,bandpass,3400.0,-3400.0,0.18125,0.015625,0.0018838871395227,0.0281215850350125,0.085,1.879691007248783
nes2net,asvspoof2019_la,bandpass,4000.0,-4000.0,0.180625,0.0149999999999999,0.0049690217298494,0.0306063316099667,0.084375,1.894913668380921
nes2net,asvspoof2019_la,bandpass,6000.0,-6000.0,0.1674999999999999,0.0018749999999999,-0.0025003906860446,0.0187588756336237,0.08,1.827201393330896
nes2net,asvspoof2019_la,bandpass,8000.0,-8000.0,0.16125,-0.004375,-0.0137503545016543,0.0043602352287893,0.03,1.7546823598793726
nes2net,asvspoof2019_la,chirp,5.0,-5.0,0.175625,0.01,-0.0075062325228123,0.0263057574289616,0.276875,1.456195057167567
nes2net,asvspoof2019_la,chirp,10.0,-10.0,0.170625,0.005,-0.0100351393402689,0.0231233471408112,0.193125,1.632058188049007
nes2net,asvspoof2019_la,chirp,15.0,-15.0,0.1737499999999999,0.0081249999999999,-0.0050227937581773,0.025011500166013,0.124375,1.7443905686341783
nes2net,asvspoof2019_la,chirp,20.0,-20.0,0.1687499999999999,0.0031249999999999,-0.0113549958927759,0.0174985039039122,0.095625,1.830232676148985
nes2net,asvspoof2019_la,chirp,25.0,-25.0,0.1731249999999999,0.0074999999999999,-0.0062510314388618,0.0200015430880646,0.06875,1.9431708933302183
nes2net,asvspoof2019_la,codec,8.0,-8.0,0.223125,0.0574999999999999,0.0368661928699977,0.078738918143043,0.225,2.4514977806303646
nes2net,asvspoof2019_la,codec,16.0,-16.0,0.21375,0.0481249999999999,0.0306694799526594,0.0643994839451249,0.103125,2.534359888036857
nes2net,asvspoof2019_la,codec,24.0,-24.0,0.19125,0.025625,0.0093950460305761,0.0399283929730996,0.0725,2.16178574135622
nes2net,asvspoof2019_la,codec,32.0,-32.0,0.1831249999999999,0.0174999999999999,0.0050013157760356,0.0306020487681913,0.0675,2.040204975251225
nes2net,asvspoof2019_la,codec,64.0,-64.0,0.180625,0.0149999999999999,0.0056482780434474,0.0249901257441944,0.0425,1.9244425487783108
nes2net,asvspoof2019_la,codec,128.0,-128.0,0.175625,0.0099999999999999,0.0050246522428673,0.0212517059589062,0.04875,1.9277166650727648
nes2net,asvspoof2019_la,gain,-20.0,20.0,0.165625,0.0,-0.0037556885729614,0.0037755965045677,0.005625,1.8370583009545889
nes2net,asvspoof2019_la,gain,-10.0,10.0,0.165625,0.0,-0.0025001945465405,0.0012658628932633,0.0,1.8496601473671648
nes2net,asvspoof2019_la,gain,-3.0,3.0,0.165625,0.0,0.0,0.0,0.0,1.850871937416127
nes2net,asvspoof2019_la,gain,3.0,3.0,0.16,-0.0056249999999999,-0.0106251321363389,0.0006189276190711,0.010625,1.8169949974550008
nes2net,asvspoof2019_la,gain,10.0,10.0,0.138125,-0.0274999999999999,-0.0418572550696781,-0.0162515870725317,0.059375,1.5702900164059823
nes2net,asvspoof2019_la,gain,20.0,20.0,0.1087499999999999,-0.056875,-0.0738112463451001,-0.0374755580370347,0.17125,1.1722816090273795
nes2net,asvspoof2019_la,neural_encodec,1.5,-1.5,0.255625,0.0899999999999999,0.0650120069535655,0.1199914710670346,0.49875,0.8637570612754024
nes2net,asvspoof2019_la,neural_encodec,3.0,-3.0,0.1975,0.0318749999999999,0.0100021333758445,0.0531250216064791,0.438125,1.0063239008862424
nes2net,asvspoof2019_la,neural_encodec,6.0,-6.0,0.170625,0.005,-0.0112552424684085,0.0224832755601443,0.240625,1.6544111605177678
nes2net,asvspoof2019_la,neural_encodec,12.0,-12.0,0.165,-0.0006249999999999,-0.0137941944620899,0.0174918193640206,0.1425,1.879583202155104
nes2net,asvspoof2019_la,neural_encodec,24.0,-24.0,0.1737499999999999,0.0081249999999999,-0.0050011098315481,0.0224854174011684,0.10625,1.9538079510893973
nes2net,asvspoof2019_la,noise,0.0,-0.0,0.2375,0.071875,0.0462522515626855,0.1031037962145427,0.499375,0.9655779709383416
nes2net,asvspoof2019_la,noise,5.0,-5.0,0.254375,0.08875,0.0662531245127785,0.1186695365487563,0.499375,1.1141716071993295
nes2net,asvspoof2019_la,noise,10.0,-10.0,0.296875,0.1312499999999999,0.1087577927845941,0.1600358100384208,0.488125,1.3030124196880406
nes2net,asvspoof2019_la,noise,15.0,-15.0,0.2887499999999999,0.1231249999999999,0.1012500052683995,0.1500003222683258,0.440625,1.432658457213022
nes2net,asvspoof2019_la,noise,20.0,-20.0,0.23875,0.073125,0.0512477114144448,0.0912462756399814,0.369375,1.5140658743989213
nes2net,asvspoof2019_la,noise,30.0,-30.0,0.2,0.0343749999999999,0.0181203603917475,0.0525151374983483,0.219375,1.6625055679532592
nes2net,asvspoof2019_la,reverb,0.1,0.1,0.234375,0.0687499999999999,0.049916295313461,0.0881311863492688,0.13375,2.4164443421986546
nes2net,asvspoof2019_la,reverb,0.3,0.3,0.32375,0.1581249999999999,0.1362553019567137,0.1818745406564051,0.283125,2.402546905993015
nes2net,asvspoof2019_la,reverb,0.5,0.5,0.37625,0.2106249999999999,0.1855886271855575,0.2374670755507667,0.448125,2.2434476473969345
nes2net,asvspoof2019_la,reverb,0.7,0.7,0.42375,0.258125,0.2337395305994348,0.2868747764912798,0.493125,2.015539786174107
nes2net,asvspoof2019_la,reverb,0.9,0.9,0.441875,0.27625,0.2493378525993493,0.3050527398683786,0.499375,1.7620221000522212
nes2net,asvspoof2019_la,telephony_g711a,64.0,-64.0,0.14125,-0.0243749999999999,-0.0324913942221224,-0.0087559621106288,0.05875,1.6369961539673747
nes2net,asvspoof2019_la,telephony_g722,64.0,-64.0,0.155,-0.0106249999999999,-0.0207551304698053,0.0012504427351858,0.0375,1.8034236904564804
nes2net,asvspoof2019_la,transcode_identity,192.0,-192.0,0.176875,0.0112499999999999,0.004392219798841,0.0206251674923011,0.04875,1.927801460910865
nes2net,asvspoof2019_la,transcode_identity,256.0,-256.0,0.176875,0.0112499999999999,0.004392219798841,0.0206251674923011,0.04875,1.927801460910865
nes2net,asvspoof2019_la,transcode_identity,320.0,-320.0,0.176875,0.0112499999999999,0.004392219798841,0.0206251674923011,0.04875,1.927801460910865
nes2net,asvspoof2019_la,transmission,0.0,0.0,0.165625,0.0,0.0,0.0,0.0,1.851042023265592
nes2net,asvspoof2019_la,transmission,0.01,0.01,0.16625,0.0006249999999999,-0.0050050015320275,0.011251582340602,0.025,1.7518472394805145
nes2net,asvspoof2019_la,transmission,0.05,0.05,0.1206249999999999,-0.045,-0.0581106773488165,-0.0263082468571808,0.119375,1.3967309917149209
nes2net,asvspoof2019_la,transmission,0.1,0.1,0.11875,-0.046875,-0.064337902549928,-0.03067659329329,0.218125,1.066584456229936
nes2net,asvspoof2019_la,transmission,0.2,0.2,0.118125,-0.0475,-0.0712838084944193,-0.0306215984371845,0.41,0.6424820455444584
rawnet2,asvspoof2019_la,bandpass,2000.0,-2000.0,0.045,-0.0012499999999999,-0.0125158672560996,0.0075004468071856,0.139375,0.8050523289636495
rawnet2,asvspoof2019_la,bandpass,3400.0,-3400.0,0.0424999999999999,-0.00375,-0.0156322866272006,0.0036949866418875,0.125625,0.7171668927368502
rawnet2,asvspoof2019_la,bandpass,4000.0,-4000.0,0.0437499999999999,-0.0025,-0.0131181186442505,0.0062543212564049,0.1175,0.6635051548400892
rawnet2,asvspoof2019_la,bandpass,6000.0,-6000.0,0.0481249999999999,0.0018749999999999,-0.0075020161732781,0.0112401908013962,0.065,0.5011257974570923
rawnet2,asvspoof2019_la,bandpass,8000.0,-8000.0,0.054375,0.008125,-0.0018622474305838,0.0174787745286027,0.040625,0.4910350800209099
rawnet2,asvspoof2019_la,chirp,5.0,-5.0,0.280625,0.234375,0.2087225194506509,0.2574959056820023,0.44875,5.353963348111959
rawnet2,asvspoof2019_la,chirp,10.0,-10.0,0.0856249999999999,0.0393749999999999,0.024344612069431,0.0512225619130022,0.21625,1.4684548761219236
rawnet2,asvspoof2019_la,chirp,15.0,-15.0,0.0537499999999999,0.0074999999999999,-0.0006505093097056,0.0144078635688247,0.05125,0.4247846344698813
rawnet2,asvspoof2019_la,chirp,20.0,-20.0,0.05125,0.0049999999999999,-0.0018845009843696,0.0125558749764854,0.021875,0.4049882922218928
rawnet2,asvspoof2019_la,chirp,25.0,-25.0,0.050625,0.004375,-0.0031191717840759,0.0112504566113472,0.010625,0.4065640175348648
rawnet2,asvspoof2019_la,codec,8.0,-8.0,0.0625,0.0162499999999999,0.0018724466524368,0.0262541260661759,0.26375,1.598315699187307
rawnet2,asvspoof2019_la,codec,16.0,-16.0,0.05,0.00375,-0.00625027321057,0.0093653840565418,0.1125,0.6126790814414963
rawnet2,asvspoof2019_la,codec,24.0,-24.0,0.0437499999999999,-0.0025,-0.011867977637845,0.0018994716839025,0.050625,0.3404432404171934
rawnet2,asvspoof2019_la,codec,32.0,-32.0,0.0437499999999999,-0.0025,-0.0087549657104505,0.0018525418709642,0.025625,0.3390168589600871
rawnet2,asvspoof2019_la,codec,64.0,-64.0,0.0431249999999999,-0.003125,-0.009371548327083,1.7425343874248385e-05,0.010625,0.3507198943262977
rawnet2,asvspoof2019_la,codec,128.0,-128.0,0.0431249999999999,-0.003125,-0.0093650711838038,0.000620366659988,0.009375,0.3485166191969809
rawnet2,asvspoof2019_la,gain,-20.0,20.0,0.33625,0.29,0.2631072992984539,0.3168724253082471,0.343125,2.8731325398598506
rawnet2,asvspoof2019_la,gain,-10.0,10.0,0.0675,0.0212499999999999,0.0062595252025722,0.0362655857374454,0.076875,0.5134065609699774
rawnet2,asvspoof2019_la,gain,-3.0,3.0,0.040625,-0.0056249999999999,-0.013088016019785,0.0018531540709037,0.01375,0.3269038678760178
rawnet2,asvspoof2019_la,gain,3.0,3.0,0.0587499999999999,0.0124999999999999,0.0043719143650846,0.0187567385200536,0.018125,0.5487091120409127
rawnet2,asvspoof2019_la,gain,10.0,10.0,0.08625,0.04,0.0262794487307226,0.0518585726147535,0.0525,0.8495069829944937
rawnet2,asvspoof2019_la,gain,20.0,20.0,0.1418749999999999,0.0956249999999999,0.0768758892599839,0.1118430785807753,0.1275,1.4127780841858053
rawnet2,asvspoof2019_la,neural_encodec,1.5,-1.5,0.1075,0.06125,0.0431399560476296,0.0743740142379946,0.315625,2.3059037353562126
rawnet2,asvspoof2019_la,neural_encodec,3.0,-3.0,0.0881249999999999,0.0418749999999999,0.0299872241121062,0.0569068841296511,0.154375,0.984141201764813
rawnet2,asvspoof2019_la,neural_encodec,6.0,-6.0,0.07125,0.025,0.0162573005479914,0.0362394138201132,0.073125,0.5823998137926951
rawnet2,asvspoof2019_la,neural_encodec,12.0,-12.0,0.06125,0.015,0.0068640103662315,0.024984803064882,0.038125,0.5066063939825064
rawnet2,asvspoof2019_la,neural_encodec,24.0,-24.0,0.0625,0.0162499999999999,0.0062513958201933,0.0218822837965991,0.0225,0.4856060526968681
rawnet2,asvspoof2019_la,noise,0.0,-0.0,0.493125,0.446875,0.4181268777963151,0.4718988654363029,0.474375,4.359684978880738
rawnet2,asvspoof2019_la,noise,5.0,-5.0,0.3275,0.28125,0.2537062538606148,0.3043765766303345,0.393125,4.526049975747794
rawnet2,asvspoof2019_la,noise,10.0,-10.0,0.1274999999999999,0.0812499999999999,0.0630971999565151,0.0975015960900431,0.1075,1.323859876499679
rawnet2,asvspoof2019_la,noise,15.0,-15.0,0.0737499999999999,0.0274999999999999,0.0162792298401397,0.0387529897331253,0.039375,0.6913616976083884
rawnet2,asvspoof2019_la,noise,20.0,-20.0,0.060625,0.014375,0.0055576702666332,0.0212316747926434,0.02,0.5508928070036595
rawnet2,asvspoof2019_la,noise,30.0,-30.0,0.05,0.00375,-0.0018815009385761,0.0075051715322589,0.008125,0.450337848089836
rawnet2,asvspoof2019_la,reverb,0.1,0.1,0.1006249999999999,0.0543749999999999,0.040627783238579,0.0700099576345587,0.286875,2.1849671007160256
rawnet2,asvspoof2019_la,reverb,0.3,0.3,0.2043749999999999,0.1581249999999999,0.1381243583861451,0.1781055008803293,0.42875,4.58599291522638
rawnet2,asvspoof2019_la,reverb,0.5,0.5,0.2731249999999999,0.2268749999999999,0.2006447555285047,0.246878788968427,0.4625,5.219802508124054
rawnet2,asvspoof2019_la,reverb,0.7,0.7,0.3149999999999999,0.2687499999999999,0.2425030028234044,0.2925189313212361,0.46125,5.580876707270574
rawnet2,asvspoof2019_la,reverb,0.9,0.9,0.3562499999999999,0.3099999999999999,0.281869042300369,0.3300002005037216,0.470625,5.938046804428853
rawnet2,asvspoof2019_la,telephony_g711a,64.0,-64.0,0.0481249999999999,0.0018749999999999,-0.0031219906481457,0.0062885372681452,0.0075,0.4561377331217554
rawnet2,asvspoof2019_la,telephony_g722,64.0,-64.0,0.05,0.00375,-0.0056169335765847,0.0075068009962311,0.0125,0.4043427032809528
rawnet2,asvspoof2019_la,transcode_identity,192.0,-192.0,0.0431249999999999,-0.003125,-0.0093400045688702,0.0006291311140487,0.01,0.3484405484252414
rawnet2,asvspoof2019_la,transcode_identity,256.0,-256.0,0.0431249999999999,-0.003125,-0.0093400045688702,0.0006291311140487,0.01,0.3484405484252414
rawnet2,asvspoof2019_la,transcode_identity,320.0,-320.0,0.0431249999999999,-0.003125,-0.0093400045688702,0.0006291311140487,0.01,0.3484405484252414
rawnet2,asvspoof2019_la,transmission,0.0,0.0,0.04625,0.0,0.0,0.0,0.0,0.418382074719169
rawnet2,asvspoof2019_la,transmission,0.01,0.01,0.05125,0.0049999999999999,-0.0018669264347807,0.0093716787055106,0.00875,0.4370509571962304
rawnet2,asvspoof2019_la,transmission,0.05,0.05,0.06125,0.0149999999999999,0.0068789630679983,0.0231456325193093,0.03625,0.5010590905445392
rawnet2,asvspoof2019_la,transmission,0.1,0.1,0.0725,0.02625,0.0156466905786197,0.0368725444537351,0.075625,0.6809589104228205
rawnet2,asvspoof2019_la,transmission,0.2,0.2,0.098125,0.051875,0.0381012739106958,0.0656239468336598,0.163125,1.1949245407383096
reference_lfcc_logreg,asvspoof2019_la,bandpass,2000.0,-2000.0,0.285625,0.0224999999999999,-0.0012501360048918,0.05562535261992,0.498125,2.7789234662839952
reference_lfcc_logreg,asvspoof2019_la,bandpass,3400.0,-3400.0,0.2262499999999999,-0.036875,-0.0643755142133361,-0.008754816241289,0.500625,5.695840599546412
reference_lfcc_logreg,asvspoof2019_la,bandpass,4000.0,-4000.0,0.21625,-0.046875,-0.0793666860090266,-0.0237346606891701,0.500625,6.832522661466326
reference_lfcc_logreg,asvspoof2019_la,bandpass,6000.0,-6000.0,0.1674999999999999,-0.095625,-0.1200302595091096,-0.0656229911692417,0.500625,9.892763034078996
reference_lfcc_logreg,asvspoof2019_la,bandpass,8000.0,-8000.0,0.26125,-0.001875,-0.0075001321349307,0.0056103768235861,0.013125,1.2607466549327624
reference_lfcc_logreg,asvspoof2019_la,chirp,5.0,-5.0,0.22875,-0.034375,-0.0606127962036861,-0.0137797542338122,0.410625,5.740861797896412
reference_lfcc_logreg,asvspoof2019_la,chirp,10.0,-10.0,0.2281249999999999,-0.035,-0.0600002851612366,-0.0137287258965006,0.385,5.079677948806757
reference_lfcc_logreg,asvspoof2019_la,chirp,15.0,-15.0,0.22875,-0.034375,-0.0556523199892063,-0.014368853513556,0.35625,4.460607026844774
reference_lfcc_logreg,asvspoof2019_la,chirp,20.0,-20.0,0.22375,-0.039375,-0.0619049710740209,-0.0200234288589323,0.334375,3.8843409207331705
reference_lfcc_logreg,asvspoof2019_la,chirp,25.0,-25.0,0.213125,-0.05,-0.0699949603400775,-0.0293475520696332,0.29875,3.313757095526732
reference_lfcc_logreg,asvspoof2019_la,codec,8.0,-8.0,0.550625,0.2875,0.2543966576207885,0.3143851666470799,0.499375,9.838355975725046
reference_lfcc_logreg,asvspoof2019_la,codec,16.0,-16.0,0.4606249999999999,0.1974999999999999,0.1668737807078198,0.2262296529968493,0.448125,7.238385469683317
reference_lfcc_logreg,asvspoof2019_la,codec,24.0,-24.0,0.53625,0.2731249999999999,0.2431493093521975,0.3031832795533173,0.42125,5.222971941001147
reference_lfcc_logreg,asvspoof2019_la,codec,32.0,-32.0,0.410625,0.1474999999999999,0.1144821922975507,0.177915001182972,0.500625,9.965793931895169
reference_lfcc_logreg,asvspoof2019_la,codec,64.0,-64.0,0.35375,0.0906249999999999,0.0630000195320129,0.116285541237794,0.500625,9.965785005989222
reference_lfcc_logreg,asvspoof2019_la,codec,128.0,-128.0,0.325625,0.0624999999999999,0.0324247774487477,0.0903537621601817,0.500625,9.965785005989222
reference_lfcc_logreg,asvspoof2019_la,gain,-20.0,20.0,0.26625,0.0031249999999999,-0.0031540706699526,0.0087169282370904,0.03,1.2198480146085915
reference_lfcc_logreg,asvspoof2019_la,gain,-10.0,10.0,0.265625,0.0024999999999999,-0.0030984116661846,0.0044050156030267,0.020625,1.2404780483834037
reference_lfcc_logreg,asvspoof2019_la,gain,-3.0,3.0,0.265625,0.0024999999999999,-0.001840729805732,0.0031543989348004,0.006875,1.2634608189494934
reference_lfcc_logreg,asvspoof2019_la,gain,3.0,3.0,0.26125,-0.001875,-0.0112255847188201,0.006266924003994,0.026875,1.296639246817692
reference_lfcc_logreg,asvspoof2019_la,gain,10.0,10.0,0.280625,0.0174999999999999,-0.0031361251326615,0.033135881529802,0.1475,1.7832974528911862
reference_lfcc_logreg,asvspoof2019_la,gain,20.0,20.0,0.384375,0.1212499999999999,0.0950083428835203,0.1431448838888411,0.43875,4.053341225997742
reference_lfcc_logreg,asvspoof2019_la,noise,0.0,-0.0,0.3325,0.0693749999999999,0.0368910426517175,0.1018715443938324,0.499375,9.965757850827329
reference_lfcc_logreg,asvspoof2019_la,noise,5.0,-5.0,0.2931249999999999,0.0299999999999999,-0.0018613449139982,0.0568985519507217,0.499375,9.91203572604997
reference_lfcc_logreg,asvspoof2019_la,noise,10.0,-10.0,0.24,-0.023125,-0.0512431791641536,0.0081144566298648,0.499375,9.28507489965254
reference_lfcc_logreg,asvspoof2019_la,noise,15.0,-15.0,0.2256249999999999,-0.0375,-0.0681604220450282,-0.0143686683641971,0.499375,7.920168727853203
reference_lfcc_logreg,asvspoof2019_la,noise,20.0,-20.0,0.2099999999999999,-0.053125,-0.0812653188533733,-0.0293429946657655,0.498125,6.391976084885528
reference_lfcc_logreg,asvspoof2019_la,noise,30.0,-30.0,0.18125,-0.081875,-0.1049975736153209,-0.0606082420829278,0.380625,3.5988259472436885
reference_lfcc_logreg,asvspoof2019_la,reverb,0.1,0.1,0.33875,0.0756249999999999,0.0506461274940185,0.1000000820878136,0.24625,2.352522631185035
reference_lfcc_logreg,asvspoof2019_la,reverb,0.3,0.3,0.3225,0.0593749999999999,0.036886632458299,0.0837505234407715,0.20125,1.873304403121947
reference_lfcc_logreg,asvspoof2019_la,reverb,0.5,0.5,0.329375,0.0662499999999999,0.045001713934138,0.0899967535428391,0.206875,1.859714950253516
reference_lfcc_logreg,asvspoof2019_la,reverb,0.7,0.7,0.34875,0.0856249999999999,0.0593260908622998,0.1062617969274001,0.209375,1.986606506284233
reference_lfcc_logreg,asvspoof2019_la,reverb,0.9,0.9,0.35375,0.0906249999999999,0.0674819119559436,0.1156816095042987,0.2325,2.0677316146665343
reference_lfcc_logreg,asvspoof2019_la,transcode_identity,192.0,-192.0,0.3268749999999999,0.0637499999999999,0.0342737296935332,0.0907885613923905,0.500625,9.965785005989222
reference_lfcc_logreg,asvspoof2019_la,transcode_identity,256.0,-256.0,0.3268749999999999,0.0637499999999999,0.0342737296935332,0.0907885613923905,0.500625,9.965785005989222
reference_lfcc_logreg,asvspoof2019_la,transcode_identity,320.0,-320.0,0.3268749999999999,0.0637499999999999,0.0342737296935332,0.0907885613923905,0.500625,9.965785005989222
reference_lfcc_logreg,asvspoof2019_la,transmission,0.0,0.0,0.263125,0.0,0.0,0.0,0.0,1.2745061859233429
reference_lfcc_logreg,asvspoof2019_la,transmission,0.01,0.01,0.264375,0.0012499999999999,-0.0056204040909621,0.0068609071649877,0.00875,1.2789379993865522
reference_lfcc_logreg,asvspoof2019_la,transmission,0.05,0.05,0.26625,0.0031249999999999,-0.0081341921116295,0.0075033985124907,0.025625,1.2939980214863835
reference_lfcc_logreg,asvspoof2019_la,transmission,0.1,0.1,0.265,0.0018749999999999,-0.0093650818198508,0.010624463892528,0.031875,1.3057167876631794
reference_lfcc_logreg,asvspoof2019_la,transmission,0.2,0.2,0.27,0.0068749999999999,-0.0056106220727534,0.0181310170980463,0.060625,1.3656435824531854
spectra_aasist3,asvspoof2019_la,bandpass,2000.0,-2000.0,0.0474999999999999,0.040625,0.028121001595997,0.0518789729147209,0.071875,0.4771656360436312
spectra_aasist3,asvspoof2019_la,bandpass,3400.0,-3400.0,0.0518749999999999,0.045,0.03249994374859,0.0568344675549809,0.065625,0.4912188782372058
spectra_aasist3,asvspoof2019_la,bandpass,4000.0,-4000.0,0.0487499999999999,0.0418749999999999,0.0268732439210279,0.0506311230360418,0.043125,0.273456928682722
spectra_aasist3,asvspoof2019_la,bandpass,6000.0,-6000.0,0.009375,0.0025,-0.0043758703176823,0.0100004203274395,0.025,0.1636520007661011
spectra_aasist3,asvspoof2019_la,bandpass,8000.0,-8000.0,0.00375,-0.0031249999999999,-0.0106485270784869,-0.0012390045792288,0.005625,0.0402648848017387
spectra_aasist3,asvspoof2019_la,chirp,5.0,-5.0,0.0124999999999999,0.0056249999999999,-0.0043632644337572,0.0100026413224742,0.021875,0.1249319357589857
spectra_aasist3,asvspoof2019_la,chirp,10.0,-10.0,0.004375,-0.0024999999999999,-0.0106275630054839,0.0025028581471328,0.019375,0.0623299122897416
spectra_aasist3,asvspoof2019_la,chirp,15.0,-15.0,0.0049999999999999,-0.001875,-0.0093647154205368,0.0025038068971761,0.011875,0.0827012024410671
spectra_aasist3,asvspoof2019_la,chirp,20.0,-20.0,0.0024999999999999,-0.004375,-0.0118727138636153,-0.0006232874603614,0.010625,0.0574090508838006
spectra_aasist3,asvspoof2019_la,chirp,25.0,-25.0,0.004375,-0.0024999999999999,-0.0112650227889671,-0.0005993188195676,0.00875,0.0587956782865563
spectra_aasist3,asvspoof2019_la,codec,8.0,-8.0,0.088125,0.08125,0.0643749146226356,0.0949986869266772,0.09,0.4747419875122223
spectra_aasist3,asvspoof2019_la,codec,16.0,-16.0,0.1043749999999999,0.0974999999999999,0.0787466385496373,0.1125982349330581,0.105625,0.8509704284835945
spectra_aasist3,asvspoof2019_la,codec,24.0,-24.0,0.1425,0.135625,0.1136845558179966,0.16060132874963,0.113125,1.0465264320125367
spectra_aasist3,asvspoof2019_la,codec,32.0,-32.0,0.015,0.008125,-0.0012510363567277,0.0156217332721584,0.02625,0.1369051484568448
spectra_aasist3,asvspoof2019_la,codec,64.0,-64.0,0.013125,0.00625,-0.0031459750741841,0.0112549005181689,0.015,0.0765822911780314
spectra_aasist3,asvspoof2019_la,codec,128.0,-128.0,0.01,0.003125,-0.0068607724550626,0.0075002065505429,0.0125,0.0607841549948026
spectra_aasist3,asvspoof2019_la,gain,-20.0,20.0,0.0268749999999999,0.02,0.0106312104076369,0.0287391839971427,0.03625,0.3306993890365757
spectra_aasist3,asvspoof2019_la,gain,-10.0,10.0,0.0337499999999999,0.0268749999999999,0.015621136118705,0.0343666282065222,0.035,0.2724265170562601
spectra_aasist3,asvspoof2019_la,gain,-3.0,3.0,0.015,0.008125,1.8441618113308457e-05,0.0106391957536995,0.0075,0.1163127432449097
spectra_aasist3,asvspoof2019_la,gain,3.0,3.0,0.00375,-0.0031249999999999,-0.0112516617228607,-0.0012372081988418,0.004375,0.0291446676335305
spectra_aasist3,asvspoof2019_la,gain,10.0,10.0,0.0,-0.0068749999999999,-0.0143919330281448,-0.0037500915550197,0.01125,0.022523635933744
spectra_aasist3,asvspoof2019_la,gain,20.0,20.0,0.03125,0.024375,0.0131346226366067,0.0343882073078684,0.104375,0.6466989044870016
spectra_aasist3,asvspoof2019_la,neural_encodec,1.5,-1.5,0.2262499999999999,0.219375,0.1950444468882369,0.238143676803707,0.50125,3.13221664608098
spectra_aasist3,asvspoof2019_la,neural_encodec,3.0,-3.0,0.1681249999999999,0.1612499999999999,0.1418517519860296,0.1812438255600717,0.49125,2.2367497584895064
spectra_aasist3,asvspoof2019_la,neural_encodec,6.0,-6.0,0.2731249999999999,0.26625,0.2418981137708275,0.2887523912109939,0.4925,2.48615965498372
spectra_aasist3,asvspoof2019_la,neural_encodec,12.0,-12.0,0.55625,0.5493750000000001,0.521843262164203,0.573097444537716,0.450625,3.8607091198777774
spectra_aasist3,asvspoof2019_la,neural_encodec,24.0,-24.0,0.4475,0.440625,0.4106461547357997,0.4724977287409066,0.298125,2.8213377287830284
spectra_aasist3,asvspoof2019_la,noise,0.0,-0.0,0.089375,0.0825,0.0680808218633456,0.0968681959971604,0.10625,0.3624283753002211
spectra_aasist3,asvspoof2019_la,noise,5.0,-5.0,0.0437499999999999,0.0368749999999999,0.0218776512790231,0.0449664334207025,0.055,0.1613704526090426
spectra_aasist3,asvspoof2019_la,noise,10.0,-10.0,0.0224999999999999,0.0156249999999999,0.0056157441234196,0.0249845636903566,0.034375,0.1069758796376255
spectra_aasist3,asvspoof2019_la,noise,15.0,-15.0,0.01375,0.006875,-0.003123659674974,0.012512620162291,0.0275,0.0851127180172012
spectra_aasist3,asvspoof2019_la,noise,20.0,-20.0,0.01875,0.011875,0.0006504101806945,0.0175007349000003,0.029375,0.1201621392903117
spectra_aasist3,asvspoof2019_la,noise,30.0,-30.0,0.008125,0.00125,-0.0068701615450629,0.0075182465901483,0.023125,0.157464795341702
spectra_aasist3,asvspoof2019_la,reverb,0.1,0.1,0.08125,0.074375,0.0592930277234867,0.0880194659245178,0.139375,0.9010911518399632
spectra_aasist3,asvspoof2019_la,reverb,0.3,0.3,0.2724999999999999,0.265625,0.2424007797938717,0.2862751271907187,0.279375,2.3394388546383564
spectra_aasist3,asvspoof2019_la,reverb,0.5,0.5,0.35,0.343125,0.3168732039688263,0.365653445964496,0.348125,2.7169089229531083
spectra_aasist3,asvspoof2019_la,reverb,0.7,0.7,0.4,0.393125,0.3650376072103714,0.419376991434946,0.394375,3.1706165598740497
spectra_aasist3,asvspoof2019_la,reverb,0.9,0.9,0.425625,0.41875,0.394378807887179,0.4443394261719303,0.42,3.430595407607646
spectra_aasist3,asvspoof2019_la,telephony_g711a,64.0,-64.0,0.024375,0.0175,0.0068980989592111,0.024989201452242,0.023125,0.2178987660536832
spectra_aasist3,asvspoof2019_la,telephony_g711u,64.0,-64.0,0.030625,0.02375,0.014960504555959,0.0343734000306319,0.028125,0.2924166196870132
spectra_aasist3,asvspoof2019_la,telephony_g722,64.0,-64.0,0.0168749999999999,0.0099999999999999,0.001892665443187,0.0174843497996468,0.016875,0.1651931015359851
spectra_aasist3,asvspoof2019_la,transcode_identity,192.0,-192.0,0.0106249999999999,0.00375,-0.0063054425944134,0.0075024539569381,0.011875,0.0601022616102189
spectra_aasist3,asvspoof2019_la,transcode_identity,256.0,-256.0,0.0106249999999999,0.00375,-0.0063054425944134,0.0075024539569381,0.011875,0.0601022616102189
spectra_aasist3,asvspoof2019_la,transcode_identity,320.0,-320.0,0.0106249999999999,0.00375,-0.0063054425944134,0.0075024539569381,0.011875,0.0601022616102189
spectra_aasist3,asvspoof2019_la,transmission,0.0,0.0,0.0068749999999999,0.0,0.0,0.0,0.0,0.082216430338583
spectra_aasist3,asvspoof2019_la,transmission,0.01,0.01,0.0068749999999999,0.0,-0.0031107969243288,0.0024338931127669,0.0,0.0669239319324367
spectra_aasist3,asvspoof2019_la,transmission,0.05,0.05,0.0081249999999999,0.0012499999999999,-0.0012580206569186,0.0044148324871401,0.0025,0.0820057500039572
spectra_aasist3,asvspoof2019_la,transmission,0.1,0.1,0.0074999999999999,0.0006249999999999,-0.0062137841922389,0.0050698384846323,0.005,0.0457269712103672
spectra_aasist3,asvspoof2019_la,transmission,0.2,0.2,0.015,0.008125,-0.000621968283582,0.0137537780515038,0.013125,0.1022038709388481
ssl_aasist,asvspoof2019_la,bandpass,2000.0,-2000.0,0.0006249999999999,-0.000625,-0.0031445655777181,0.001225565471889,0.00125,0.0165175925984419
ssl_aasist,asvspoof2019_la,bandpass,3400.0,-3400.0,0.0012499999999999,0.0,-0.002502077507604,0.0012500709513052,0.0,0.0137957645665305
ssl_aasist,asvspoof2019_la,bandpass,4000.0,-4000.0,0.0012499999999999,0.0,-0.0025015760931358,0.0012500709513052,0.0,0.0129911480200913
ssl_aasist,asvspoof2019_la,bandpass,6000.0,-6000.0,0.0006249999999999,-0.000625,-0.0031445655777181,0.0011726806095018,0.0,0.0127703289845607
ssl_aasist,asvspoof2019_la,bandpass,8000.0,-8000.0,0.0012499999999999,0.0,-0.0019481152787394,0.000645223967909,0.0,0.0144180952553653
ssl_aasist,asvspoof2019_la,chirp,5.0,-5.0,0.0074999999999999,0.0062499999999999,0.0012269562733068,0.0100090679949748,0.01,0.0268563685164578
ssl_aasist,asvspoof2019_la,chirp,10.0,-10.0,0.0049999999999999,0.00375,-0.0018831490440365,0.0056250399416558,0.003125,0.0227630453119198
ssl_aasist,asvspoof2019_la,chirp,15.0,-15.0,0.00375,0.0025,-0.0025010184862582,0.0044046615848809,0.0025,0.0126450356578752
ssl_aasist,asvspoof2019_la,chirp,20.0,-20.0,0.00125,1.3227266504323154e-17,-0.003175769591473,0.0043790987217966,0.00125,0.0188628939030529
ssl_aasist,asvspoof2019_la,chirp,25.0,-25.0,0.0012499999999999,0.0,-0.0012453688319674,0.0024848767567126,0.000625,0.0197065696315702
ssl_aasist,asvspoof2019_la,codec,8.0,-8.0,0.0156249999999999,0.014375,0.0068651452229303,0.0205953447388806,0.301875,1.1121027697243355
ssl_aasist,asvspoof2019_la,codec,16.0,-16.0,0.00375,0.0025,-0.0006157825284116,0.006221720946677,0.025625,0.0517887305604157
ssl_aasist,asvspoof2019_la,codec,24.0,-24.0,0.0012499999999999,0.0,-0.0018790204748117,0.00130386617924,0.00375,0.0198691331379577
ssl_aasist,asvspoof2019_la,codec,32.0,-32.0,0.0012499999999999,0.0,-0.0024865959597889,0.0012270315491174,0.001875,0.0146355513288691
ssl_aasist,asvspoof2019_la,codec,64.0,-64.0,0.0012499999999999,0.0,-0.0012095973516371,0.0006524395815249,0.0,0.0134005408084148
ssl_aasist,asvspoof2019_la,codec,128.0,-128.0,0.0012499999999999,0.0,-0.0006505404476588,0.0006868410218142,0.0,0.0133453067935774
ssl_aasist,asvspoof2019_la,gain,-20.0,20.0,0.0024999999999999,0.0012499999999999,-0.0012360939431396,0.0044286416805855,0.0025,0.0238753058418554
ssl_aasist,asvspoof2019_la,gain,-10.0,10.0,0.0024999999999999,0.0012499999999999,-0.0012469217094591,0.0025226894957449,0.000625,0.0256265942000481
ssl_aasist,asvspoof2019_la,gain,-3.0,3.0,0.0012499999999999,0.0,-0.0006476683937823,0.0006403079913407,0.000625,0.0211652093986309
ssl_aasist,asvspoof2019_la,gain,3.0,3.0,0.0012499999999999,0.0,-0.0006410462130937,0.0006181237475911,0.0,0.0142963201135553
ssl_aasist,asvspoof2019_la,gain,10.0,10.0,0.0012499999999999,0.0,-0.0012453300124533,0.002500006250625,0.00125,0.0116506354905565
ssl_aasist,asvspoof2019_la,gain,20.0,20.0,0.0168749999999999,0.015625,0.0093781426467292,0.0225172926978719,0.06375,0.1052662935863988
ssl_aasist,asvspoof2019_la,neural_encodec,1.5,-1.5,0.278125,0.2768750000000001,0.252509723763185,0.2981317746810062,0.49875,9.436732848395636
ssl_aasist,asvspoof2019_la,neural_encodec,3.0,-3.0,0.0856249999999999,0.0843749999999999,0.0687578430708225,0.0981570512820512,0.491875,6.5149927849342255
ssl_aasist,asvspoof2019_la,neural_encodec,6.0,-6.0,0.00375,0.0025,-0.001868298109803,0.0050217276675963,0.208125,0.6577723441982708
ssl_aasist,asvspoof2019_la,neural_encodec,12.0,-12.0,0.0012499999999999,0.0,-0.0024865959597889,0.0012392343392828,0.00625,0.0191758622664365
ssl_aasist,asvspoof2019_la,neural_encodec,24.0,-24.0,0.0012499999999999,0.0,-0.0024865959597889,0.0012270315491174,0.000625,0.0142931925620692
ssl_aasist,asvspoof2019_la,noise,0.0,-0.0,0.07,0.06875,0.0556234646587235,0.0862465654176325,0.07875,0.4328969216327396
ssl_aasist,asvspoof2019_la,noise,5.0,-5.0,0.02875,0.0275,0.0181269355289468,0.0356289756948501,0.025625,0.1966871648404126
ssl_aasist,asvspoof2019_la,noise,10.0,-10.0,0.0068749999999999,0.0056249999999999,0.0018781719542988,0.0112570924191111,0.006875,0.0774803751072939
ssl_aasist,asvspoof2019_la,noise,15.0,-15.0,0.005,0.00375,0.0006097375300793,0.0081134006287849,0.005,0.0524879601501509
ssl_aasist,asvspoof2019_la,noise,20.0,-20.0,0.00375,0.0025,0.0,0.0062727993831024,0.0025,0.0397165573273523
ssl_aasist,asvspoof2019_la,noise,30.0,-30.0,0.0024999999999999,0.0012499999999999,-0.0018612570668472,0.0025415444770283,0.0025,0.033353577494861
ssl_aasist,asvspoof2019_la,reverb,0.1,0.1,0.00875,0.0075,0.0031169623300651,0.0118784456687328,0.125,0.3064126781400862
ssl_aasist,asvspoof2019_la,reverb,0.3,0.3,0.051875,0.050625,0.0399808171403899,0.0631269593949378,0.429375,2.552927674371873
ssl_aasist,asvspoof2019_la,reverb,0.5,0.5,0.115625,0.114375,0.0943665795093876,0.1293688114401078,0.488125,4.711835515712155
ssl_aasist,asvspoof2019_la,reverb,0.7,0.7,0.168125,0.166875,0.1431087066037808,0.1837735248177435,0.495625,5.522363533202948
ssl_aasist,asvspoof2019_la,reverb,0.9,0.9,0.176875,0.175625,0.1593755169280352,0.196904463927314,0.495625,5.608682795932321
ssl_aasist,asvspoof2019_la,telephony_g711a,64.0,-64.0,0.0012499999999999,0.0,-0.0006435006435006,0.000634558130223,0.0,0.0165540206232322
ssl_aasist,asvspoof2019_la,telephony_g722,64.0,-64.0,0.0012499999999999,0.0,-0.0006435006435006,0.0006361525745125,0.0,0.0162793533550477
ssl_aasist,asvspoof2019_la,transcode_identity,192.0,-192.0,0.0012499999999999,0.0,-0.0006505404476588,0.0006868410218142,0.0,0.0133785765710278
ssl_aasist,asvspoof2019_la,transcode_identity,256.0,-256.0,0.0012499999999999,0.0,-0.0006505404476588,0.0006868410218142,0.0,0.0133785765710278
ssl_aasist,asvspoof2019_la,transcode_identity,320.0,-320.0,0.0012499999999999,0.0,-0.0006505404476588,0.0006868410218142,0.0,0.0133785765710278
ssl_aasist,asvspoof2019_la,transmission,0.0,0.0,0.0012499999999999,0.0,0.0,0.0,0.0,0.0170104521458405
ssl_aasist,asvspoof2019_la,transmission,0.01,0.01,0.00375,0.0025,-0.0006242197253433,0.005000949985305,0.004375,0.0237190380634702
ssl_aasist,asvspoof2019_la,transmission,0.05,0.05,0.0018749999999999,0.0006249999999999,-0.0018719408177088,0.0043844699756944,0.05125,0.0640919486874591
ssl_aasist,asvspoof2019_la,transmission,0.1,0.1,0.004375,0.003125,-0.0006345379227162,0.0056116793199946,0.194375,0.3905769811957424
ssl_aasist,asvspoof2019_la,transmission,0.2,0.2,0.0056249999999999,0.004375,0.0006188118811881,0.0087846564878508,0.43,1.8966179086242485
xlsr_mamba,asvspoof2019_la,bandpass,2000.0,-2000.0,0.00125,-0.0006249999999999,-0.0037506000980732,0.0037911378182462,0.003125,0.0095215889477371
xlsr_mamba,asvspoof2019_la,bandpass,3400.0,-3400.0,0.0,-0.0018749999999999,-0.0050113373750652,0.0,0.003125,0.0045353429046069
xlsr_mamba,asvspoof2019_la,bandpass,4000.0,-4000.0,0.0,-0.0018749999999999,-0.0050113373750652,0.0,0.003125,0.0045705565305911
xlsr_mamba,asvspoof2019_la,bandpass,6000.0,-6000.0,0.0006249999999999,-0.0012499999999999,-0.0037539729064076,0.0006453507959235,0.00125,0.0096062451195443
xlsr_mamba,asvspoof2019_la,bandpass,8000.0,-8000.0,0.0024999999999999,0.000625,-0.0031019916454264,0.0006394066561657,0.0,0.0198316138422667
xlsr_mamba,asvspoof2019_la,chirp,5.0,-5.0,0.00875,0.006875,0.0006319726306917,0.0106334618176832,0.0425,0.0592677943062156
xlsr_mamba,asvspoof2019_la,chirp,10.0,-10.0,0.005,0.003125,-0.0006330121744739,0.0087440052713017,0.020625,0.0280821843912569
xlsr_mamba,asvspoof2019_la,chirp,15.0,-15.0,0.003125,0.00125,-0.0018848636598689,0.0062508008844585,0.008125,0.0202913451051998
xlsr_mamba,asvspoof2019_la,chirp,20.0,-20.0,0.0024999999999999,0.000625,-0.0025026713204678,0.0056149640670679,0.004375,0.0216578481566481
xlsr_mamba,asvspoof2019_la,chirp,25.0,-25.0,0.00375,0.001875,-0.0025002500250024,0.0050020213279178,0.003125,0.0211771152019203
xlsr_mamba,asvspoof2019_la,codec,8.0,-8.0,0.0949999999999999,0.093125,0.0774795355650717,0.106246382424191,0.313125,1.4044223862309015
xlsr_mamba,asvspoof2019_la,codec,16.0,-16.0,0.0031249999999999,0.0012499999999999,-0.0025001433677128,0.0069191904489039,0.010625,0.0265161589492056
xlsr_mamba,asvspoof2019_la,codec,24.0,-24.0,0.000625,-0.0012499999999999,-0.0043742646472885,0.0025239078086299,0.004375,0.006517581639403
xlsr_mamba,asvspoof2019_la,codec,32.0,-32.0,0.0012499999999999,-0.0006249999999999,-0.005000389093081,0.001253685125922,0.0025,0.0055651845254749
xlsr_mamba,asvspoof2019_la,codec,64.0,-64.0,0.0012499999999999,-0.0006249999999999,-0.004388389232148,0.0006032278039982,0.00125,0.0116365530642526
xlsr_mamba,asvspoof2019_la,codec,128.0,-128.0,0.0006249999999999,-0.0012499999999999,-0.0037891618269464,0.0006281407035175,0.00125,0.0132842785048523
xlsr_mamba,asvspoof2019_la,gain,-20.0,20.0,0.0056249999999999,0.00375,0.0,0.0106323672539546,0.02125,0.0530004326852284
xlsr_mamba,asvspoof2019_la,gain,-10.0,10.0,0.00375,0.001875,-0.0018992253130683,0.0043835920135562,0.003125,0.0301340752338391
xlsr_mamba,asvspoof2019_la,gain,-3.0,3.0,0.0018749999999999,0.0,-0.0018727405199838,0.0031333919808651,0.0025,0.0272548547327582
xlsr_mamba,asvspoof2019_la,gain,3.0,3.0,0.0024999999999999,0.000625,-0.0012225312955442,0.0031235351470946,0.00125,0.0205610646983056
xlsr_mamba,asvspoof2019_la,gain,10.0,10.0,0.005625,0.00375,0.0006319334702907,0.0093593641662004,0.0125,0.0313879744224929
xlsr_mamba,asvspoof2019_la,gain,20.0,20.0,0.0331249999999999,0.03125,0.0218799237371035,0.0406228989958111,0.315,0.4191362975023305
xlsr_mamba,asvspoof2019_la,noise,0.0,-0.0,0.061875,0.06,0.0500151296041398,0.0749797505761064,0.30625,0.2879991721480134
xlsr_mamba,asvspoof2019_la,noise,5.0,-5.0,0.045625,0.04375,0.0325001911512622,0.054416904770293,0.271875,0.2299922377671243
xlsr_mamba,asvspoof2019_la,noise,10.0,-10.0,0.0225,0.020625,0.0143534822505336,0.0306546526691029,0.314375,0.2153457143416183
xlsr_mamba,asvspoof2019_la,noise,15.0,-15.0,0.015,0.013125,0.0062438692288355,0.0206349207090156,0.238125,0.1742609277004642
xlsr_mamba,asvspoof2019_la,noise,20.0,-20.0,0.0118749999999999,0.01,0.0018990392449624,0.0156801509558383,0.065625,0.0809844421053738
xlsr_mamba,asvspoof2019_la,noise,30.0,-30.0,0.00375,0.001875,-0.0006250982704402,0.0075062043470305,0.003125,0.0420751437852084
xlsr_mamba,asvspoof2019_la,reverb,0.1,0.1,0.0068749999999999,0.005,0.0005958660120714,0.0112158650382306,0.020625,0.0338541099516895
xlsr_mamba,asvspoof2019_la,reverb,0.3,0.3,0.09875,0.096875,0.080590788769197,0.1162476796729979,0.273125,0.81720950479172
xlsr_mamba,asvspoof2019_la,reverb,0.5,0.5,0.2987499999999999,0.296875,0.2731376217949164,0.3224796675441003,0.45125,2.212179412988157
xlsr_mamba,asvspoof2019_la,reverb,0.7,0.7,0.441875,0.44,0.4137093566715542,0.4612224066605493,0.4925,3.2487132778992405
xlsr_mamba,asvspoof2019_la,reverb,0.9,0.9,0.519375,0.5175000000000001,0.4918733254071317,0.5456118434532121,0.49875,3.872636343153395
xlsr_mamba,asvspoof2019_la,transcode_identity,192.0,-192.0,0.0006249999999999,-0.0012499999999999,-0.0037891618269464,0.0006281407035175,0.00125,0.0133474077241033
xlsr_mamba,asvspoof2019_la,transcode_identity,256.0,-256.0,0.0006249999999999,-0.0012499999999999,-0.0037891618269464,0.0006281407035175,0.00125,0.0133474077241033
xlsr_mamba,asvspoof2019_la,transcode_identity,320.0,-320.0,0.0006249999999999,-0.0012499999999999,-0.0037891618269464,0.0006281407035175,0.00125,0.0133474077241033
xlsr_mamba,asvspoof2019_la,transmission,0.0,0.0,0.0018749999999999,0.0,0.0,0.0,0.0,0.0237951569423324
xlsr_mamba,asvspoof2019_la,transmission,0.01,0.01,0.00375,0.001875,-0.0012674673331917,0.0050314970794007,0.00125,0.0251447897611172
xlsr_mamba,asvspoof2019_la,transmission,0.05,0.05,0.005625,0.00375,-0.0018640432565531,0.0075047024590381,0.018125,0.0415028541079313
xlsr_mamba,asvspoof2019_la,transmission,0.1,0.1,0.019375,0.0175,0.0100012439065773,0.0262510828620676,0.1025,0.3277705799206771
xlsr_mamba,asvspoof2019_la,transmission,0.2,0.2,0.0687499999999999,0.066875,0.0550064872923707,0.0812500126953918,0.379375,2.184533128181561
aasist,asvspoof2021_la,bandpass,2000.0,-2000.0,0.19625,0.0468749999999999,0.0294081169332219,0.0656648458844868,0.138125,3.003110606066908
aasist,asvspoof2021_la,bandpass,3400.0,-3400.0,0.17125,0.0218749999999999,0.0049995263728529,0.0331221065923796,0.08625,2.1166425965917366
aasist,asvspoof2021_la,bandpass,4000.0,-4000.0,0.165,0.015625,0.00125012304715,0.028796844374295,0.075625,2.028611523350559
aasist,asvspoof2021_la,bandpass,6000.0,-6000.0,0.168125,0.0187499999999999,0.0062349971354041,0.0337861949867392,0.064375,1.976560260356292
aasist,asvspoof2021_la,bandpass,8000.0,-8000.0,0.1674999999999999,0.0181249999999999,0.002501716021787,0.0293951123181662,0.065625,1.992658336991192
aasist,asvspoof2021_la,chirp,5.0,-5.0,0.213125,0.0637499999999999,0.0418102922022826,0.077503863036052,0.118125,2.394280741591848
aasist,asvspoof2021_la,chirp,10.0,-10.0,0.1975,0.0481249999999999,0.030663093115367,0.0637444085115545,0.105,1.912077257167872
aasist,asvspoof2021_la,chirp,15.0,-15.0,0.20375,0.0543749999999999,0.0343738835086591,0.0674943260684323,0.11625,1.802201043965969
aasist,asvspoof2021_la,chirp,20.0,-20.0,0.185625,0.03625,0.0206207482993197,0.0537505404537787,0.113125,1.7519663041715967
aasist,asvspoof2021_la,chirp,25.0,-25.0,0.18,0.0306249999999999,0.0143691064105367,0.045000627783239,0.113125,1.6381672252348856
aasist,asvspoof2021_la,codec,8.0,-8.0,0.1899999999999999,0.0406249999999999,0.0162384774446154,0.0594032381590446,0.246875,4.530150036334325
aasist,asvspoof2021_la,codec,16.0,-16.0,0.150625,0.0012499999999999,-0.0156229678564113,0.0143812967553556,0.080625,1.6831582623854753
aasist,asvspoof2021_la,codec,24.0,-24.0,0.14125,-0.008125,-0.0256272594303,0.0018810069957198,0.0525,1.362421762655328
aasist,asvspoof2021_la,codec,32.0,-32.0,0.12875,-0.020625,-0.0349562418970586,-0.0093783373630306,0.043125,1.295954206047684
aasist,asvspoof2021_la,codec,64.0,-64.0,0.1262499999999999,-0.023125,-0.0375141235496878,-0.0143137823061046,0.02625,1.211758176294214
aasist,asvspoof2021_la,codec,128.0,-128.0,0.1274999999999999,-0.021875,-0.036258316778488,-0.014367670650361,0.02375,1.2205377018668988
aasist,asvspoof2021_la,gain,-20.0,20.0,0.25875,0.109375,0.0812657764684676,0.1337553449335883,0.48875,1.6894178731573173
aasist,asvspoof2021_la,gain,-10.0,10.0,0.15,0.0006249999999999,-0.0193799640272377,0.0156243025542774,0.24625,0.9904694388714984
aasist,asvspoof2021_la,gain,-3.0,3.0,0.118125,-0.03125,-0.0487538298494157,-0.0193921901684474,0.06375,1.1187646105692433
aasist,asvspoof2021_la,gain,3.0,3.0,0.13375,-0.015625,-0.0343729046720004,-0.0037535793206549,0.06625,1.2563924022257082
aasist,asvspoof2021_la,gain,10.0,10.0,0.1425,-0.006875,-0.0262544521574552,0.0137808657987681,0.14,1.3703344154995
aasist,asvspoof2021_la,gain,20.0,20.0,0.1737499999999999,0.0243749999999999,-1.5822784810125767e-05,0.0418741748602043,0.21875,1.4162467978141855
aasist,asvspoof2021_la,noise,0.0,-0.0,0.65625,0.506875,0.476890614892297,0.5368824809162298,0.469375,4.184303983539296
aasist,asvspoof2021_la,noise,5.0,-5.0,0.500625,0.3512499999999999,0.3187611388914684,0.3762524643060396,0.41875,4.11590668313309
aasist,asvspoof2021_la,noise,10.0,-10.0,0.30625,0.156875,0.1362350371516205,0.1799568863614724,0.32375,3.2469894138213324
aasist,asvspoof2021_la,noise,15.0,-15.0,0.22875,0.0793749999999999,0.0587543826051803,0.0931221028235295,0.1925,2.224570588477188
aasist,asvspoof2021_la,noise,20.0,-20.0,0.1999999999999999,0.0506249999999999,0.0356219647910098,0.0631410163701811,0.126875,1.7917821600172892
aasist,asvspoof2021_la,noise,30.0,-30.0,0.17,0.020625,0.0106312104076369,0.0293743789712384,0.039375,1.6953855254746812
aasist,asvspoof2021_la,reverb,0.1,0.1,0.3149999999999999,0.1656249999999999,0.1406153549956526,0.1924988499188143,0.29125,5.317177141902398
aasist,asvspoof2021_la,reverb,0.3,0.3,0.6487499999999999,0.4993749999999999,0.4680673484819377,0.5287508548374569,0.49,8.489162528819405
aasist,asvspoof2021_la,reverb,0.5,0.5,0.756875,0.6074999999999999,0.5730996150098011,0.6356088851708379,0.543125,8.958374779316046
aasist,asvspoof2021_la,reverb,0.7,0.7,0.78625,0.636875,0.6000144662668556,0.663759619025778,0.57375,9.071820190735473
aasist,asvspoof2021_la,reverb,0.9,0.9,0.79875,0.6493749999999999,0.6149479267979656,0.6788021172880327,0.60125,9.108989504656028
aasist,asvspoof2021_la,transcode_identity,192.0,-192.0,0.1275,-0.021875,-0.0368749999999999,-0.0150121195716462,0.025,1.2204228900352374
aasist,asvspoof2021_la,transcode_identity,256.0,-256.0,0.1275,-0.021875,-0.0368749999999999,-0.0150121195716462,0.025,1.2204228900352374
aasist,asvspoof2021_la,transcode_identity,320.0,-320.0,0.1275,-0.021875,-0.0368749999999999,-0.0150121195716462,0.025,1.2204228900352374
aasist,asvspoof2021_la,transmission,0.0,0.0,0.149375,0.0,0.0,0.0,0.0,1.5858454181122503
aasist,asvspoof2021_la,transmission,0.01,0.01,0.155625,0.0062499999999999,-0.0062440584452111,0.0106525019676023,0.03,1.5629559830383788
aasist,asvspoof2021_la,transmission,0.05,0.05,0.16875,0.0193749999999999,0.0024850149176957,0.029345787209466,0.075,1.7953891923405334
aasist,asvspoof2021_la,transmission,0.1,0.1,0.1737499999999999,0.0243749999999999,0.0074988864625763,0.0387515303829828,0.0925,1.9596232642080404
aasist,asvspoof2021_la,transmission,0.2,0.2,0.1925,0.0431249999999999,0.020646988467255,0.0593608478025527,0.13625,2.557479745200962
aasist3_kan,asvspoof2021_la,bandpass,2000.0,-2000.0,0.43625,0.080625,0.0531397288999524,0.1106317581487728,0.3675,9.825442146242628
aasist3_kan,asvspoof2021_la,bandpass,3400.0,-3400.0,0.4175,0.061875,0.0356118366482343,0.0850013266355572,0.28,9.336719001207896
aasist3_kan,asvspoof2021_la,bandpass,4000.0,-4000.0,0.400625,0.045,0.0212637596053065,0.0687916932407536,0.249375,9.23690010779452
aasist3_kan,asvspoof2021_la,bandpass,6000.0,-6000.0,0.39,0.034375,0.0068458225114444,0.0550052739446193,0.233125,9.278420428442306
aasist3_kan,asvspoof2021_la,bandpass,8000.0,-8000.0,0.371875,0.01625,-0.0075000140625549,0.0349900583633485,0.153125,8.27482952333535
aasist3_kan,asvspoof2021_la,chirp,5.0,-5.0,0.38,0.024375,-0.0062110166020568,0.0475223166612686,0.31,8.404387088354863
aasist3_kan,asvspoof2021_la,chirp,10.0,-10.0,0.3506249999999999,-0.005,-0.0312424078415612,0.0193724745690052,0.351875,7.224828518364851
aasist3_kan,asvspoof2021_la,chirp,15.0,-15.0,0.32125,-0.0343749999999999,-0.0631235663267911,-0.0125131840444577,0.38125,5.86445255852197
aasist3_kan,asvspoof2021_la,chirp,20.0,-20.0,0.300625,-0.0549999999999999,-0.0793747773312248,-0.0293749493332923,0.39125,4.805437585738299
aasist3_kan,asvspoof2021_la,chirp,25.0,-25.0,0.290625,-0.0649999999999999,-0.0931644178836201,-0.0444132990291568,0.4025,4.205653476068229
aasist3_kan,asvspoof2021_la,codec,8.0,-8.0,0.415,0.059375,0.029934785986784,0.0869058414474173,0.313125,9.481903553748817
aasist3_kan,asvspoof2021_la,codec,16.0,-16.0,0.393125,0.0375,0.0143530018078118,0.0637683499582408,0.2225,8.626951396541736
aasist3_kan,asvspoof2021_la,codec,24.0,-24.0,0.38125,0.025625,0.0024844885766832,0.0487545262813357,0.2,8.996830226950436
aasist3_kan,asvspoof2021_la,codec,32.0,-32.0,0.39,0.034375,0.0056278705911382,0.0544356643466229,0.1875,9.399540089450255
aasist3_kan,asvspoof2021_la,codec,64.0,-64.0,0.3768749999999999,0.0212499999999999,-0.0074762683568015,0.044372937344765,0.159375,9.48239915287054
aasist3_kan,asvspoof2021_la,codec,128.0,-128.0,0.37375,0.018125,-0.0118669975633986,0.0375249432842366,0.165,9.49385862573026
aasist3_kan,asvspoof2021_la,gain,-20.0,20.0,0.355,-0.0006249999999999,-0.0037523512295191,0.0006459948320413,0.000625,8.306693229219192
aasist3_kan,asvspoof2021_la,gain,-10.0,10.0,0.3568749999999999,0.0012499999999999,-0.0044573425911656,0.0056397827157166,0.0075,8.315966743333606
aasist3_kan,asvspoof2021_la,gain,-3.0,3.0,0.351875,-0.0037499999999999,-0.0125652041152343,0.0050006670902934,0.01625,8.320970447354
aasist3_kan,asvspoof2021_la,gain,3.0,3.0,0.3399999999999999,-0.015625,-0.031856937385571,-0.0006400025252075,0.0975,8.362515834582899
aasist3_kan,asvspoof2021_la,gain,10.0,10.0,0.339375,-0.0162499999999999,-0.0419161963678869,0.003757201940834,0.208125,8.710421444300964
aasist3_kan,asvspoof2021_la,gain,20.0,20.0,0.380625,0.025,-0.0056184801659571,0.0537507558700044,0.3875,8.847721460512703
aasist3_kan,asvspoof2021_la,noise,0.0,-0.0,0.4525,0.096875,0.063732164174821,0.1331190311633107,0.49125,9.807756336253336
aasist3_kan,asvspoof2021_la,noise,5.0,-5.0,0.42625,0.070625,0.0337530134786337,0.0993893154703089,0.468125,9.458310033717584
aasist3_kan,asvspoof2021_la,noise,10.0,-10.0,0.39375,0.038125,0.0018576303485581,0.0687560390472358,0.466875,8.68594749524906
aasist3_kan,asvspoof2021_la,noise,15.0,-15.0,0.3881249999999999,0.0324999999999999,-1.4970059880239063e-05,0.05811107070962,0.4725,7.430179537322957
aasist3_kan,asvspoof2021_la,noise,20.0,-20.0,0.3525,-0.0031249999999999,-0.0331850457552003,0.0262514798173755,0.46125,6.214527714784681
aasist3_kan,asvspoof2021_la,noise,30.0,-30.0,0.32625,-0.0293749999999999,-0.0600017711939904,-0.0025000967811023,0.393125,5.590391138056643
aasist3_kan,asvspoof2021_la,reverb,0.1,0.1,0.44625,0.090625,0.0618580102946191,0.1174751493981513,0.305,9.430732871720672
aasist3_kan,asvspoof2021_la,reverb,0.3,0.3,0.4549999999999999,0.0993749999999999,0.0687443632922878,0.1225094466724283,0.328125,9.649325895479269
aasist3_kan,asvspoof2021_la,reverb,0.5,0.5,0.46125,0.105625,0.0743537649991198,0.1312727427838383,0.350625,9.666696575736596
aasist3_kan,asvspoof2021_la,reverb,0.7,0.7,0.44625,0.090625,0.0575031559391175,0.1162689017601713,0.351875,9.72588711743419
aasist3_kan,asvspoof2021_la,reverb,0.9,0.9,0.4337499999999999,0.078125,0.0492907463767643,0.1094501747492637,0.35875,9.756007981023886
aasist3_kan,asvspoof2021_la,transcode_identity,192.0,-192.0,0.37,0.014375,-0.0137676132824946,0.0356404290153449,0.166875,9.49344630943903
aasist3_kan,asvspoof2021_la,transcode_identity,256.0,-256.0,0.37,0.014375,-0.0137676132824946,0.0356404290153449,0.166875,9.49344630943903
aasist3_kan,asvspoof2021_la,transcode_identity,320.0,-320.0,0.37,0.014375,-0.0137676132824946,0.0356404290153449,0.166875,9.49344630943903
aasist3_kan,asvspoof2021_la,transmission,0.0,0.0,0.3556249999999999,0.0,0.0,0.0,0.0,8.310285430130216
aasist3_kan,asvspoof2021_la,transmission,0.01,0.01,0.3612499999999999,0.0056249999999999,-0.0056142662355886,0.0118672401712562,0.015625,8.33496695565768
aasist3_kan,asvspoof2021_la,transmission,0.05,0.05,0.358125,0.0025,-0.015003222694853,0.0143691806328273,0.064375,8.448806040131402
aasist3_kan,asvspoof2021_la,transmission,0.1,0.1,0.364375,0.00875,-0.0100351797066478,0.0218947181354483,0.11875,8.619635920020025
aasist3_kan,asvspoof2021_la,transmission,0.2,0.2,0.355,-0.0006249999999999,-0.0219489510203474,0.0137233260344339,0.17375,8.74824653825442
nes2net,asvspoof2021_la,bandpass,2000.0,-2000.0,0.1674999999999999,0.0,-0.0118673385662914,0.0162668233832154,0.078125,1.7096026934510045
nes2net,asvspoof2021_la,bandpass,3400.0,-3400.0,0.15875,-0.0087499999999999,-0.0193730048822258,0.0050167809882454,0.0475,1.7579656742197374
nes2net,asvspoof2021_la,bandpass,4000.0,-4000.0,0.160625,-0.0068749999999999,-0.016293536525556,0.0075000002929692,0.04625,1.7660667575482538
nes2net,asvspoof2021_la,bandpass,6000.0,-6000.0,0.16625,-0.0012499999999999,-0.0156188519092057,0.009372126271535,0.0475,1.74799694042146
nes2net,asvspoof2021_la,bandpass,8000.0,-8000.0,0.159375,-0.0081249999999999,-0.0168769209398969,0.0043735229154805,0.029375,1.741436576641679
nes2net,asvspoof2021_la,chirp,5.0,-5.0,0.1987499999999999,0.03125,0.0137109414088697,0.0500050629922363,0.301875,1.3525306021592922
nes2net,asvspoof2021_la,chirp,10.0,-10.0,0.1875,0.02,0.00184090290659,0.0374901763615292,0.215,1.4646995393753073
nes2net,asvspoof2021_la,chirp,15.0,-15.0,0.1925,0.025,0.0099998499962499,0.0412436653633375,0.165625,1.5799904907322568
nes2net,asvspoof2021_la,chirp,20.0,-20.0,0.1781249999999999,0.0106249999999999,-0.0037520528810843,0.0268721573129904,0.115625,1.718506524467423
nes2net,asvspoof2021_la,chirp,25.0,-25.0,0.17625,0.00875,-0.0025024586281634,0.02561639002816,0.090625,1.775986277317811
nes2net,asvspoof2021_la,codec,8.0,-8.0,0.239375,0.071875,0.0519056845337702,0.0937747547708166,0.166875,2.441468609323272
nes2net,asvspoof2021_la,codec,16.0,-16.0,0.206875,0.039375,0.0255264856099318,0.0543736187222484,0.08375,2.211672776211349
nes2net,asvspoof2021_la,codec,24.0,-24.0,0.1737499999999999,0.0062499999999999,-0.0043818279922174,0.0181206207823864,0.050625,1.8918640375184224
nes2net,asvspoof2021_la,codec,32.0,-32.0,0.1624999999999999,-0.005,-0.0156193830099232,0.0081465185652564,0.040625,1.8310900672175792
nes2net,asvspoof2021_la,codec,64.0,-64.0,0.1674999999999999,0.0,-0.0050013822474995,0.0125000234375915,0.025625,1.8296980932079725
nes2net,asvspoof2021_la,codec,128.0,-128.0,0.171875,0.004375,-0.0018599254392491,0.014368271909386,0.0225,1.850415107526282
nes2net,asvspoof2021_la,gain,-20.0,20.0,0.1681249999999999,0.0006249999999999,-0.0056408284365908,0.0031131400447388,0.003125,1.8106058785215584
nes2net,asvspoof2021_la,gain,-10.0,10.0,0.16625,-0.0012499999999999,-0.0038336217490783,0.0031351029919078,0.00125,1.8284516865243856
nes2net,asvspoof2021_la,gain,-3.0,3.0,0.1625,-0.0049999999999999,-0.0068632393782044,0.0043637469138565,0.00375,1.8319107182734835
nes2net,asvspoof2021_la,gain,3.0,3.0,0.16625,-0.0012499999999999,-0.0106161486086861,0.0050020369725164,0.011875,1.8128816821856568
nes2net,asvspoof2021_la,gain,10.0,10.0,0.1624999999999999,-0.005,-0.016228244402901,0.0068640832394438,0.060625,1.6052010620936992
nes2net,asvspoof2021_la,gain,20.0,20.0,0.165,-0.0024999999999999,-0.0199278174576478,0.0162524553904114,0.205625,1.2639107347880625
nes2net,asvspoof2021_la,noise,0.0,-0.0,0.2425,0.075,0.049317081753955,0.1018685111952924,0.499375,1.0122752243822684
nes2net,asvspoof2021_la,noise,5.0,-5.0,0.24,0.0725,0.047514370832519,0.101897109140839,0.495625,1.0915442746741166
nes2net,asvspoof2021_la,noise,10.0,-10.0,0.25875,0.09125,0.0655999128748761,0.1206306816016188,0.47875,1.1983841069712189
nes2net,asvspoof2021_la,noise,15.0,-15.0,0.279375,0.111875,0.0887717350069801,0.1374895338321383,0.43625,1.305855949243445
nes2net,asvspoof2021_la,noise,20.0,-20.0,0.24,0.0725,0.0518776318558587,0.0968680622949096,0.344375,1.3983499054663104
nes2net,asvspoof2021_la,noise,30.0,-30.0,0.1937499999999999,0.0262499999999999,0.0093907778226043,0.0412666294752023,0.163125,1.5888532376739737
nes2net,asvspoof2021_la,reverb,0.1,0.1,0.2624999999999999,0.0949999999999999,0.0750386512234484,0.1118953796898702,0.14,2.2700414748036906
nes2net,asvspoof2021_la,reverb,0.3,0.3,0.331875,0.164375,0.1431042542016807,0.1881206438202543,0.28125,2.2008854171739003
nes2net,asvspoof2021_la,reverb,0.5,0.5,0.3874999999999999,0.2199999999999999,0.1955791301379086,0.244998444866595,0.439375,1.989975550569933
nes2net,asvspoof2021_la,reverb,0.7,0.7,0.385625,0.218125,0.1912282833379795,0.2424880512807877,0.489375,1.7347726265263568
nes2net,asvspoof2021_la,reverb,0.9,0.9,0.43125,0.26375,0.2350099012732588,0.2912487392987079,0.500625,1.533647104937057
nes2net,asvspoof2021_la,transcode_identity,192.0,-192.0,0.17125,0.00375,-0.0024500027377519,0.0136511707754156,0.0225,1.8511381389125263
nes2net,asvspoof2021_la,transcode_identity,256.0,-256.0,0.17125,0.00375,-0.0024500027377519,0.0136511707754156,0.0225,1.8511381389125263
nes2net,asvspoof2021_la,transcode_identity,320.0,-320.0,0.17125,0.00375,-0.0024500027377519,0.0136511707754156,0.0225,1.8511381389125263
nes2net,asvspoof2021_la,transmission,0.0,0.0,0.1674999999999999,0.0,0.0,0.0,0.0,1.827074371979996
nes2net,asvspoof2021_la,transmission,0.01,0.01,0.16125,-0.0062499999999999,-0.0175002736085053,0.0043616117181466,0.035625,1.7019039585154214
nes2net,asvspoof2021_la,transmission,0.05,0.05,0.14125,-0.0262499999999999,-0.0381023006719081,-0.0062498107836243,0.09875,1.3271627796349177
nes2net,asvspoof2021_la,transmission,0.1,0.1,0.1481249999999999,-0.019375,-0.0368729081719314,-0.0031243046874877,0.20125,1.0481368921375926
nes2net,asvspoof2021_la,transmission,0.2,0.2,0.17,0.0025,-0.0187373278626397,0.0218974733879288,0.40125,0.7057544133125522
rawnet2,asvspoof2021_la,bandpass,2000.0,-2000.0,0.1287499999999999,-0.01625,-0.0262402754347178,-0.002481415718882,0.08125,2.2798047668106305
rawnet2,asvspoof2021_la,bandpass,3400.0,-3400.0,0.125625,-0.019375,-0.0312379521533644,-0.0094082455828665,0.075,2.1746512509543887
rawnet2,asvspoof2021_la,bandpass,4000.0,-4000.0,0.123125,-0.0218749999999999,-0.0312390060889673,-0.0093685912304443,0.07,2.1808830269442896
rawnet2,asvspoof2021_la,bandpass,6000.0,-6000.0,0.1375,-0.0075,-0.0169428319333571,0.0025000440449768,0.04625,2.0506801405929047
rawnet2,asvspoof2021_la,bandpass,8000.0,-8000.0,0.155,0.0099999999999999,-0.0018669652045542,0.0187354410041211,0.035625,2.014343963571552
rawnet2,asvspoof2021_la,chirp,5.0,-5.0,0.35375,0.20875,0.1806074301128594,0.2337783164346577,0.355,6.422464664895004
rawnet2,asvspoof2021_la,chirp,10.0,-10.0,0.2199999999999999,0.0749999999999999,0.0561885399724015,0.0930801165707331,0.14125,3.5960217263974537
rawnet2,asvspoof2021_la,chirp,15.0,-15.0,0.1631249999999999,0.0181249999999999,0.006255082302626,0.0281215779091385,0.04375,2.265782140370867
rawnet2,asvspoof2021_la,chirp,20.0,-20.0,0.1518749999999999,0.0068749999999999,-0.0006521934859432,0.0143691414812584,0.02125,1.9401424452917275
rawnet2,asvspoof2021_la,chirp,25.0,-25.0,0.15,0.005,-0.0026346872609281,0.0125000839850464,0.01625,1.8351024989476925
rawnet2,asvspoof2021_la,codec,8.0,-8.0,0.124375,-0.020625,-0.0331278374231281,-0.0075004116442327,0.116875,2.952939502115741
rawnet2,asvspoof2021_la,codec,16.0,-16.0,0.1193749999999999,-0.025625,-0.0325345591055178,-0.0106332083337724,0.073125,2.034501505296612
rawnet2,asvspoof2021_la,codec,24.0,-24.0,0.12,-0.025,-0.0350185641381278,-0.0137591681368754,0.049375,1.7479475317613582
rawnet2,asvspoof2021_la,codec,32.0,-32.0,0.120625,-0.024375,-0.0324879951980792,-0.0125009375715082,0.041875,1.641377540447249
rawnet2,asvspoof2021_la,codec,64.0,-64.0,0.129375,-0.015625,-0.0269994052852862,-0.008735477312318,0.0275,1.6058251809473345
rawnet2,asvspoof2021_la,codec,128.0,-128.0,0.12875,-0.0162499999999999,-0.0268753757604662,-0.0087500536624431,0.0275,1.6025432849054435
rawnet2,asvspoof2021_la,gain,-20.0,20.0,0.4,0.255,0.2262267515253756,0.285023346674844,0.48,3.3261901541997885
rawnet2,asvspoof2021_la,gain,-10.0,10.0,0.186875,0.0418749999999999,0.0268751126191357,0.0625513825648271,0.260625,1.546990633066403
rawnet2,asvspoof2021_la,gain,-3.0,3.0,0.134375,-0.0106249999999999,-0.0181401048315436,0.0025014109521151,0.0375,1.6402731770831367
rawnet2,asvspoof2021_la,gain,3.0,3.0,0.128125,-0.016875,-0.0287519408979986,-0.0087591081958995,0.04125,1.5279880907529482
rawnet2,asvspoof2021_la,gain,10.0,10.0,0.134375,-0.010625,-0.0231683913558268,0.0025008854703717,0.118125,1.5282803964136504
rawnet2,asvspoof2021_la,gain,20.0,20.0,0.193125,0.0481249999999999,0.0281259350082846,0.0681372967446316,0.288125,1.9161301133403743
rawnet2,asvspoof2021_la,noise,0.0,-0.0,0.4868749999999999,0.3418749999999999,0.311847467814728,0.374364871389553,0.4875,4.625686472341485
rawnet2,asvspoof2021_la,noise,5.0,-5.0,0.39125,0.2462499999999999,0.2218492372878177,0.2749775654664918,0.473125,4.802827372213327
rawnet2,asvspoof2021_la,noise,10.0,-10.0,0.2099999999999999,0.0649999999999999,0.045,0.0868688308935681,0.328125,2.045397469494286
rawnet2,asvspoof2021_la,noise,15.0,-15.0,0.15125,0.0062499999999999,-0.0062566349702142,0.0199815665025915,0.115625,1.6867160261434808
rawnet2,asvspoof2021_la,noise,20.0,-20.0,0.1475,0.0025,-0.0087301410650985,0.0112389087052804,0.049375,1.671206703439616
rawnet2,asvspoof2021_la,noise,30.0,-30.0,0.14,-0.005,-0.011906436071496,0.0018612229363139,0.018125,1.6570888368965022
rawnet2,asvspoof2021_la,reverb,0.1,0.1,0.216875,0.071875,0.0537591793142201,0.0918167310399456,0.181875,4.266237496851431
rawnet2,asvspoof2021_la,reverb,0.3,0.3,0.2843749999999999,0.1393749999999999,0.116231018263717,0.1625003086537997,0.294375,6.114972113535087
rawnet2,asvspoof2021_la,reverb,0.5,0.5,0.3325,0.1875,0.1637245625874177,0.210616059249268,0.34875,6.675039400160102
rawnet2,asvspoof2021_la,reverb,0.7,0.7,0.354375,0.2093749999999999,0.185589913636698,0.2386963685842513,0.37125,6.828897661113341
rawnet2,asvspoof2021_la,reverb,0.9,0.9,0.38875,0.24375,0.2162136973639079,0.2706251695185604,0.39375,6.905224661645194
rawnet2,asvspoof2021_la,transcode_identity,192.0,-192.0,0.12875,-0.0162499999999999,-0.0269222732854906,-0.0087530581013081,0.026875,1.6027918860450496
rawnet2,asvspoof2021_la,transcode_identity,256.0,-256.0,0.12875,-0.0162499999999999,-0.0269222732854906,-0.0087530581013081,0.026875,1.6027918860450496
rawnet2,asvspoof2021_la,transcode_identity,320.0,-320.0,0.12875,-0.0162499999999999,-0.0269222732854906,-0.0087530581013081,0.026875,1.6027918860450496
rawnet2,asvspoof2021_la,transmission,0.0,0.0,0.145,0.0,0.0,0.0,0.0,1.758139001310453
rawnet2,asvspoof2021_la,transmission,0.01,0.01,0.1474999999999999,0.0024999999999999,-0.0037785820202173,0.0087523203909459,0.01,1.747290578298902
rawnet2,asvspoof2021_la,transmission,0.05,0.05,0.14625,0.0012499999999999,-0.0099623181737661,0.0075250527020314,0.026875,1.8284824503590071
rawnet2,asvspoof2021_la,transmission,0.1,0.1,0.150625,0.0056249999999999,-0.006895572641586,0.0187304716797058,0.05375,2.08511902274174
rawnet2,asvspoof2021_la,transmission,0.2,0.2,0.155625,0.0106249999999999,-0.0006494141451768,0.0281589270186918,0.09,2.6708869845809864
reference_lfcc_logreg,asvspoof2021_la,bandpass,2000.0,-2000.0,0.370625,0.015625,-0.0093651717701344,0.0443571640854934,0.314375,2.3638805577047104
reference_lfcc_logreg,asvspoof2021_la,bandpass,3400.0,-3400.0,0.2925,-0.0625,-0.0831230439833125,-0.0306639379730404,0.490625,5.294576363355069
reference_lfcc_logreg,asvspoof2021_la,bandpass,4000.0,-4000.0,0.3149999999999999,-0.04,-0.0637506894295944,-0.010000596537782,0.491875,5.826274344032551
reference_lfcc_logreg,asvspoof2021_la,bandpass,6000.0,-6000.0,0.44125,0.08625,0.0537190364303248,0.1186919852573297,0.49125,6.891981723289857
reference_lfcc_logreg,asvspoof2021_la,bandpass,8000.0,-8000.0,0.3575,0.0025,-0.0062511818640711,0.0143775748643005,0.025625,2.604237852876868
reference_lfcc_logreg,asvspoof2021_la,chirp,5.0,-5.0,0.32625,-0.0287499999999999,-0.0487962615602401,-0.0031195158929642,0.329375,5.63278420876561
reference_lfcc_logreg,asvspoof2021_la,chirp,10.0,-10.0,0.3193749999999999,-0.035625,-0.0568807906256556,-0.0118856791510759,0.324375,5.537670572726307
reference_lfcc_logreg,asvspoof2021_la,chirp,15.0,-15.0,0.3193749999999999,-0.035625,-0.0543745534159524,-0.0093790196754815,0.32125,5.453949160085418
reference_lfcc_logreg,asvspoof2021_la,chirp,20.0,-20.0,0.3156249999999999,-0.039375,-0.0568956569850396,-0.0106214795456175,0.315,5.485213045479215
reference_lfcc_logreg,asvspoof2021_la,chirp,25.0,-25.0,0.316875,-0.0381249999999999,-0.0593631273099711,-0.0119535673634272,0.3,5.065397914216239
reference_lfcc_logreg,asvspoof2021_la,codec,8.0,-8.0,0.509375,0.154375,0.1237699511263468,0.1850167852302284,0.5,9.79864141544726
reference_lfcc_logreg,asvspoof2021_la,codec,16.0,-16.0,0.489375,0.134375,0.1087426291276948,0.1668934296585491,0.478125,6.5393001912300415
reference_lfcc_logreg,asvspoof2021_la,codec,24.0,-24.0,0.46875,0.11375,0.0831989313242096,0.1419418865139689,0.341875,3.160366506398162
reference_lfcc_logreg,asvspoof2021_la,codec,32.0,-32.0,0.458125,0.103125,0.073133899207658,0.1356252857682012,0.405,5.859164268424935
reference_lfcc_logreg,asvspoof2021_la,codec,64.0,-64.0,0.45875,0.10375,0.0762350420223515,0.1387451361388451,0.493125,7.66894417352852
reference_lfcc_logreg,asvspoof2021_la,codec,128.0,-128.0,0.456875,0.101875,0.0693767277549513,0.1368745939400253,0.49,7.94047431622898
reference_lfcc_logreg,asvspoof2021_la,gain,-20.0,20.0,0.373125,0.018125,0.0081137257455301,0.0274877488059813,0.049375,2.615059064493579
reference_lfcc_logreg,asvspoof2021_la,gain,-10.0,10.0,0.356875,0.001875,-0.0025000358403648,0.0112588774492416,0.03375,2.645023387201741
reference_lfcc_logreg,asvspoof2021_la,gain,-3.0,3.0,0.354375,-0.0006249999999999,-0.0037410698101768,0.0037517164154218,0.0075,2.6308611689394894
reference_lfcc_logreg,asvspoof2021_la,gain,3.0,3.0,0.33875,-0.0162499999999999,-0.0256248402128945,-0.003103046303311,0.04875,2.5882110101336155
reference_lfcc_logreg,asvspoof2021_la,gain,10.0,10.0,0.334375,-0.020625,-0.037500613998001,-0.001872588942326,0.25875,2.912825866764283
reference_lfcc_logreg,asvspoof2021_la,gain,20.0,20.0,0.403125,0.048125,0.0262602580032988,0.0718634542167928,0.371875,4.508403693510057
reference_lfcc_logreg,asvspoof2021_la,noise,0.0,-0.0,0.37,0.015,-0.0137696376328666,0.0481123299667096,0.5,9.965785006009968
reference_lfcc_logreg,asvspoof2021_la,noise,5.0,-5.0,0.351875,-0.0031249999999999,-0.0312443917367883,0.0256218813869887,0.5,9.946782112269018
reference_lfcc_logreg,asvspoof2021_la,noise,10.0,-10.0,0.3225,-0.0324999999999999,-0.0611978355834064,-0.0037495912714594,0.5,9.631743641098955
reference_lfcc_logreg,asvspoof2021_la,noise,15.0,-15.0,0.3199999999999999,-0.035,-0.0599936830906248,-0.0055948972570558,0.5,8.674131843933658
reference_lfcc_logreg,asvspoof2021_la,noise,20.0,-20.0,0.3043749999999999,-0.050625,-0.0756153669570608,-0.0231221057561955,0.499375,7.331995499720809
reference_lfcc_logreg,asvspoof2021_la,noise,30.0,-30.0,0.3125,-0.0424999999999999,-0.0650331184799287,-0.0193559688589032,0.473125,4.662869403715279
reference_lfcc_logreg,asvspoof2021_la,reverb,0.1,0.1,0.406875,0.051875,0.027496296661926,0.072500420059897,0.203125,3.5119337059165874
reference_lfcc_logreg,asvspoof2021_la,reverb,0.3,0.3,0.389375,0.034375,0.0162110769748464,0.0593673339364621,0.17875,3.2303585877073657
reference_lfcc_logreg,asvspoof2021_la,reverb,0.5,0.5,0.3774999999999999,0.0224999999999999,0.0043731936392681,0.0450001125018238,0.1725,3.166553586257448
reference_lfcc_logreg,asvspoof2021_la,reverb,0.7,0.7,0.41375,0.05875,0.0350362481045121,0.0799953574544769,0.203125,3.471956958425544
reference_lfcc_logreg,asvspoof2021_la,reverb,0.9,0.9,0.40625,0.05125,0.0318328422519971,0.0756489840401257,0.22,3.5001995115520623
reference_lfcc_logreg,asvspoof2021_la,transcode_identity,192.0,-192.0,0.459375,0.104375,0.0681539799840033,0.136250085158379,0.490625,7.95899383492892
reference_lfcc_logreg,asvspoof2021_la,transcode_identity,256.0,-256.0,0.459375,0.104375,0.0681539799840033,0.136250085158379,0.490625,7.95899383492892
reference_lfcc_logreg,asvspoof2021_la,transcode_identity,320.0,-320.0,0.459375,0.104375,0.0681539799840033,0.136250085158379,0.490625,7.95899383492892
reference_lfcc_logreg,asvspoof2021_la,transmission,0.0,0.0,0.355,0.0,0.0,0.0,0.0,2.628085109928815
reference_lfcc_logreg,asvspoof2021_la,transmission,0.01,0.01,0.35375,-0.0012499999999999,-0.0075002962031579,0.0050025818201332,0.01125,2.6377928549464653
reference_lfcc_logreg,asvspoof2021_la,transmission,0.05,0.05,0.345,-0.01,-0.0168714611607833,0.0013344593272869,0.038125,2.6548256957528023
reference_lfcc_logreg,asvspoof2021_la,transmission,0.1,0.1,0.344375,-0.0106249999999999,-0.0225387418505928,0.0012334696774345,0.054375,2.6397917079803355
reference_lfcc_logreg,asvspoof2021_la,transmission,0.2,0.2,0.346875,-0.0081249999999999,-0.0181235577727945,0.0087347381501512,0.063125,2.553302890475775
spectra_aasist3,asvspoof2021_la,bandpass,2000.0,-2000.0,0.065625,0.02875,0.0150113523352035,0.040622906681141,0.135625,0.477245597695521
spectra_aasist3,asvspoof2021_la,bandpass,3400.0,-3400.0,0.0806249999999999,0.0437499999999999,0.0293856871245105,0.0550054620026894,0.09375,0.5248410151755127
spectra_aasist3,asvspoof2021_la,bandpass,4000.0,-4000.0,0.078125,0.04125,0.0268332874149134,0.0512204288409969,0.064375,0.464827804457834
spectra_aasist3,asvspoof2021_la,bandpass,6000.0,-6000.0,0.041875,0.005,-0.0056175143933157,0.0143660572471276,0.03375,0.434768379989889
spectra_aasist3,asvspoof2021_la,bandpass,8000.0,-8000.0,0.0468749999999999,0.01,-0.0018707560165784,0.0168995159500726,0.029375,0.4203097102148454
spectra_aasist3,asvspoof2021_la,chirp,5.0,-5.0,0.0531249999999999,0.01625,0.0049821715898104,0.0275112496070801,0.050625,0.5051574953501016
spectra_aasist3,asvspoof2021_la,chirp,10.0,-10.0,0.0437499999999999,0.0068749999999999,-0.0031723577501498,0.0168712658280198,0.041875,0.4074676306072247
spectra_aasist3,asvspoof2021_la,chirp,15.0,-15.0,0.0362499999999999,-0.000625,-0.0100000035156744,0.0100007938160949,0.039375,0.3551666623851397
spectra_aasist3,asvspoof2021_la,chirp,20.0,-20.0,0.040625,0.00375,-0.0068752473856385,0.0125003222742312,0.034375,0.357767891950882
spectra_aasist3,asvspoof2021_la,chirp,25.0,-25.0,0.0331249999999999,-0.00375,-0.0131228947701999,0.0050001250717338,0.023125,0.3147791374444459
spectra_aasist3,asvspoof2021_la,codec,8.0,-8.0,0.116875,0.08,0.0643342200137832,0.0968719818525902,0.116875,0.809120568245656
spectra_aasist3,asvspoof2021_la,codec,16.0,-16.0,0.0925,0.055625,0.0418532423736199,0.0718752539670642,0.12875,0.8156913553712741
spectra_aasist3,asvspoof2021_la,codec,24.0,-24.0,0.0799999999999999,0.043125,0.029335193311848,0.061266312167052,0.096875,0.6838556001521109
spectra_aasist3,asvspoof2021_la,codec,32.0,-32.0,0.0393749999999999,0.0024999999999999,-0.0081227884213434,0.0106235820223876,0.030625,0.3283475973867744
spectra_aasist3,asvspoof2021_la,codec,64.0,-64.0,0.0374999999999999,0.000625,-0.0063154548921007,0.0068646034636904,0.01625,0.2929555377501322
spectra_aasist3,asvspoof2021_la,codec,128.0,-128.0,0.035,-0.0018749999999999,-0.0093651739929955,0.0023966774983686,0.0125,0.2505100874558726
spectra_aasist3,asvspoof2021_la,gain,-20.0,20.0,0.075625,0.03875,0.0225041876050801,0.0481256005596579,0.070625,0.5650488761176994
spectra_aasist3,asvspoof2021_la,gain,-10.0,10.0,0.065625,0.02875,0.0187510466894209,0.0424985678694786,0.065625,0.5018392853537958
spectra_aasist3,asvspoof2021_la,gain,-3.0,3.0,0.050625,0.01375,0.0050112638085024,0.0193704368796351,0.023125,0.3498676489871661
spectra_aasist3,asvspoof2021_la,gain,3.0,3.0,0.03625,-0.0006249999999999,-0.0093702580568285,0.0043766309687409,0.014375,0.2962899059899531
spectra_aasist3,asvspoof2021_la,gain,10.0,10.0,0.05625,0.019375,0.0087522947434783,0.0306222658649135,0.0425,0.4573888698936885
spectra_aasist3,asvspoof2021_la,gain,20.0,20.0,0.129375,0.0925,0.0749826383990739,0.1081308601236933,0.131875,1.3145339132611724
spectra_aasist3,asvspoof2021_la,noise,0.0,-0.0,0.14125,0.104375,0.0818937401910722,0.1193891168200893,0.185625,0.7520351244534006
spectra_aasist3,asvspoof2021_la,noise,5.0,-5.0,0.0887499999999999,0.0518749999999999,0.03689144447378,0.0687525351605161,0.1425,0.467140662968225
spectra_aasist3,asvspoof2021_la,noise,10.0,-10.0,0.06375,0.026875,0.0106155419420381,0.0375071615287983,0.10875,0.3745774000900999
spectra_aasist3,asvspoof2021_la,noise,15.0,-15.0,0.0556249999999999,0.0187499999999999,0.0037522865853658,0.0299869784949766,0.08625,0.3987905652606514
spectra_aasist3,asvspoof2021_la,noise,20.0,-20.0,0.05625,0.019375,0.0062509631010937,0.0300056729475416,0.070625,0.3415145712610973
spectra_aasist3,asvspoof2021_la,noise,30.0,-30.0,0.0487499999999999,0.0118749999999999,-0.0018825079223524,0.0224910579091211,0.0425,0.3617897691537327
spectra_aasist3,asvspoof2021_la,reverb,0.1,0.1,0.155625,0.11875,0.1000035828122037,0.1375000312531253,0.156875,1.4410287866633706
spectra_aasist3,asvspoof2021_la,reverb,0.3,0.3,0.2306249999999999,0.1937499999999999,0.171238003801617,0.2144223011481348,0.228125,1.8574027412174905
spectra_aasist3,asvspoof2021_la,reverb,0.5,0.5,0.321875,0.285,0.2606166809338706,0.3112351264884677,0.308125,2.379038971184764
spectra_aasist3,asvspoof2021_la,reverb,0.7,0.7,0.34125,0.304375,0.2793634930573709,0.3293931180067241,0.324375,2.543396431394409
spectra_aasist3,asvspoof2021_la,reverb,0.9,0.9,0.3818749999999999,0.345,0.3193787979435124,0.3700263430277166,0.375625,2.788523915063424
spectra_aasist3,asvspoof2021_la,transcode_identity,192.0,-192.0,0.035625,-0.0012499999999999,-0.0093650495349094,0.0025005677074148,0.0125,0.2522860109373391
spectra_aasist3,asvspoof2021_la,transcode_identity,256.0,-256.0,0.035625,-0.0012499999999999,-0.0093650495349094,0.0025005677074148,0.0125,0.2522860109373391
spectra_aasist3,asvspoof2021_la,transcode_identity,320.0,-320.0,0.035625,-0.0012499999999999,-0.0093650495349094,0.0025005677074148,0.0125,0.2522860109373391
spectra_aasist3,asvspoof2021_la,transmission,0.0,0.0,0.0368749999999999,0.0,0.0,0.0,0.0,0.2873532056428937
spectra_aasist3,asvspoof2021_la,transmission,0.01,0.01,0.035625,-0.0012499999999999,-0.0062516574221042,0.0049659075428069,0.00625,0.2922516705561841
spectra_aasist3,asvspoof2021_la,transmission,0.05,0.05,0.0399999999999999,0.0031249999999999,-0.0050013441155188,0.0137674496269445,0.02625,0.3242756296846842
spectra_aasist3,asvspoof2021_la,transmission,0.1,0.1,0.0481249999999999,0.01125,0.0025000609390235,0.0225126985690366,0.036875,0.3909681255595955
spectra_aasist3,asvspoof2021_la,transmission,0.2,0.2,0.0725,0.035625,0.0231208001250195,0.0487423990518477,0.0775,0.5195720240171967
ssl_aasist,asvspoof2021_la,bandpass,2000.0,-2000.0,0.07375,-0.0006249999999999,-0.0149822838107147,0.004359929887322,0.03125,0.8428448296746975
ssl_aasist,asvspoof2021_la,bandpass,3400.0,-3400.0,0.07125,-0.0031249999999999,-0.0150068656616873,0.0025082371585163,0.024375,0.8471948935698421
ssl_aasist,asvspoof2021_la,bandpass,4000.0,-4000.0,0.0774999999999999,0.0031249999999999,-0.0094094431503221,0.0056318131813181,0.01875,0.8517366629726771
ssl_aasist,asvspoof2021_la,bandpass,6000.0,-6000.0,0.0775,0.003125,-0.0062654005555899,0.0087427157799132,0.015625,0.8480321879554236
ssl_aasist,asvspoof2021_la,bandpass,8000.0,-8000.0,0.08125,0.006875,-0.005000389093081,0.0093677512301736,0.015,0.8425297489358842
ssl_aasist,asvspoof2021_la,chirp,5.0,-5.0,0.088125,0.0137499999999999,0.0024778704538117,0.0218707656664438,0.06,0.8791763364606183
ssl_aasist,asvspoof2021_la,chirp,10.0,-10.0,0.0837499999999999,0.0093749999999999,-0.0006289903754526,0.0174986570830036,0.043125,0.8491065441828816
ssl_aasist,asvspoof2021_la,chirp,15.0,-15.0,0.0824999999999999,0.0081249999999999,-0.0043685382729619,0.0125241996172515,0.03375,0.8412980959047369
ssl_aasist,asvspoof2021_la,chirp,20.0,-20.0,0.0799999999999999,0.0056249999999999,-0.0043782555271575,0.0118667903444785,0.03,0.8223871926587116
ssl_aasist,asvspoof2021_la,chirp,25.0,-25.0,0.078125,0.00375,-0.0062513954952106,0.008756670472514,0.025625,0.8160459159601622
ssl_aasist,asvspoof2021_la,codec,8.0,-8.0,0.096875,0.0225,0.0080520822409418,0.0356250446291852,0.070625,2.4343184528540083
ssl_aasist,asvspoof2021_la,codec,16.0,-16.0,0.078125,0.00375,-0.0094421918796327,0.0112818230811208,0.04125,1.122789386017092
ssl_aasist,asvspoof2021_la,codec,24.0,-24.0,0.0693749999999999,-0.005,-0.0162533034844988,0.0043758081313318,0.0375,0.9434853240737588
ssl_aasist,asvspoof2021_la,codec,32.0,-32.0,0.075625,0.00125,-0.0100086892796259,0.008748490232016,0.028125,0.8918602395994799
ssl_aasist,asvspoof2021_la,codec,64.0,-64.0,0.0743749999999999,-2.775557561562892e-17,-0.0093652395328488,0.0056086653036704,0.015,0.8481526513268477
ssl_aasist,asvspoof2021_la,codec,128.0,-128.0,0.0725,-0.0018749999999999,-0.0100027476738209,0.0031235756761932,0.010625,0.8431782360839578
ssl_aasist,asvspoof2021_la,gain,-20.0,20.0,0.0775,0.003125,-0.006908168070619,0.0131328921129048,0.06625,0.8364728914688982
ssl_aasist,asvspoof2021_la,gain,-10.0,10.0,0.080625,0.00625,-0.004975033649749,0.0112500188965221,0.0325,0.826525850273132
ssl_aasist,asvspoof2021_la,gain,-3.0,3.0,0.075625,0.00125,-0.0075022975786334,0.0050092602459024,0.019375,0.8267932899326246
ssl_aasist,asvspoof2021_la,gain,3.0,3.0,0.0787499999999999,0.0043749999999999,-0.0062567287514472,0.0081449024304512,0.016875,0.851419664062333
ssl_aasist,asvspoof2021_la,gain,10.0,10.0,0.090625,0.01625,0.0024997922661094,0.0225299064164095,0.040625,0.9005019504434228
ssl_aasist,asvspoof2021_la,gain,20.0,20.0,0.105625,0.03125,0.0131582564593918,0.0381232195064373,0.070625,1.1430255849307966
ssl_aasist,asvspoof2021_la,noise,0.0,-0.0,0.11375,0.039375,0.0268449684103186,0.0524937494377876,0.441875,0.8753629719964857
ssl_aasist,asvspoof2021_la,noise,5.0,-5.0,0.095,0.020625,0.0137717445326817,0.0406227457958992,0.28875,0.7711975311786439
ssl_aasist,asvspoof2021_la,noise,10.0,-10.0,0.0993749999999999,0.0249999999999999,0.0106332997472006,0.0325014649009726,0.13625,0.7244116937875947
ssl_aasist,asvspoof2021_la,noise,15.0,-15.0,0.085625,0.01125,-0.0012505811378324,0.0175445851658224,0.0825,0.7667829372096886
ssl_aasist,asvspoof2021_la,noise,20.0,-20.0,0.0787499999999999,0.0043749999999999,-0.0056596720347205,0.0137689342860714,0.05125,0.8079006304266538
ssl_aasist,asvspoof2021_la,noise,30.0,-30.0,0.081875,0.0075,-0.0056175819837956,0.012530583878389,0.039375,0.818711712862863
ssl_aasist,asvspoof2021_la,reverb,0.1,0.1,0.1262499999999999,0.0518749999999999,0.033763005407249,0.06561500526792,0.098125,2.7590043607764123
ssl_aasist,asvspoof2021_la,reverb,0.3,0.3,0.2674999999999999,0.1931249999999999,0.1662717644220019,0.2162828650042217,0.239375,5.799495610833863
ssl_aasist,asvspoof2021_la,reverb,0.5,0.5,0.3512499999999999,0.276875,0.2474863573572404,0.2993683976504094,0.313125,7.060570537530458
ssl_aasist,asvspoof2021_la,reverb,0.7,0.7,0.34375,0.269375,0.2437524768177233,0.2949915567010145,0.324375,7.195477582371443
ssl_aasist,asvspoof2021_la,reverb,0.9,0.9,0.351875,0.2775000000000001,0.2481120884521728,0.2994280222394732,0.310625,7.125579573634418
ssl_aasist,asvspoof2021_la,transcode_identity,192.0,-192.0,0.0725,-0.0018749999999999,-0.0099862884823409,0.0031177093184002,0.010625,0.8433189592412691
ssl_aasist,asvspoof2021_la,transcode_identity,256.0,-256.0,0.0725,-0.0018749999999999,-0.0099862884823409,0.0031177093184002,0.010625,0.8433189592412691
ssl_aasist,asvspoof2021_la,transcode_identity,320.0,-320.0,0.0725,-0.0018749999999999,-0.0099862884823409,0.0031177093184002,0.010625,0.8433189592412691
ssl_aasist,asvspoof2021_la,transmission,0.0,0.0,0.074375,0.0,0.0,0.0,0.0,0.8371553966088396
ssl_aasist,asvspoof2021_la,transmission,0.01,0.01,0.078125,0.00375,-0.0087765638843703,0.0093685315335942,0.016875,0.9278670995277573
ssl_aasist,asvspoof2021_la,transmission,0.05,0.05,0.0799999999999999,0.0056249999999999,-0.0068996610114267,0.0149970538880126,0.043125,1.4857535363135834
ssl_aasist,asvspoof2021_la,transmission,0.1,0.1,0.086875,0.0125,-0.0031196746677317,0.0218364240671453,0.060625,2.3396986618232694
ssl_aasist,asvspoof2021_la,transmission,0.2,0.2,0.1131249999999999,0.0387499999999999,0.02564487477997,0.0531361194404497,0.1325,4.452038924430084
xlsr_mamba,asvspoof2021_la,bandpass,2000.0,-2000.0,0.0524999999999999,-0.0025,-0.0081175041898115,0.0081384880543642,0.035625,0.3999706638619832
xlsr_mamba,asvspoof2021_la,bandpass,3400.0,-3400.0,0.0537499999999999,-0.00125,-0.0069824069163309,0.0087991418697915,0.01875,0.3628788944217446
xlsr_mamba,asvspoof2021_la,bandpass,4000.0,-4000.0,0.055625,0.000625,-0.0069083039613704,0.0087500054688867,0.01625,0.3614194762133429
xlsr_mamba,asvspoof2021_la,bandpass,6000.0,-6000.0,0.0531249999999999,-0.001875,-0.004395739603337,0.0068963531253505,0.014375,0.3608599258487852
xlsr_mamba,asvspoof2021_la,bandpass,8000.0,-8000.0,0.0537499999999999,-0.00125,-0.0031243231209364,0.0075030108766871,0.009375,0.3562215184993722
xlsr_mamba,asvspoof2021_la,chirp,5.0,-5.0,0.070625,0.015625,0.009369137479084,0.0293459802465356,0.038125,0.5323013581516461
xlsr_mamba,asvspoof2021_la,chirp,10.0,-10.0,0.0643749999999999,0.0093749999999999,0.0018726825845988,0.0187861334499084,0.030625,0.4414480777399132
xlsr_mamba,asvspoof2021_la,chirp,15.0,-15.0,0.06,0.005,-0.0012513669866428,0.0137698130181303,0.031875,0.406532186171315
xlsr_mamba,asvspoof2021_la,chirp,20.0,-20.0,0.06125,0.00625,0.0,0.0137517506626162,0.01875,0.3826013293417278
xlsr_mamba,asvspoof2021_la,chirp,25.0,-25.0,0.0618749999999999,0.0068749999999999,-7.205464405857463e-05,0.0137518344983069,0.02,0.3535303696566303
xlsr_mamba,asvspoof2021_la,codec,8.0,-8.0,0.149375,0.094375,0.0756289269040458,0.1137552904143351,0.18875,2.17473508357486
xlsr_mamba,asvspoof2021_la,codec,16.0,-16.0,0.061875,0.0068749999999999,-0.0012545210298711,0.0187810022214461,0.039375,0.499948378214048
xlsr_mamba,asvspoof2021_la,codec,24.0,-24.0,0.055625,0.000625,-0.0056135852341797,0.0093654449412043,0.02,0.3887619032753577
xlsr_mamba,asvspoof2021_la,codec,32.0,-32.0,0.0518749999999999,-0.003125,-0.0069685277765548,0.0068871738290982,0.0125,0.365820564392784
xlsr_mamba,asvspoof2021_la,codec,64.0,-64.0,0.0524999999999999,-0.0025,-0.0050201015223748,0.0050006563281592,0.0075,0.3593179416128113
xlsr_mamba,asvspoof2021_la,codec,128.0,-128.0,0.0506249999999999,-0.004375,-0.0056193281711209,0.005005354983876,0.0075,0.3616170314654036
xlsr_mamba,asvspoof2021_la,gain,-20.0,20.0,0.0687499999999999,0.0137499999999999,0.0050020008003201,0.0262554308904127,0.09375,1.1353657384571645
xlsr_mamba,asvspoof2021_la,gain,-10.0,10.0,0.0574999999999999,0.0024999999999999,-0.0043570864703863,0.0125050020008003,0.046875,0.5379993625869742
xlsr_mamba,asvspoof2021_la,gain,-3.0,3.0,0.055,1.3877787807814457e-17,-0.0043802176642064,0.006250000244141,0.020625,0.3929865663816438
xlsr_mamba,asvspoof2021_la,gain,3.0,3.0,0.0525,-0.0025,-0.0031343005369762,0.0062759809653772,0.013125,0.3293021887498533
xlsr_mamba,asvspoof2021_la,gain,10.0,10.0,0.06625,0.01125,0.006230897090503,0.0225102280918374,0.065625,0.3346288190080823
xlsr_mamba,asvspoof2021_la,gain,20.0,20.0,0.105625,0.0506249999999999,0.0412502578141113,0.0680961182106301,0.159375,0.7724840334067001
xlsr_mamba,asvspoof2021_la,noise,0.0,-0.0,0.1149999999999999,0.0599999999999999,0.0492730098166486,0.0781829065534646,0.39375,0.5263157218612095
xlsr_mamba,asvspoof2021_la,noise,5.0,-5.0,0.1025,0.0475,0.0362434982807554,0.0631162573922166,0.375,0.4222202597283971
xlsr_mamba,asvspoof2021_la,noise,10.0,-10.0,0.08125,0.02625,0.0193987080115495,0.0406432263033366,0.320625,0.4064257800330271
xlsr_mamba,asvspoof2021_la,noise,15.0,-15.0,0.076875,0.021875,0.0143813113040266,0.0349591579346394,0.24125,0.4040489217262621
xlsr_mamba,asvspoof2021_la,noise,20.0,-20.0,0.0699999999999999,0.0149999999999999,0.0087781944516071,0.0256233047750013,0.15625,0.3290946050275149
xlsr_mamba,asvspoof2021_la,noise,30.0,-30.0,0.0637499999999999,0.0087499999999999,0.0037509868320268,0.0187605804580293,0.040625,0.3184867254150651
xlsr_mamba,asvspoof2021_la,reverb,0.1,0.1,0.1524999999999999,0.0974999999999999,0.0794561814332867,0.1175222429649014,0.123125,1.4023099770282843
xlsr_mamba,asvspoof2021_la,reverb,0.3,0.3,0.370625,0.315625,0.2949957851468179,0.3481183359387544,0.286875,3.100438464306808
xlsr_mamba,asvspoof2021_la,reverb,0.5,0.5,0.5175000000000001,0.4625000000000001,0.4355916168668861,0.4906217762132486,0.394375,3.9982471091200553
xlsr_mamba,asvspoof2021_la,reverb,0.7,0.7,0.60375,0.54875,0.5243716690344972,0.5819247631216595,0.448125,4.425704082723586
xlsr_mamba,asvspoof2021_la,reverb,0.9,0.9,0.649375,0.594375,0.5712172410989448,0.6262450653276102,0.4775,4.647596159404213
xlsr_mamba,asvspoof2021_la,transcode_identity,192.0,-192.0,0.0506249999999999,-0.004375,-0.0056099714230133,0.0050034560987616,0.0075,0.361570749891805
xlsr_mamba,asvspoof2021_la,transcode_identity,256.0,-256.0,0.0506249999999999,-0.004375,-0.0056099714230133,0.0050034560987616,0.0075,0.361570749891805
xlsr_mamba,asvspoof2021_la,transcode_identity,320.0,-320.0,0.0506249999999999,-0.004375,-0.0056099714230133,0.0050034560987616,0.0075,0.361570749891805
xlsr_mamba,asvspoof2021_la,transmission,0.0,0.0,0.055,0.0,0.0,0.0,0.0,0.3548166957746994
xlsr_mamba,asvspoof2021_la,transmission,0.01,0.01,0.055,1.3877787807814457e-17,-0.0056644849288689,0.0094007758719302,0.02,0.4175313929742845
xlsr_mamba,asvspoof2021_la,transmission,0.05,0.05,0.0806249999999999,0.0256249999999999,0.0150194626449078,0.0412437675908825,0.083125,0.9114693107195296
xlsr_mamba,asvspoof2021_la,transmission,0.1,0.1,0.10875,0.05375,0.0412563697325851,0.0737764387412274,0.159375,1.8606744258374155
xlsr_mamba,asvspoof2021_la,transmission,0.2,0.2,0.24375,0.18875,0.1667858914356723,0.2162743300401894,0.354375,3.9812115999478417
aasist,in_the_wild,bandpass,2000.0,-2000.0,0.5275000000000001,0.075,0.0512501218471925,0.0968890896165571,0.31625,4.347598653493815
aasist,in_the_wild,bandpass,3400.0,-3400.0,0.4706249999999999,0.0181249999999999,0.0012500935130052,0.036258065909708,0.19,3.1390725979414653
aasist,in_the_wild,bandpass,4000.0,-4000.0,0.469375,0.0168749999999999,-0.0012500089371322,0.0312500439477845,0.153125,2.905175616142845
aasist,in_the_wild,bandpass,6000.0,-6000.0,0.4525,0.0,-0.0162560015825554,0.0112250118154385,0.08,2.5251925820309635
aasist,in_the_wild,bandpass,8000.0,-8000.0,0.44125,-0.0112499999999999,-0.0231300540493842,0.0012500558634143,0.070625,2.453312902885615
aasist,in_the_wild,chirp,5.0,-5.0,0.585625,0.1331249999999999,0.1056224143101774,0.1644194294484883,0.36125,4.547120785595624
aasist,in_the_wild,chirp,10.0,-10.0,0.5762499999999999,0.1237499999999999,0.0912499312514561,0.1481206503421799,0.3675,4.009185448634257
aasist,in_the_wild,chirp,15.0,-15.0,0.57125,0.11875,0.0831108494929631,0.141891721729236,0.336875,3.4777807267913223
aasist,in_the_wild,chirp,20.0,-20.0,0.55625,0.10375,0.0775042778761999,0.1293682455752883,0.310625,3.2356523240799406
aasist,in_the_wild,chirp,25.0,-25.0,0.5275000000000001,0.075,0.0493840905532576,0.1006252197351458,0.23625,2.873060786657036
aasist,in_the_wild,codec,8.0,-8.0,0.5525,0.0999999999999999,0.0737710478484925,0.1231482799086389,0.344375,4.818952145213187
aasist,in_the_wild,codec,16.0,-16.0,0.5037499999999999,0.0512499999999999,0.0330994997793181,0.067495691374091,0.104375,2.791440255506864
aasist,in_the_wild,codec,24.0,-24.0,0.4762499999999999,0.0237499999999999,0.009371319805745,0.0374919211499865,0.0725,2.563192871321319
aasist,in_the_wild,codec,32.0,-32.0,0.46875,0.0162499999999999,0.0025003147857677,0.0256216264469911,0.048125,2.4931346936700387
aasist,in_the_wild,codec,64.0,-64.0,0.45625,0.0037499999999999,-0.0062568411586595,0.0087549657104506,0.025625,2.430135945263608
aasist,in_the_wild,codec,128.0,-128.0,0.4525,0.0,-0.0056194348213595,0.0081179674297854,0.02625,2.427429239744333
aasist,in_the_wild,gain,-20.0,20.0,0.594375,0.1418749999999999,0.1131375562711907,0.1668981706685318,0.49625,2.879423254820847
aasist,in_the_wild,gain,-10.0,10.0,0.505625,0.0531249999999999,0.0287445403285406,0.0768973905959219,0.40375,2.086442909256719
aasist,in_the_wild,gain,-3.0,3.0,0.45625,0.00375,-0.0131189822952487,0.0181285889193503,0.139375,2.1184325727241404
aasist,in_the_wild,gain,3.0,3.0,0.45375,0.0012499999999999,-0.0187506944675599,0.0137381395650094,0.125,2.813187854546414
aasist,in_the_wild,gain,10.0,10.0,0.3924999999999999,-0.06,-0.091272238633318,-0.0338245444765765,0.344375,3.3049647443359635
aasist,in_the_wild,gain,20.0,20.0,0.310625,-0.1418749999999999,-0.1749953107181217,-0.1074914124601368,0.458125,3.6870808792066985
aasist,in_the_wild,noise,0.0,-0.0,0.5956250000000001,0.143125,0.1137765352506705,0.1737636675913879,0.383125,3.177314404277875
aasist,in_the_wild,noise,5.0,-5.0,0.5974999999999999,0.1449999999999999,0.1182047733164395,0.1712408908160297,0.32,2.929755809400901
aasist,in_the_wild,noise,10.0,-10.0,0.5756249999999999,0.1231249999999999,0.0974617759090085,0.1487460349952312,0.26,2.701761917355804
aasist,in_the_wild,noise,15.0,-15.0,0.55,0.0975,0.0781473325766628,0.1225229902599238,0.1975,2.623046053298689
aasist,in_the_wild,noise,20.0,-20.0,0.515,0.0625,0.0456227749710581,0.0781287217008294,0.119375,2.590925783640389
aasist,in_the_wild,noise,30.0,-30.0,0.47,0.0174999999999999,0.0087505965012135,0.0306236992286468,0.049375,2.519196573633344
aasist,in_the_wild,real_bird,5.0,-5.0,0.60625,0.1537499999999999,0.1231075560487249,0.1793761497509943,0.385,4.069403986224302
aasist,in_the_wild,real_bird,10.0,-10.0,0.571875,0.119375,0.0906455852227028,0.1450361368343825,0.310625,3.5757542389662635
aasist,in_the_wild,real_bird,15.0,-15.0,0.576875,0.124375,0.1043535478565128,0.1506307743480145,0.2525,3.402562749520068
aasist,in_the_wild,real_bird,20.0,-20.0,0.5475,0.0949999999999999,0.0687212681300909,0.1162643574847988,0.194375,2.975402925239147
aasist,in_the_wild,real_bird,25.0,-25.0,0.5075000000000001,0.055,0.0386948414670971,0.0743727211043536,0.138125,2.7381734506554696
aasist,in_the_wild,real_noise,0.0,-0.0,0.534375,0.081875,0.0544565335137103,0.113058634802595,0.40875,4.311030146677909
aasist,in_the_wild,real_noise,5.0,-5.0,0.5575,0.1049999999999999,0.0725046051799696,0.1312494263892053,0.3375,3.682136459764099
aasist,in_the_wild,real_noise,10.0,-10.0,0.576875,0.124375,0.0962190741803339,0.1487842066511639,0.285625,3.5080494151033106
aasist,in_the_wild,real_noise,15.0,-15.0,0.556875,0.104375,0.0787457020371246,0.1256427529778663,0.215,3.1782665217919286
aasist,in_the_wild,real_noise,20.0,-20.0,0.5275000000000001,0.075,0.0568634528259334,0.095562758677433,0.1725,2.818720932978319
aasist,in_the_wild,real_noise,30.0,-30.0,0.4818749999999999,0.0293749999999999,0.0168765499111716,0.0431268429972954,0.064375,2.5795388818106724
aasist,in_the_wild,real_rir,0.0,0.0,0.4599999999999999,0.0074999999999999,-0.0287508625539148,0.0356501879503834,0.414375,5.299532560236199
aasist,in_the_wild,real_rir,1.0,1.0,0.440625,-0.0118749999999999,-0.0474910330154778,0.0181196471846643,0.425625,5.281092384951489
aasist,in_the_wild,real_rir,2.0,2.0,0.4449999999999999,-0.0075,-0.0431507832684187,0.0237359711621205,0.4225,5.257420405416124
aasist,in_the_wild,real_rir,3.0,3.0,0.46625,0.01375,-0.0224932403609186,0.0462428366827563,0.40875,5.372410367726626
aasist,in_the_wild,real_rir,4.0,4.0,0.46625,0.01375,-0.0199310156462779,0.048139252259061,0.40625,5.419415935713173
aasist,in_the_wild,reverb,0.1,0.1,0.4599999999999999,0.0074999999999999,-0.0156218029761038,0.0324920494286547,0.324375,3.7277970865762
aasist,in_the_wild,reverb,0.3,0.3,0.5225,0.0699999999999999,0.0418891516823266,0.0975240267255137,0.373125,4.858804988751162
aasist,in_the_wild,reverb,0.5,0.5,0.5706249999999999,0.1181249999999999,0.0881272912188133,0.1462273466379491,0.381875,5.218636753471731
aasist,in_the_wild,reverb,0.7,0.7,0.583125,0.130625,0.0981323089580842,0.156240730268565,0.384375,5.308698545201522
aasist,in_the_wild,reverb,0.9,0.9,0.5706249999999999,0.1181249999999999,0.0899757758871482,0.1456193205742336,0.3775,5.303886588026601
aasist,in_the_wild,transcode_identity,192.0,-192.0,0.451875,-0.0006249999999999,-0.0056478058839674,0.0087258145046494,0.02625,2.426717020868344
aasist,in_the_wild,transcode_identity,256.0,-256.0,0.451875,-0.0006249999999999,-0.0056478058839674,0.0087258145046494,0.02625,2.426717020868344
aasist,in_the_wild,transcode_identity,320.0,-320.0,0.451875,-0.0006249999999999,-0.0056478058839674,0.0087258145046494,0.02625,2.426717020868344
aasist,in_the_wild,transmission,0.0,0.0,0.4525,0.0,0.0,0.0,0.0,2.478701229365443
aasist,in_the_wild,transmission,0.01,0.01,0.4875,0.035,0.0168741595611672,0.0531092271815583,0.091875,2.6064026165712155
aasist,in_the_wild,transmission,0.05,0.05,0.5349999999999999,0.0824999999999999,0.0618666780736684,0.1093964456083003,0.220625,2.899901786939786
aasist,in_the_wild,transmission,0.1,0.1,0.5225,0.0699999999999999,0.0449958295908728,0.0937672133421691,0.26625,3.0861444039347594
aasist,in_the_wild,transmission,0.2,0.2,0.5475,0.0949999999999999,0.0693603924055713,0.1212659950076407,0.303125,3.250728540466693
aasist3_kan,in_the_wild,bandpass,2000.0,-2000.0,0.300625,-0.0181249999999999,-0.0450162816545177,0.0118080505325705,0.473125,9.959453365804883
aasist3_kan,in_the_wild,bandpass,3400.0,-3400.0,0.313125,-0.0056249999999999,-0.0337408077070089,0.025632638275545,0.35875,9.479639121226478
aasist3_kan,in_the_wild,bandpass,4000.0,-4000.0,0.294375,-0.0243749999999999,-0.052471133286986,0.0012503126086651,0.315,9.100712588025155
aasist3_kan,in_the_wild,bandpass,6000.0,-6000.0,0.25625,-0.0625,-0.0850302546526449,-0.041889348675205,0.2375,9.090971486619331
aasist3_kan,in_the_wild,bandpass,8000.0,-8000.0,0.2925,-0.0262499999999999,-0.0431263953129766,-0.0137568338630442,0.113125,8.597865004393517
aasist3_kan,in_the_wild,chirp,5.0,-5.0,0.33875,0.02,-0.0050263255073026,0.0418551452143821,0.353125,6.214792992729217
aasist3_kan,in_the_wild,chirp,10.0,-10.0,0.338125,0.019375,-0.0037508234120745,0.0394299049486166,0.385,5.6902569989192
aasist3_kan,in_the_wild,chirp,15.0,-15.0,0.368125,0.049375,0.0255935569409957,0.0699955139820287,0.418125,5.3648960297579125
aasist3_kan,in_the_wild,chirp,20.0,-20.0,0.3612499999999999,0.0424999999999999,0.0200032771154058,0.0668737296375495,0.435625,5.16352542941093
aasist3_kan,in_the_wild,chirp,25.0,-25.0,0.3818749999999999,0.0631249999999999,0.0405512504541061,0.0856281860844768,0.42125,5.226243175236508
aasist3_kan,in_the_wild,codec,8.0,-8.0,0.5343749999999999,0.2156249999999999,0.1818560531462362,0.2481170382329943,0.450625,9.677415630422008
aasist3_kan,in_the_wild,codec,16.0,-16.0,0.396875,0.078125,0.0487711979315677,0.1031608609065023,0.2825,8.438307435291653
aasist3_kan,in_the_wild,codec,24.0,-24.0,0.349375,0.030625,0.0075393572201445,0.0537520996913942,0.215625,8.516514662530424
aasist3_kan,in_the_wild,codec,32.0,-32.0,0.3,-0.0187499999999999,-0.0375058604740624,-0.0037274461464893,0.116875,7.896698326831584
aasist3_kan,in_the_wild,codec,64.0,-64.0,0.303125,-0.015625,-0.0318861557316206,0.0025001202285671,0.09,8.278045557699013
aasist3_kan,in_the_wild,codec,128.0,-128.0,0.305625,-0.0131249999999999,-0.0306067305680476,0.0018794380699663,0.0875,8.434887299549777
aasist3_kan,in_the_wild,gain,-20.0,20.0,0.31875,0.0,0.0,0.0,0.000625,8.382163182895242
aasist3_kan,in_the_wild,gain,-10.0,10.0,0.31875,0.0,0.0,0.0,0.000625,8.38216316866999
aasist3_kan,in_the_wild,gain,-3.0,3.0,0.31875,0.0,0.0,0.0,0.000625,8.382163299494852
aasist3_kan,in_the_wild,gain,3.0,3.0,0.32125,0.0025,-0.0012659434159522,0.0043734838529195,0.001875,8.387591678229187
aasist3_kan,in_the_wild,gain,10.0,10.0,0.328125,0.009375,0.0012514203629181,0.0187502753949555,0.0325,8.562607986111122
aasist3_kan,in_the_wild,gain,20.0,20.0,0.3506249999999999,0.0318749999999999,0.0087657718626549,0.0543734429470715,0.205625,8.812313856136592
aasist3_kan,in_the_wild,noise,0.0,-0.0,0.4962499999999999,0.1775,0.1431287550590104,0.2112490993973161,0.48875,9.851121506688765
aasist3_kan,in_the_wild,noise,5.0,-5.0,0.4425,0.12375,0.0899963220850777,0.1550060006234954,0.473125,9.482631638303843
aasist3_kan,in_the_wild,noise,10.0,-10.0,0.4087499999999999,0.0899999999999999,0.0568638173127203,0.1243680355875615,0.445625,8.657060014658951
aasist3_kan,in_the_wild,noise,15.0,-15.0,0.3881249999999999,0.0693749999999999,0.0344141618423122,0.0999946066182273,0.453125,7.469197426324091
aasist3_kan,in_the_wild,noise,20.0,-20.0,0.345,0.0262499999999999,-0.0037505891063014,0.0556470489616924,0.434375,6.581463405034232
aasist3_kan,in_the_wild,noise,30.0,-30.0,0.29,-0.0287499999999999,-0.0549932346475682,0.0006563469452729,0.331875,6.3745783784723
aasist3_kan,in_the_wild,real_bird,5.0,-5.0,0.448125,0.129375,0.0912473723598671,0.1606230212524522,0.488125,4.209437597342431
aasist3_kan,in_the_wild,real_bird,10.0,-10.0,0.43,0.11125,0.0793599107523251,0.1450332160289942,0.483125,3.8354299359764994
aasist3_kan,in_the_wild,real_bird,15.0,-15.0,0.4137499999999999,0.0949999999999999,0.0637544158570694,0.1262479979456649,0.4775,3.7666196937734
aasist3_kan,in_the_wild,real_bird,20.0,-20.0,0.41125,0.0925,0.0611982115919577,0.1224982965310278,0.46625,4.1457282162277895
aasist3_kan,in_the_wild,real_bird,25.0,-25.0,0.43,0.11125,0.0812598909353314,0.1412647799771078,0.43875,4.765296406401839
aasist3_kan,in_the_wild,real_noise,0.0,-0.0,0.46125,0.1425,0.1118394190455511,0.1768663498799934,0.4175,7.279982602143695
aasist3_kan,in_the_wild,real_noise,5.0,-5.0,0.4449999999999999,0.1262499999999999,0.09438988808342,0.1549847514536283,0.381875,7.25938003329447
aasist3_kan,in_the_wild,real_noise,10.0,-10.0,0.4275,0.10875,0.0787508472494454,0.1362478006304919,0.36,7.201098530096461
aasist3_kan,in_the_wild,real_noise,15.0,-15.0,0.4131249999999999,0.0943749999999999,0.0643471357725,0.1187547131746371,0.319375,7.483787789126534
aasist3_kan,in_the_wild,real_noise,20.0,-20.0,0.39375,0.075,0.0499765877978445,0.100671823073558,0.26125,7.443436578970551
aasist3_kan,in_the_wild,real_noise,30.0,-30.0,0.3774999999999999,0.0587499999999999,0.03562672997099,0.0831115909151691,0.199375,7.636738594495082
aasist3_kan,in_the_wild,real_rir,0.0,0.0,0.40375,0.085,0.0543156518525986,0.1131247953254023,0.34,8.830372234621025
aasist3_kan,in_the_wild,real_rir,1.0,1.0,0.420625,0.101875,0.06999803410153,0.1312462942449188,0.35125,8.983498478916804
aasist3_kan,in_the_wild,real_rir,2.0,2.0,0.4337499999999999,0.1149999999999999,0.0849523068997917,0.1437829043355083,0.335,8.915233701053019
aasist3_kan,in_the_wild,real_rir,3.0,3.0,0.4075,0.08875,0.0568641797499307,0.1181249057661865,0.325625,8.81107758040105
aasist3_kan,in_the_wild,real_rir,4.0,4.0,0.4225,0.10375,0.0731315088121731,0.1331237126471185,0.33,8.810015775669523
aasist3_kan,in_the_wild,reverb,0.1,0.1,0.3924999999999999,0.0737499999999999,0.0518745282627963,0.0950251880097989,0.25875,7.6965625530436625
aasist3_kan,in_the_wild,reverb,0.3,0.3,0.43625,0.1175,0.0912049462382764,0.1381449145876711,0.290625,7.972905601126849
aasist3_kan,in_the_wild,reverb,0.5,0.5,0.458125,0.139375,0.1131043476661044,0.1630987370640148,0.313125,8.236160866112689
aasist3_kan,in_the_wild,reverb,0.7,0.7,0.46375,0.145,0.1175001445314757,0.1712436275908881,0.334375,8.550691577339494
aasist3_kan,in_the_wild,reverb,0.9,0.9,0.4762499999999999,0.1574999999999999,0.1281293167525254,0.181884158400098,0.334375,8.748846515368742
aasist3_kan,in_the_wild,transcode_identity,192.0,-192.0,0.3075,-0.0112499999999999,-0.0300105885260542,0.0043946301270816,0.0875,8.43671423163397
aasist3_kan,in_the_wild,transcode_identity,256.0,-256.0,0.3075,-0.0112499999999999,-0.0300105885260542,0.0043946301270816,0.0875,8.43671423163397
aasist3_kan,in_the_wild,transcode_identity,320.0,-320.0,0.3075,-0.0112499999999999,-0.0300105885260542,0.0043946301270816,0.0875,8.43671423163397
aasist3_kan,in_the_wild,transmission,0.0,0.0,0.31875,0.0,0.0,0.0,0.0,8.382163257098387
aasist3_kan,in_the_wild,transmission,0.01,0.01,0.318125,-0.0006249999999999,-0.0069154205603274,0.0075056761676017,0.019375,8.441748709136565
aasist3_kan,in_the_wild,transmission,0.05,0.05,0.3299999999999999,0.0112499999999999,-0.0075157180918858,0.0281143489584037,0.081875,8.668492216010218
aasist3_kan,in_the_wild,transmission,0.1,0.1,0.33125,0.0125,-0.001889254439256,0.0280956212003314,0.1,8.894098831948037
aasist3_kan,in_the_wild,transmission,0.2,0.2,0.34125,0.0225,0.0018969951369101,0.0431068434977503,0.178125,9.173588412609604
nes2net,in_the_wild,bandpass,2000.0,-2000.0,0.219375,0.0181249999999999,0.0025003824814326,0.0343809987295727,0.103125,1.8351605293035984
nes2net,in_the_wild,bandpass,3400.0,-3400.0,0.2375,0.0362499999999999,0.0231249035837537,0.0519560287863224,0.0775,2.103275664790789
nes2net,in_the_wild,bandpass,4000.0,-4000.0,0.23375,0.0324999999999999,0.0199216475339935,0.046913504569354,0.0775,2.0931933696048306
nes2net,in_the_wild,bandpass,6000.0,-6000.0,0.21375,0.0124999999999999,0.0006041624622947,0.0243727383562529,0.05,1.9994753900971944
nes2net,in_the_wild,bandpass,8000.0,-8000.0,0.19875,-0.0025,-0.0106250188177438,0.010616518617288,0.035625,1.95565756281065
nes2net,in_the_wild,chirp,5.0,-5.0,0.193125,-0.008125,-0.0293815119930107,0.00876327333691,0.25,1.3729389891422397
nes2net,in_the_wild,chirp,10.0,-10.0,0.18625,-0.015,-0.0337659043536314,0.0025000041992271,0.19,1.5087394382421788
nes2net,in_the_wild,chirp,15.0,-15.0,0.185625,-0.015625,-0.0300070334530665,0.0025000774472889,0.1325,1.6951567017401552
nes2net,in_the_wild,chirp,20.0,-20.0,0.196875,-0.004375,-0.0200058084745909,0.0087513909950566,0.095,1.8018884401223627
nes2net,in_the_wild,chirp,25.0,-25.0,0.20625,0.0049999999999999,-0.0087501322777699,0.016254309297471,0.070625,1.9171125979842267
nes2net,in_the_wild,codec,8.0,-8.0,0.26625,0.0649999999999999,0.045001099253492,0.0862461333445468,0.17875,2.2747734003283595
nes2net,in_the_wild,codec,16.0,-16.0,0.238125,0.0368749999999999,0.0218584764830745,0.0537594356537424,0.095625,2.270192899878692
nes2net,in_the_wild,codec,24.0,-24.0,0.2375,0.0362499999999999,0.0224686739016077,0.049359845762733,0.070625,2.051821029061891
nes2net,in_the_wild,codec,32.0,-32.0,0.22875,0.0274999999999999,0.0131216063127465,0.0381250152872802,0.05125,1.9726385174474044
nes2net,in_the_wild,codec,64.0,-64.0,0.21375,0.0124999999999999,0.0049458797770106,0.0231263113345008,0.025625,1.9941890537150124
nes2net,in_the_wild,codec,128.0,-128.0,0.21875,0.0174999999999999,0.0055930158157978,0.0249844110807144,0.02375,2.004289908067248
nes2net,in_the_wild,gain,-20.0,20.0,0.185,-0.01625,-0.0256584370624233,-0.0050034248092706,0.0425,1.827690643149212
nes2net,in_the_wild,gain,-10.0,10.0,0.1975,-0.00375,-0.0099873359134375,0.0012500957104528,0.006875,1.9275290828072773
nes2net,in_the_wild,gain,-3.0,3.0,0.1999999999999999,-0.00125,-0.0043826087085416,0.0024745549162043,0.000625,1.944666382224776
nes2net,in_the_wild,gain,3.0,3.0,0.20125,0.0,-0.001879876075796,0.0031316287350852,0.0,1.948154861902048
nes2net,in_the_wild,gain,10.0,10.0,0.20625,0.0049999999999999,-6.252501000391852e-07,0.0137507804643576,0.013125,1.9472386359735327
nes2net,in_the_wild,gain,20.0,20.0,0.264375,0.0631249999999999,0.0463173692612456,0.0818759044004557,0.1175,1.7604795737531704
nes2net,in_the_wild,noise,0.0,-0.0,0.345,0.1437499999999999,0.1100101399342469,0.1700082811287663,0.498125,0.9396587604382594
nes2net,in_the_wild,noise,5.0,-5.0,0.245625,0.044375,0.0205763140613207,0.0743958271944418,0.47375,0.7494784285739658
nes2net,in_the_wild,noise,10.0,-10.0,0.1837499999999999,-0.0175,-0.0444142196172254,0.0031254891394428,0.39375,0.7012372289078503
nes2net,in_the_wild,noise,15.0,-15.0,0.1274999999999999,-0.07375,-0.0949773864447673,-0.0537433271785926,0.293125,0.7671528454073567
nes2net,in_the_wild,noise,20.0,-20.0,0.13375,-0.0675,-0.0862491713223966,-0.0493840160465417,0.225625,0.945570234689714
nes2net,in_the_wild,noise,30.0,-30.0,0.15375,-0.0475,-0.0625597284013375,-0.033749821714543,0.115625,1.3011282708295862
nes2net,in_the_wild,reverb,0.1,0.1,0.366875,0.165625,0.1456433239643748,0.1862821198429408,0.190625,2.6577710894843536
nes2net,in_the_wild,reverb,0.3,0.3,0.42625,0.2249999999999999,0.2037479867531879,0.2487492466288932,0.294375,2.509077053002587
nes2net,in_the_wild,reverb,0.5,0.5,0.4443749999999999,0.2431249999999999,0.2200586825652283,0.268730652684115,0.414375,2.304205066582442
nes2net,in_the_wild,reverb,0.7,0.7,0.44625,0.245,0.2162503197092773,0.2687600028851976,0.480625,2.0624865451832526
nes2net,in_the_wild,reverb,0.9,0.9,0.464375,0.2631249999999999,0.231801116909106,0.2856399284997951,0.49875,1.8582161085832545
nes2net,in_the_wild,transcode_identity,192.0,-192.0,0.219375,0.0181249999999999,0.0044005993175497,0.0243920959986241,0.024375,2.004783983837392
nes2net,in_the_wild,transcode_identity,256.0,-256.0,0.219375,0.0181249999999999,0.0044005993175497,0.0243920959986241,0.024375,2.004783983837392
nes2net,in_the_wild,transcode_identity,320.0,-320.0,0.219375,0.0181249999999999,0.0044005993175497,0.0243920959986241,0.024375,2.004783983837392
nes2net,in_the_wild,transmission,0.0,0.0,0.20125,0.0,0.0,0.0,0.0,1.9470082994469973
nes2net,in_the_wild,transmission,0.01,0.01,0.1987499999999999,-0.0025,-0.0131235765779237,0.0081540554132853,0.03625,1.792797761921069
nes2net,in_the_wild,transmission,0.05,0.05,0.166875,-0.034375,-0.0524821960745444,-0.0200011164687156,0.124375,1.3517287652238317
nes2net,in_the_wild,transmission,0.1,0.1,0.150625,-0.050625,-0.0681248135073837,-0.0306074961359957,0.2125,0.9940258801709064
nes2net,in_the_wild,transmission,0.2,0.2,0.1631249999999999,-0.038125,-0.0624798465590219,-0.0168751854509405,0.401875,0.6315763599582739
rawnet2,in_the_wild,bandpass,2000.0,-2000.0,0.551875,0.02375,0.0043798913858947,0.0418779950974845,0.165625,5.119070389546327
rawnet2,in_the_wild,bandpass,3400.0,-3400.0,0.5237499999999999,-0.004375,-0.0237692251503583,0.0131461206643697,0.179375,5.1312252067576125
rawnet2,in_the_wild,bandpass,4000.0,-4000.0,0.52,-0.0081249999999999,-0.0275022345801334,0.0081432354231862,0.173125,5.099893980267289
rawnet2,in_the_wild,bandpass,6000.0,-6000.0,0.49375,-0.0343749999999999,-0.0537602459517422,-0.0187371040464781,0.139375,4.574535080389458
rawnet2,in_the_wild,bandpass,8000.0,-8000.0,0.474375,-0.0537499999999999,-0.0768661033095531,-0.0418393379872618,0.12125,4.086308142723068
rawnet2,in_the_wild,chirp,5.0,-5.0,0.5762499999999999,0.0481249999999999,0.0225027987897991,0.0675190713852654,0.330625,6.514774206679752
rawnet2,in_the_wild,chirp,10.0,-10.0,0.56125,0.033125,0.0118669425108253,0.0524714722872627,0.185625,5.363708352297471
rawnet2,in_the_wild,chirp,15.0,-15.0,0.54625,0.018125,-0.0018711857163446,0.033783714510396,0.1175,4.734815010864784
rawnet2,in_the_wild,chirp,20.0,-20.0,0.53625,0.008125,-0.0093710055100036,0.0187502688027362,0.0775,4.450186446187597
rawnet2,in_the_wild,chirp,25.0,-25.0,0.533125,0.005,-0.00805714391466,0.0168753747208763,0.044375,4.335090405313295
rawnet2,in_the_wild,codec,8.0,-8.0,0.623125,0.095,0.073133756186432,0.1162361779257111,0.194375,5.4305446889213
rawnet2,in_the_wild,codec,16.0,-16.0,0.599375,0.07125,0.048789367658588,0.0856555325812592,0.1225,5.277449945013583
rawnet2,in_the_wild,codec,24.0,-24.0,0.57375,0.045625,0.0299340460792428,0.0580472918469206,0.08125,4.82332156673597
rawnet2,in_the_wild,codec,32.0,-32.0,0.5475000000000001,0.0193750000000001,0.0037539035125284,0.0274862071486583,0.050625,4.514709054397816
rawnet2,in_the_wild,codec,64.0,-64.0,0.5375,0.009375,-0.0006190253984621,0.0155706230400037,0.020625,4.513009858129994
rawnet2,in_the_wild,codec,128.0,-128.0,0.5387500000000001,0.0106250000000001,0.0012501935847593,0.0168750645272745,0.02,4.5332894288006464
rawnet2,in_the_wild,gain,-20.0,20.0,0.4962499999999999,-0.0318749999999999,-0.0699781948444264,-0.0043754588109564,0.50125,2.975410120122477
rawnet2,in_the_wild,gain,-10.0,10.0,0.55,0.021875,-0.0044043266804993,0.0444347030149227,0.41625,3.558487298395974
rawnet2,in_the_wild,gain,-3.0,3.0,0.53625,0.008125,-0.0080598365569027,0.0187292277614857,0.1625,4.084365859139528
rawnet2,in_the_wild,gain,3.0,3.0,0.49875,-0.0293749999999999,-0.0468761983919256,-0.0174634635405401,0.17,4.852838531208547
rawnet2,in_the_wild,gain,10.0,10.0,0.39625,-0.1318749999999999,-0.1587461712151973,-0.1093544373166143,0.38875,5.726547213105385
rawnet2,in_the_wild,gain,20.0,20.0,0.344375,-0.1837499999999999,-0.2174860940421385,-0.154374646156699,0.485,5.348819025197121
rawnet2,in_the_wild,noise,0.0,-0.0,0.51,-0.0181249999999999,-0.0544010768311554,0.0150255556014062,0.501875,2.905087451314997
rawnet2,in_the_wild,noise,5.0,-5.0,0.490625,-0.0374999999999999,-0.0712560478682472,-0.0068456280702354,0.500625,3.643521004656202
rawnet2,in_the_wild,noise,10.0,-10.0,0.49375,-0.0343749999999999,-0.0600015188150543,-0.0118781687956967,0.45125,3.1043067617843283
rawnet2,in_the_wild,noise,15.0,-15.0,0.52125,-0.0068749999999999,-0.031254937624099,0.0075011705410807,0.27125,3.305223873077092
rawnet2,in_the_wild,noise,20.0,-20.0,0.53375,0.0056249999999999,-0.0125013554754069,0.0168729097609296,0.1175,3.8746702094015486
rawnet2,in_the_wild,noise,30.0,-30.0,0.5349999999999999,0.0068749999999999,-0.0031343720448629,0.0162263007392304,0.028125,4.367317540859844
rawnet2,in_the_wild,reverb,0.1,0.1,0.55125,0.023125,-0.0031590903556635,0.0431639855545534,0.21875,4.777334492627534
rawnet2,in_the_wild,reverb,0.3,0.3,0.5675,0.039375,0.0137498523400585,0.0612503947780263,0.235,5.164186078915254
rawnet2,in_the_wild,reverb,0.5,0.5,0.584375,0.05625,0.0287553186295583,0.0781163211916626,0.273125,5.424312990748764
rawnet2,in_the_wild,reverb,0.7,0.7,0.588125,0.06,0.0318788517439028,0.0837221202527993,0.295,5.48446671056795
rawnet2,in_the_wild,reverb,0.9,0.9,0.58875,0.060625,0.0337231833621668,0.0868809649124351,0.289375,5.610016828060847
rawnet2,in_the_wild,transcode_identity,192.0,-192.0,0.540625,0.0125,0.0005995156756311,0.0168758519552627,0.02125,4.532288050755911
rawnet2,in_the_wild,transcode_identity,256.0,-256.0,0.540625,0.0125,0.0005995156756311,0.0168758519552627,0.02125,4.532288050755911
rawnet2,in_the_wild,transcode_identity,320.0,-320.0,0.540625,0.0125,0.0005995156756311,0.0168758519552627,0.02125,4.532288050755911
rawnet2,in_the_wild,transmission,0.0,0.0,0.528125,0.0,0.0,0.0,0.0,4.396769942399993
rawnet2,in_the_wild,transmission,0.01,0.01,0.53,0.001875,-0.0112673099351275,0.0112500109867572,0.035625,4.386831317884933
rawnet2,in_the_wild,transmission,0.05,0.05,0.5443749999999999,0.0162499999999999,-0.0031298635548249,0.0356320137041939,0.150625,4.576505367613977
rawnet2,in_the_wild,transmission,0.1,0.1,0.536875,0.00875,-0.0150015335581088,0.0287507408795287,0.21,4.839894647348369
rawnet2,in_the_wild,transmission,0.2,0.2,0.560625,0.0325,0.0074879923841724,0.0525020734221058,0.26125,5.4775370175511
reference_lfcc_logreg,in_the_wild,bandpass,2000.0,-2000.0,0.586875,-0.0699999999999999,-0.0900110044017605,-0.0443665326342835,0.231875,4.193779045711202
reference_lfcc_logreg,in_the_wild,bandpass,3400.0,-3400.0,0.654375,-0.0024999999999999,-0.0218808391642171,0.018770080984056,0.211875,6.208835806531431
reference_lfcc_logreg,in_the_wild,bandpass,4000.0,-4000.0,0.675,0.018125,-0.0031117802348388,0.0406288203930983,0.2425,7.296936382942648
reference_lfcc_logreg,in_the_wild,bandpass,6000.0,-6000.0,0.78125,0.124375,0.098124364036981,0.1550028704986638,0.405,10.093674074755516
reference_lfcc_logreg,in_the_wild,bandpass,8000.0,-8000.0,0.65625,-0.0006249999999999,-0.0050002812658211,0.0050361585102858,0.004375,5.892294252157754
reference_lfcc_logreg,in_the_wild,chirp,5.0,-5.0,0.6487499999999999,-0.008125,-0.0225245604918905,0.0149867166744803,0.380625,6.017378905351452
reference_lfcc_logreg,in_the_wild,chirp,10.0,-10.0,0.6643749999999999,0.0074999999999999,-0.005607917703741,0.0287604527853594,0.369375,5.88980831181838
reference_lfcc_logreg,in_the_wild,chirp,15.0,-15.0,0.669375,0.0125,-0.0043603828438479,0.0324917816939573,0.325,5.856534368190871
reference_lfcc_logreg,in_the_wild,chirp,20.0,-20.0,0.68125,0.024375,0.0087999199154107,0.0412514700612251,0.2775,5.823814466843504
reference_lfcc_logreg,in_the_wild,chirp,25.0,-25.0,0.686875,0.03,0.01375033731308,0.0437939627447542,0.22,5.78591649203549
reference_lfcc_logreg,in_the_wild,codec,8.0,-8.0,0.48375,-0.1731249999999999,-0.2018703098812507,-0.1462818461179737,0.499375,9.730752724202848
reference_lfcc_logreg,in_the_wild,codec,16.0,-16.0,0.4862499999999999,-0.170625,-0.1949629297891319,-0.1443780695090066,0.489375,8.089368561534942
reference_lfcc_logreg,in_the_wild,codec,24.0,-24.0,0.574375,-0.0825,-0.1074935971318021,-0.0593513287689359,0.441875,6.38475661598452
reference_lfcc_logreg,in_the_wild,codec,32.0,-32.0,0.85375,0.196875,0.1705700541178976,0.2263143834448179,0.4125,10.690738239979666
reference_lfcc_logreg,in_the_wild,codec,64.0,-64.0,0.8512500000000001,0.194375,0.1681070054110024,0.2256263648954891,0.458125,9.91558298177062
reference_lfcc_logreg,in_the_wild,codec,128.0,-128.0,0.8518749999999999,0.1949999999999999,0.1674675302529916,0.2256030458163544,0.466875,9.900696072130232
reference_lfcc_logreg,in_the_wild,gain,-20.0,20.0,0.67625,0.019375,0.0087605624230811,0.0349951124144672,0.065,5.910106019947227
reference_lfcc_logreg,in_the_wild,gain,-10.0,10.0,0.6637500000000001,0.006875,0.0012812969943931,0.017536441249723,0.01625,5.961773908658877
reference_lfcc_logreg,in_the_wild,gain,-3.0,3.0,0.658125,0.0012499999999999,-0.000692137166357,0.0068652941988102,0.00125,5.910337682309473
reference_lfcc_logreg,in_the_wild,gain,3.0,3.0,0.65,-0.0068749999999999,-0.0094971499546765,0.0,0.0075,5.827942844672892
reference_lfcc_logreg,in_the_wild,gain,10.0,10.0,0.635625,-0.0212499999999999,-0.0312001251760287,-0.006865198021191,0.05625,5.345051573944682
reference_lfcc_logreg,in_the_wild,gain,20.0,20.0,0.5900000000000001,-0.0668749999999999,-0.0888125067042342,-0.0480960471163179,0.25375,4.482136506697087
reference_lfcc_logreg,in_the_wild,noise,0.0,-0.0,0.44875,-0.208125,-0.2375258055520772,-0.1768565687534303,0.499375,9.965141919830096
reference_lfcc_logreg,in_the_wild,noise,5.0,-5.0,0.4337499999999999,-0.223125,-0.2506098308225729,-0.1924846757158504,0.499375,9.88867175408402
reference_lfcc_logreg,in_the_wild,noise,10.0,-10.0,0.463125,-0.1937499999999999,-0.2237879949553129,-0.1643743694946919,0.499375,9.274575290970612
reference_lfcc_logreg,in_the_wild,noise,15.0,-15.0,0.495625,-0.16125,-0.188751462358202,-0.131886011097742,0.499375,8.00858759610667
reference_lfcc_logreg,in_the_wild,noise,20.0,-20.0,0.5175000000000001,-0.1393749999999999,-0.1643698905540638,-0.1099666165015194,0.49875,6.556440529688267
reference_lfcc_logreg,in_the_wild,noise,30.0,-30.0,0.608125,-0.0487499999999999,-0.0737439330961279,-0.0206414636108657,0.475,4.388226380401793
reference_lfcc_logreg,in_the_wild,real_bird,5.0,-5.0,0.4175,0.3893749999999999,0.3624982375680114,0.415043564931548,0.471875,5.035183966097278
reference_lfcc_logreg,in_the_wild,real_bird,10.0,-10.0,0.37375,0.345625,0.3231313359904637,0.372460537854952,0.44875,4.159798162640417
reference_lfcc_logreg,in_the_wild,real_bird,15.0,-15.0,0.3225,0.294375,0.2712190096529814,0.3212789722645027,0.4225,3.4136903536144314
reference_lfcc_logreg,in_the_wild,real_bird,20.0,-20.0,0.236875,0.20875,0.19250072116414,0.2363180359482114,0.331875,2.378781935119171
reference_lfcc_logreg,in_the_wild,real_bird,25.0,-25.0,0.1837499999999999,0.1556249999999999,0.1381173183694933,0.1793729064320659,0.24875,1.6830801373883273
reference_lfcc_logreg,in_the_wild,real_noise,0.0,-0.0,0.41125,0.383125,0.3581210735677495,0.4094033305737947,0.396875,4.398416439589716
reference_lfcc_logreg,in_the_wild,real_noise,5.0,-5.0,0.353125,0.325,0.2981097792307349,0.3506374522344428,0.355,3.5827003414182017
reference_lfcc_logreg,in_the_wild,real_noise,10.0,-10.0,0.289375,0.26125,0.2405837695712711,0.2862428386424978,0.31625,2.859456083005163
reference_lfcc_logreg,in_the_wild,real_noise,15.0,-15.0,0.2412499999999999,0.2131249999999999,0.1956267317082204,0.2424722177321595,0.2625,2.2357458022389505
reference_lfcc_logreg,in_the_wild,real_noise,20.0,-20.0,0.2025,0.174375,0.1562502441410065,0.1987434606842839,0.221875,1.6769269169632703
reference_lfcc_logreg,in_the_wild,real_noise,30.0,-30.0,0.10875,0.080625,0.0668468614555772,0.0987493245431441,0.105,0.7135720182144567
reference_lfcc_logreg,in_the_wild,real_rir,0.0,0.0,0.1468749999999999,0.1187499999999999,0.1024864019061263,0.1387520379226708,0.14,0.8824722800868421
reference_lfcc_logreg,in_the_wild,real_rir,1.0,1.0,0.1587499999999999,0.130625,0.1150038195564699,0.1500115258533124,0.14875,0.9121733982550352
reference_lfcc_logreg,in_the_wild,real_rir,2.0,2.0,0.1587499999999999,0.130625,0.1131144138993625,0.1487897981020085,0.13875,0.8950767735694137
reference_lfcc_logreg,in_the_wild,real_rir,3.0,3.0,0.1424999999999999,0.1143749999999999,0.0969049686392956,0.1331187265850735,0.1425,0.8162723597232868
reference_lfcc_logreg,in_the_wild,real_rir,4.0,4.0,0.1374999999999999,0.1093749999999999,0.0937519725883303,0.1318702328400461,0.14,0.8909527521175575
reference_lfcc_logreg,in_the_wild,reverb,0.1,0.1,0.603125,-0.0537499999999999,-0.071253262994392,-0.0287543426277636,0.20625,6.056842473222974
reference_lfcc_logreg,in_the_wild,reverb,0.3,0.3,0.5762499999999999,-0.080625,-0.100055143395132,-0.0593461795347906,0.166875,5.306559304537685
reference_lfcc_logreg,in_the_wild,reverb,0.5,0.5,0.54,-0.1168749999999999,-0.1393647324677753,-0.095602746913987,0.19125,4.994232254738698
reference_lfcc_logreg,in_the_wild,reverb,0.7,0.7,0.524375,-0.1324999999999999,-0.1512473471731369,-0.1086893309959425,0.199375,4.950089880710224
reference_lfcc_logreg,in_the_wild,reverb,0.9,0.9,0.53375,-0.123125,-0.1481562329495149,-0.1006504716926049,0.223125,5.021034626397742
reference_lfcc_logreg,in_the_wild,transcode_identity,192.0,-192.0,0.853125,0.19625,0.1681249870361125,0.2268750969084713,0.4675,9.90149422507656
reference_lfcc_logreg,in_the_wild,transcode_identity,256.0,-256.0,0.853125,0.19625,0.1681249870361125,0.2268750969084713,0.4675,9.90149422507656
reference_lfcc_logreg,in_the_wild,transcode_identity,320.0,-320.0,0.853125,0.19625,0.1681249870361125,0.2268750969084713,0.4675,9.90149422507656
reference_lfcc_logreg,in_the_wild,transmission,0.0,0.0,0.656875,0.0,0.0,0.0,0.0,5.886408008108306
reference_lfcc_logreg,in_the_wild,transmission,0.01,0.01,0.655625,-0.0012499999999999,-0.0062410124371548,0.0037818206832291,0.005,5.846074025196128
reference_lfcc_logreg,in_the_wild,transmission,0.05,0.05,0.6575,0.0006249999999999,-0.0058920958236733,0.0099674912944887,0.033125,5.66097709125102
reference_lfcc_logreg,in_the_wild,transmission,0.1,0.1,0.656875,0.0,-0.0100005875369557,0.0081527171947278,0.05625,5.434506136445094
reference_lfcc_logreg,in_the_wild,transmission,0.2,0.2,0.663125,0.0062499999999999,-0.0099970613184005,0.015620727211927,0.121875,4.98869164037931
spectra_aasist3,in_the_wild,bandpass,2000.0,-2000.0,0.0106249999999999,-0.005,-0.0093682439757607,0.0031673162602998,0.015625,0.1209631563374843
spectra_aasist3,in_the_wild,bandpass,3400.0,-3400.0,0.01375,-0.0018749999999999,-0.0081331392168756,0.0069486206415201,0.015625,0.1386936544482345
spectra_aasist3,in_the_wild,bandpass,4000.0,-4000.0,0.0112499999999999,-0.004375,-0.0094207603270452,0.0031539768233217,0.011875,0.1268106325713163
spectra_aasist3,in_the_wild,bandpass,6000.0,-6000.0,0.0112499999999999,-0.004375,-0.0093687215635455,0.0031139140614305,0.01125,0.1190311482431739
spectra_aasist3,in_the_wild,bandpass,8000.0,-8000.0,0.01625,0.000625,-0.0062503672105973,0.0050008010956609,0.00625,0.1330191288054333
spectra_aasist3,in_the_wild,chirp,5.0,-5.0,0.03,0.014375,0.006836283699922,0.0262380797773906,0.026875,0.2133069440324669
spectra_aasist3,in_the_wild,chirp,10.0,-10.0,0.030625,0.015,0.0050000703134887,0.0218358704465106,0.02,0.1870004081440651
spectra_aasist3,in_the_wild,chirp,15.0,-15.0,0.01875,0.003125,-0.0019123149650148,0.009994151416256,0.015625,0.164391840534516
spectra_aasist3,in_the_wild,chirp,20.0,-20.0,0.0206249999999999,0.0049999999999999,-0.0018614551054556,0.0131210505590939,0.011875,0.1717671021902472
spectra_aasist3,in_the_wild,chirp,25.0,-25.0,0.0156249999999999,-2.775557561562892e-17,-0.0043854096913453,0.0100083756361673,0.00875,0.1554441026160263
spectra_aasist3,in_the_wild,codec,8.0,-8.0,0.059375,0.0437499999999999,0.0312065668783587,0.0543778662290952,0.05375,0.4227625475022729
spectra_aasist3,in_the_wild,codec,16.0,-16.0,0.149375,0.13375,0.0968593099880523,0.1406190108932763,0.10125,0.8956225880177057
spectra_aasist3,in_the_wild,codec,24.0,-24.0,0.1375,0.121875,0.0968204924533364,0.1418784839798285,0.091875,0.9092754329095264
spectra_aasist3,in_the_wild,codec,32.0,-32.0,0.044375,0.02875,0.0100005500308611,0.0350001367401156,0.0275,0.2936631186560151
spectra_aasist3,in_the_wild,codec,64.0,-64.0,0.019375,0.00375,-0.0018807602971845,0.0112539846166727,0.01,0.1865989450146673
spectra_aasist3,in_the_wild,codec,128.0,-128.0,0.0162499999999999,0.0006249999999999,-0.0018936424285734,0.0100099314328145,0.005625,0.1793536396535409
spectra_aasist3,in_the_wild,gain,-20.0,20.0,0.040625,0.025,0.008143094870745,0.031907090810719,0.031875,0.2558439843122571
spectra_aasist3,in_the_wild,gain,-10.0,10.0,0.01375,-0.0018749999999999,-0.0068859505956954,0.0068612110780785,0.010625,0.1562670709737409
spectra_aasist3,in_the_wild,gain,-3.0,3.0,0.013125,-0.0024999999999999,-0.0037531613879771,0.003755554178893,0.00375,0.1427717662184453
spectra_aasist3,in_the_wild,gain,3.0,3.0,0.0112499999999999,-0.004375,-0.0068607987987319,0.001884863659869,0.0025,0.1226426228477731
spectra_aasist3,in_the_wild,gain,10.0,10.0,0.0168749999999999,0.0012499999999999,-0.0062197837671529,0.0068641632146112,0.009375,0.1348819635226726
spectra_aasist3,in_the_wild,gain,20.0,20.0,0.035,0.019375,0.0099800179199079,0.0299871168119335,0.034375,0.253430680748129
spectra_aasist3,in_the_wild,noise,0.0,-0.0,0.2025,0.186875,0.1662469978253997,0.2074765928452699,0.196875,1.0013884082730284
spectra_aasist3,in_the_wild,noise,5.0,-5.0,0.0837499999999999,0.0681249999999999,0.053125355415624,0.0818705469768998,0.08375,0.5093958324727896
spectra_aasist3,in_the_wild,noise,10.0,-10.0,0.03625,0.0206249999999999,0.0112164111193254,0.0312548835755586,0.0425,0.301609374852672
spectra_aasist3,in_the_wild,noise,15.0,-15.0,0.0268749999999999,0.0112499999999999,0.0031494797935999,0.0250643321774642,0.02875,0.2520361070400321
spectra_aasist3,in_the_wild,noise,20.0,-20.0,0.0306249999999999,0.0149999999999999,0.002501397658696,0.0243392223631312,0.02,0.1897363328879165
spectra_aasist3,in_the_wild,noise,30.0,-30.0,0.01375,-0.0018749999999999,-0.0068613866603247,0.0056125441176391,0.01125,0.1704007048364464
spectra_aasist3,in_the_wild,real_bird,5.0,-5.0,0.0999999999999999,0.0843749999999999,0.0681281978712162,0.1000118171774366,0.12125,0.736350342736444
spectra_aasist3,in_the_wild,real_bird,10.0,-10.0,0.0543749999999999,0.0387499999999999,0.0287421104343594,0.051879989987719,0.06,0.353359975139193
spectra_aasist3,in_the_wild,real_bird,15.0,-15.0,0.029375,0.01375,0.0075899331167311,0.0256250676034897,0.03375,0.2254956328982927
spectra_aasist3,in_the_wild,real_bird,20.0,-20.0,0.0212499999999999,0.0056249999999999,-0.0006339375604797,0.0149818516471145,0.01875,0.1396535509722886
spectra_aasist3,in_the_wild,real_bird,25.0,-25.0,0.020625,0.005,-0.0031274081157947,0.0112534463679502,0.015,0.1555554302865144
spectra_aasist3,in_the_wild,real_noise,0.0,-0.0,0.12,0.104375,0.0868788491219842,0.1218814592368106,0.125625,0.8779098599295185
spectra_aasist3,in_the_wild,real_noise,5.0,-5.0,0.0587499999999999,0.0431249999999999,0.0324391190804553,0.0556143319112125,0.07,0.4200895957435862
spectra_aasist3,in_the_wild,real_noise,10.0,-10.0,0.0331249999999999,0.0174999999999999,0.0106300984580479,0.0268721862063927,0.025,0.2119707613215615
spectra_aasist3,in_the_wild,real_noise,15.0,-15.0,0.0231249999999999,0.0074999999999999,-0.0017020170980305,0.0131242582752082,0.02125,0.1346592343274483
spectra_aasist3,in_the_wild,real_noise,20.0,-20.0,0.0174999999999999,0.0018749999999999,-0.0044118518936702,0.0087501285176459,0.01,0.1563432885237932
spectra_aasist3,in_the_wild,real_noise,30.0,-30.0,0.014375,-0.0012499999999999,-0.0074912748996916,0.0049797526359007,0.008125,0.1320533575862773
spectra_aasist3,in_the_wild,real_rir,0.0,0.0,0.2131249999999999,0.1974999999999999,0.1762431719055699,0.2193906930026236,0.239375,2.1755200698059336
spectra_aasist3,in_the_wild,real_rir,1.0,1.0,0.2456249999999999,0.2299999999999999,0.2106271026158729,0.2525021471380472,0.251875,2.188981859510638
spectra_aasist3,in_the_wild,real_rir,2.0,2.0,0.2412499999999999,0.2256249999999999,0.2042875380422269,0.2462488820240824,0.245625,2.2099337406520805
spectra_aasist3,in_the_wild,real_rir,3.0,3.0,0.231875,0.21625,0.1937333871613369,0.2374859183058755,0.22375,2.0851498699584794
spectra_aasist3,in_the_wild,real_rir,4.0,4.0,0.21875,0.203125,0.1837518273967472,0.2268929594287095,0.234375,2.1567594236684107
spectra_aasist3,in_the_wild,reverb,0.1,0.1,0.1099999999999999,0.0943749999999999,0.0769032442757859,0.110639495501751,0.1375,1.1141685602131512
spectra_aasist3,in_the_wild,reverb,0.3,0.3,0.23875,0.223125,0.2006492396483191,0.2437515280871244,0.270625,2.5559191009106828
spectra_aasist3,in_the_wild,reverb,0.5,0.5,0.289375,0.27375,0.250600457349989,0.2975010112207514,0.344375,3.2550936199281524
spectra_aasist3,in_the_wild,reverb,0.7,0.7,0.308125,0.2925,0.2725016605572535,0.3181449747614967,0.370625,3.39607712957735
spectra_aasist3,in_the_wild,reverb,0.9,0.9,0.3249999999999999,0.3093749999999999,0.2887453707904266,0.3350245122361077,0.379375,3.4450047982663325
spectra_aasist3,in_the_wild,transcode_identity,192.0,-192.0,0.0162499999999999,0.0006249999999999,-0.0018900866003696,0.0100099314328145,0.005625,0.1790792285139662
spectra_aasist3,in_the_wild,transcode_identity,256.0,-256.0,0.0162499999999999,0.0006249999999999,-0.0018900866003696,0.0100099314328145,0.005625,0.1790792285139662
spectra_aasist3,in_the_wild,transcode_identity,320.0,-320.0,0.0162499999999999,0.0006249999999999,-0.0018900866003696,0.0100099314328145,0.005625,0.1790792285139662
spectra_aasist3,in_the_wild,transmission,0.0,0.0,0.015625,0.0,0.0,0.0,0.0,0.1338834068146329
spectra_aasist3,in_the_wild,transmission,0.01,0.01,0.013125,-0.0024999999999999,-0.004973181816256,0.0037297906845787,0.003125,0.142281466245412
spectra_aasist3,in_the_wild,transmission,0.05,0.05,0.013125,-0.0024999999999999,-0.0056327678596885,0.0049855633750213,0.006875,0.1368727227239927
spectra_aasist3,in_the_wild,transmission,0.1,0.1,0.015,-0.000625,-0.0050028375488289,0.0050698649778613,0.00875,0.1313861337036421
spectra_aasist3,in_the_wild,transmission,0.2,0.2,0.0218749999999999,0.0062499999999999,-0.0012504411224847,0.0143683618381691,0.020625,0.192164566195373
ssl_aasist,in_the_wild,bandpass,2000.0,-2000.0,0.138125,0.021875,0.010002575680038,0.0362405776778051,0.065,2.667081867688068
ssl_aasist,in_the_wild,bandpass,3400.0,-3400.0,0.120625,0.004375,-0.0062565289871629,0.0143743472910608,0.039375,2.25372350720416
ssl_aasist,in_the_wild,bandpass,4000.0,-4000.0,0.114375,-0.0018749999999999,-0.009372143972273,0.0106209930617879,0.036875,2.202619594589633
ssl_aasist,in_the_wild,bandpass,6000.0,-6000.0,0.113125,-0.0031249999999999,-0.0093654389429037,0.0093777892284541,0.0275,2.03245920276716
ssl_aasist,in_the_wild,bandpass,8000.0,-8000.0,0.1162499999999999,0.0,-0.0074709858775382,0.0100480061492091,0.0175,1.949794618122124
ssl_aasist,in_the_wild,chirp,5.0,-5.0,0.2212499999999999,0.1049999999999999,0.0893348820238117,0.1250242817663353,0.15,2.632466017601639
ssl_aasist,in_the_wild,chirp,10.0,-10.0,0.2099999999999999,0.0937499999999999,0.0768786720551398,0.1143745422239662,0.138125,2.350345298064192
ssl_aasist,in_the_wild,chirp,15.0,-15.0,0.19625,0.08,0.0625003124814389,0.0974643681143019,0.11875,2.1572669327166287
ssl_aasist,in_the_wild,chirp,20.0,-20.0,0.1731249999999999,0.0568749999999999,0.0424990046982832,0.0712790267727498,0.096875,2.025575371975116
ssl_aasist,in_the_wild,chirp,25.0,-25.0,0.16625,0.05,0.0356345381789028,0.0631232952847127,0.08125,1.931701232137748
ssl_aasist,in_the_wild,codec,8.0,-8.0,0.195625,0.079375,0.0581157368150896,0.1006474739627424,0.313125,6.39994661406829
ssl_aasist,in_the_wild,codec,16.0,-16.0,0.110625,-0.0056249999999999,-0.0181231837464465,0.0081208455983388,0.101875,3.357584248539716
ssl_aasist,in_the_wild,codec,24.0,-24.0,0.114375,-0.0018749999999999,-0.0118687084185713,0.0112521730831716,0.0625,2.7083007821601024
ssl_aasist,in_the_wild,codec,32.0,-32.0,0.1112499999999999,-0.005,-0.0124714754001714,0.0075082894664708,0.0375,2.468276584416839
ssl_aasist,in_the_wild,codec,64.0,-64.0,0.1156249999999999,-0.000625,-0.0062159672925055,0.0068774404640064,0.013125,1.9946597435242748
ssl_aasist,in_the_wild,codec,128.0,-128.0,0.118125,0.001875,-0.0043839376580806,0.0082151317134922,0.010625,1.9779407986628488
ssl_aasist,in_the_wild,gain,-20.0,20.0,0.3818749999999999,0.265625,0.2387558126453161,0.2912476576773258,0.336875,3.4623110757987776
ssl_aasist,in_the_wild,gain,-10.0,10.0,0.185,0.06875,0.0499971567691892,0.0856545845526893,0.1175,2.6679811840027248
ssl_aasist,in_the_wild,gain,-3.0,3.0,0.12875,0.0125,0.003736563577767,0.0231232087506084,0.030625,1.989345217423368
ssl_aasist,in_the_wild,gain,3.0,3.0,0.113125,-0.0031249999999999,-0.0087811864029493,0.0074969832979135,0.02125,1.92743032712932
ssl_aasist,in_the_wild,gain,10.0,10.0,0.129375,0.013125,0.0018971788115714,0.0249858491895061,0.055625,2.4098097579012943
ssl_aasist,in_the_wild,gain,20.0,20.0,0.169375,0.053125,0.0387409291815033,0.0712463690801999,0.205625,4.515417513788103
ssl_aasist,in_the_wild,noise,0.0,-0.0,0.36375,0.2475,0.2243743716007401,0.2781179710321254,0.375625,2.865093029123437
ssl_aasist,in_the_wild,noise,5.0,-5.0,0.271875,0.1556249999999999,0.1318066873185374,0.1762404125493485,0.22375,3.7455219109541247
ssl_aasist,in_the_wild,noise,10.0,-10.0,0.2175,0.10125,0.0837091015079798,0.1230921941558465,0.1625,4.006237061636992
ssl_aasist,in_the_wild,noise,15.0,-15.0,0.201875,0.085625,0.066930316692198,0.1037702737354958,0.124375,3.5326203019162
ssl_aasist,in_the_wild,noise,20.0,-20.0,0.1843749999999999,0.0681249999999999,0.051242621169247,0.0837084202385183,0.091875,2.828722954350581
ssl_aasist,in_the_wild,noise,30.0,-30.0,0.133125,0.016875,0.0081201160356754,0.0262369502161508,0.02875,1.995681522345773
ssl_aasist,in_the_wild,reverb,0.1,0.1,0.2106249999999999,0.0943749999999999,0.0725003228519167,0.1149885630341756,0.299375,6.297153080277332
ssl_aasist,in_the_wild,reverb,0.3,0.3,0.2987499999999999,0.1824999999999999,0.1581088431627093,0.2106398935234653,0.475625,8.663976976328788
ssl_aasist,in_the_wild,reverb,0.5,0.5,0.35375,0.2375,0.2125010943626196,0.2681403388936723,0.485625,8.755906594507056
ssl_aasist,in_the_wild,reverb,0.7,0.7,0.3924999999999999,0.27625,0.2506293079188779,0.307487282062112,0.4925,8.657188586129159
ssl_aasist,in_the_wild,reverb,0.9,0.9,0.390625,0.274375,0.2512155715048509,0.3062696261275907,0.495,8.492029299211534
ssl_aasist,in_the_wild,transcode_identity,192.0,-192.0,0.118125,0.001875,-0.0044296799462882,0.0081353331280817,0.01125,1.977774801133677
ssl_aasist,in_the_wild,transcode_identity,256.0,-256.0,0.118125,0.001875,-0.0044296799462882,0.0081353331280817,0.01125,1.977774801133677
ssl_aasist,in_the_wild,transcode_identity,320.0,-320.0,0.118125,0.001875,-0.0044296799462882,0.0081353331280817,0.01125,1.977774801133677
ssl_aasist,in_the_wild,transmission,0.0,0.0,0.1162499999999999,0.0,0.0,0.0,0.0,1.8892317795829576
ssl_aasist,in_the_wild,transmission,0.01,0.01,0.119375,0.003125,-0.0100115955673848,0.0131444572987604,0.03375,2.318322268080318
ssl_aasist,in_the_wild,transmission,0.05,0.05,0.1106249999999999,-0.005625,-0.022503093344425,0.0100000812674606,0.16,4.05772654140466
ssl_aasist,in_the_wild,transmission,0.1,0.1,0.1324999999999999,0.0162499999999999,-0.0043738596058583,0.032541287484794,0.28,5.675278651241224
ssl_aasist,in_the_wild,transmission,0.2,0.2,0.16,0.04375,0.0231244585126817,0.0668728167202214,0.415625,7.707221504544544
xlsr_mamba,in_the_wild,bandpass,2000.0,-2000.0,0.0956249999999999,0.0274999999999999,0.0125012232664802,0.0381225347706168,0.09,2.8343682191292583
xlsr_mamba,in_the_wild,bandpass,3400.0,-3400.0,0.0787499999999999,0.0106249999999999,0.0,0.0206278803686105,0.04625,2.261490375968473
xlsr_mamba,in_the_wild,bandpass,4000.0,-4000.0,0.0775,0.009375,0.0005873493975903,0.0194077633726466,0.039375,2.1934402886301814
xlsr_mamba,in_the_wild,bandpass,6000.0,-6000.0,0.0799999999999999,0.0118749999999999,0.0018726635649349,0.0181209335894408,0.02875,1.950209012699584
xlsr_mamba,in_the_wild,bandpass,8000.0,-8000.0,0.071875,0.0037499999999999,-0.0044536700361498,0.0087580643375888,0.015625,1.7480189580255625
xlsr_mamba,in_the_wild,chirp,5.0,-5.0,0.124375,0.0562499999999999,0.0399901860372196,0.0669098035195794,0.109375,2.3382489364143395
xlsr_mamba,in_the_wild,chirp,10.0,-10.0,0.1099999999999999,0.0418749999999999,0.0281088719774232,0.0556251368884525,0.096875,2.130173818461825
xlsr_mamba,in_the_wild,chirp,15.0,-15.0,0.0999999999999999,0.0318749999999999,0.0193718998756995,0.0437998291048276,0.085,2.005065132111294
xlsr_mamba,in_the_wild,chirp,20.0,-20.0,0.0925,0.024375,0.0137513670794504,0.0349898542359725,0.065,1.8502114492370176
xlsr_mamba,in_the_wild,chirp,25.0,-25.0,0.08625,0.018125,0.0061989400809156,0.0275062759544093,0.0525,1.7094238469637322
xlsr_mamba,in_the_wild,codec,8.0,-8.0,0.154375,0.08625,0.0687516999934073,0.1069317182862432,0.303125,4.642047980233631
xlsr_mamba,in_the_wild,codec,16.0,-16.0,0.091875,0.02375,0.0112583018345713,0.0362972665885195,0.085,2.8306148413351773
xlsr_mamba,in_the_wild,codec,24.0,-24.0,0.0849999999999999,0.0168749999999999,0.0068800745041908,0.0262423149968933,0.063125,2.4271021337095378
xlsr_mamba,in_the_wild,codec,32.0,-32.0,0.079375,0.0112499999999999,0.0018636181157267,0.0212419146377177,0.041875,2.165480850689276
xlsr_mamba,in_the_wild,codec,64.0,-64.0,0.0687499999999999,0.0006249999999999,-0.0043966028170159,0.0075051715322589,0.019375,1.8830406111852176
xlsr_mamba,in_the_wild,codec,128.0,-128.0,0.0687499999999999,0.0006249999999999,-0.0043686265435282,0.0069200491170479,0.01875,1.861879011570812
xlsr_mamba,in_the_wild,gain,-20.0,20.0,0.31125,0.243125,0.2156258950295785,0.2669067389976484,0.399375,4.700299508762666
xlsr_mamba,in_the_wild,gain,-10.0,10.0,0.108125,0.0399999999999999,0.025621289491868,0.055649964128877,0.203125,3.3920679249028933
xlsr_mamba,in_the_wild,gain,-3.0,3.0,0.078125,0.0099999999999999,-0.0006362872760525,0.0169090732955638,0.049375,2.0796553467646306
xlsr_mamba,in_the_wild,gain,3.0,3.0,0.0687499999999999,0.0006249999999999,-0.0100006895635628,0.0062761087273839,0.031875,1.3955547367599437
xlsr_mamba,in_the_wild,gain,10.0,10.0,0.0687499999999999,0.0006249999999999,-0.0118716609628677,0.0118677039985918,0.146875,1.1853870807173266
xlsr_mamba,in_the_wild,gain,20.0,20.0,0.1087499999999999,0.0406249999999999,0.0243840616283831,0.0544131893991251,0.3725,1.3000189254835106
xlsr_mamba,in_the_wild,noise,0.0,-0.0,0.2375,0.169375,0.1450404744463591,0.1862512669799148,0.365625,2.1980176474179696
xlsr_mamba,in_the_wild,noise,5.0,-5.0,0.1781249999999999,0.1099999999999999,0.0918737881516537,0.1281250841286605,0.34625,1.886675787356149
xlsr_mamba,in_the_wild,noise,10.0,-10.0,0.1574999999999999,0.0893749999999999,0.0749978225903713,0.1081748873536627,0.28875,1.88616074975956
xlsr_mamba,in_the_wild,noise,15.0,-15.0,0.13375,0.065625,0.0518140895254572,0.0818839477955613,0.208125,1.818668636133687
xlsr_mamba,in_the_wild,noise,20.0,-20.0,0.091875,0.02375,0.0125150070920021,0.0375028932901212,0.134375,1.6019239986227265
xlsr_mamba,in_the_wild,noise,30.0,-30.0,0.0749999999999999,0.0068749999999999,-0.0025031235777532,0.0143981378566287,0.04375,1.4572530893781752
xlsr_mamba,in_the_wild,reverb,0.1,0.1,0.175625,0.1075,0.0887504321768704,0.1243800521839302,0.215625,3.979993088422305
xlsr_mamba,in_the_wild,reverb,0.3,0.3,0.27,0.201875,0.1787511150086673,0.2250710963500749,0.33875,4.878573332467729
xlsr_mamba,in_the_wild,reverb,0.5,0.5,0.2975,0.229375,0.2062186339671562,0.2537846055643997,0.36625,4.937728647750831
xlsr_mamba,in_the_wild,reverb,0.7,0.7,0.3193749999999999,0.25125,0.2256715059389605,0.2743841454720915,0.373125,4.924403516550336
xlsr_mamba,in_the_wild,reverb,0.9,0.9,0.33375,0.265625,0.2400023865652414,0.2893781646337798,0.38,4.868080639414616
xlsr_mamba,in_the_wild,transcode_identity,192.0,-192.0,0.0687499999999999,0.0006249999999999,-0.0037783843350485,0.0069200491170479,0.01875,1.8617114554404608
xlsr_mamba,in_the_wild,transcode_identity,256.0,-256.0,0.0687499999999999,0.0006249999999999,-0.0037783843350485,0.0069200491170479,0.01875,1.8617114554404608
xlsr_mamba,in_the_wild,transcode_identity,320.0,-320.0,0.0687499999999999,0.0006249999999999,-0.0037783843350485,0.0069200491170479,0.01875,1.8617114554404608
xlsr_mamba,in_the_wild,transmission,0.0,0.0,0.068125,0.0,0.0,0.0,0.0,1.6708370308954756
xlsr_mamba,in_the_wild,transmission,0.01,0.01,0.075625,0.0074999999999999,-0.0043706500249273,0.015000215042189,0.0325,2.03355582011101
xlsr_mamba,in_the_wild,transmission,0.05,0.05,0.086875,0.01875,0.0056179950737193,0.030602058357633,0.15375,3.275925858259637
xlsr_mamba,in_the_wild,transmission,0.1,0.1,0.1287499999999999,0.0606249999999999,0.0411617567499938,0.0755950878119915,0.2725,4.317991941078225
xlsr_mamba,in_the_wild,transmission,0.2,0.2,0.1899999999999999,0.1218749999999999,0.098751310062795,0.138157611040861,0.41875,5.280353865319551
